{
"type": "FeatureCollection",
"name": "riesgo_inundacion",
"crs": { "type": "name", "properties": { "name": "urn:ogc:def:crs:OGC:1.3:CRS84" } },
"xy_coordinate_resolution": 1e-06,
"features": [
{ "type": "Feature", "properties": { "INTENSIDAD": "Bajo", "PUNTAJE": 25, "TITULO": "Riesgo por Inundaciones Pluviales", "FENOMENO": "Hidrometeorológico", "FUENTE": "IMPLAN Saltillo — CARTO SALTILLO, Atlas de Riesgos 2024", "FECHA": "2024" }, "geometry": { "type": "Polygon", "coordinates": [ [ [ -101.03105, 25.356285 ], [ -101.025547, 25.353073 ], [ -101.025188, 25.352981 ], [ -101.022632, 25.352872 ], [ -101.022511, 25.352673 ], [ -101.024607, 25.347886 ], [ -101.024921, 25.347455 ], [ -101.025456, 25.347032 ], [ -101.025962, 25.346759 ], [ -101.026437, 25.346611 ], [ -101.034318, 25.345293 ], [ -101.034314, 25.345605 ], [ -101.033992, 25.346498 ], [ -101.033576, 25.35027 ], [ -101.034877, 25.350844 ], [ -101.035033, 25.351352 ], [ -101.034825, 25.352708 ], [ -101.034919, 25.352862 ], [ -101.03525, 25.353059 ], [ -101.035332, 25.353265 ], [ -101.034633, 25.354037 ], [ -101.034247, 25.354813 ], [ -101.036142, 25.355173 ], [ -101.036651, 25.354306 ], [ -101.037608, 25.355158 ], [ -101.037972, 25.355326 ], [ -101.040042, 25.35576 ], [ -101.039916, 25.356096 ], [ -101.039093, 25.35723 ], [ -101.038157, 25.357923 ], [ -101.037616, 25.358576 ], [ -101.03664, 25.359246 ], [ -101.03623, 25.36013 ], [ -101.031275, 25.358113 ], [ -101.031498, 25.35737 ], [ -101.031501, 25.356972 ], [ -101.031312, 25.356528 ], [ -101.03105, 25.356285 ] ] ] } },
{ "type": "Feature", "properties": { "INTENSIDAD": "Bajo", "PUNTAJE": 25, "TITULO": "Riesgo por Inundaciones Pluviales", "FENOMENO": "Hidrometeorológico", "FUENTE": "IMPLAN Saltillo — CARTO SALTILLO, Atlas de Riesgos 2024", "FECHA": "2024" }, "geometry": { "type": "Polygon", "coordinates": [ [ [ -101.03837, 25.358092 ], [ -101.039288, 25.357431 ], [ -101.039532, 25.357056 ], [ -101.039489, 25.356826 ], [ -101.040062, 25.356142 ], [ -101.04019, 25.355809 ], [ -101.040527, 25.35593 ], [ -101.040634, 25.356516 ], [ -101.043037, 25.357446 ], [ -101.040858, 25.360906 ], [ -101.040457, 25.361818 ], [ -101.036697, 25.360271 ], [ -101.037063, 25.359407 ], [ -101.037895, 25.358708 ], [ -101.03837, 25.358092 ] ] ] } },
{ "type": "Feature", "properties": { "INTENSIDAD": "Bajo", "PUNTAJE": 25, "TITULO": "Riesgo por Inundaciones Pluviales", "FENOMENO": "Hidrometeorológico", "FUENTE": "IMPLAN Saltillo — CARTO SALTILLO, Atlas de Riesgos 2024", "FECHA": "2024" }, "geometry": { "type": "Polygon", "coordinates": [ [ [ -101.037209, 25.360834 ], [ -101.037062, 25.361219 ], [ -101.036776, 25.361096 ], [ -101.036962, 25.360742 ], [ -101.037209, 25.360834 ] ] ] } },
{ "type": "Feature", "properties": { "INTENSIDAD": "Bajo", "PUNTAJE": 25, "TITULO": "Riesgo por Inundaciones Pluviales", "FENOMENO": "Hidrometeorológico", "FUENTE": "IMPLAN Saltillo — CARTO SALTILLO, Atlas de Riesgos 2024", "FECHA": "2024" }, "geometry": { "type": "Polygon", "coordinates": [ [ [ -101.039653, 25.361745 ], [ -101.036985, 25.360692 ], [ -101.037055, 25.360535 ], [ -101.039683, 25.361646 ], [ -101.039653, 25.361745 ] ] ] } },
{ "type": "Feature", "properties": { "INTENSIDAD": "Bajo", "PUNTAJE": 25, "TITULO": "Riesgo por Inundaciones Pluviales", "FENOMENO": "Hidrometeorológico", "FUENTE": "IMPLAN Saltillo — CARTO SALTILLO, Atlas de Riesgos 2024", "FECHA": "2024" }, "geometry": { "type": "Polygon", "coordinates": [ [ [ -101.036517, 25.36138 ], [ -101.036742, 25.361141 ], [ -101.037043, 25.361271 ], [ -101.036948, 25.361519 ], [ -101.036517, 25.36138 ] ] ] } },
{ "type": "Feature", "properties": { "INTENSIDAD": "Bajo", "PUNTAJE": 25, "TITULO": "Riesgo por Inundaciones Pluviales", "FENOMENO": "Hidrometeorológico", "FUENTE": "IMPLAN Saltillo — CARTO SALTILLO, Atlas de Riesgos 2024", "FECHA": "2024" }, "geometry": { "type": "Polygon", "coordinates": [ [ [ -101.037627, 25.362047 ], [ -101.038049, 25.361165 ], [ -101.038382, 25.361297 ], [ -101.03797, 25.362197 ], [ -101.037627, 25.362047 ] ] ] } },
{ "type": "Feature", "properties": { "INTENSIDAD": "Bajo", "PUNTAJE": 25, "TITULO": "Riesgo por Inundaciones Pluviales", "FENOMENO": "Hidrometeorológico", "FUENTE": "IMPLAN Saltillo — CARTO SALTILLO, Atlas de Riesgos 2024", "FECHA": "2024" }, "geometry": { "type": "Polygon", "coordinates": [ [ [ -101.036489, 25.362889 ], [ -101.037265, 25.360854 ], [ -101.037624, 25.360988 ], [ -101.036764, 25.36299 ], [ -101.036489, 25.362889 ] ] ] } },
{ "type": "Feature", "properties": { "INTENSIDAD": "Bajo", "PUNTAJE": 25, "TITULO": "Riesgo por Inundaciones Pluviales", "FENOMENO": "Hidrometeorológico", "FUENTE": "IMPLAN Saltillo — CARTO SALTILLO, Atlas de Riesgos 2024", "FECHA": "2024" }, "geometry": { "type": "Polygon", "coordinates": [ [ [ -101.036819, 25.36301 ], [ -101.037678, 25.36101 ], [ -101.037994, 25.361144 ], [ -101.037057, 25.363097 ], [ -101.036819, 25.36301 ] ] ] } },
{ "type": "Feature", "properties": { "INTENSIDAD": "Bajo", "PUNTAJE": 25, "TITULO": "Riesgo por Inundaciones Pluviales", "FENOMENO": "Hidrometeorológico", "FUENTE": "IMPLAN Saltillo — CARTO SALTILLO, Atlas de Riesgos 2024", "FECHA": "2024" }, "geometry": { "type": "Polygon", "coordinates": [ [ [ -101.028796, 25.365155 ], [ -101.029215, 25.363902 ], [ -101.030068, 25.36418 ], [ -101.029792, 25.365336 ], [ -101.029487, 25.365278 ], [ -101.029576, 25.365029 ], [ -101.029494, 25.365004 ], [ -101.029413, 25.365266 ], [ -101.028796, 25.365155 ] ] ] } },
{ "type": "Feature", "properties": { "INTENSIDAD": "Bajo", "PUNTAJE": 25, "TITULO": "Riesgo por Inundaciones Pluviales", "FENOMENO": "Hidrometeorológico", "FUENTE": "IMPLAN Saltillo — CARTO SALTILLO, Atlas de Riesgos 2024", "FECHA": "2024" }, "geometry": { "type": "Polygon", "coordinates": [ [ [ -101.029446, 25.368237 ], [ -101.029396, 25.367182 ], [ -101.030194, 25.364042 ], [ -101.030115, 25.364016 ], [ -101.030088, 25.36412 ], [ -101.029277, 25.36385 ], [ -101.029344, 25.363665 ], [ -101.030179, 25.36395 ], [ -101.030719, 25.364023 ], [ -101.030756, 25.363934 ], [ -101.030569, 25.363804 ], [ -101.030519, 25.363924 ], [ -101.030206, 25.363896 ], [ -101.030082, 25.363853 ], [ -101.030073, 25.363767 ], [ -101.030009, 25.363829 ], [ -101.029365, 25.363603 ], [ -101.029527, 25.363141 ], [ -101.030188, 25.363251 ], [ -101.029539, 25.363091 ], [ -101.029885, 25.362097 ], [ -101.031411, 25.362632 ], [ -101.030825, 25.364237 ], [ -101.030141, 25.365748 ], [ -101.033259, 25.367089 ], [ -101.034035, 25.366345 ], [ -101.034419, 25.36585 ], [ -101.034847, 25.364013 ], [ -101.035022, 25.364055 ], [ -101.034937, 25.365088 ], [ -101.03487, 25.365381 ], [ -101.034642, 25.365671 ], [ -101.034599, 25.365912 ], [ -101.0335, 25.366885 ], [ -101.033214, 25.367285 ], [ -101.033081, 25.367625 ], [ -101.032103, 25.368046 ], [ -101.03166, 25.368448 ], [ -101.03166, 25.368727 ], [ -101.030988, 25.369735 ], [ -101.031386, 25.370458 ], [ -101.031262, 25.370753 ], [ -101.031051, 25.37099 ], [ -101.030673, 25.371232 ], [ -101.03025, 25.371917 ], [ -101.030191, 25.372184 ], [ -101.029871, 25.372556 ], [ -101.029707, 25.372516 ], [ -101.029507, 25.372998 ], [ -101.028841, 25.373034 ], [ -101.029446, 25.368237 ] ] ] } },
{ "type": "Feature", "properties": { "INTENSIDAD": "Bajo", "PUNTAJE": 25, "TITULO": "Riesgo por Inundaciones Pluviales", "FENOMENO": "Hidrometeorológico", "FUENTE": "IMPLAN Saltillo — CARTO SALTILLO, Atlas de Riesgos 2024", "FECHA": "2024" }, "geometry": { "type": "Polygon", "coordinates": [ [ [ -101.031094, 25.371021 ], [ -101.031454, 25.370466 ], [ -101.031055, 25.369705 ], [ -101.031715, 25.368803 ], [ -101.032163, 25.36846 ], [ -101.031704, 25.368747 ], [ -101.031741, 25.368474 ], [ -101.032144, 25.368098 ], [ -101.033201, 25.367623 ], [ -101.033062, 25.36825 ], [ -101.03205, 25.368846 ], [ -101.032275, 25.369162 ], [ -101.032347, 25.369799 ], [ -101.032164, 25.369989 ], [ -101.032145, 25.370176 ], [ -101.03234, 25.371767 ], [ -101.03214, 25.372625 ], [ -101.032057, 25.373623 ], [ -101.032164, 25.373941 ], [ -101.032518, 25.374142 ], [ -101.03355, 25.374367 ], [ -101.033683, 25.374489 ], [ -101.033723, 25.374625 ], [ -101.033555, 25.37514 ], [ -101.033522, 25.375881 ], [ -101.033692, 25.376234 ], [ -101.03396, 25.376461 ], [ -101.034065, 25.37646 ], [ -101.033981, 25.376507 ], [ -101.033796, 25.376523 ], [ -101.032144, 25.376105 ], [ -101.02947, 25.374844 ], [ -101.029601, 25.37449 ], [ -101.03051, 25.374452 ], [ -101.030811, 25.373062 ], [ -101.031079, 25.372593 ], [ -101.030333, 25.371893 ], [ -101.030735, 25.371257 ], [ -101.031094, 25.371021 ] ] ] } },
{ "type": "Feature", "properties": { "INTENSIDAD": "Bajo", "PUNTAJE": 25, "TITULO": "Riesgo por Inundaciones Pluviales", "FENOMENO": "Hidrometeorológico", "FUENTE": "IMPLAN Saltillo — CARTO SALTILLO, Atlas de Riesgos 2024", "FECHA": "2024" }, "geometry": { "type": "Polygon", "coordinates": [ [ [ -101.037039, 25.371565 ], [ -101.038162, 25.375103 ], [ -101.038383, 25.376243 ], [ -101.037779, 25.381148 ], [ -101.037471, 25.382578 ], [ -101.036698, 25.385243 ], [ -101.036729, 25.38574 ], [ -101.036944, 25.386735 ], [ -101.036606, 25.386728 ], [ -101.036216, 25.386853 ], [ -101.036204, 25.386729 ], [ -101.035923, 25.386377 ], [ -101.03586, 25.385599 ], [ -101.03592, 25.385191 ], [ -101.035842, 25.385128 ], [ -101.035688, 25.38455 ], [ -101.035808, 25.384004 ], [ -101.036004, 25.383812 ], [ -101.036117, 25.383494 ], [ -101.036104, 25.383192 ], [ -101.03577, 25.382123 ], [ -101.035761, 25.381602 ], [ -101.036309, 25.380519 ], [ -101.036273, 25.380122 ], [ -101.03589, 25.379445 ], [ -101.035865, 25.378865 ], [ -101.035437, 25.378137 ], [ -101.03493, 25.377461 ], [ -101.03451, 25.37717 ], [ -101.034455, 25.376707 ], [ -101.034332, 25.376397 ], [ -101.034817, 25.375767 ], [ -101.034258, 25.375534 ], [ -101.034227, 25.375582 ], [ -101.034676, 25.375797 ], [ -101.03426, 25.376345 ], [ -101.034116, 25.376289 ], [ -101.033798, 25.375885 ], [ -101.033829, 25.375392 ], [ -101.034261, 25.374193 ], [ -101.034333, 25.373696 ], [ -101.033999, 25.373465 ], [ -101.034044, 25.373276 ], [ -101.033817, 25.372582 ], [ -101.034215, 25.372381 ], [ -101.034344, 25.372227 ], [ -101.034387, 25.371885 ], [ -101.034221, 25.371541 ], [ -101.034872, 25.370887 ], [ -101.035934, 25.37031 ], [ -101.036035, 25.370021 ], [ -101.036264, 25.369767 ], [ -101.036247, 25.369293 ], [ -101.036316, 25.369176 ], [ -101.036723, 25.368787 ], [ -101.037021, 25.368673 ], [ -101.037293, 25.36807 ], [ -101.037515, 25.367959 ], [ -101.037973, 25.367954 ], [ -101.037053, 25.369575 ], [ -101.03688, 25.370092 ], [ -101.036838, 25.37063 ], [ -101.037039, 25.371565 ] ] ] } },
{ "type": "Feature", "properties": { "INTENSIDAD": "Bajo", "PUNTAJE": 25, "TITULO": "Riesgo por Inundaciones Pluviales", "FENOMENO": "Hidrometeorológico", "FUENTE": "IMPLAN Saltillo — CARTO SALTILLO, Atlas de Riesgos 2024", "FECHA": "2024" }, "geometry": { "type": "Polygon", "coordinates": [ [ [ -101.029289, 25.378658 ], [ -101.029123, 25.378962 ], [ -101.029096, 25.379434 ], [ -101.028688, 25.379126 ], [ -101.029056, 25.378368 ], [ -101.029262, 25.378493 ], [ -101.029289, 25.378658 ] ] ] } },
{ "type": "Feature", "properties": { "INTENSIDAD": "Bajo", "PUNTAJE": 25, "TITULO": "Riesgo por Inundaciones Pluviales", "FENOMENO": "Hidrometeorológico", "FUENTE": "IMPLAN Saltillo — CARTO SALTILLO, Atlas de Riesgos 2024", "FECHA": "2024" }, "geometry": { "type": "Polygon", "coordinates": [ [ [ -101.030003, 25.380678 ], [ -101.029845, 25.380741 ], [ -101.029264, 25.379728 ], [ -101.029457, 25.379726 ], [ -101.030003, 25.380678 ] ] ] } },
{ "type": "Feature", "properties": { "INTENSIDAD": "Bajo", "PUNTAJE": 25, "TITULO": "Riesgo por Inundaciones Pluviales", "FENOMENO": "Hidrometeorológico", "FUENTE": "IMPLAN Saltillo — CARTO SALTILLO, Atlas de Riesgos 2024", "FECHA": "2024" }, "geometry": { "type": "Polygon", "coordinates": [ [ [ -101.030559, 25.380132 ], [ -101.031146, 25.38014 ], [ -101.031247, 25.380316 ], [ -101.031151, 25.380431 ], [ -101.030815, 25.38054 ], [ -101.030727, 25.380638 ], [ -101.030801, 25.380791 ], [ -101.032133, 25.381104 ], [ -101.032201, 25.381183 ], [ -101.032236, 25.381341 ], [ -101.03211, 25.381415 ], [ -101.031538, 25.381423 ], [ -101.031122, 25.381597 ], [ -101.03106, 25.381802 ], [ -101.031101, 25.382336 ], [ -101.030696, 25.38161 ], [ -101.031693, 25.381253 ], [ -101.031746, 25.381146 ], [ -101.030352, 25.381004 ], [ -101.029611, 25.379716 ], [ -101.030105, 25.379613 ], [ -101.030277, 25.379764 ], [ -101.030326, 25.380038 ], [ -101.030559, 25.380132 ] ] ] } },
{ "type": "Feature", "properties": { "INTENSIDAD": "Bajo", "PUNTAJE": 25, "TITULO": "Riesgo por Inundaciones Pluviales", "FENOMENO": "Hidrometeorológico", "FUENTE": "IMPLAN Saltillo — CARTO SALTILLO, Atlas de Riesgos 2024", "FECHA": "2024" }, "geometry": { "type": "Polygon", "coordinates": [ [ [ -101.0294, 25.380692 ], [ -101.028835, 25.381815 ], [ -101.028589, 25.381674 ], [ -101.02921, 25.380384 ], [ -101.0294, 25.380692 ] ] ] } },
{ "type": "Feature", "properties": { "INTENSIDAD": "Bajo", "PUNTAJE": 25, "TITULO": "Riesgo por Inundaciones Pluviales", "FENOMENO": "Hidrometeorológico", "FUENTE": "IMPLAN Saltillo — CARTO SALTILLO, Atlas de Riesgos 2024", "FECHA": "2024" }, "geometry": { "type": "Polygon", "coordinates": [ [ [ -101.029228, 25.38204 ], [ -101.028904, 25.381855 ], [ -101.029443, 25.380762 ], [ -101.02965, 25.381098 ], [ -101.029228, 25.38204 ] ] ] } },
{ "type": "Feature", "properties": { "INTENSIDAD": "Bajo", "PUNTAJE": 25, "TITULO": "Riesgo por Inundaciones Pluviales", "FENOMENO": "Hidrometeorológico", "FUENTE": "IMPLAN Saltillo — CARTO SALTILLO, Atlas de Riesgos 2024", "FECHA": "2024" }, "geometry": { "type": "Polygon", "coordinates": [ [ [ -101.03412, 25.386057 ], [ -101.033116, 25.385381 ], [ -101.032508, 25.384467 ], [ -101.032576, 25.384012 ], [ -101.032486, 25.383886 ], [ -101.032069, 25.383763 ], [ -101.031907, 25.383811 ], [ -101.031641, 25.383649 ], [ -101.031564, 25.383264 ], [ -101.031213, 25.382505 ], [ -101.031131, 25.381905 ], [ -101.031203, 25.38173 ], [ -101.031564, 25.381539 ], [ -101.032242, 25.381531 ], [ -101.032407, 25.381335 ], [ -101.032378, 25.381116 ], [ -101.032276, 25.381004 ], [ -101.03094, 25.380722 ], [ -101.030931, 25.380626 ], [ -101.031184, 25.380557 ], [ -101.031397, 25.380327 ], [ -101.031158, 25.380012 ], [ -101.030514, 25.380031 ], [ -101.030423, 25.379961 ], [ -101.030308, 25.379584 ], [ -101.029882, 25.379537 ], [ -101.029491, 25.379625 ], [ -101.02933, 25.379484 ], [ -101.029268, 25.37886 ], [ -101.029408, 25.378706 ], [ -101.029437, 25.378441 ], [ -101.028787, 25.378026 ], [ -101.02858, 25.377574 ], [ -101.028276, 25.377396 ], [ -101.028286, 25.376521 ], [ -101.027798, 25.375977 ], [ -101.028406, 25.374745 ], [ -101.028804, 25.374663 ], [ -101.029022, 25.374701 ], [ -101.032114, 25.376198 ], [ -101.033769, 25.376612 ], [ -101.034077, 25.376571 ], [ -101.034273, 25.376444 ], [ -101.034414, 25.376725 ], [ -101.034477, 25.377209 ], [ -101.034897, 25.377521 ], [ -101.0354, 25.378165 ], [ -101.035805, 25.378886 ], [ -101.035807, 25.379458 ], [ -101.036156, 25.380119 ], [ -101.036201, 25.380461 ], [ -101.035828, 25.381115 ], [ -101.035654, 25.381618 ], [ -101.035678, 25.382231 ], [ -101.03604, 25.383482 ], [ -101.035952, 25.383758 ], [ -101.035657, 25.384187 ], [ -101.035632, 25.384559 ], [ -101.03579, 25.385163 ], [ -101.03576, 25.386158 ], [ -101.036137, 25.386836 ], [ -101.035961, 25.387199 ], [ -101.035537, 25.387443 ], [ -101.034437, 25.387699 ], [ -101.034193, 25.387835 ], [ -101.034113, 25.388083 ], [ -101.034192, 25.388601 ], [ -101.033968, 25.387823 ], [ -101.034071, 25.38743 ], [ -101.033997, 25.387052 ], [ -101.03377, 25.387076 ], [ -101.034186, 25.386487 ], [ -101.034189, 25.386169 ], [ -101.03412, 25.386057 ] ] ] } },
{ "type": "Feature", "properties": { "INTENSIDAD": "Bajo", "PUNTAJE": 25, "TITULO": "Riesgo por Inundaciones Pluviales", "FENOMENO": "Hidrometeorológico", "FUENTE": "IMPLAN Saltillo — CARTO SALTILLO, Atlas de Riesgos 2024", "FECHA": "2024" }, "geometry": { "type": "Polygon", "coordinates": [ [ [ -101.029052, 25.382693 ], [ -101.029392, 25.382841 ], [ -101.029425, 25.382783 ], [ -101.029074, 25.382626 ], [ -101.029251, 25.382327 ], [ -101.029713, 25.382607 ], [ -101.028992, 25.384088 ], [ -101.028486, 25.383836 ], [ -101.028658, 25.383529 ], [ -101.028957, 25.383657 ], [ -101.028979, 25.383604 ], [ -101.028703, 25.383458 ], [ -101.028815, 25.38312 ], [ -101.029187, 25.383279 ], [ -101.029219, 25.383224 ], [ -101.02885, 25.383067 ], [ -101.029052, 25.382693 ] ] ] } },
{ "type": "Feature", "properties": { "INTENSIDAD": "Bajo", "PUNTAJE": 25, "TITULO": "Riesgo por Inundaciones Pluviales", "FENOMENO": "Hidrometeorológico", "FUENTE": "IMPLAN Saltillo — CARTO SALTILLO, Atlas de Riesgos 2024", "FECHA": "2024" }, "geometry": { "type": "Polygon", "coordinates": [ [ [ -101.032617, 25.387266 ], [ -101.031714, 25.386744 ], [ -101.032097, 25.386203 ], [ -101.032521, 25.386443 ], [ -101.032318, 25.38674 ], [ -101.032371, 25.38677 ], [ -101.032575, 25.38649 ], [ -101.033, 25.386728 ], [ -101.032617, 25.387266 ] ] ] } },
{ "type": "Feature", "properties": { "INTENSIDAD": "Bajo", "PUNTAJE": 25, "TITULO": "Riesgo por Inundaciones Pluviales", "FENOMENO": "Hidrometeorológico", "FUENTE": "IMPLAN Saltillo — CARTO SALTILLO, Atlas de Riesgos 2024", "FECHA": "2024" }, "geometry": { "type": "Polygon", "coordinates": [ [ [ -101.034595, 25.388947 ], [ -101.034625, 25.389455 ], [ -101.034492, 25.389552 ], [ -101.033832, 25.389686 ], [ -101.033841, 25.390304 ], [ -101.033474, 25.390396 ], [ -101.033201, 25.390929 ], [ -101.033064, 25.390969 ], [ -101.032804, 25.390863 ], [ -101.033196, 25.390457 ], [ -101.034216, 25.389021 ], [ -101.034274, 25.388747 ], [ -101.034494, 25.388791 ], [ -101.034595, 25.388947 ] ] ] } },
{ "type": "Feature", "properties": { "INTENSIDAD": "Bajo", "PUNTAJE": 25, "TITULO": "Riesgo por Inundaciones Pluviales", "FENOMENO": "Hidrometeorológico", "FUENTE": "IMPLAN Saltillo — CARTO SALTILLO, Atlas de Riesgos 2024", "FECHA": "2024" }, "geometry": { "type": "Polygon", "coordinates": [ [ [ -101.044681, 25.389083 ], [ -101.045121, 25.38903 ], [ -101.045398, 25.389118 ], [ -101.045586, 25.389363 ], [ -101.045583, 25.389866 ], [ -101.044748, 25.389638 ], [ -101.044728, 25.38969 ], [ -101.045721, 25.389951 ], [ -101.045909, 25.39011 ], [ -101.045839, 25.390158 ], [ -101.045775, 25.390441 ], [ -101.045875, 25.391036 ], [ -101.045834, 25.39135 ], [ -101.045674, 25.391492 ], [ -101.045467, 25.391366 ], [ -101.044873, 25.391281 ], [ -101.044907, 25.390891 ], [ -101.045347, 25.390941 ], [ -101.045357, 25.390878 ], [ -101.044926, 25.390825 ], [ -101.045058, 25.390215 ], [ -101.045398, 25.390262 ], [ -101.044322, 25.389882 ], [ -101.044228, 25.390121 ], [ -101.04364, 25.389999 ], [ -101.043675, 25.389457 ], [ -101.044104, 25.38868 ], [ -101.044285, 25.388985 ], [ -101.044487, 25.389123 ], [ -101.044272, 25.3893 ], [ -101.044681, 25.389083 ] ] ] } },
{ "type": "Feature", "properties": { "INTENSIDAD": "Bajo", "PUNTAJE": 25, "TITULO": "Riesgo por Inundaciones Pluviales", "FENOMENO": "Hidrometeorológico", "FUENTE": "IMPLAN Saltillo — CARTO SALTILLO, Atlas de Riesgos 2024", "FECHA": "2024" }, "geometry": { "type": "Polygon", "coordinates": [ [ [ -101.044871, 25.390831 ], [ -101.044204, 25.390802 ], [ -101.044873, 25.390878 ], [ -101.044809, 25.391286 ], [ -101.043616, 25.391198 ], [ -101.043701, 25.390572 ], [ -101.043626, 25.390048 ], [ -101.044613, 25.39021 ], [ -101.044264, 25.390136 ], [ -101.044338, 25.389937 ], [ -101.045004, 25.390202 ], [ -101.044871, 25.390831 ] ] ] } },
{ "type": "Feature", "properties": { "INTENSIDAD": "Bajo", "PUNTAJE": 25, "TITULO": "Riesgo por Inundaciones Pluviales", "FENOMENO": "Hidrometeorológico", "FUENTE": "IMPLAN Saltillo — CARTO SALTILLO, Atlas de Riesgos 2024", "FECHA": "2024" }, "geometry": { "type": "Polygon", "coordinates": [ [ [ -101.045332, 25.391686 ], [ -101.043533, 25.391556 ], [ -101.043585, 25.391284 ], [ -101.045486, 25.391437 ], [ -101.045431, 25.391675 ], [ -101.045332, 25.391686 ] ] ] } },
{ "type": "Feature", "properties": { "INTENSIDAD": "Bajo", "PUNTAJE": 25, "TITULO": "Riesgo por Inundaciones Pluviales", "FENOMENO": "Hidrometeorológico", "FUENTE": "IMPLAN Saltillo — CARTO SALTILLO, Atlas de Riesgos 2024", "FECHA": "2024" }, "geometry": { "type": "Polygon", "coordinates": [ [ [ -101.045779, 25.391784 ], [ -101.04594, 25.39186 ], [ -101.045915, 25.392168 ], [ -101.043457, 25.392044 ], [ -101.0435, 25.391645 ], [ -101.045779, 25.391784 ] ] ] } },
{ "type": "Feature", "properties": { "INTENSIDAD": "Bajo", "PUNTAJE": 25, "TITULO": "Riesgo por Inundaciones Pluviales", "FENOMENO": "Hidrometeorológico", "FUENTE": "IMPLAN Saltillo — CARTO SALTILLO, Atlas de Riesgos 2024", "FECHA": "2024" }, "geometry": { "type": "Polygon", "coordinates": [ [ [ -101.044465, 25.393136 ], [ -101.043467, 25.39309 ], [ -101.043442, 25.392094 ], [ -101.044493, 25.392133 ], [ -101.044465, 25.393136 ] ] ] } },
{ "type": "Feature", "properties": { "INTENSIDAD": "Bajo", "PUNTAJE": 25, "TITULO": "Riesgo por Inundaciones Pluviales", "FENOMENO": "Hidrometeorológico", "FUENTE": "IMPLAN Saltillo — CARTO SALTILLO, Atlas de Riesgos 2024", "FECHA": "2024" }, "geometry": { "type": "Polygon", "coordinates": [ [ [ -101.045896, 25.392451 ], [ -101.046091, 25.39286 ], [ -101.046067, 25.393212 ], [ -101.044525, 25.393137 ], [ -101.044553, 25.392127 ], [ -101.045911, 25.392223 ], [ -101.045896, 25.392451 ] ] ] } },
{ "type": "Feature", "properties": { "INTENSIDAD": "Bajo", "PUNTAJE": 25, "TITULO": "Riesgo por Inundaciones Pluviales", "FENOMENO": "Hidrometeorológico", "FUENTE": "IMPLAN Saltillo — CARTO SALTILLO, Atlas de Riesgos 2024", "FECHA": "2024" }, "geometry": { "type": "Polygon", "coordinates": [ [ [ -101.046749, 25.398622 ], [ -101.047193, 25.39906 ], [ -101.047299, 25.399373 ], [ -101.047404, 25.399308 ], [ -101.047312, 25.39907 ], [ -101.046812, 25.398583 ], [ -101.047581, 25.398124 ], [ -101.047803, 25.397945 ], [ -101.047776, 25.397882 ], [ -101.046564, 25.398641 ], [ -101.046049, 25.398872 ], [ -101.045627, 25.398912 ], [ -101.045579, 25.397843 ], [ -101.046384, 25.397869 ], [ -101.046603, 25.397744 ], [ -101.046604, 25.397492 ], [ -101.046371, 25.397761 ], [ -101.045539, 25.397756 ], [ -101.045472, 25.397555 ], [ -101.04551, 25.396328 ], [ -101.045162, 25.396284 ], [ -101.04432, 25.396383 ], [ -101.044233, 25.396317 ], [ -101.044277, 25.395653 ], [ -101.04481, 25.395357 ], [ -101.044778, 25.39531 ], [ -101.044277, 25.395594 ], [ -101.044272, 25.395144 ], [ -101.044169, 25.395129 ], [ -101.044186, 25.395656 ], [ -101.043522, 25.395654 ], [ -101.043535, 25.39489 ], [ -101.043993, 25.394896 ], [ -101.043994, 25.394842 ], [ -101.043535, 25.394836 ], [ -101.043485, 25.393158 ], [ -101.046059, 25.393266 ], [ -101.046027, 25.393472 ], [ -101.04568, 25.394046 ], [ -101.045772, 25.394094 ], [ -101.046146, 25.393467 ], [ -101.046204, 25.392795 ], [ -101.045995, 25.392452 ], [ -101.046006, 25.391822 ], [ -101.045967, 25.391719 ], [ -101.04584, 25.391687 ], [ -101.045934, 25.390907 ], [ -101.04585, 25.390199 ], [ -101.046746, 25.389718 ], [ -101.046865, 25.389565 ], [ -101.046754, 25.38955 ], [ -101.046714, 25.38965 ], [ -101.045864, 25.390058 ], [ -101.045692, 25.389658 ], [ -101.045659, 25.389355 ], [ -101.045469, 25.38905 ], [ -101.04504, 25.388899 ], [ -101.044382, 25.389035 ], [ -101.044131, 25.38861 ], [ -101.044298, 25.388272 ], [ -101.044345, 25.387859 ], [ -101.044018, 25.387369 ], [ -101.044382, 25.387035 ], [ -101.044678, 25.385919 ], [ -101.044929, 25.38556 ], [ -101.045265, 25.385454 ], [ -101.04576, 25.38554 ], [ -101.045382, 25.386815 ], [ -101.045229, 25.387052 ], [ -101.045286, 25.387071 ], [ -101.045554, 25.386477 ], [ -101.045779, 25.38654 ], [ -101.045798, 25.386488 ], [ -101.045574, 25.386413 ], [ -101.045819, 25.385547 ], [ -101.04631, 25.385525 ], [ -101.046315, 25.386759 ], [ -101.046375, 25.386759 ], [ -101.046374, 25.386248 ], [ -101.046663, 25.386251 ], [ -101.046663, 25.386197 ], [ -101.046374, 25.386194 ], [ -101.046374, 25.385519 ], [ -101.048239, 25.385375 ], [ -101.048115, 25.387006 ], [ -101.049093, 25.387134 ], [ -101.049585, 25.386085 ], [ -101.050051, 25.387149 ], [ -101.050156, 25.387898 ], [ -101.050111, 25.389105 ], [ -101.050001, 25.389583 ], [ -101.049254, 25.391495 ], [ -101.048985, 25.392527 ], [ -101.048916, 25.393392 ], [ -101.049355, 25.397149 ], [ -101.049379, 25.39884 ], [ -101.049255, 25.399371 ], [ -101.048879, 25.400125 ], [ -101.047947, 25.401035 ], [ -101.047048, 25.401492 ], [ -101.046429, 25.40165 ], [ -101.045767, 25.401729 ], [ -101.044892, 25.401666 ], [ -101.044953, 25.401259 ], [ -101.044929, 25.400257 ], [ -101.04512, 25.400208 ], [ -101.045332, 25.400437 ], [ -101.045687, 25.400535 ], [ -101.045999, 25.400415 ], [ -101.046177, 25.400161 ], [ -101.046072, 25.400163 ], [ -101.045847, 25.400414 ], [ -101.045682, 25.400449 ], [ -101.045424, 25.400386 ], [ -101.045209, 25.400102 ], [ -101.04488, 25.400136 ], [ -101.044766, 25.400026 ], [ -101.044913, 25.400039 ], [ -101.045358, 25.399116 ], [ -101.045648, 25.398968 ], [ -101.046072, 25.398927 ], [ -101.046749, 25.398622 ] ] ] } },
{ "type": "Feature", "properties": { "INTENSIDAD": "Bajo", "PUNTAJE": 25, "TITULO": "Riesgo por Inundaciones Pluviales", "FENOMENO": "Hidrometeorológico", "FUENTE": "IMPLAN Saltillo — CARTO SALTILLO, Atlas de Riesgos 2024", "FECHA": "2024" }, "geometry": { "type": "Polygon", "coordinates": [ [ [ -101.032354, 25.397241 ], [ -101.032633, 25.396827 ], [ -101.033166, 25.396329 ], [ -101.033358, 25.396042 ], [ -101.033681, 25.395317 ], [ -101.033685, 25.395101 ], [ -101.034533, 25.395617 ], [ -101.033618, 25.397193 ], [ -101.034011, 25.39741 ], [ -101.034177, 25.397756 ], [ -101.034362, 25.3979 ], [ -101.033752, 25.399008 ], [ -101.033801, 25.399051 ], [ -101.033964, 25.398724 ], [ -101.034419, 25.39899 ], [ -101.034656, 25.398554 ], [ -101.035069, 25.398706 ], [ -101.036496, 25.396286 ], [ -101.036435, 25.396248 ], [ -101.036286, 25.396444 ], [ -101.035935, 25.396277 ], [ -101.036514, 25.395297 ], [ -101.036659, 25.395679 ], [ -101.036668, 25.396256 ], [ -101.036582, 25.399629 ], [ -101.035347, 25.399401 ], [ -101.034768, 25.399388 ], [ -101.034092, 25.399531 ], [ -101.033611, 25.399543 ], [ -101.033477, 25.399619 ], [ -101.032984, 25.39875 ], [ -101.032704, 25.39841 ], [ -101.032713, 25.398263 ], [ -101.032511, 25.398029 ], [ -101.032354, 25.397241 ] ] ] } },
{ "type": "Feature", "properties": { "INTENSIDAD": "Bajo", "PUNTAJE": 25, "TITULO": "Riesgo por Inundaciones Pluviales", "FENOMENO": "Hidrometeorológico", "FUENTE": "IMPLAN Saltillo — CARTO SALTILLO, Atlas de Riesgos 2024", "FECHA": "2024" }, "geometry": { "type": "Polygon", "coordinates": [ [ [ -101.031634, 25.40081 ], [ -101.031351, 25.400585 ], [ -101.030674, 25.400646 ], [ -101.030516, 25.399871 ], [ -101.030822, 25.399915 ], [ -101.030742, 25.40036 ], [ -101.031851, 25.400497 ], [ -101.031652, 25.40165 ], [ -101.03091, 25.401588 ], [ -101.030993, 25.401319 ], [ -101.031605, 25.401247 ], [ -101.031661, 25.401166 ], [ -101.031634, 25.40081 ] ] ] } },
{ "type": "Feature", "properties": { "INTENSIDAD": "Bajo", "PUNTAJE": 25, "TITULO": "Riesgo por Inundaciones Pluviales", "FENOMENO": "Hidrometeorológico", "FUENTE": "IMPLAN Saltillo — CARTO SALTILLO, Atlas de Riesgos 2024", "FECHA": "2024" }, "geometry": { "type": "Polygon", "coordinates": [ [ [ -101.031841, 25.400935 ], [ -101.032487, 25.401008 ], [ -101.032205, 25.401298 ], [ -101.032336, 25.401923 ], [ -101.03218, 25.402125 ], [ -101.031884, 25.40212 ], [ -101.031682, 25.401854 ], [ -101.03174, 25.401517 ], [ -101.032041, 25.401551 ], [ -101.031752, 25.401449 ], [ -101.031841, 25.400935 ] ] ] } },
{ "type": "Feature", "properties": { "INTENSIDAD": "Bajo", "PUNTAJE": 25, "TITULO": "Riesgo por Inundaciones Pluviales", "FENOMENO": "Hidrometeorológico", "FUENTE": "IMPLAN Saltillo — CARTO SALTILLO, Atlas de Riesgos 2024", "FECHA": "2024" }, "geometry": { "type": "Polygon", "coordinates": [ [ [ -101.036068, 25.40818 ], [ -101.036006, 25.408136 ], [ -101.035814, 25.40839 ], [ -101.035453, 25.408158 ], [ -101.035796, 25.407691 ], [ -101.036655, 25.408168 ], [ -101.036294, 25.408683 ], [ -101.035883, 25.408436 ], [ -101.036068, 25.40818 ] ] ] } },
{ "type": "Feature", "properties": { "INTENSIDAD": "Bajo", "PUNTAJE": 25, "TITULO": "Riesgo por Inundaciones Pluviales", "FENOMENO": "Hidrometeorológico", "FUENTE": "IMPLAN Saltillo — CARTO SALTILLO, Atlas de Riesgos 2024", "FECHA": "2024" }, "geometry": { "type": "Polygon", "coordinates": [ [ [ -101.032513, 25.413027 ], [ -101.032836, 25.412664 ], [ -101.033205, 25.412943 ], [ -101.033556, 25.4135 ], [ -101.032793, 25.414492 ], [ -101.032448, 25.41425 ], [ -101.032857, 25.413816 ], [ -101.03294, 25.413875 ], [ -101.033203, 25.41361 ], [ -101.032513, 25.413027 ] ] ] } },
{ "type": "Feature", "properties": { "INTENSIDAD": "Bajo", "PUNTAJE": 25, "TITULO": "Riesgo por Inundaciones Pluviales", "FENOMENO": "Hidrometeorológico", "FUENTE": "IMPLAN Saltillo — CARTO SALTILLO, Atlas de Riesgos 2024", "FECHA": "2024" }, "geometry": { "type": "Polygon", "coordinates": [ [ [ -101.047017, 25.416888 ], [ -101.04658, 25.417307 ], [ -101.04625, 25.417869 ], [ -101.045537, 25.418416 ], [ -101.045399, 25.418722 ], [ -101.045336, 25.418717 ], [ -101.045223, 25.418414 ], [ -101.044993, 25.418232 ], [ -101.044873, 25.418229 ], [ -101.044413, 25.418543 ], [ -101.044043, 25.418642 ], [ -101.043959, 25.419006 ], [ -101.043762, 25.419319 ], [ -101.043828, 25.419951 ], [ -101.043489, 25.420238 ], [ -101.043182, 25.4217 ], [ -101.04293, 25.421731 ], [ -101.042687, 25.422147 ], [ -101.042444, 25.422218 ], [ -101.042851, 25.421708 ], [ -101.043274, 25.42025 ], [ -101.043898, 25.418615 ], [ -101.044405, 25.418326 ], [ -101.044818, 25.417594 ], [ -101.045033, 25.417392 ], [ -101.04549, 25.417221 ], [ -101.046546, 25.416389 ], [ -101.047281, 25.415502 ], [ -101.04748, 25.414837 ], [ -101.04748, 25.412701 ], [ -101.046756, 25.412458 ], [ -101.048492, 25.411968 ], [ -101.048632, 25.411879 ], [ -101.04875, 25.411437 ], [ -101.049028, 25.411291 ], [ -101.04976, 25.411185 ], [ -101.050895, 25.411898 ], [ -101.051534, 25.411349 ], [ -101.05208, 25.410025 ], [ -101.05235, 25.409059 ], [ -101.053039, 25.408598 ], [ -101.052522, 25.408236 ], [ -101.053176, 25.40581 ], [ -101.053871, 25.40563 ], [ -101.055169, 25.405518 ], [ -101.055873, 25.405626 ], [ -101.056945, 25.405988 ], [ -101.057918, 25.406659 ], [ -101.058244, 25.407457 ], [ -101.058525, 25.408448 ], [ -101.057872, 25.410058 ], [ -101.05674, 25.413546 ], [ -101.056407, 25.414071 ], [ -101.05452, 25.416391 ], [ -101.053678, 25.41707 ], [ -101.052349, 25.41791 ], [ -101.052117, 25.418128 ], [ -101.051799, 25.418702 ], [ -101.051162, 25.419112 ], [ -101.050688, 25.419629 ], [ -101.05017, 25.419928 ], [ -101.049778, 25.420518 ], [ -101.050093, 25.421298 ], [ -101.050017, 25.421566 ], [ -101.050143, 25.421911 ], [ -101.049617, 25.4229 ], [ -101.049435, 25.423059 ], [ -101.049014, 25.42313 ], [ -101.048391, 25.423564 ], [ -101.048209, 25.423527 ], [ -101.047344, 25.424139 ], [ -101.046895, 25.424146 ], [ -101.046747, 25.424235 ], [ -101.046741, 25.424506 ], [ -101.046436, 25.424781 ], [ -101.046011, 25.424865 ], [ -101.045885, 25.424992 ], [ -101.045476, 25.425119 ], [ -101.045182, 25.425394 ], [ -101.044758, 25.426097 ], [ -101.044639, 25.426603 ], [ -101.044368, 25.427097 ], [ -101.044493, 25.427439 ], [ -101.044479, 25.427783 ], [ -101.044662, 25.427953 ], [ -101.044596, 25.428198 ], [ -101.044735, 25.428817 ], [ -101.044678, 25.42899 ], [ -101.044231, 25.429123 ], [ -101.044122, 25.429653 ], [ -101.043963, 25.429805 ], [ -101.043906, 25.42939 ], [ -101.044125, 25.42881 ], [ -101.04409, 25.428511 ], [ -101.044216, 25.428265 ], [ -101.044212, 25.428021 ], [ -101.044064, 25.427561 ], [ -101.04387, 25.427377 ], [ -101.043867, 25.427196 ], [ -101.043745, 25.427026 ], [ -101.043412, 25.426813 ], [ -101.043067, 25.425621 ], [ -101.042566, 25.425213 ], [ -101.042299, 25.424766 ], [ -101.042196, 25.423989 ], [ -101.042213, 25.423816 ], [ -101.04241, 25.423623 ], [ -101.042426, 25.42337 ], [ -101.042309, 25.422977 ], [ -101.042415, 25.42274 ], [ -101.042265, 25.422697 ], [ -101.042193, 25.42258 ], [ -101.042142, 25.421901 ], [ -101.042006, 25.421577 ], [ -101.041801, 25.421339 ], [ -101.041739, 25.421105 ], [ -101.042201, 25.421569 ], [ -101.042415, 25.422263 ], [ -101.042725, 25.422181 ], [ -101.042963, 25.421776 ], [ -101.043221, 25.421742 ], [ -101.043538, 25.420265 ], [ -101.043888, 25.419969 ], [ -101.043829, 25.419325 ], [ -101.044013, 25.419021 ], [ -101.044095, 25.418697 ], [ -101.044655, 25.418489 ], [ -101.04489, 25.418284 ], [ -101.045114, 25.418385 ], [ -101.045322, 25.418808 ], [ -101.045118, 25.419826 ], [ -101.045196, 25.420047 ], [ -101.045382, 25.420233 ], [ -101.045621, 25.420274 ], [ -101.046497, 25.420176 ], [ -101.046851, 25.419991 ], [ -101.047166, 25.419677 ], [ -101.047405, 25.419556 ], [ -101.047146, 25.419645 ], [ -101.046816, 25.41996 ], [ -101.046339, 25.420178 ], [ -101.045442, 25.420191 ], [ -101.045191, 25.419837 ], [ -101.045386, 25.418803 ], [ -101.045508, 25.418696 ], [ -101.045609, 25.418428 ], [ -101.046299, 25.417921 ], [ -101.046645, 25.417336 ], [ -101.046831, 25.417157 ], [ -101.04701, 25.417027 ], [ -101.04765, 25.41681 ], [ -101.048554, 25.415956 ], [ -101.050684, 25.416071 ], [ -101.050701, 25.415988 ], [ -101.048603, 25.415831 ], [ -101.049651, 25.414202 ], [ -101.049554, 25.414166 ], [ -101.048407, 25.415835 ], [ -101.047544, 25.416697 ], [ -101.04728, 25.41686 ], [ -101.047017, 25.416888 ] ] ] } },
{ "type": "Feature", "properties": { "INTENSIDAD": "Bajo", "PUNTAJE": 25, "TITULO": "Riesgo por Inundaciones Pluviales", "FENOMENO": "Hidrometeorológico", "FUENTE": "IMPLAN Saltillo — CARTO SALTILLO, Atlas de Riesgos 2024", "FECHA": "2024" }, "geometry": { "type": "Polygon", "coordinates": [ [ [ -101.038806, 25.424575 ], [ -101.039002, 25.424151 ], [ -101.039628, 25.423285 ], [ -101.04082, 25.422618 ], [ -101.041162, 25.422551 ], [ -101.041436, 25.422368 ], [ -101.041486, 25.421689 ], [ -101.041596, 25.42139 ], [ -101.041976, 25.422015 ], [ -101.041852, 25.422223 ], [ -101.042152, 25.42323 ], [ -101.042126, 25.423586 ], [ -101.042015, 25.423705 ], [ -101.042166, 25.425021 ], [ -101.042709, 25.425556 ], [ -101.04304, 25.426035 ], [ -101.042904, 25.426751 ], [ -101.04207, 25.426147 ], [ -101.040307, 25.425392 ], [ -101.038806, 25.424575 ] ] ] } },
{ "type": "Feature", "properties": { "INTENSIDAD": "Bajo", "PUNTAJE": 25, "TITULO": "Riesgo por Inundaciones Pluviales", "FENOMENO": "Hidrometeorológico", "FUENTE": "IMPLAN Saltillo — CARTO SALTILLO, Atlas de Riesgos 2024", "FECHA": "2024" }, "geometry": { "type": "Polygon", "coordinates": [ [ [ -101.038801, 25.425039 ], [ -101.037965, 25.425014 ], [ -101.037734, 25.424864 ], [ -101.037363, 25.424842 ], [ -101.037092, 25.424891 ], [ -101.036884, 25.425104 ], [ -101.036463, 25.425094 ], [ -101.036852, 25.424341 ], [ -101.037018, 25.424258 ], [ -101.038174, 25.424518 ], [ -101.038174, 25.424753 ], [ -101.038235, 25.424528 ], [ -101.038639, 25.424617 ], [ -101.040017, 25.425378 ], [ -101.042021, 25.426245 ], [ -101.042819, 25.426805 ], [ -101.042908, 25.427025 ], [ -101.042905, 25.427407 ], [ -101.041574, 25.428711 ], [ -101.040549, 25.42943 ], [ -101.040572, 25.429555 ], [ -101.040125, 25.429663 ], [ -101.040284, 25.430727 ], [ -101.040102, 25.430744 ], [ -101.039719, 25.430365 ], [ -101.039573, 25.430378 ], [ -101.039251, 25.430707 ], [ -101.039064, 25.429812 ], [ -101.038583, 25.429866 ], [ -101.039346, 25.428524 ], [ -101.039518, 25.427785 ], [ -101.039691, 25.42625 ], [ -101.039626, 25.42596 ], [ -101.039115, 25.425244 ], [ -101.038801, 25.425039 ] ] ] } },
{ "type": "Feature", "properties": { "INTENSIDAD": "Bajo", "PUNTAJE": 25, "TITULO": "Riesgo por Inundaciones Pluviales", "FENOMENO": "Hidrometeorológico", "FUENTE": "IMPLAN Saltillo — CARTO SALTILLO, Atlas de Riesgos 2024", "FECHA": "2024" }, "geometry": { "type": "Polygon", "coordinates": [ [ [ -101.046027, 25.425204 ], [ -101.04651, 25.425135 ], [ -101.046982, 25.424644 ], [ -101.047418, 25.424551 ], [ -101.048007, 25.42464 ], [ -101.048175, 25.424521 ], [ -101.048167, 25.423998 ], [ -101.048765, 25.424009 ], [ -101.048881, 25.42394 ], [ -101.04878, 25.423632 ], [ -101.049173, 25.423539 ], [ -101.049924, 25.423074 ], [ -101.049849, 25.423538 ], [ -101.049974, 25.42381 ], [ -101.05026, 25.424062 ], [ -101.050267, 25.424499 ], [ -101.050068, 25.42463 ], [ -101.049694, 25.425127 ], [ -101.048918, 25.425631 ], [ -101.048769, 25.426706 ], [ -101.048939, 25.427901 ], [ -101.049373, 25.428684 ], [ -101.04939, 25.429008 ], [ -101.049258, 25.429171 ], [ -101.049656, 25.429755 ], [ -101.049859, 25.430274 ], [ -101.049949, 25.431113 ], [ -101.050453, 25.431941 ], [ -101.050578, 25.432366 ], [ -101.050714, 25.432425 ], [ -101.050784, 25.432585 ], [ -101.050975, 25.43341 ], [ -101.051274, 25.434152 ], [ -101.051303, 25.434311 ], [ -101.051211, 25.434612 ], [ -101.049582, 25.434716 ], [ -101.047961, 25.434566 ], [ -101.047784, 25.434639 ], [ -101.047317, 25.435159 ], [ -101.04709, 25.435218 ], [ -101.046327, 25.435001 ], [ -101.045259, 25.435019 ], [ -101.044803, 25.43489 ], [ -101.0452, 25.434246 ], [ -101.045115, 25.434197 ], [ -101.044675, 25.434839 ], [ -101.044581, 25.434815 ], [ -101.044685, 25.434497 ], [ -101.044864, 25.434419 ], [ -101.044945, 25.434161 ], [ -101.044538, 25.433382 ], [ -101.044557, 25.433147 ], [ -101.044765, 25.432888 ], [ -101.044878, 25.432059 ], [ -101.044725, 25.431145 ], [ -101.044556, 25.43063 ], [ -101.044182, 25.430073 ], [ -101.04501, 25.429032 ], [ -101.045033, 25.428493 ], [ -101.044889, 25.428255 ], [ -101.044804, 25.426998 ], [ -101.044928, 25.426536 ], [ -101.0452, 25.426222 ], [ -101.045385, 25.425774 ], [ -101.045532, 25.425607 ], [ -101.045839, 25.425468 ], [ -101.046027, 25.425204 ] ] ] } },
{ "type": "Feature", "properties": { "INTENSIDAD": "Bajo", "PUNTAJE": 25, "TITULO": "Riesgo por Inundaciones Pluviales", "FENOMENO": "Hidrometeorológico", "FUENTE": "IMPLAN Saltillo — CARTO SALTILLO, Atlas de Riesgos 2024", "FECHA": "2024" }, "geometry": { "type": "Polygon", "coordinates": [ [ [ -101.053841, 25.439118 ], [ -101.054904, 25.439859 ], [ -101.054532, 25.439864 ], [ -101.05361, 25.440151 ], [ -101.052492, 25.440311 ], [ -101.051724, 25.441044 ], [ -101.05059, 25.441782 ], [ -101.050439, 25.442059 ], [ -101.049356, 25.441702 ], [ -101.047956, 25.440748 ], [ -101.047433, 25.440293 ], [ -101.047082, 25.440161 ], [ -101.046731, 25.439849 ], [ -101.046502, 25.439522 ], [ -101.046051, 25.438343 ], [ -101.047292, 25.438572 ], [ -101.047949, 25.43817 ], [ -101.048103, 25.438191 ], [ -101.04872, 25.438618 ], [ -101.050832, 25.438643 ], [ -101.051416, 25.43879 ], [ -101.052341, 25.438716 ], [ -101.052799, 25.438759 ], [ -101.053841, 25.439118 ] ] ] } },
{ "type": "Feature", "properties": { "INTENSIDAD": "Bajo", "PUNTAJE": 25, "TITULO": "Riesgo por Inundaciones Pluviales", "FENOMENO": "Hidrometeorológico", "FUENTE": "IMPLAN Saltillo — CARTO SALTILLO, Atlas de Riesgos 2024", "FECHA": "2024" }, "geometry": { "type": "Polygon", "coordinates": [ [ [ -101.029517, 25.447614 ], [ -101.030559, 25.448136 ], [ -101.02849, 25.44975 ], [ -101.027897, 25.449277 ], [ -101.028, 25.449154 ], [ -101.028553, 25.449548 ], [ -101.030327, 25.44815 ], [ -101.029452, 25.447732 ], [ -101.029517, 25.447614 ] ] ] } },
{ "type": "Feature", "properties": { "INTENSIDAD": "Bajo", "PUNTAJE": 25, "TITULO": "Riesgo por Inundaciones Pluviales", "FENOMENO": "Hidrometeorológico", "FUENTE": "IMPLAN Saltillo — CARTO SALTILLO, Atlas de Riesgos 2024", "FECHA": "2024" }, "geometry": { "type": "Polygon", "coordinates": [ [ [ -101.049777, 25.444376 ], [ -101.049673, 25.443615 ], [ -101.049813, 25.443295 ], [ -101.050538, 25.442329 ], [ -101.051405, 25.443083 ], [ -101.051374, 25.44364 ], [ -101.051231, 25.44383 ], [ -101.05077, 25.443958 ], [ -101.050985, 25.445079 ], [ -101.051127, 25.445197 ], [ -101.051989, 25.445729 ], [ -101.054078, 25.445884 ], [ -101.054283, 25.446039 ], [ -101.055658, 25.44642 ], [ -101.055731, 25.446568 ], [ -101.053459, 25.44639 ], [ -101.0526, 25.446694 ], [ -101.052013, 25.446708 ], [ -101.051727, 25.447286 ], [ -101.051378, 25.447122 ], [ -101.05136, 25.447186 ], [ -101.051709, 25.447349 ], [ -101.051438, 25.447798 ], [ -101.050956, 25.447741 ], [ -101.050959, 25.447798 ], [ -101.051205, 25.447829 ], [ -101.051195, 25.447983 ], [ -101.051263, 25.447983 ], [ -101.051261, 25.447832 ], [ -101.051435, 25.447873 ], [ -101.051655, 25.448195 ], [ -101.051718, 25.448156 ], [ -101.051491, 25.447823 ], [ -101.052062, 25.446768 ], [ -101.052628, 25.446757 ], [ -101.053488, 25.446448 ], [ -101.054751, 25.446537 ], [ -101.054578, 25.446942 ], [ -101.05432, 25.447027 ], [ -101.054082, 25.44722 ], [ -101.053598, 25.447841 ], [ -101.05251, 25.448303 ], [ -101.052198, 25.44863 ], [ -101.052071, 25.449212 ], [ -101.051237, 25.449508 ], [ -101.05032, 25.448747 ], [ -101.049186, 25.450291 ], [ -101.048403, 25.450895 ], [ -101.047282, 25.451972 ], [ -101.047095, 25.451833 ], [ -101.046923, 25.451871 ], [ -101.047081, 25.451896 ], [ -101.047311, 25.452074 ], [ -101.047743, 25.451663 ], [ -101.048684, 25.452416 ], [ -101.048309, 25.452536 ], [ -101.048033, 25.452886 ], [ -101.047585, 25.453028 ], [ -101.04683, 25.453515 ], [ -101.046241, 25.453566 ], [ -101.045716, 25.454057 ], [ -101.044873, 25.454669 ], [ -101.044288, 25.455368 ], [ -101.044521, 25.454502 ], [ -101.04437, 25.453779 ], [ -101.044589, 25.453318 ], [ -101.045154, 25.453058 ], [ -101.045444, 25.452782 ], [ -101.046026, 25.452593 ], [ -101.046207, 25.452436 ], [ -101.046396, 25.45181 ], [ -101.046619, 25.45171 ], [ -101.046801, 25.451417 ], [ -101.047114, 25.450488 ], [ -101.047262, 25.450361 ], [ -101.047645, 25.45031 ], [ -101.047831, 25.45037 ], [ -101.047936, 25.450598 ], [ -101.048388, 25.450565 ], [ -101.048716, 25.450201 ], [ -101.048904, 25.449831 ], [ -101.049359, 25.448748 ], [ -101.049463, 25.448255 ], [ -101.049218, 25.447774 ], [ -101.048858, 25.447741 ], [ -101.048649, 25.447441 ], [ -101.04858, 25.447033 ], [ -101.048757, 25.446614 ], [ -101.048807, 25.445107 ], [ -101.049393, 25.444894 ], [ -101.049702, 25.444634 ], [ -101.049777, 25.444376 ] ] ] } },
{ "type": "Feature", "properties": { "INTENSIDAD": "Bajo", "PUNTAJE": 25, "TITULO": "Riesgo por Inundaciones Pluviales", "FENOMENO": "Hidrometeorológico", "FUENTE": "IMPLAN Saltillo — CARTO SALTILLO, Atlas de Riesgos 2024", "FECHA": "2024" }, "geometry": { "type": "Polygon", "coordinates": [ [ [ -101.047743, 25.450185 ], [ -101.047238, 25.450203 ], [ -101.046957, 25.450437 ], [ -101.046741, 25.451204 ], [ -101.046247, 25.451794 ], [ -101.046065, 25.452384 ], [ -101.045951, 25.45249 ], [ -101.045389, 25.452664 ], [ -101.045048, 25.452992 ], [ -101.044502, 25.453194 ], [ -101.044279, 25.453419 ], [ -101.0442, 25.453762 ], [ -101.044356, 25.454497 ], [ -101.043878, 25.455934 ], [ -101.043575, 25.456313 ], [ -101.040786, 25.455611 ], [ -101.042064, 25.454312 ], [ -101.041992, 25.452757 ], [ -101.042872, 25.451811 ], [ -101.044132, 25.451152 ], [ -101.04461, 25.451007 ], [ -101.044688, 25.450815 ], [ -101.046076, 25.450623 ], [ -101.046538, 25.450442 ], [ -101.046936, 25.450158 ], [ -101.047922, 25.449872 ], [ -101.048556, 25.449532 ], [ -101.048886, 25.449199 ], [ -101.049229, 25.448595 ], [ -101.048796, 25.44983 ], [ -101.048584, 25.450169 ], [ -101.048152, 25.450513 ], [ -101.048018, 25.450473 ], [ -101.047743, 25.450185 ] ] ] } },
{ "type": "Feature", "properties": { "INTENSIDAD": "Bajo", "PUNTAJE": 25, "TITULO": "Riesgo por Inundaciones Pluviales", "FENOMENO": "Hidrometeorológico", "FUENTE": "IMPLAN Saltillo — CARTO SALTILLO, Atlas de Riesgos 2024", "FECHA": "2024" }, "geometry": { "type": "Polygon", "coordinates": [ [ [ -101.046797, 25.453679 ], [ -101.047573, 25.453215 ], [ -101.048026, 25.453063 ], [ -101.048628, 25.452624 ], [ -101.050438, 25.452597 ], [ -101.050893, 25.454121 ], [ -101.050455, 25.454218 ], [ -101.050462, 25.454117 ], [ -101.049726, 25.454358 ], [ -101.049091, 25.454674 ], [ -101.047241, 25.455866 ], [ -101.047267, 25.456125 ], [ -101.046658, 25.456461 ], [ -101.045743, 25.456606 ], [ -101.044957, 25.45659 ], [ -101.043901, 25.456346 ], [ -101.044871, 25.454993 ], [ -101.045675, 25.454428 ], [ -101.046333, 25.45375 ], [ -101.046797, 25.453679 ] ] ] } },
{ "type": "Feature", "properties": { "INTENSIDAD": "Bajo", "PUNTAJE": 25, "TITULO": "Riesgo por Inundaciones Pluviales", "FENOMENO": "Hidrometeorológico", "FUENTE": "IMPLAN Saltillo — CARTO SALTILLO, Atlas de Riesgos 2024", "FECHA": "2024" }, "geometry": { "type": "Polygon", "coordinates": [ [ [ -101.029246, 25.457542 ], [ -101.029522, 25.457497 ], [ -101.030134, 25.456206 ], [ -101.030023, 25.456135 ], [ -101.029004, 25.456274 ], [ -101.028966, 25.456082 ], [ -101.029986, 25.45593 ], [ -101.03037, 25.456086 ], [ -101.029374, 25.458115 ], [ -101.029246, 25.457542 ] ] ] } },
{ "type": "Feature", "properties": { "INTENSIDAD": "Bajo", "PUNTAJE": 25, "TITULO": "Riesgo por Inundaciones Pluviales", "FENOMENO": "Hidrometeorológico", "FUENTE": "IMPLAN Saltillo — CARTO SALTILLO, Atlas de Riesgos 2024", "FECHA": "2024" }, "geometry": { "type": "Polygon", "coordinates": [ [ [ -101.029981, 25.455897 ], [ -101.028947, 25.456046 ], [ -101.028675, 25.454671 ], [ -101.032801, 25.454071 ], [ -101.033907, 25.454078 ], [ -101.03481, 25.454273 ], [ -101.040211, 25.45569 ], [ -101.039507, 25.457623 ], [ -101.03878, 25.457363 ], [ -101.038135, 25.45802 ], [ -101.035465, 25.460952 ], [ -101.035701, 25.461926 ], [ -101.032935, 25.461965 ], [ -101.032558, 25.461515 ], [ -101.032111, 25.461021 ], [ -101.029405, 25.458124 ], [ -101.030403, 25.456082 ], [ -101.029981, 25.455897 ] ] ] } },
{ "type": "Feature", "properties": { "INTENSIDAD": "Bajo", "PUNTAJE": 25, "TITULO": "Riesgo por Inundaciones Pluviales", "FENOMENO": "Hidrometeorológico", "FUENTE": "IMPLAN Saltillo — CARTO SALTILLO, Atlas de Riesgos 2024", "FECHA": "2024" }, "geometry": { "type": "Polygon", "coordinates": [ [ [ -101.037229, 25.459938 ], [ -101.036962, 25.45974 ], [ -101.038035, 25.458544 ], [ -101.038208, 25.458845 ], [ -101.037229, 25.459938 ] ] ] } },
{ "type": "Feature", "properties": { "INTENSIDAD": "Bajo", "PUNTAJE": 25, "TITULO": "Riesgo por Inundaciones Pluviales", "FENOMENO": "Hidrometeorológico", "FUENTE": "IMPLAN Saltillo — CARTO SALTILLO, Atlas de Riesgos 2024", "FECHA": "2024" }, "geometry": { "type": "Polygon", "coordinates": [ [ [ -101.037558, 25.460181 ], [ -101.037315, 25.460002 ], [ -101.038265, 25.458941 ], [ -101.038423, 25.459215 ], [ -101.037558, 25.460181 ] ] ] } },
{ "type": "Feature", "properties": { "INTENSIDAD": "Bajo", "PUNTAJE": 25, "TITULO": "Riesgo por Inundaciones Pluviales", "FENOMENO": "Hidrometeorológico", "FUENTE": "IMPLAN Saltillo — CARTO SALTILLO, Atlas de Riesgos 2024", "FECHA": "2024" }, "geometry": { "type": "Polygon", "coordinates": [ [ [ -101.038636, 25.459585 ], [ -101.037845, 25.460393 ], [ -101.037643, 25.460244 ], [ -101.038479, 25.459313 ], [ -101.038636, 25.459585 ] ] ] } },
{ "type": "Feature", "properties": { "INTENSIDAD": "Bajo", "PUNTAJE": 25, "TITULO": "Riesgo por Inundaciones Pluviales", "FENOMENO": "Hidrometeorológico", "FUENTE": "IMPLAN Saltillo — CARTO SALTILLO, Atlas de Riesgos 2024", "FECHA": "2024" }, "geometry": { "type": "Polygon", "coordinates": [ [ [ -101.035682, 25.461007 ], [ -101.035857, 25.461879 ], [ -101.036873, 25.461903 ], [ -101.036785, 25.462131 ], [ -101.035398, 25.4621 ], [ -101.035407, 25.46195 ], [ -101.035739, 25.46194 ], [ -101.03549, 25.460971 ], [ -101.038079, 25.458122 ], [ -101.038822, 25.459407 ], [ -101.038726, 25.459494 ], [ -101.038056, 25.458328 ], [ -101.036785, 25.459747 ], [ -101.037771, 25.460475 ], [ -101.037662, 25.460602 ], [ -101.036669, 25.459869 ], [ -101.035682, 25.461007 ] ] ] } },
{ "type": "Feature", "properties": { "INTENSIDAD": "Bajo", "PUNTAJE": 25, "TITULO": "Riesgo por Inundaciones Pluviales", "FENOMENO": "Hidrometeorológico", "FUENTE": "IMPLAN Saltillo — CARTO SALTILLO, Atlas de Riesgos 2024", "FECHA": "2024" }, "geometry": { "type": "Polygon", "coordinates": [ [ [ -101.037982, 25.460582 ], [ -101.038929, 25.459594 ], [ -101.039122, 25.459885 ], [ -101.038247, 25.460776 ], [ -101.037982, 25.460582 ] ] ] } },
{ "type": "Feature", "properties": { "INTENSIDAD": "Bajo", "PUNTAJE": 25, "TITULO": "Riesgo por Inundaciones Pluviales", "FENOMENO": "Hidrometeorológico", "FUENTE": "IMPLAN Saltillo — CARTO SALTILLO, Atlas de Riesgos 2024", "FECHA": "2024" }, "geometry": { "type": "Polygon", "coordinates": [ [ [ -101.03912, 25.460576 ], [ -101.038616, 25.461043 ], [ -101.038349, 25.46085 ], [ -101.039204, 25.460042 ], [ -101.039271, 25.460171 ], [ -101.03912, 25.460576 ] ] ] } },
{ "type": "Feature", "properties": { "INTENSIDAD": "Bajo", "PUNTAJE": 25, "TITULO": "Riesgo por Inundaciones Pluviales", "FENOMENO": "Hidrometeorológico", "FUENTE": "IMPLAN Saltillo — CARTO SALTILLO, Atlas de Riesgos 2024", "FECHA": "2024" }, "geometry": { "type": "Polygon", "coordinates": [ [ [ -101.030165, 25.459287 ], [ -101.029788, 25.45953 ], [ -101.029616, 25.459292 ], [ -101.029966, 25.459022 ], [ -101.03015, 25.458997 ], [ -101.03255, 25.461524 ], [ -101.032977, 25.462048 ], [ -101.032978, 25.462175 ], [ -101.032198, 25.462224 ], [ -101.03186, 25.461852 ], [ -101.03222, 25.461582 ], [ -101.032355, 25.461729 ], [ -101.032458, 25.461655 ], [ -101.030165, 25.459287 ] ] ] } },
{ "type": "Feature", "properties": { "INTENSIDAD": "Bajo", "PUNTAJE": 25, "TITULO": "Riesgo por Inundaciones Pluviales", "FENOMENO": "Hidrometeorológico", "FUENTE": "IMPLAN Saltillo — CARTO SALTILLO, Atlas de Riesgos 2024", "FECHA": "2024" }, "geometry": { "type": "Polygon", "coordinates": [ [ [ -101.036707, 25.461106 ], [ -101.036391, 25.461052 ], [ -101.037064, 25.460287 ], [ -101.037307, 25.460466 ], [ -101.036707, 25.461106 ] ] ] } },
{ "type": "Feature", "properties": { "INTENSIDAD": "Bajo", "PUNTAJE": 25, "TITULO": "Riesgo por Inundaciones Pluviales", "FENOMENO": "Hidrometeorológico", "FUENTE": "IMPLAN Saltillo — CARTO SALTILLO, Atlas de Riesgos 2024", "FECHA": "2024" }, "geometry": { "type": "Polygon", "coordinates": [ [ [ -101.039331, 25.460379 ], [ -101.039453, 25.460523 ], [ -101.039116, 25.461413 ], [ -101.038987, 25.461313 ], [ -101.039331, 25.460379 ] ] ] } },
{ "type": "Feature", "properties": { "INTENSIDAD": "Bajo", "PUNTAJE": 25, "TITULO": "Riesgo por Inundaciones Pluviales", "FENOMENO": "Hidrometeorológico", "FUENTE": "IMPLAN Saltillo — CARTO SALTILLO, Atlas de Riesgos 2024", "FECHA": "2024" }, "geometry": { "type": "Polygon", "coordinates": [ [ [ -101.036206, 25.461828 ], [ -101.035952, 25.461824 ], [ -101.035822, 25.461027 ], [ -101.036708, 25.460025 ], [ -101.036972, 25.460219 ], [ -101.036145, 25.461125 ], [ -101.036206, 25.461828 ] ] ] } },
{ "type": "Feature", "properties": { "INTENSIDAD": "Bajo", "PUNTAJE": 25, "TITULO": "Riesgo por Inundaciones Pluviales", "FENOMENO": "Hidrometeorológico", "FUENTE": "IMPLAN Saltillo — CARTO SALTILLO, Atlas de Riesgos 2024", "FECHA": "2024" }, "geometry": { "type": "Polygon", "coordinates": [ [ [ -101.038982, 25.460939 ], [ -101.038854, 25.461268 ], [ -101.038663, 25.461121 ], [ -101.03893, 25.460915 ], [ -101.038982, 25.460939 ] ] ] } },
{ "type": "Feature", "properties": { "INTENSIDAD": "Bajo", "PUNTAJE": 25, "TITULO": "Riesgo por Inundaciones Pluviales", "FENOMENO": "Hidrometeorológico", "FUENTE": "IMPLAN Saltillo — CARTO SALTILLO, Atlas de Riesgos 2024", "FECHA": "2024" }, "geometry": { "type": "Polygon", "coordinates": [ [ [ -101.036666, 25.461836 ], [ -101.036735, 25.46127 ], [ -101.037388, 25.460525 ], [ -101.037576, 25.460663 ], [ -101.037193, 25.461198 ], [ -101.036891, 25.461847 ], [ -101.036666, 25.461836 ] ] ] } },
{ "type": "Feature", "properties": { "INTENSIDAD": "Bajo", "PUNTAJE": 25, "TITULO": "Riesgo por Inundaciones Pluviales", "FENOMENO": "Hidrometeorológico", "FUENTE": "IMPLAN Saltillo — CARTO SALTILLO, Atlas de Riesgos 2024", "FECHA": "2024" }, "geometry": { "type": "Polygon", "coordinates": [ [ [ -101.036266, 25.461341 ], [ -101.036331, 25.461172 ], [ -101.036617, 25.461257 ], [ -101.036579, 25.461835 ], [ -101.036284, 25.46183 ], [ -101.036266, 25.461341 ] ] ] } },
{ "type": "Feature", "properties": { "INTENSIDAD": "Bajo", "PUNTAJE": 25, "TITULO": "Riesgo por Inundaciones Pluviales", "FENOMENO": "Hidrometeorológico", "FUENTE": "IMPLAN Saltillo — CARTO SALTILLO, Atlas de Riesgos 2024", "FECHA": "2024" }, "geometry": { "type": "Polygon", "coordinates": [ [ [ -101.037504, 25.461152 ], [ -101.037894, 25.46067 ], [ -101.038155, 25.46086 ], [ -101.037644, 25.46155 ], [ -101.037338, 25.462383 ], [ -101.037109, 25.462304 ], [ -101.037057, 25.462128 ], [ -101.037504, 25.461152 ] ] ] } },
{ "type": "Feature", "properties": { "INTENSIDAD": "Bajo", "PUNTAJE": 25, "TITULO": "Riesgo por Inundaciones Pluviales", "FENOMENO": "Hidrometeorológico", "FUENTE": "IMPLAN Saltillo — CARTO SALTILLO, Atlas de Riesgos 2024", "FECHA": "2024" }, "geometry": { "type": "Polygon", "coordinates": [ [ [ -101.037658, 25.464976 ], [ -101.038103, 25.464217 ], [ -101.039553, 25.460394 ], [ -101.038156, 25.458037 ], [ -101.038791, 25.457392 ], [ -101.039618, 25.457684 ], [ -101.040333, 25.455723 ], [ -101.043446, 25.456493 ], [ -101.043246, 25.45681 ], [ -101.042599, 25.457306 ], [ -101.042222, 25.457347 ], [ -101.042054, 25.457432 ], [ -101.041932, 25.457623 ], [ -101.041872, 25.458636 ], [ -101.041278, 25.459972 ], [ -101.041399, 25.461518 ], [ -101.041086, 25.463118 ], [ -101.040872, 25.4635 ], [ -101.03974, 25.463958 ], [ -101.039273, 25.464499 ], [ -101.038822, 25.465975 ], [ -101.038271, 25.466826 ], [ -101.037734, 25.467223 ], [ -101.037215, 25.467374 ], [ -101.036018, 25.466964 ], [ -101.035956, 25.466518 ], [ -101.036869, 25.465865 ], [ -101.037403, 25.465306 ], [ -101.037658, 25.464976 ] ] ] } },
{ "type": "Feature", "properties": { "INTENSIDAD": "Bajo", "PUNTAJE": 25, "TITULO": "Riesgo por Inundaciones Pluviales", "FENOMENO": "Hidrometeorológico", "FUENTE": "IMPLAN Saltillo — CARTO SALTILLO, Atlas de Riesgos 2024", "FECHA": "2024" }, "geometry": { "type": "Polygon", "coordinates": [ [ [ -101.038523, 25.461127 ], [ -101.038053, 25.461761 ], [ -101.037795, 25.462516 ], [ -101.037464, 25.462417 ], [ -101.037731, 25.461658 ], [ -101.038115, 25.461089 ], [ -101.038257, 25.460934 ], [ -101.038523, 25.461127 ] ] ] } },
{ "type": "Feature", "properties": { "INTENSIDAD": "Bajo", "PUNTAJE": 25, "TITULO": "Riesgo por Inundaciones Pluviales", "FENOMENO": "Hidrometeorológico", "FUENTE": "IMPLAN Saltillo — CARTO SALTILLO, Atlas de Riesgos 2024", "FECHA": "2024" }, "geometry": { "type": "Polygon", "coordinates": [ [ [ -101.038591, 25.461237 ], [ -101.038835, 25.461354 ], [ -101.038257, 25.462657 ], [ -101.037919, 25.462554 ], [ -101.038107, 25.461938 ], [ -101.038591, 25.461237 ] ] ] } },
{ "type": "Feature", "properties": { "INTENSIDAD": "Bajo", "PUNTAJE": 25, "TITULO": "Riesgo por Inundaciones Pluviales", "FENOMENO": "Hidrometeorológico", "FUENTE": "IMPLAN Saltillo — CARTO SALTILLO, Atlas de Riesgos 2024", "FECHA": "2024" }, "geometry": { "type": "Polygon", "coordinates": [ [ [ -101.030541, 25.46147 ], [ -101.030745, 25.462533 ], [ -101.030419, 25.462585 ], [ -101.030288, 25.461902 ], [ -101.03043, 25.461876 ], [ -101.030415, 25.461799 ], [ -101.028965, 25.462028 ], [ -101.028839, 25.461737 ], [ -101.030541, 25.46147 ] ] ] } },
{ "type": "Feature", "properties": { "INTENSIDAD": "Bajo", "PUNTAJE": 25, "TITULO": "Riesgo por Inundaciones Pluviales", "FENOMENO": "Hidrometeorológico", "FUENTE": "IMPLAN Saltillo — CARTO SALTILLO, Atlas de Riesgos 2024", "FECHA": "2024" }, "geometry": { "type": "Polygon", "coordinates": [ [ [ -101.03838, 25.462694 ], [ -101.038583, 25.462151 ], [ -101.038943, 25.461432 ], [ -101.039072, 25.461532 ], [ -101.038616, 25.462766 ], [ -101.03838, 25.462694 ] ] ] } },
{ "type": "Feature", "properties": { "INTENSIDAD": "Bajo", "PUNTAJE": 25, "TITULO": "Riesgo por Inundaciones Pluviales", "FENOMENO": "Hidrometeorológico", "FUENTE": "IMPLAN Saltillo — CARTO SALTILLO, Atlas de Riesgos 2024", "FECHA": "2024" }, "geometry": { "type": "Polygon", "coordinates": [ [ [ -101.037139, 25.462504 ], [ -101.037312, 25.462546 ], [ -101.036949, 25.463783 ], [ -101.036635, 25.463664 ], [ -101.036967, 25.462577 ], [ -101.037139, 25.462504 ] ] ] } },
{ "type": "Feature", "properties": { "INTENSIDAD": "Bajo", "PUNTAJE": 25, "TITULO": "Riesgo por Inundaciones Pluviales", "FENOMENO": "Hidrometeorológico", "FUENTE": "IMPLAN Saltillo — CARTO SALTILLO, Atlas de Riesgos 2024", "FECHA": "2024" }, "geometry": { "type": "Polygon", "coordinates": [ [ [ -101.036034, 25.464156 ], [ -101.035357, 25.464601 ], [ -101.035291, 25.464459 ], [ -101.03566, 25.464292 ], [ -101.035695, 25.4642 ], [ -101.035328, 25.463846 ], [ -101.034876, 25.463647 ], [ -101.034911, 25.463476 ], [ -101.035117, 25.463318 ], [ -101.035359, 25.46248 ], [ -101.036514, 25.462533 ], [ -101.036655, 25.462712 ], [ -101.036532, 25.46321 ], [ -101.036383, 25.463652 ], [ -101.036103, 25.464078 ], [ -101.035916, 25.463843 ], [ -101.036389, 25.462685 ], [ -101.035527, 25.462654 ], [ -101.035264, 25.463546 ], [ -101.03515, 25.463552 ], [ -101.03515, 25.463608 ], [ -101.03573, 25.463798 ], [ -101.036034, 25.464156 ] ] ] } },
{ "type": "Feature", "properties": { "INTENSIDAD": "Bajo", "PUNTAJE": 25, "TITULO": "Riesgo por Inundaciones Pluviales", "FENOMENO": "Hidrometeorológico", "FUENTE": "IMPLAN Saltillo — CARTO SALTILLO, Atlas de Riesgos 2024", "FECHA": "2024" }, "geometry": { "type": "Polygon", "coordinates": [ [ [ -101.02919, 25.463148 ], [ -101.029374, 25.46288 ], [ -101.031193, 25.462595 ], [ -101.031572, 25.464591 ], [ -101.031243, 25.464644 ], [ -101.030891, 25.462814 ], [ -101.030806, 25.462827 ], [ -101.030828, 25.462959 ], [ -101.029813, 25.463118 ], [ -101.029784, 25.462989 ], [ -101.029697, 25.463004 ], [ -101.029795, 25.463511 ], [ -101.02928, 25.463594 ], [ -101.02919, 25.463148 ] ] ] } },
{ "type": "Feature", "properties": { "INTENSIDAD": "Bajo", "PUNTAJE": 25, "TITULO": "Riesgo por Inundaciones Pluviales", "FENOMENO": "Hidrometeorológico", "FUENTE": "IMPLAN Saltillo — CARTO SALTILLO, Atlas de Riesgos 2024", "FECHA": "2024" }, "geometry": { "type": "Polygon", "coordinates": [ [ [ -101.028791, 25.471093 ], [ -101.029507, 25.47102 ], [ -101.030123, 25.47126 ], [ -101.030747, 25.471224 ], [ -101.031765, 25.470822 ], [ -101.032031, 25.470566 ], [ -101.032753, 25.47012 ], [ -101.033647, 25.470097 ], [ -101.034605, 25.470221 ], [ -101.034878, 25.47008 ], [ -101.034971, 25.46991 ], [ -101.035478, 25.468589 ], [ -101.035566, 25.468025 ], [ -101.03547, 25.467659 ], [ -101.035525, 25.467338 ], [ -101.036019, 25.467243 ], [ -101.037193, 25.467631 ], [ -101.037393, 25.46762 ], [ -101.037885, 25.467477 ], [ -101.038543, 25.46699 ], [ -101.03939, 25.465273 ], [ -101.039568, 25.464619 ], [ -101.039947, 25.46418 ], [ -101.04107, 25.463691 ], [ -101.04139, 25.463192 ], [ -101.041696, 25.461537 ], [ -101.041553, 25.459937 ], [ -101.041926, 25.459047 ], [ -101.042171, 25.458669 ], [ -101.042158, 25.457736 ], [ -101.042216, 25.457627 ], [ -101.042693, 25.457488 ], [ -101.043104, 25.457233 ], [ -101.043797, 25.456566 ], [ -101.043939, 25.456601 ], [ -101.042816, 25.457582 ], [ -101.042592, 25.45798 ], [ -101.041873, 25.461589 ], [ -101.041895, 25.462669 ], [ -101.042083, 25.462953 ], [ -101.042124, 25.463369 ], [ -101.042035, 25.463584 ], [ -101.041835, 25.463701 ], [ -101.040749, 25.463922 ], [ -101.040666, 25.464272 ], [ -101.040822, 25.466292 ], [ -101.040757, 25.466319 ], [ -101.040313, 25.465976 ], [ -101.039803, 25.466074 ], [ -101.03958, 25.466419 ], [ -101.039699, 25.466757 ], [ -101.039355, 25.467191 ], [ -101.03899, 25.467281 ], [ -101.038161, 25.467845 ], [ -101.037738, 25.468322 ], [ -101.036842, 25.469005 ], [ -101.035955, 25.46913 ], [ -101.034868, 25.470314 ], [ -101.034095, 25.470449 ], [ -101.033368, 25.47085 ], [ -101.032659, 25.471012 ], [ -101.032251, 25.47094 ], [ -101.03185, 25.471255 ], [ -101.031472, 25.47127 ], [ -101.030837, 25.471586 ], [ -101.030102, 25.471399 ], [ -101.029949, 25.471439 ], [ -101.028696, 25.472141 ], [ -101.028166, 25.471916 ], [ -101.02756, 25.471415 ], [ -101.027012, 25.471198 ], [ -101.026256, 25.470617 ], [ -101.026714, 25.470734 ], [ -101.027308, 25.47076 ], [ -101.027697, 25.471169 ], [ -101.0281, 25.471361 ], [ -101.028442, 25.471377 ], [ -101.028791, 25.471093 ] ] ] } },
{ "type": "Feature", "properties": { "INTENSIDAD": "Bajo", "PUNTAJE": 25, "TITULO": "Riesgo por Inundaciones Pluviales", "FENOMENO": "Hidrometeorológico", "FUENTE": "IMPLAN Saltillo — CARTO SALTILLO, Atlas de Riesgos 2024", "FECHA": "2024" }, "geometry": { "type": "Polygon", "coordinates": [ [ [ -101.037517, 25.465137 ], [ -101.036846, 25.46585 ], [ -101.03661, 25.465677 ], [ -101.037246, 25.465177 ], [ -101.037857, 25.464331 ], [ -101.037997, 25.464383 ], [ -101.037517, 25.465137 ] ] ] } },
{ "type": "Feature", "properties": { "INTENSIDAD": "Bajo", "PUNTAJE": 25, "TITULO": "Riesgo por Inundaciones Pluviales", "FENOMENO": "Hidrometeorológico", "FUENTE": "IMPLAN Saltillo — CARTO SALTILLO, Atlas de Riesgos 2024", "FECHA": "2024" }, "geometry": { "type": "Polygon", "coordinates": [ [ [ -101.03574, 25.466133 ], [ -101.036171, 25.4656 ], [ -101.036754, 25.465933 ], [ -101.036029, 25.466451 ], [ -101.03574, 25.466133 ] ] ] } },
{ "type": "Feature", "properties": { "INTENSIDAD": "Bajo", "PUNTAJE": 25, "TITULO": "Riesgo por Inundaciones Pluviales", "FENOMENO": "Hidrometeorológico", "FUENTE": "IMPLAN Saltillo — CARTO SALTILLO, Atlas de Riesgos 2024", "FECHA": "2024" }, "geometry": { "type": "Polygon", "coordinates": [ [ [ -101.048902, 25.465053 ], [ -101.051901, 25.465275 ], [ -101.050745, 25.467162 ], [ -101.050127, 25.466751 ], [ -101.049815, 25.46603 ], [ -101.048902, 25.465053 ] ] ] } },
{ "type": "Feature", "properties": { "INTENSIDAD": "Bajo", "PUNTAJE": 25, "TITULO": "Riesgo por Inundaciones Pluviales", "FENOMENO": "Hidrometeorológico", "FUENTE": "IMPLAN Saltillo — CARTO SALTILLO, Atlas de Riesgos 2024", "FECHA": "2024" }, "geometry": { "type": "Polygon", "coordinates": [ [ [ -101.048743, 25.464995 ], [ -101.049694, 25.46604 ], [ -101.050058, 25.46682 ], [ -101.050707, 25.46726 ], [ -101.049925, 25.468388 ], [ -101.048129, 25.470466 ], [ -101.047005, 25.464928 ], [ -101.048037, 25.464906 ], [ -101.048743, 25.464995 ] ] ] } },
{ "type": "Feature", "properties": { "INTENSIDAD": "Bajo", "PUNTAJE": 25, "TITULO": "Riesgo por Inundaciones Pluviales", "FENOMENO": "Hidrometeorológico", "FUENTE": "IMPLAN Saltillo — CARTO SALTILLO, Atlas de Riesgos 2024", "FECHA": "2024" }, "geometry": { "type": "Polygon", "coordinates": [ [ [ -101.036173, 25.471367 ], [ -101.036258, 25.470719 ], [ -101.03643, 25.470429 ], [ -101.037836, 25.469814 ], [ -101.038431, 25.469396 ], [ -101.038796, 25.468798 ], [ -101.038933, 25.468218 ], [ -101.039113, 25.468076 ], [ -101.040095, 25.467759 ], [ -101.040552, 25.467231 ], [ -101.041268, 25.467061 ], [ -101.043705, 25.465334 ], [ -101.044428, 25.46491 ], [ -101.044991, 25.464814 ], [ -101.046922, 25.464931 ], [ -101.048061, 25.470543 ], [ -101.038123, 25.481803 ], [ -101.037881, 25.481708 ], [ -101.037248, 25.481725 ], [ -101.036721, 25.481542 ], [ -101.035618, 25.480696 ], [ -101.034607, 25.480581 ], [ -101.034463, 25.480476 ], [ -101.034399, 25.479948 ], [ -101.034264, 25.47971 ], [ -101.033312, 25.479253 ], [ -101.032866, 25.478889 ], [ -101.03282, 25.47827 ], [ -101.032735, 25.478081 ], [ -101.032287, 25.477687 ], [ -101.03188, 25.476935 ], [ -101.031455, 25.476392 ], [ -101.031256, 25.476233 ], [ -101.030845, 25.47615 ], [ -101.03061, 25.475908 ], [ -101.030611, 25.475753 ], [ -101.030873, 25.475565 ], [ -101.030867, 25.475439 ], [ -101.030125, 25.474522 ], [ -101.02945, 25.474134 ], [ -101.029276, 25.473836 ], [ -101.02929, 25.473468 ], [ -101.030493, 25.473539 ], [ -101.030719, 25.473436 ], [ -101.030857, 25.47305 ], [ -101.030994, 25.472968 ], [ -101.033671, 25.472966 ], [ -101.03438, 25.473176 ], [ -101.034728, 25.47315 ], [ -101.035214, 25.47274 ], [ -101.035329, 25.472444 ], [ -101.035336, 25.472128 ], [ -101.035475, 25.471843 ], [ -101.036063, 25.471559 ], [ -101.036173, 25.471367 ] ] ] } },
{ "type": "Feature", "properties": { "INTENSIDAD": "Bajo", "PUNTAJE": 25, "TITULO": "Riesgo por Inundaciones Pluviales", "FENOMENO": "Hidrometeorológico", "FUENTE": "IMPLAN Saltillo — CARTO SALTILLO, Atlas de Riesgos 2024", "FECHA": "2024" }, "geometry": { "type": "Polygon", "coordinates": [ [ [ -101.029045, 25.477841 ], [ -101.028773, 25.477628 ], [ -101.029609, 25.476754 ], [ -101.029864, 25.476968 ], [ -101.029045, 25.477841 ] ] ] } },
{ "type": "Feature", "properties": { "INTENSIDAD": "Bajo", "PUNTAJE": 25, "TITULO": "Riesgo por Inundaciones Pluviales", "FENOMENO": "Hidrometeorológico", "FUENTE": "IMPLAN Saltillo — CARTO SALTILLO, Atlas de Riesgos 2024", "FECHA": "2024" }, "geometry": { "type": "Polygon", "coordinates": [ [ [ -101.031148, 25.478045 ], [ -101.030381, 25.478859 ], [ -101.030132, 25.47865 ], [ -101.030898, 25.477849 ], [ -101.031148, 25.478045 ] ] ] } },
{ "type": "Feature", "properties": { "INTENSIDAD": "Bajo", "PUNTAJE": 25, "TITULO": "Riesgo por Inundaciones Pluviales", "FENOMENO": "Hidrometeorológico", "FUENTE": "IMPLAN Saltillo — CARTO SALTILLO, Atlas de Riesgos 2024", "FECHA": "2024" }, "geometry": { "type": "Polygon", "coordinates": [ [ [ -101.028868, 25.479192 ], [ -101.028603, 25.478986 ], [ -101.029352, 25.478214 ], [ -101.029612, 25.478432 ], [ -101.028868, 25.479192 ] ] ] } },
{ "type": "Feature", "properties": { "INTENSIDAD": "Bajo", "PUNTAJE": 25, "TITULO": "Riesgo por Inundaciones Pluviales", "FENOMENO": "Hidrometeorológico", "FUENTE": "IMPLAN Saltillo — CARTO SALTILLO, Atlas de Riesgos 2024", "FECHA": "2024" }, "geometry": { "type": "Polygon", "coordinates": [ [ [ -101.029143, 25.479507 ], [ -101.028902, 25.479273 ], [ -101.029691, 25.478482 ], [ -101.029956, 25.478692 ], [ -101.029143, 25.479507 ] ] ] } },
{ "type": "Feature", "properties": { "INTENSIDAD": "Bajo", "PUNTAJE": 25, "TITULO": "Riesgo por Inundaciones Pluviales", "FENOMENO": "Hidrometeorológico", "FUENTE": "IMPLAN Saltillo — CARTO SALTILLO, Atlas de Riesgos 2024", "FECHA": "2024" }, "geometry": { "type": "Polygon", "coordinates": [ [ [ -101.031125, 25.47943 ], [ -101.031904, 25.478613 ], [ -101.032123, 25.478802 ], [ -101.031338, 25.4796 ], [ -101.031125, 25.47943 ] ] ] } },
{ "type": "Feature", "properties": { "INTENSIDAD": "Bajo", "PUNTAJE": 25, "TITULO": "Riesgo por Inundaciones Pluviales", "FENOMENO": "Hidrometeorológico", "FUENTE": "IMPLAN Saltillo — CARTO SALTILLO, Atlas de Riesgos 2024", "FECHA": "2024" }, "geometry": { "type": "Polygon", "coordinates": [ [ [ -101.029249, 25.480042 ], [ -101.029127, 25.479667 ], [ -101.030028, 25.478749 ], [ -101.03033, 25.478987 ], [ -101.029249, 25.480042 ] ] ] } },
{ "type": "Feature", "properties": { "INTENSIDAD": "Bajo", "PUNTAJE": 25, "TITULO": "Riesgo por Inundaciones Pluviales", "FENOMENO": "Hidrometeorológico", "FUENTE": "IMPLAN Saltillo — CARTO SALTILLO, Atlas de Riesgos 2024", "FECHA": "2024" }, "geometry": { "type": "Polygon", "coordinates": [ [ [ -101.029432, 25.480431 ], [ -101.02927, 25.48018 ], [ -101.0304, 25.479037 ], [ -101.030653, 25.47924 ], [ -101.029432, 25.480431 ] ] ] } },
{ "type": "Feature", "properties": { "INTENSIDAD": "Bajo", "PUNTAJE": 25, "TITULO": "Riesgo por Inundaciones Pluviales", "FENOMENO": "Hidrometeorológico", "FUENTE": "IMPLAN Saltillo — CARTO SALTILLO, Atlas de Riesgos 2024", "FECHA": "2024" }, "geometry": { "type": "Polygon", "coordinates": [ [ [ -101.029778, 25.480757 ], [ -101.029526, 25.480477 ], [ -101.030712, 25.479287 ], [ -101.030989, 25.479509 ], [ -101.029778, 25.480757 ] ] ] } },
{ "type": "Feature", "properties": { "INTENSIDAD": "Bajo", "PUNTAJE": 25, "TITULO": "Riesgo por Inundaciones Pluviales", "FENOMENO": "Hidrometeorológico", "FUENTE": "IMPLAN Saltillo — CARTO SALTILLO, Atlas de Riesgos 2024", "FECHA": "2024" }, "geometry": { "type": "Polygon", "coordinates": [ [ [ -101.030027, 25.481243 ], [ -101.029823, 25.480811 ], [ -101.031041, 25.479557 ], [ -101.03137, 25.479817 ], [ -101.030027, 25.481243 ] ] ] } },
{ "type": "Feature", "properties": { "INTENSIDAD": "Bajo", "PUNTAJE": 25, "TITULO": "Riesgo por Inundaciones Pluviales", "FENOMENO": "Hidrometeorológico", "FUENTE": "IMPLAN Saltillo — CARTO SALTILLO, Atlas de Riesgos 2024", "FECHA": "2024" }, "geometry": { "type": "Polygon", "coordinates": [ [ [ -101.029886, 25.48282 ], [ -101.030134, 25.482344 ], [ -101.029578, 25.482055 ], [ -101.029197, 25.481669 ], [ -101.028719, 25.480746 ], [ -101.028843, 25.480598 ], [ -101.029342, 25.481597 ], [ -101.029662, 25.481911 ], [ -101.030326, 25.48233 ], [ -101.029834, 25.483146 ], [ -101.028727, 25.482442 ], [ -101.028907, 25.482171 ], [ -101.029798, 25.482811 ], [ -101.029886, 25.48282 ] ] ] } },
{ "type": "Feature", "properties": { "INTENSIDAD": "Bajo", "PUNTAJE": 25, "TITULO": "Riesgo por Inundaciones Pluviales", "FENOMENO": "Hidrometeorológico", "FUENTE": "IMPLAN Saltillo — CARTO SALTILLO, Atlas de Riesgos 2024", "FECHA": "2024" }, "geometry": { "type": "Polygon", "coordinates": [ [ [ -101.029471, 25.482098 ], [ -101.029991, 25.482428 ], [ -101.029819, 25.48266 ], [ -101.028918, 25.48207 ], [ -101.029105, 25.481734 ], [ -101.029471, 25.482098 ] ] ] } },
{ "type": "Feature", "properties": { "INTENSIDAD": "Bajo", "PUNTAJE": 25, "TITULO": "Riesgo por Inundaciones Pluviales", "FENOMENO": "Hidrometeorológico", "FUENTE": "IMPLAN Saltillo — CARTO SALTILLO, Atlas de Riesgos 2024", "FECHA": "2024" }, "geometry": { "type": "Polygon", "coordinates": [ [ [ -101.030516, 25.482436 ], [ -101.031898, 25.48315 ], [ -101.032166, 25.483367 ], [ -101.032051, 25.483433 ], [ -101.031386, 25.483115 ], [ -101.030535, 25.482626 ], [ -101.030516, 25.482436 ] ] ] } },
{ "type": "Feature", "properties": { "INTENSIDAD": "Bajo", "PUNTAJE": 25, "TITULO": "Riesgo por Inundaciones Pluviales", "FENOMENO": "Hidrometeorológico", "FUENTE": "IMPLAN Saltillo — CARTO SALTILLO, Atlas de Riesgos 2024", "FECHA": "2024" }, "geometry": { "type": "Polygon", "coordinates": [ [ [ -101.030669, 25.483304 ], [ -101.030512, 25.483545 ], [ -101.029847, 25.483152 ], [ -101.030339, 25.482335 ], [ -101.030443, 25.482388 ], [ -101.030471, 25.482542 ], [ -101.030126, 25.482996 ], [ -101.030669, 25.483304 ] ] ] } },
{ "type": "Feature", "properties": { "INTENSIDAD": "Bajo", "PUNTAJE": 25, "TITULO": "Riesgo por Inundaciones Pluviales", "FENOMENO": "Hidrometeorológico", "FUENTE": "IMPLAN Saltillo — CARTO SALTILLO, Atlas de Riesgos 2024", "FECHA": "2024" }, "geometry": { "type": "Polygon", "coordinates": [ [ [ -101.030839, 25.483278 ], [ -101.030278, 25.482939 ], [ -101.03045, 25.482686 ], [ -101.031756, 25.483324 ], [ -101.031919, 25.483471 ], [ -101.031713, 25.483561 ], [ -101.031477, 25.483542 ], [ -101.030839, 25.483278 ] ] ] } },
{ "type": "Feature", "properties": { "INTENSIDAD": "Bajo", "PUNTAJE": 25, "TITULO": "Riesgo por Inundaciones Pluviales", "FENOMENO": "Hidrometeorológico", "FUENTE": "IMPLAN Saltillo — CARTO SALTILLO, Atlas de Riesgos 2024", "FECHA": "2024" }, "geometry": { "type": "Polygon", "coordinates": [ [ [ -101.02943, 25.483412 ], [ -101.029001, 25.484138 ], [ -101.028717, 25.484003 ], [ -101.029318, 25.482984 ], [ -101.030434, 25.483686 ], [ -101.030285, 25.483937 ], [ -101.02943, 25.483412 ] ] ] } },
{ "type": "Feature", "properties": { "INTENSIDAD": "Bajo", "PUNTAJE": 25, "TITULO": "Riesgo por Inundaciones Pluviales", "FENOMENO": "Hidrometeorológico", "FUENTE": "IMPLAN Saltillo — CARTO SALTILLO, Atlas de Riesgos 2024", "FECHA": "2024" }, "geometry": { "type": "Polygon", "coordinates": [ [ [ -101.03115, 25.483532 ], [ -101.031742, 25.483638 ], [ -101.032298, 25.48341 ], [ -101.032504, 25.483636 ], [ -101.032076, 25.483864 ], [ -101.031638, 25.483942 ], [ -101.031333, 25.48391 ], [ -101.030699, 25.483634 ], [ -101.030852, 25.483384 ], [ -101.03115, 25.483532 ] ] ] } },
{ "type": "Feature", "properties": { "INTENSIDAD": "Bajo", "PUNTAJE": 25, "TITULO": "Riesgo por Inundaciones Pluviales", "FENOMENO": "Hidrometeorológico", "FUENTE": "IMPLAN Saltillo — CARTO SALTILLO, Atlas de Riesgos 2024", "FECHA": "2024" }, "geometry": { "type": "Polygon", "coordinates": [ [ [ -101.029434, 25.484283 ], [ -101.029118, 25.484143 ], [ -101.029466, 25.48357 ], [ -101.029756, 25.483739 ], [ -101.029434, 25.484283 ] ] ] } },
{ "type": "Feature", "properties": { "INTENSIDAD": "Bajo", "PUNTAJE": 25, "TITULO": "Riesgo por Inundaciones Pluviales", "FENOMENO": "Hidrometeorológico", "FUENTE": "IMPLAN Saltillo — CARTO SALTILLO, Atlas de Riesgos 2024", "FECHA": "2024" }, "geometry": { "type": "Polygon", "coordinates": [ [ [ -101.03059, 25.483789 ], [ -101.031108, 25.484007 ], [ -101.031737, 25.484077 ], [ -101.031773, 25.484387 ], [ -101.031123, 25.484335 ], [ -101.03054, 25.484098 ], [ -101.03046, 25.484016 ], [ -101.03059, 25.483789 ] ] ] } },
{ "type": "Feature", "properties": { "INTENSIDAD": "Bajo", "PUNTAJE": 25, "TITULO": "Riesgo por Inundaciones Pluviales", "FENOMENO": "Hidrometeorológico", "FUENTE": "IMPLAN Saltillo — CARTO SALTILLO, Atlas de Riesgos 2024", "FECHA": "2024" }, "geometry": { "type": "Polygon", "coordinates": [ [ [ -101.02979, 25.484468 ], [ -101.029509, 25.484331 ], [ -101.029831, 25.483783 ], [ -101.030118, 25.483951 ], [ -101.02979, 25.484468 ] ] ] } },
{ "type": "Feature", "properties": { "INTENSIDAD": "Bajo", "PUNTAJE": 25, "TITULO": "Riesgo por Inundaciones Pluviales", "FENOMENO": "Hidrometeorológico", "FUENTE": "IMPLAN Saltillo — CARTO SALTILLO, Atlas de Riesgos 2024", "FECHA": "2024" }, "geometry": { "type": "Polygon", "coordinates": [ [ [ -101.030173, 25.484649 ], [ -101.029879, 25.484516 ], [ -101.030188, 25.48399 ], [ -101.030469, 25.484148 ], [ -101.030173, 25.484649 ] ] ] } },
{ "type": "Feature", "properties": { "INTENSIDAD": "Bajo", "PUNTAJE": 25, "TITULO": "Riesgo por Inundaciones Pluviales", "FENOMENO": "Hidrometeorológico", "FUENTE": "IMPLAN Saltillo — CARTO SALTILLO, Atlas de Riesgos 2024", "FECHA": "2024" }, "geometry": { "type": "Polygon", "coordinates": [ [ [ -101.0328, 25.484318 ], [ -101.032425, 25.484659 ], [ -101.032217, 25.48442 ], [ -101.032665, 25.484172 ], [ -101.0328, 25.484318 ] ] ] } },
{ "type": "Feature", "properties": { "INTENSIDAD": "Bajo", "PUNTAJE": 25, "TITULO": "Riesgo por Inundaciones Pluviales", "FENOMENO": "Hidrometeorológico", "FUENTE": "IMPLAN Saltillo — CARTO SALTILLO, Atlas de Riesgos 2024", "FECHA": "2024" }, "geometry": { "type": "Polygon", "coordinates": [ [ [ -101.030553, 25.48484 ], [ -101.030248, 25.484712 ], [ -101.030562, 25.484183 ], [ -101.03087, 25.484343 ], [ -101.030553, 25.48484 ] ] ] } },
{ "type": "Feature", "properties": { "INTENSIDAD": "Bajo", "PUNTAJE": 25, "TITULO": "Riesgo por Inundaciones Pluviales", "FENOMENO": "Hidrometeorológico", "FUENTE": "IMPLAN Saltillo — CARTO SALTILLO, Atlas de Riesgos 2024", "FECHA": "2024" }, "geometry": { "type": "Polygon", "coordinates": [ [ [ -101.028709, 25.484042 ], [ -101.029011, 25.484228 ], [ -101.030691, 25.485022 ], [ -101.030591, 25.485161 ], [ -101.02862, 25.484192 ], [ -101.028709, 25.484042 ] ] ] } },
{ "type": "Feature", "properties": { "INTENSIDAD": "Bajo", "PUNTAJE": 25, "TITULO": "Riesgo por Inundaciones Pluviales", "FENOMENO": "Hidrometeorológico", "FUENTE": "IMPLAN Saltillo — CARTO SALTILLO, Atlas de Riesgos 2024", "FECHA": "2024" }, "geometry": { "type": "Polygon", "coordinates": [ [ [ -101.030968, 25.484959 ], [ -101.030628, 25.484889 ], [ -101.03094, 25.484357 ], [ -101.031266, 25.484463 ], [ -101.030968, 25.484959 ] ] ] } },
{ "type": "Feature", "properties": { "INTENSIDAD": "Bajo", "PUNTAJE": 25, "TITULO": "Riesgo por Inundaciones Pluviales", "FENOMENO": "Hidrometeorológico", "FUENTE": "IMPLAN Saltillo — CARTO SALTILLO, Atlas de Riesgos 2024", "FECHA": "2024" }, "geometry": { "type": "Polygon", "coordinates": [ [ [ -101.031459, 25.484801 ], [ -101.031113, 25.484896 ], [ -101.031363, 25.484458 ], [ -101.031592, 25.484576 ], [ -101.031705, 25.48455 ], [ -101.031459, 25.484801 ] ] ] } },
{ "type": "Feature", "properties": { "INTENSIDAD": "Bajo", "PUNTAJE": 25, "TITULO": "Riesgo por Inundaciones Pluviales", "FENOMENO": "Hidrometeorológico", "FUENTE": "IMPLAN Saltillo — CARTO SALTILLO, Atlas de Riesgos 2024", "FECHA": "2024" }, "geometry": { "type": "Polygon", "coordinates": [ [ [ -101.032018, 25.484385 ], [ -101.031949, 25.484053 ], [ -101.032333, 25.483926 ], [ -101.032542, 25.484147 ], [ -101.032107, 25.484403 ], [ -101.032625, 25.48504 ], [ -101.033263, 25.485585 ], [ -101.033365, 25.485585 ], [ -101.033883, 25.485004 ], [ -101.032727, 25.484127 ], [ -101.032923, 25.483995 ], [ -101.0346, 25.485145 ], [ -101.033651, 25.48607 ], [ -101.033275, 25.485852 ], [ -101.032531, 25.48517 ], [ -101.032018, 25.484385 ] ] ] } },
{ "type": "Feature", "properties": { "INTENSIDAD": "Bajo", "PUNTAJE": 25, "TITULO": "Riesgo por Inundaciones Pluviales", "FENOMENO": "Hidrometeorológico", "FUENTE": "IMPLAN Saltillo — CARTO SALTILLO, Atlas de Riesgos 2024", "FECHA": "2024" }, "geometry": { "type": "Polygon", "coordinates": [ [ [ -101.029453, 25.485501 ], [ -101.029115, 25.485515 ], [ -101.029409, 25.484713 ], [ -101.029713, 25.484827 ], [ -101.029453, 25.485501 ] ] ] } },
{ "type": "Feature", "properties": { "INTENSIDAD": "Bajo", "PUNTAJE": 25, "TITULO": "Riesgo por Inundaciones Pluviales", "FENOMENO": "Hidrometeorológico", "FUENTE": "IMPLAN Saltillo — CARTO SALTILLO, Atlas de Riesgos 2024", "FECHA": "2024" }, "geometry": { "type": "Polygon", "coordinates": [ [ [ -101.030918, 25.485367 ], [ -101.029568, 25.485514 ], [ -101.029802, 25.484882 ], [ -101.030918, 25.485367 ] ] ] } },
{ "type": "Feature", "properties": { "INTENSIDAD": "Bajo", "PUNTAJE": 25, "TITULO": "Riesgo por Inundaciones Pluviales", "FENOMENO": "Hidrometeorológico", "FUENTE": "IMPLAN Saltillo — CARTO SALTILLO, Atlas de Riesgos 2024", "FECHA": "2024" }, "geometry": { "type": "Polygon", "coordinates": [ [ [ -101.022544, 25.352972 ], [ -101.024138, 25.35301 ], [ -101.024302, 25.353122 ], [ -101.024259, 25.353582 ], [ -101.024458, 25.353041 ], [ -101.0251, 25.353062 ], [ -101.025629, 25.353258 ], [ -101.026005, 25.353727 ], [ -101.026247, 25.355004 ], [ -101.025592, 25.355861 ], [ -101.02629, 25.356248 ], [ -101.026306, 25.35662 ], [ -101.02569, 25.35678 ], [ -101.02624, 25.356717 ], [ -101.02637, 25.356636 ], [ -101.026349, 25.356278 ], [ -101.029673, 25.358242 ], [ -101.029366, 25.35911 ], [ -101.029464, 25.359163 ], [ -101.029761, 25.358298 ], [ -101.030677, 25.358812 ], [ -101.030356, 25.359677 ], [ -101.030577, 25.359791 ], [ -101.030187, 25.360891 ], [ -101.027093, 25.359398 ], [ -101.027021, 25.359502 ], [ -101.030142, 25.361018 ], [ -101.029103, 25.36384 ], [ -101.02861, 25.363583 ], [ -101.027762, 25.363568 ], [ -101.028171, 25.362718 ], [ -101.025018, 25.360838 ], [ -101.023735, 25.360179 ], [ -101.023674, 25.360248 ], [ -101.019987, 25.358106 ], [ -101.022361, 25.353092 ], [ -101.022544, 25.352972 ] ] ] } },
{ "type": "Feature", "properties": { "INTENSIDAD": "Bajo", "PUNTAJE": 25, "TITULO": "Riesgo por Inundaciones Pluviales", "FENOMENO": "Hidrometeorológico", "FUENTE": "IMPLAN Saltillo — CARTO SALTILLO, Atlas de Riesgos 2024", "FECHA": "2024" }, "geometry": { "type": "Polygon", "coordinates": [ [ [ -101.027374, 25.363532 ], [ -101.024417, 25.361738 ], [ -101.024886, 25.360905 ], [ -101.027787, 25.362708 ], [ -101.027374, 25.363532 ] ] ] } },
{ "type": "Feature", "properties": { "INTENSIDAD": "Bajo", "PUNTAJE": 25, "TITULO": "Riesgo por Inundaciones Pluviales", "FENOMENO": "Hidrometeorológico", "FUENTE": "IMPLAN Saltillo — CARTO SALTILLO, Atlas de Riesgos 2024", "FECHA": "2024" }, "geometry": { "type": "Polygon", "coordinates": [ [ [ -101.027266, 25.363722 ], [ -101.026866, 25.36455 ], [ -101.025038, 25.363446 ], [ -101.02561, 25.362684 ], [ -101.027266, 25.363722 ] ] ] } },
{ "type": "Feature", "properties": { "INTENSIDAD": "Bajo", "PUNTAJE": 25, "TITULO": "Riesgo por Inundaciones Pluviales", "FENOMENO": "Hidrometeorológico", "FUENTE": "IMPLAN Saltillo — CARTO SALTILLO, Atlas de Riesgos 2024", "FECHA": "2024" }, "geometry": { "type": "Polygon", "coordinates": [ [ [ -101.026383, 25.365516 ], [ -101.02437, 25.364288 ], [ -101.024948, 25.363546 ], [ -101.02679, 25.364688 ], [ -101.026383, 25.365516 ] ] ] } },
{ "type": "Feature", "properties": { "INTENSIDAD": "Bajo", "PUNTAJE": 25, "TITULO": "Riesgo por Inundaciones Pluviales", "FENOMENO": "Hidrometeorológico", "FUENTE": "IMPLAN Saltillo — CARTO SALTILLO, Atlas de Riesgos 2024", "FECHA": "2024" }, "geometry": { "type": "Polygon", "coordinates": [ [ [ -101.028579, 25.366168 ], [ -101.029046, 25.367453 ], [ -101.026362, 25.36578 ], [ -101.02758, 25.363598 ], [ -101.02862, 25.36366 ], [ -101.02896, 25.363798 ], [ -101.028579, 25.365016 ], [ -101.028493, 25.365568 ], [ -101.028579, 25.366168 ] ] ] } },
{ "type": "Feature", "properties": { "INTENSIDAD": "Bajo", "PUNTAJE": 25, "TITULO": "Riesgo por Inundaciones Pluviales", "FENOMENO": "Hidrometeorológico", "FUENTE": "IMPLAN Saltillo — CARTO SALTILLO, Atlas de Riesgos 2024", "FECHA": "2024" }, "geometry": { "type": "Polygon", "coordinates": [ [ [ -101.021904, 25.369189 ], [ -101.023762, 25.370603 ], [ -101.02384, 25.370829 ], [ -101.023722, 25.371237 ], [ -101.023779, 25.371622 ], [ -101.024859, 25.372524 ], [ -101.025199, 25.373218 ], [ -101.027625, 25.375965 ], [ -101.026787, 25.37743 ], [ -101.026432, 25.377367 ], [ -101.021017, 25.37358 ], [ -101.020594, 25.368418 ], [ -101.021904, 25.369189 ] ] ] } },
{ "type": "Feature", "properties": { "INTENSIDAD": "Bajo", "PUNTAJE": 25, "TITULO": "Riesgo por Inundaciones Pluviales", "FENOMENO": "Hidrometeorológico", "FUENTE": "IMPLAN Saltillo — CARTO SALTILLO, Atlas de Riesgos 2024", "FECHA": "2024" }, "geometry": { "type": "Polygon", "coordinates": [ [ [ -101.023545, 25.376475 ], [ -101.024687, 25.377237 ], [ -101.024434, 25.377683 ], [ -101.023169, 25.376805 ], [ -101.023275, 25.376554 ], [ -101.023545, 25.376475 ] ] ] } },
{ "type": "Feature", "properties": { "INTENSIDAD": "Bajo", "PUNTAJE": 25, "TITULO": "Riesgo por Inundaciones Pluviales", "FENOMENO": "Hidrometeorológico", "FUENTE": "IMPLAN Saltillo — CARTO SALTILLO, Atlas de Riesgos 2024", "FECHA": "2024" }, "geometry": { "type": "Polygon", "coordinates": [ [ [ -101.026964, 25.377844 ], [ -101.027753, 25.376249 ], [ -101.02809, 25.376368 ], [ -101.028238, 25.376737 ], [ -101.028144, 25.377219 ], [ -101.02793, 25.377436 ], [ -101.027533, 25.378254 ], [ -101.026964, 25.377844 ] ] ] } },
{ "type": "Feature", "properties": { "INTENSIDAD": "Bajo", "PUNTAJE": 25, "TITULO": "Riesgo por Inundaciones Pluviales", "FENOMENO": "Hidrometeorológico", "FUENTE": "IMPLAN Saltillo — CARTO SALTILLO, Atlas de Riesgos 2024", "FECHA": "2024" }, "geometry": { "type": "Polygon", "coordinates": [ [ [ -101.023606, 25.376327 ], [ -101.02333, 25.376354 ], [ -101.023027, 25.376561 ], [ -101.022765, 25.377112 ], [ -101.022681, 25.37759 ], [ -101.02365, 25.378842 ], [ -101.023427, 25.378987 ], [ -101.022385, 25.377598 ], [ -101.022541, 25.376745 ], [ -101.023335, 25.375771 ], [ -101.023542, 25.375807 ], [ -101.024875, 25.3767 ], [ -101.024747, 25.377093 ], [ -101.023606, 25.376327 ] ] ] } },
{ "type": "Feature", "properties": { "INTENSIDAD": "Bajo", "PUNTAJE": 25, "TITULO": "Riesgo por Inundaciones Pluviales", "FENOMENO": "Hidrometeorológico", "FUENTE": "IMPLAN Saltillo — CARTO SALTILLO, Atlas de Riesgos 2024", "FECHA": "2024" }, "geometry": { "type": "Polygon", "coordinates": [ [ [ -101.02365, 25.377229 ], [ -101.024439, 25.377807 ], [ -101.024419, 25.377915 ], [ -101.024214, 25.378047 ], [ -101.024254, 25.37835 ], [ -101.023544, 25.377502 ], [ -101.02365, 25.377229 ] ] ] } },
{ "type": "Feature", "properties": { "INTENSIDAD": "Bajo", "PUNTAJE": 25, "TITULO": "Riesgo por Inundaciones Pluviales", "FENOMENO": "Hidrometeorológico", "FUENTE": "IMPLAN Saltillo — CARTO SALTILLO, Atlas de Riesgos 2024", "FECHA": "2024" }, "geometry": { "type": "Polygon", "coordinates": [ [ [ -101.022914, 25.377765 ], [ -101.02288, 25.377523 ], [ -101.023077, 25.376822 ], [ -101.02358, 25.377165 ], [ -101.023457, 25.377431 ], [ -101.02349, 25.377541 ], [ -101.024178, 25.378486 ], [ -101.023699, 25.378771 ], [ -101.022914, 25.377765 ] ] ] } },
{ "type": "Feature", "properties": { "INTENSIDAD": "Bajo", "PUNTAJE": 25, "TITULO": "Riesgo por Inundaciones Pluviales", "FENOMENO": "Hidrometeorológico", "FUENTE": "IMPLAN Saltillo — CARTO SALTILLO, Atlas de Riesgos 2024", "FECHA": "2024" }, "geometry": { "type": "Polygon", "coordinates": [ [ [ -101.025911, 25.378097 ], [ -101.025703, 25.378518 ], [ -101.024528, 25.377749 ], [ -101.024814, 25.377314 ], [ -101.025911, 25.378097 ] ] ] } },
{ "type": "Feature", "properties": { "INTENSIDAD": "Bajo", "PUNTAJE": 25, "TITULO": "Riesgo por Inundaciones Pluviales", "FENOMENO": "Hidrometeorológico", "FUENTE": "IMPLAN Saltillo — CARTO SALTILLO, Atlas de Riesgos 2024", "FECHA": "2024" }, "geometry": { "type": "Polygon", "coordinates": [ [ [ -101.027984, 25.377458 ], [ -101.028281, 25.377719 ], [ -101.027891, 25.378525 ], [ -101.02758, 25.37829 ], [ -101.027984, 25.377458 ] ] ] } },
{ "type": "Feature", "properties": { "INTENSIDAD": "Bajo", "PUNTAJE": 25, "TITULO": "Riesgo por Inundaciones Pluviales", "FENOMENO": "Hidrometeorológico", "FUENTE": "IMPLAN Saltillo — CARTO SALTILLO, Atlas de Riesgos 2024", "FECHA": "2024" }, "geometry": { "type": "Polygon", "coordinates": [ [ [ -101.028246, 25.378792 ], [ -101.027938, 25.37856 ], [ -101.028346, 25.377694 ], [ -101.028606, 25.378033 ], [ -101.028246, 25.378792 ] ] ] } },
{ "type": "Feature", "properties": { "INTENSIDAD": "Bajo", "PUNTAJE": 25, "TITULO": "Riesgo por Inundaciones Pluviales", "FENOMENO": "Hidrometeorológico", "FUENTE": "IMPLAN Saltillo — CARTO SALTILLO, Atlas de Riesgos 2024", "FECHA": "2024" }, "geometry": { "type": "Polygon", "coordinates": [ [ [ -101.0243, 25.378437 ], [ -101.024605, 25.37815 ], [ -101.024509, 25.377959 ], [ -101.024554, 25.377868 ], [ -101.025128, 25.378253 ], [ -101.024782, 25.379026 ], [ -101.0243, 25.378437 ] ] ] } },
{ "type": "Feature", "properties": { "INTENSIDAD": "Bajo", "PUNTAJE": 25, "TITULO": "Riesgo por Inundaciones Pluviales", "FENOMENO": "Hidrometeorológico", "FUENTE": "IMPLAN Saltillo — CARTO SALTILLO, Atlas de Riesgos 2024", "FECHA": "2024" }, "geometry": { "type": "Polygon", "coordinates": [ [ [ -101.028618, 25.379073 ], [ -101.028292, 25.378828 ], [ -101.028678, 25.378039 ], [ -101.028949, 25.378407 ], [ -101.028618, 25.379073 ] ] ] } },
{ "type": "Feature", "properties": { "INTENSIDAD": "Bajo", "PUNTAJE": 25, "TITULO": "Riesgo por Inundaciones Pluviales", "FENOMENO": "Hidrometeorológico", "FUENTE": "IMPLAN Saltillo — CARTO SALTILLO, Atlas de Riesgos 2024", "FECHA": "2024" }, "geometry": { "type": "Polygon", "coordinates": [ [ [ -101.025064, 25.381093 ], [ -101.023471, 25.37906 ], [ -101.023722, 25.3789 ], [ -101.024771, 25.380143 ], [ -101.02507, 25.380173 ], [ -101.025231, 25.38009 ], [ -101.026092, 25.37807 ], [ -101.026012, 25.377938 ], [ -101.024815, 25.377145 ], [ -101.024908, 25.37702 ], [ -101.025045, 25.377048 ], [ -101.025224, 25.376935 ], [ -101.026328, 25.37776 ], [ -101.02645, 25.378218 ], [ -101.025064, 25.381093 ] ] ] } },
{ "type": "Feature", "properties": { "INTENSIDAD": "Bajo", "PUNTAJE": 25, "TITULO": "Riesgo por Inundaciones Pluviales", "FENOMENO": "Hidrometeorológico", "FUENTE": "IMPLAN Saltillo — CARTO SALTILLO, Atlas de Riesgos 2024", "FECHA": "2024" }, "geometry": { "type": "Polygon", "coordinates": [ [ [ -101.026835, 25.378105 ], [ -101.028529, 25.379283 ], [ -101.028081, 25.380177 ], [ -101.026195, 25.379399 ], [ -101.026835, 25.378105 ] ] ] } },
{ "type": "Feature", "properties": { "INTENSIDAD": "Bajo", "PUNTAJE": 25, "TITULO": "Riesgo por Inundaciones Pluviales", "FENOMENO": "Hidrometeorológico", "FUENTE": "IMPLAN Saltillo — CARTO SALTILLO, Atlas de Riesgos 2024", "FECHA": "2024" }, "geometry": { "type": "Polygon", "coordinates": [ [ [ -101.024304, 25.378567 ], [ -101.025221, 25.379716 ], [ -101.024988, 25.380021 ], [ -101.024766, 25.379994 ], [ -101.023887, 25.378895 ], [ -101.024304, 25.378567 ] ] ] } },
{ "type": "Feature", "properties": { "INTENSIDAD": "Bajo", "PUNTAJE": 25, "TITULO": "Riesgo por Inundaciones Pluviales", "FENOMENO": "Hidrometeorológico", "FUENTE": "IMPLAN Saltillo — CARTO SALTILLO, Atlas de Riesgos 2024", "FECHA": "2024" }, "geometry": { "type": "Polygon", "coordinates": [ [ [ -101.028586, 25.379375 ], [ -101.028809, 25.379737 ], [ -101.028471, 25.380368 ], [ -101.028149, 25.380232 ], [ -101.028586, 25.379375 ] ] ] } },
{ "type": "Feature", "properties": { "INTENSIDAD": "Bajo", "PUNTAJE": 25, "TITULO": "Riesgo por Inundaciones Pluviales", "FENOMENO": "Hidrometeorológico", "FUENTE": "IMPLAN Saltillo — CARTO SALTILLO, Atlas de Riesgos 2024", "FECHA": "2024" }, "geometry": { "type": "Polygon", "coordinates": [ [ [ -101.026567, 25.380518 ], [ -101.026326, 25.380379 ], [ -101.026654, 25.379697 ], [ -101.026911, 25.379803 ], [ -101.026567, 25.380518 ] ] ] } },
{ "type": "Feature", "properties": { "INTENSIDAD": "Bajo", "PUNTAJE": 25, "TITULO": "Riesgo por Inundaciones Pluviales", "FENOMENO": "Hidrometeorológico", "FUENTE": "IMPLAN Saltillo — CARTO SALTILLO, Atlas de Riesgos 2024", "FECHA": "2024" }, "geometry": { "type": "Polygon", "coordinates": [ [ [ -101.028855, 25.379811 ], [ -101.029162, 25.380308 ], [ -101.029016, 25.380599 ], [ -101.028541, 25.380398 ], [ -101.028855, 25.379811 ] ] ] } },
{ "type": "Feature", "properties": { "INTENSIDAD": "Bajo", "PUNTAJE": 25, "TITULO": "Riesgo por Inundaciones Pluviales", "FENOMENO": "Hidrometeorológico", "FUENTE": "IMPLAN Saltillo — CARTO SALTILLO, Atlas de Riesgos 2024", "FECHA": "2024" }, "geometry": { "type": "Polygon", "coordinates": [ [ [ -101.02688, 25.38096 ], [ -101.02575, 25.3803 ], [ -101.026151, 25.379489 ], [ -101.026559, 25.379658 ], [ -101.026205, 25.380394 ], [ -101.026954, 25.380818 ], [ -101.02688, 25.38096 ] ] ] } },
{ "type": "Feature", "properties": { "INTENSIDAD": "Bajo", "PUNTAJE": 25, "TITULO": "Riesgo por Inundaciones Pluviales", "FENOMENO": "Hidrometeorológico", "FUENTE": "IMPLAN Saltillo — CARTO SALTILLO, Atlas de Riesgos 2024", "FECHA": "2024" }, "geometry": { "type": "Polygon", "coordinates": [ [ [ -101.027001, 25.380765 ], [ -101.026678, 25.380581 ], [ -101.027029, 25.379852 ], [ -101.027372, 25.379993 ], [ -101.027001, 25.380765 ] ] ] } },
{ "type": "Feature", "properties": { "INTENSIDAD": "Bajo", "PUNTAJE": 25, "TITULO": "Riesgo por Inundaciones Pluviales", "FENOMENO": "Hidrometeorológico", "FUENTE": "IMPLAN Saltillo — CARTO SALTILLO, Atlas de Riesgos 2024", "FECHA": "2024" }, "geometry": { "type": "Polygon", "coordinates": [ [ [ -101.027612, 25.381115 ], [ -101.027111, 25.380829 ], [ -101.02749, 25.380042 ], [ -101.028036, 25.380267 ], [ -101.027612, 25.381115 ] ] ] } },
{ "type": "Feature", "properties": { "INTENSIDAD": "Bajo", "PUNTAJE": 25, "TITULO": "Riesgo por Inundaciones Pluviales", "FENOMENO": "Hidrometeorológico", "FUENTE": "IMPLAN Saltillo — CARTO SALTILLO, Atlas de Riesgos 2024", "FECHA": "2024" }, "geometry": { "type": "Polygon", "coordinates": [ [ [ -101.028114, 25.380299 ], [ -101.028438, 25.380436 ], [ -101.027999, 25.381337 ], [ -101.027678, 25.381153 ], [ -101.028114, 25.380299 ] ] ] } },
{ "type": "Feature", "properties": { "INTENSIDAD": "Bajo", "PUNTAJE": 25, "TITULO": "Riesgo por Inundaciones Pluviales", "FENOMENO": "Hidrometeorológico", "FUENTE": "IMPLAN Saltillo — CARTO SALTILLO, Atlas de Riesgos 2024", "FECHA": "2024" }, "geometry": { "type": "Polygon", "coordinates": [ [ [ -101.028983, 25.380666 ], [ -101.028503, 25.381625 ], [ -101.028063, 25.381373 ], [ -101.028506, 25.380465 ], [ -101.028983, 25.380666 ] ] ] } },
{ "type": "Feature", "properties": { "INTENSIDAD": "Bajo", "PUNTAJE": 25, "TITULO": "Riesgo por Inundaciones Pluviales", "FENOMENO": "Hidrometeorológico", "FUENTE": "IMPLAN Saltillo — CARTO SALTILLO, Atlas de Riesgos 2024", "FECHA": "2024" }, "geometry": { "type": "Polygon", "coordinates": [ [ [ -101.028682, 25.382025 ], [ -101.029186, 25.382288 ], [ -101.02902, 25.382598 ], [ -101.028648, 25.382434 ], [ -101.028615, 25.382501 ], [ -101.028986, 25.38266 ], [ -101.028803, 25.382978 ], [ -101.028324, 25.382758 ], [ -101.028682, 25.382025 ] ] ] } },
{ "type": "Feature", "properties": { "INTENSIDAD": "Bajo", "PUNTAJE": 25, "TITULO": "Riesgo por Inundaciones Pluviales", "FENOMENO": "Hidrometeorológico", "FUENTE": "IMPLAN Saltillo — CARTO SALTILLO, Atlas de Riesgos 2024", "FECHA": "2024" }, "geometry": { "type": "Polygon", "coordinates": [ [ [ -101.02889, 25.386821 ], [ -101.028346, 25.387528 ], [ -101.028002, 25.387302 ], [ -101.028363, 25.38684 ], [ -101.028293, 25.38678 ], [ -101.027933, 25.387263 ], [ -101.027579, 25.387029 ], [ -101.028108, 25.386369 ], [ -101.02889, 25.386821 ] ] ] } },
{ "type": "Feature", "properties": { "INTENSIDAD": "Bajo", "PUNTAJE": 25, "TITULO": "Riesgo por Inundaciones Pluviales", "FENOMENO": "Hidrometeorológico", "FUENTE": "IMPLAN Saltillo — CARTO SALTILLO, Atlas de Riesgos 2024", "FECHA": "2024" }, "geometry": { "type": "Polygon", "coordinates": [ [ [ -101.028545, 25.388886 ], [ -101.027682, 25.388524 ], [ -101.028003, 25.388108 ], [ -101.028333, 25.388328 ], [ -101.028176, 25.388549 ], [ -101.028225, 25.3886 ], [ -101.028422, 25.388376 ], [ -101.028775, 25.388603 ], [ -101.028545, 25.388886 ] ] ] } },
{ "type": "Feature", "properties": { "INTENSIDAD": "Bajo", "PUNTAJE": 25, "TITULO": "Riesgo por Inundaciones Pluviales", "FENOMENO": "Hidrometeorológico", "FUENTE": "IMPLAN Saltillo — CARTO SALTILLO, Atlas de Riesgos 2024", "FECHA": "2024" }, "geometry": { "type": "Polygon", "coordinates": [ [ [ -101.028475, 25.408584 ], [ -101.024692, 25.409385 ], [ -101.024012, 25.408336 ], [ -101.024355, 25.407736 ], [ -101.024726, 25.407372 ], [ -101.024715, 25.407304 ], [ -101.025512, 25.406886 ], [ -101.026791, 25.407865 ], [ -101.027334, 25.407395 ], [ -101.027454, 25.40747 ], [ -101.027603, 25.407197 ], [ -101.027955, 25.407185 ], [ -101.028257, 25.40691 ], [ -101.028465, 25.405733 ], [ -101.028675, 25.405099 ], [ -101.02968, 25.40506 ], [ -101.029385, 25.405184 ], [ -101.029715, 25.405087 ], [ -101.030972, 25.405707 ], [ -101.029719, 25.407006 ], [ -101.028843, 25.408018 ], [ -101.028475, 25.408584 ] ] ] } },
{ "type": "Feature", "properties": { "INTENSIDAD": "Bajo", "PUNTAJE": 25, "TITULO": "Riesgo por Inundaciones Pluviales", "FENOMENO": "Hidrometeorológico", "FUENTE": "IMPLAN Saltillo — CARTO SALTILLO, Atlas de Riesgos 2024", "FECHA": "2024" }, "geometry": { "type": "Polygon", "coordinates": [ [ [ -101.029254, 25.447504 ], [ -101.029179, 25.4476 ], [ -101.028354, 25.447267 ], [ -101.027241, 25.448515 ], [ -101.027895, 25.448978 ], [ -101.027758, 25.449121 ], [ -101.026991, 25.448587 ], [ -101.02828, 25.447116 ], [ -101.029254, 25.447504 ] ] ] } },
{ "type": "Feature", "properties": { "INTENSIDAD": "Bajo", "PUNTAJE": 25, "TITULO": "Riesgo por Inundaciones Pluviales", "FENOMENO": "Hidrometeorológico", "FUENTE": "IMPLAN Saltillo — CARTO SALTILLO, Atlas de Riesgos 2024", "FECHA": "2024" }, "geometry": { "type": "Polygon", "coordinates": [ [ [ -101.024962, 25.452102 ], [ -101.024463, 25.449585 ], [ -101.024544, 25.449431 ], [ -101.025826, 25.448245 ], [ -101.026491, 25.448768 ], [ -101.025745, 25.449542 ], [ -101.025609, 25.449808 ], [ -101.025617, 25.450586 ], [ -101.025741, 25.451117 ], [ -101.025964, 25.451492 ], [ -101.026221, 25.451732 ], [ -101.027053, 25.452162 ], [ -101.027344, 25.45177 ], [ -101.028085, 25.452235 ], [ -101.027898, 25.452516 ], [ -101.027841, 25.453106 ], [ -101.027206, 25.453094 ], [ -101.026773, 25.452953 ], [ -101.024962, 25.452102 ] ] ] } },
{ "type": "Feature", "properties": { "INTENSIDAD": "Bajo", "PUNTAJE": 25, "TITULO": "Riesgo por Inundaciones Pluviales", "FENOMENO": "Hidrometeorológico", "FUENTE": "IMPLAN Saltillo — CARTO SALTILLO, Atlas de Riesgos 2024", "FECHA": "2024" }, "geometry": { "type": "Polygon", "coordinates": [ [ [ -101.028318, 25.457175 ], [ -101.028244, 25.456869 ], [ -101.028556, 25.456733 ], [ -101.028338, 25.455574 ], [ -101.027696, 25.455598 ], [ -101.027531, 25.45485 ], [ -101.028499, 25.454699 ], [ -101.028985, 25.457097 ], [ -101.028318, 25.457175 ] ] ] } },
{ "type": "Feature", "properties": { "INTENSIDAD": "Bajo", "PUNTAJE": 25, "TITULO": "Riesgo por Inundaciones Pluviales", "FENOMENO": "Hidrometeorológico", "FUENTE": "IMPLAN Saltillo — CARTO SALTILLO, Atlas de Riesgos 2024", "FECHA": "2024" }, "geometry": { "type": "Polygon", "coordinates": [ [ [ -101.028049, 25.459181 ], [ -101.024294, 25.459758 ], [ -101.023428, 25.455489 ], [ -101.027372, 25.45488 ], [ -101.028049, 25.459181 ] ] ] } },
{ "type": "Feature", "properties": { "INTENSIDAD": "Bajo", "PUNTAJE": 25, "TITULO": "Riesgo por Inundaciones Pluviales", "FENOMENO": "Hidrometeorológico", "FUENTE": "IMPLAN Saltillo — CARTO SALTILLO, Atlas de Riesgos 2024", "FECHA": "2024" }, "geometry": { "type": "Polygon", "coordinates": [ [ [ -101.023979, 25.459704 ], [ -101.023658, 25.459755 ], [ -101.023474, 25.458795 ], [ -101.02382, 25.458805 ], [ -101.023979, 25.459704 ] ] ] } },
{ "type": "Feature", "properties": { "INTENSIDAD": "Bajo", "PUNTAJE": 25, "TITULO": "Riesgo por Inundaciones Pluviales", "FENOMENO": "Hidrometeorológico", "FUENTE": "IMPLAN Saltillo — CARTO SALTILLO, Atlas de Riesgos 2024", "FECHA": "2024" }, "geometry": { "type": "Polygon", "coordinates": [ [ [ -101.022416, 25.459968 ], [ -101.022371, 25.459696 ], [ -101.023516, 25.459485 ], [ -101.023565, 25.459775 ], [ -101.022416, 25.459968 ] ] ] } },
{ "type": "Feature", "properties": { "INTENSIDAD": "Bajo", "PUNTAJE": 25, "TITULO": "Riesgo por Inundaciones Pluviales", "FENOMENO": "Hidrometeorológico", "FUENTE": "IMPLAN Saltillo — CARTO SALTILLO, Atlas de Riesgos 2024", "FECHA": "2024" }, "geometry": { "type": "Polygon", "coordinates": [ [ [ -101.02434, 25.459883 ], [ -101.025919, 25.45964 ], [ -101.025964, 25.459692 ], [ -101.025875, 25.45982 ], [ -101.02436, 25.460057 ], [ -101.02434, 25.459883 ] ] ] } },
{ "type": "Feature", "properties": { "INTENSIDAD": "Bajo", "PUNTAJE": 25, "TITULO": "Riesgo por Inundaciones Pluviales", "FENOMENO": "Hidrometeorológico", "FUENTE": "IMPLAN Saltillo — CARTO SALTILLO, Atlas de Riesgos 2024", "FECHA": "2024" }, "geometry": { "type": "Polygon", "coordinates": [ [ [ -101.027816, 25.459621 ], [ -101.027972, 25.459575 ], [ -101.027957, 25.459497 ], [ -101.02711, 25.459633 ], [ -101.026414, 25.460508 ], [ -101.026119, 25.460378 ], [ -101.026777, 25.459506 ], [ -101.028193, 25.45929 ], [ -101.028297, 25.459833 ], [ -101.027873, 25.459898 ], [ -101.027816, 25.459621 ] ] ] } },
{ "type": "Feature", "properties": { "INTENSIDAD": "Bajo", "PUNTAJE": 25, "TITULO": "Riesgo por Inundaciones Pluviales", "FENOMENO": "Hidrometeorológico", "FUENTE": "IMPLAN Saltillo — CARTO SALTILLO, Atlas de Riesgos 2024", "FECHA": "2024" }, "geometry": { "type": "Polygon", "coordinates": [ [ [ -101.024008, 25.459917 ], [ -101.024029, 25.46007 ], [ -101.022912, 25.460344 ], [ -101.022864, 25.460219 ], [ -101.022841, 25.460062 ], [ -101.024008, 25.459917 ] ] ] } },
{ "type": "Feature", "properties": { "INTENSIDAD": "Bajo", "PUNTAJE": 25, "TITULO": "Riesgo por Inundaciones Pluviales", "FENOMENO": "Hidrometeorológico", "FUENTE": "IMPLAN Saltillo — CARTO SALTILLO, Atlas de Riesgos 2024", "FECHA": "2024" }, "geometry": { "type": "Polygon", "coordinates": [ [ [ -101.024434, 25.460439 ], [ -101.024378, 25.460136 ], [ -101.025775, 25.459969 ], [ -101.025606, 25.460275 ], [ -101.024434, 25.460439 ] ] ] } },
{ "type": "Feature", "properties": { "INTENSIDAD": "Bajo", "PUNTAJE": 25, "TITULO": "Riesgo por Inundaciones Pluviales", "FENOMENO": "Hidrometeorológico", "FUENTE": "IMPLAN Saltillo — CARTO SALTILLO, Atlas de Riesgos 2024", "FECHA": "2024" }, "geometry": { "type": "Polygon", "coordinates": [ [ [ -101.023218, 25.460686 ], [ -101.022962, 25.460428 ], [ -101.024053, 25.46015 ], [ -101.024115, 25.460482 ], [ -101.023218, 25.460686 ] ] ] } },
{ "type": "Feature", "properties": { "INTENSIDAD": "Bajo", "PUNTAJE": 25, "TITULO": "Riesgo por Inundaciones Pluviales", "FENOMENO": "Hidrometeorológico", "FUENTE": "IMPLAN Saltillo — CARTO SALTILLO, Atlas de Riesgos 2024", "FECHA": "2024" }, "geometry": { "type": "Polygon", "coordinates": [ [ [ -101.024448, 25.460514 ], [ -101.025513, 25.460354 ], [ -101.025546, 25.460395 ], [ -101.025474, 25.460574 ], [ -101.024487, 25.460728 ], [ -101.024448, 25.460514 ] ] ] } },
{ "type": "Feature", "properties": { "INTENSIDAD": "Bajo", "PUNTAJE": 25, "TITULO": "Riesgo por Inundaciones Pluviales", "FENOMENO": "Hidrometeorológico", "FUENTE": "IMPLAN Saltillo — CARTO SALTILLO, Atlas de Riesgos 2024", "FECHA": "2024" }, "geometry": { "type": "Polygon", "coordinates": [ [ [ -101.024132, 25.460564 ], [ -101.024188, 25.460875 ], [ -101.023429, 25.461029 ], [ -101.023263, 25.460756 ], [ -101.024132, 25.460564 ] ] ] } },
{ "type": "Feature", "properties": { "INTENSIDAD": "Bajo", "PUNTAJE": 25, "TITULO": "Riesgo por Inundaciones Pluviales", "FENOMENO": "Hidrometeorológico", "FUENTE": "IMPLAN Saltillo — CARTO SALTILLO, Atlas de Riesgos 2024", "FECHA": "2024" }, "geometry": { "type": "Polygon", "coordinates": [ [ [ -101.02453, 25.461113 ], [ -101.024503, 25.460803 ], [ -101.025439, 25.460703 ], [ -101.025296, 25.461024 ], [ -101.02453, 25.461113 ] ] ] } },
{ "type": "Feature", "properties": { "INTENSIDAD": "Bajo", "PUNTAJE": 25, "TITULO": "Riesgo por Inundaciones Pluviales", "FENOMENO": "Hidrometeorológico", "FUENTE": "IMPLAN Saltillo — CARTO SALTILLO, Atlas de Riesgos 2024", "FECHA": "2024" }, "geometry": { "type": "Polygon", "coordinates": [ [ [ -101.025884, 25.460722 ], [ -101.025665, 25.46136 ], [ -101.024603, 25.461496 ], [ -101.024582, 25.461216 ], [ -101.025332, 25.461096 ], [ -101.025574, 25.460649 ], [ -101.025884, 25.460722 ] ] ] } },
{ "type": "Feature", "properties": { "INTENSIDAD": "Bajo", "PUNTAJE": 25, "TITULO": "Riesgo por Inundaciones Pluviales", "FENOMENO": "Hidrometeorológico", "FUENTE": "IMPLAN Saltillo — CARTO SALTILLO, Atlas de Riesgos 2024", "FECHA": "2024" }, "geometry": { "type": "Polygon", "coordinates": [ [ [ -101.023112, 25.461785 ], [ -101.022887, 25.462142 ], [ -101.022509, 25.462155 ], [ -101.022803, 25.461643 ], [ -101.023181, 25.461257 ], [ -101.023709, 25.461036 ], [ -101.024205, 25.460956 ], [ -101.024268, 25.461288 ], [ -101.023521, 25.461458 ], [ -101.023112, 25.461785 ] ] ] } },
{ "type": "Feature", "properties": { "INTENSIDAD": "Bajo", "PUNTAJE": 25, "TITULO": "Riesgo por Inundaciones Pluviales", "FENOMENO": "Hidrometeorológico", "FUENTE": "IMPLAN Saltillo — CARTO SALTILLO, Atlas de Riesgos 2024", "FECHA": "2024" }, "geometry": { "type": "Polygon", "coordinates": [ [ [ -101.024631, 25.461633 ], [ -101.02565, 25.461446 ], [ -101.025672, 25.461478 ], [ -101.025609, 25.461762 ], [ -101.024716, 25.461901 ], [ -101.024631, 25.461633 ] ] ] } },
{ "type": "Feature", "properties": { "INTENSIDAD": "Bajo", "PUNTAJE": 25, "TITULO": "Riesgo por Inundaciones Pluviales", "FENOMENO": "Hidrometeorológico", "FUENTE": "IMPLAN Saltillo — CARTO SALTILLO, Atlas de Riesgos 2024", "FECHA": "2024" }, "geometry": { "type": "Polygon", "coordinates": [ [ [ -101.023785, 25.461775 ], [ -101.023413, 25.462079 ], [ -101.023027, 25.462078 ], [ -101.0232, 25.46181 ], [ -101.023574, 25.461522 ], [ -101.024286, 25.461368 ], [ -101.02434, 25.46167 ], [ -101.023785, 25.461775 ] ] ] } },
{ "type": "Feature", "properties": { "INTENSIDAD": "Bajo", "PUNTAJE": 25, "TITULO": "Riesgo por Inundaciones Pluviales", "FENOMENO": "Hidrometeorológico", "FUENTE": "IMPLAN Saltillo — CARTO SALTILLO, Atlas de Riesgos 2024", "FECHA": "2024" }, "geometry": { "type": "Polygon", "coordinates": [ [ [ -101.026569, 25.461699 ], [ -101.028589, 25.461384 ], [ -101.028653, 25.461677 ], [ -101.026793, 25.461971 ], [ -101.026814, 25.462048 ], [ -101.026963, 25.462031 ], [ -101.02717, 25.463091 ], [ -101.026838, 25.463142 ], [ -101.026569, 25.461699 ] ] ] } },
{ "type": "Feature", "properties": { "INTENSIDAD": "Bajo", "PUNTAJE": 25, "TITULO": "Riesgo por Inundaciones Pluviales", "FENOMENO": "Hidrometeorológico", "FUENTE": "IMPLAN Saltillo — CARTO SALTILLO, Atlas de Riesgos 2024", "FECHA": "2024" }, "geometry": { "type": "Polygon", "coordinates": [ [ [ -101.023473, 25.462159 ], [ -101.023525, 25.462458 ], [ -101.022409, 25.462612 ], [ -101.022477, 25.462281 ], [ -101.023473, 25.462159 ] ] ] } },
{ "type": "Feature", "properties": { "INTENSIDAD": "Bajo", "PUNTAJE": 25, "TITULO": "Riesgo por Inundaciones Pluviales", "FENOMENO": "Hidrometeorológico", "FUENTE": "IMPLAN Saltillo — CARTO SALTILLO, Atlas de Riesgos 2024", "FECHA": "2024" }, "geometry": { "type": "Polygon", "coordinates": [ [ [ -101.025116, 25.462622 ], [ -101.025056, 25.462323 ], [ -101.026123, 25.462159 ], [ -101.026181, 25.462462 ], [ -101.025116, 25.462622 ] ] ] } },
{ "type": "Feature", "properties": { "INTENSIDAD": "Bajo", "PUNTAJE": 25, "TITULO": "Riesgo por Inundaciones Pluviales", "FENOMENO": "Hidrometeorológico", "FUENTE": "IMPLAN Saltillo — CARTO SALTILLO, Atlas de Riesgos 2024", "FECHA": "2024" }, "geometry": { "type": "Polygon", "coordinates": [ [ [ -101.02635, 25.462122 ], [ -101.026344, 25.462042 ], [ -101.02476, 25.462288 ], [ -101.024704, 25.461988 ], [ -101.026474, 25.46172 ], [ -101.026742, 25.463157 ], [ -101.026416, 25.463206 ], [ -101.026216, 25.462147 ], [ -101.02635, 25.462122 ] ] ] } },
{ "type": "Feature", "properties": { "INTENSIDAD": "Bajo", "PUNTAJE": 25, "TITULO": "Riesgo por Inundaciones Pluviales", "FENOMENO": "Hidrometeorológico", "FUENTE": "IMPLAN Saltillo — CARTO SALTILLO, Atlas de Riesgos 2024", "FECHA": "2024" }, "geometry": { "type": "Polygon", "coordinates": [ [ [ -101.024491, 25.46173 ], [ -101.024861, 25.463448 ], [ -101.023808, 25.463614 ], [ -101.023625, 25.462511 ], [ -101.024063, 25.462451 ], [ -101.024049, 25.462378 ], [ -101.023613, 25.462439 ], [ -101.023543, 25.462042 ], [ -101.023878, 25.461831 ], [ -101.024491, 25.46173 ] ] ] } },
{ "type": "Feature", "properties": { "INTENSIDAD": "Bajo", "PUNTAJE": 25, "TITULO": "Riesgo por Inundaciones Pluviales", "FENOMENO": "Hidrometeorológico", "FUENTE": "IMPLAN Saltillo — CARTO SALTILLO, Atlas de Riesgos 2024", "FECHA": "2024" }, "geometry": { "type": "Polygon", "coordinates": [ [ [ -101.025208, 25.463102 ], [ -101.026267, 25.462926 ], [ -101.026314, 25.463227 ], [ -101.024976, 25.463429 ], [ -101.024778, 25.462369 ], [ -101.024967, 25.462341 ], [ -101.025137, 25.463222 ], [ -101.025225, 25.463217 ], [ -101.025208, 25.463102 ] ] ] } },
{ "type": "Feature", "properties": { "INTENSIDAD": "Bajo", "PUNTAJE": 25, "TITULO": "Riesgo por Inundaciones Pluviales", "FENOMENO": "Hidrometeorológico", "FUENTE": "IMPLAN Saltillo — CARTO SALTILLO, Atlas de Riesgos 2024", "FECHA": "2024" }, "geometry": { "type": "Polygon", "coordinates": [ [ [ -101.025226, 25.463702 ], [ -101.025366, 25.46444 ], [ -101.025447, 25.464427 ], [ -101.025425, 25.464284 ], [ -101.026681, 25.46409 ], [ -101.027141, 25.46444 ], [ -101.026948, 25.46468 ], [ -101.02654, 25.464431 ], [ -101.025199, 25.464631 ], [ -101.024999, 25.46356 ], [ -101.026345, 25.463354 ], [ -101.026414, 25.463651 ], [ -101.025341, 25.463824 ], [ -101.025309, 25.463686 ], [ -101.025226, 25.463702 ] ] ] } },
{ "type": "Feature", "properties": { "INTENSIDAD": "Bajo", "PUNTAJE": 25, "TITULO": "Riesgo por Inundaciones Pluviales", "FENOMENO": "Hidrometeorológico", "FUENTE": "IMPLAN Saltillo — CARTO SALTILLO, Atlas de Riesgos 2024", "FECHA": "2024" }, "geometry": { "type": "Polygon", "coordinates": [ [ [ -101.023544, 25.468929 ], [ -101.025663, 25.468587 ], [ -101.025713, 25.46884 ], [ -101.023592, 25.469177 ], [ -101.023544, 25.468929 ] ] ] } },
{ "type": "Feature", "properties": { "INTENSIDAD": "Bajo", "PUNTAJE": 25, "TITULO": "Riesgo por Inundaciones Pluviales", "FENOMENO": "Hidrometeorológico", "FUENTE": "IMPLAN Saltillo — CARTO SALTILLO, Atlas de Riesgos 2024", "FECHA": "2024" }, "geometry": { "type": "Polygon", "coordinates": [ [ [ -101.024558, 25.46914 ], [ -101.02573, 25.468958 ], [ -101.025776, 25.469228 ], [ -101.024615, 25.469414 ], [ -101.024558, 25.46914 ] ] ] } },
{ "type": "Feature", "properties": { "INTENSIDAD": "Bajo", "PUNTAJE": 25, "TITULO": "Riesgo por Inundaciones Pluviales", "FENOMENO": "Hidrometeorológico", "FUENTE": "IMPLAN Saltillo — CARTO SALTILLO, Atlas de Riesgos 2024", "FECHA": "2024" }, "geometry": { "type": "Polygon", "coordinates": [ [ [ -101.023646, 25.469555 ], [ -101.023611, 25.469267 ], [ -101.024481, 25.469139 ], [ -101.024527, 25.469414 ], [ -101.023646, 25.469555 ] ] ] } },
{ "type": "Feature", "properties": { "INTENSIDAD": "Bajo", "PUNTAJE": 25, "TITULO": "Riesgo por Inundaciones Pluviales", "FENOMENO": "Hidrometeorológico", "FUENTE": "IMPLAN Saltillo — CARTO SALTILLO, Atlas de Riesgos 2024", "FECHA": "2024" }, "geometry": { "type": "Polygon", "coordinates": [ [ [ -101.023703, 25.469636 ], [ -101.024538, 25.469505 ], [ -101.024584, 25.469746 ], [ -101.023749, 25.469878 ], [ -101.023703, 25.469636 ] ] ] } },
{ "type": "Feature", "properties": { "INTENSIDAD": "Bajo", "PUNTAJE": 25, "TITULO": "Riesgo por Inundaciones Pluviales", "FENOMENO": "Hidrometeorológico", "FUENTE": "IMPLAN Saltillo — CARTO SALTILLO, Atlas de Riesgos 2024", "FECHA": "2024" }, "geometry": { "type": "Polygon", "coordinates": [ [ [ -101.025579, 25.469953 ], [ -101.024468, 25.470075 ], [ -101.023816, 25.470194 ], [ -101.023771, 25.469994 ], [ -101.024741, 25.46984 ], [ -101.024682, 25.469483 ], [ -101.025789, 25.469308 ], [ -101.025831, 25.469957 ], [ -101.025579, 25.469953 ] ] ] } },
{ "type": "Feature", "properties": { "INTENSIDAD": "Bajo", "PUNTAJE": 25, "TITULO": "Riesgo por Inundaciones Pluviales", "FENOMENO": "Hidrometeorológico", "FUENTE": "IMPLAN Saltillo — CARTO SALTILLO, Atlas de Riesgos 2024", "FECHA": "2024" }, "geometry": { "type": "Polygon", "coordinates": [ [ [ -101.02354, 25.469929 ], [ -101.023817, 25.470217 ], [ -101.025159, 25.470002 ], [ -101.02602, 25.469961 ], [ -101.026091, 25.470472 ], [ -101.02573, 25.47062 ], [ -101.025566, 25.471449 ], [ -101.025021, 25.471402 ], [ -101.024506, 25.471034 ], [ -101.024114, 25.471007 ], [ -101.023655, 25.471142 ], [ -101.022634, 25.471746 ], [ -101.023641, 25.470995 ], [ -101.023263, 25.470325 ], [ -101.023478, 25.470215 ], [ -101.022915, 25.469168 ], [ -101.023163, 25.469009 ], [ -101.023349, 25.468989 ], [ -101.02354, 25.469929 ] ] ] } },
{ "type": "Feature", "properties": { "INTENSIDAD": "Bajo", "PUNTAJE": 25, "TITULO": "Riesgo por Inundaciones Pluviales", "FENOMENO": "Hidrometeorológico", "FUENTE": "IMPLAN Saltillo — CARTO SALTILLO, Atlas de Riesgos 2024", "FECHA": "2024" }, "geometry": { "type": "Polygon", "coordinates": [ [ [ -101.022582, 25.471677 ], [ -101.022382, 25.471453 ], [ -101.023386, 25.470716 ], [ -101.023538, 25.470975 ], [ -101.022582, 25.471677 ] ] ] } },
{ "type": "Feature", "properties": { "INTENSIDAD": "Bajo", "PUNTAJE": 25, "TITULO": "Riesgo por Inundaciones Pluviales", "FENOMENO": "Hidrometeorológico", "FUENTE": "IMPLAN Saltillo — CARTO SALTILLO, Atlas de Riesgos 2024", "FECHA": "2024" }, "geometry": { "type": "Polygon", "coordinates": [ [ [ -101.022888, 25.475883 ], [ -101.022519, 25.475212 ], [ -101.024333, 25.474444 ], [ -101.024943, 25.474614 ], [ -101.025217, 25.47485 ], [ -101.022888, 25.475883 ] ] ] } },
{ "type": "Feature", "properties": { "INTENSIDAD": "Bajo", "PUNTAJE": 25, "TITULO": "Riesgo por Inundaciones Pluviales", "FENOMENO": "Hidrometeorológico", "FUENTE": "IMPLAN Saltillo — CARTO SALTILLO, Atlas de Riesgos 2024", "FECHA": "2024" }, "geometry": { "type": "Polygon", "coordinates": [ [ [ -101.026461, 25.475804 ], [ -101.02705, 25.475199 ], [ -101.027534, 25.475147 ], [ -101.026715, 25.475994 ], [ -101.026461, 25.475804 ] ] ] } },
{ "type": "Feature", "properties": { "INTENSIDAD": "Bajo", "PUNTAJE": 25, "TITULO": "Riesgo por Inundaciones Pluviales", "FENOMENO": "Hidrometeorológico", "FUENTE": "IMPLAN Saltillo — CARTO SALTILLO, Atlas de Riesgos 2024", "FECHA": "2024" }, "geometry": { "type": "Polygon", "coordinates": [ [ [ -101.025433, 25.475156 ], [ -101.023088, 25.47621 ], [ -101.022946, 25.475946 ], [ -101.025306, 25.474934 ], [ -101.025433, 25.475156 ] ] ] } },
{ "type": "Feature", "properties": { "INTENSIDAD": "Bajo", "PUNTAJE": 25, "TITULO": "Riesgo por Inundaciones Pluviales", "FENOMENO": "Hidrometeorológico", "FUENTE": "IMPLAN Saltillo — CARTO SALTILLO, Atlas de Riesgos 2024", "FECHA": "2024" }, "geometry": { "type": "Polygon", "coordinates": [ [ [ -101.027063, 25.476288 ], [ -101.026801, 25.476082 ], [ -101.02768, 25.47519 ], [ -101.027949, 25.475408 ], [ -101.027063, 25.476288 ] ] ] } },
{ "type": "Feature", "properties": { "INTENSIDAD": "Bajo", "PUNTAJE": 25, "TITULO": "Riesgo por Inundaciones Pluviales", "FENOMENO": "Hidrometeorológico", "FUENTE": "IMPLAN Saltillo — CARTO SALTILLO, Atlas de Riesgos 2024", "FECHA": "2024" }, "geometry": { "type": "Polygon", "coordinates": [ [ [ -101.027388, 25.476542 ], [ -101.027115, 25.476328 ], [ -101.028005, 25.475456 ], [ -101.028279, 25.475678 ], [ -101.027388, 25.476542 ] ] ] } },
{ "type": "Feature", "properties": { "INTENSIDAD": "Bajo", "PUNTAJE": 25, "TITULO": "Riesgo por Inundaciones Pluviales", "FENOMENO": "Hidrometeorológico", "FUENTE": "IMPLAN Saltillo — CARTO SALTILLO, Atlas de Riesgos 2024", "FECHA": "2024" }, "geometry": { "type": "Polygon", "coordinates": [ [ [ -101.026146, 25.476013 ], [ -101.026192, 25.476047 ], [ -101.026369, 25.475853 ], [ -101.026665, 25.476087 ], [ -101.02629, 25.476465 ], [ -101.025853, 25.475643 ], [ -101.025887, 25.475552 ], [ -101.026324, 25.475818 ], [ -101.026146, 25.476013 ] ] ] } },
{ "type": "Feature", "properties": { "INTENSIDAD": "Bajo", "PUNTAJE": 25, "TITULO": "Riesgo por Inundaciones Pluviales", "FENOMENO": "Hidrometeorológico", "FUENTE": "IMPLAN Saltillo — CARTO SALTILLO, Atlas de Riesgos 2024", "FECHA": "2024" }, "geometry": { "type": "Polygon", "coordinates": [ [ [ -101.027728, 25.476809 ], [ -101.02747, 25.476607 ], [ -101.02835, 25.475737 ], [ -101.02859, 25.475931 ], [ -101.027728, 25.476809 ] ] ] } },
{ "type": "Feature", "properties": { "INTENSIDAD": "Bajo", "PUNTAJE": 25, "TITULO": "Riesgo por Inundaciones Pluviales", "FENOMENO": "Hidrometeorológico", "FUENTE": "IMPLAN Saltillo — CARTO SALTILLO, Atlas de Riesgos 2024", "FECHA": "2024" }, "geometry": { "type": "Polygon", "coordinates": [ [ [ -101.026738, 25.476145 ], [ -101.026993, 25.476359 ], [ -101.026562, 25.476796 ], [ -101.02635, 25.47654 ], [ -101.026738, 25.476145 ] ] ] } },
{ "type": "Feature", "properties": { "INTENSIDAD": "Bajo", "PUNTAJE": 25, "TITULO": "Riesgo por Inundaciones Pluviales", "FENOMENO": "Hidrometeorológico", "FUENTE": "IMPLAN Saltillo — CARTO SALTILLO, Atlas de Riesgos 2024", "FECHA": "2024" }, "geometry": { "type": "Polygon", "coordinates": [ [ [ -101.028031, 25.477046 ], [ -101.027779, 25.476849 ], [ -101.028634, 25.475967 ], [ -101.028877, 25.476165 ], [ -101.028031, 25.477046 ] ] ] } },
{ "type": "Feature", "properties": { "INTENSIDAD": "Bajo", "PUNTAJE": 25, "TITULO": "Riesgo por Inundaciones Pluviales", "FENOMENO": "Hidrometeorológico", "FUENTE": "IMPLAN Saltillo — CARTO SALTILLO, Atlas de Riesgos 2024", "FECHA": "2024" }, "geometry": { "type": "Polygon", "coordinates": [ [ [ -101.024818, 25.475826 ], [ -101.024727, 25.475644 ], [ -101.025527, 25.475316 ], [ -101.026532, 25.477182 ], [ -101.026718, 25.477312 ], [ -101.026798, 25.477571 ], [ -101.027081, 25.477843 ], [ -101.026297, 25.478149 ], [ -101.02606, 25.477975 ], [ -101.025529, 25.477957 ], [ -101.02526, 25.477779 ], [ -101.024884, 25.477766 ], [ -101.024127, 25.477102 ], [ -101.02385, 25.476992 ], [ -101.023494, 25.476947 ], [ -101.023333, 25.476645 ], [ -101.02455, 25.476081 ], [ -101.024526, 25.47601 ], [ -101.023299, 25.476571 ], [ -101.023173, 25.476299 ], [ -101.024623, 25.475687 ], [ -101.02471, 25.475879 ], [ -101.024818, 25.475826 ] ] ] } },
{ "type": "Feature", "properties": { "INTENSIDAD": "Bajo", "PUNTAJE": 25, "TITULO": "Riesgo por Inundaciones Pluviales", "FENOMENO": "Hidrometeorológico", "FUENTE": "IMPLAN Saltillo — CARTO SALTILLO, Atlas de Riesgos 2024", "FECHA": "2024" }, "geometry": { "type": "Polygon", "coordinates": [ [ [ -101.026605, 25.476855 ], [ -101.027047, 25.47639 ], [ -101.027318, 25.476597 ], [ -101.02686, 25.477099 ], [ -101.026605, 25.476855 ] ] ] } },
{ "type": "Feature", "properties": { "INTENSIDAD": "Bajo", "PUNTAJE": 25, "TITULO": "Riesgo por Inundaciones Pluviales", "FENOMENO": "Hidrometeorológico", "FUENTE": "IMPLAN Saltillo — CARTO SALTILLO, Atlas de Riesgos 2024", "FECHA": "2024" }, "geometry": { "type": "Polygon", "coordinates": [ [ [ -101.028359, 25.477303 ], [ -101.028118, 25.477115 ], [ -101.028941, 25.476216 ], [ -101.02921, 25.476435 ], [ -101.028359, 25.477303 ] ] ] } },
{ "type": "Feature", "properties": { "INTENSIDAD": "Bajo", "PUNTAJE": 25, "TITULO": "Riesgo por Inundaciones Pluviales", "FENOMENO": "Hidrometeorológico", "FUENTE": "IMPLAN Saltillo — CARTO SALTILLO, Atlas de Riesgos 2024", "FECHA": "2024" }, "geometry": { "type": "Polygon", "coordinates": [ [ [ -101.023408, 25.477052 ], [ -101.022747, 25.47689 ], [ -101.023217, 25.476706 ], [ -101.023408, 25.477052 ] ] ] } },
{ "type": "Feature", "properties": { "INTENSIDAD": "Bajo", "PUNTAJE": 25, "TITULO": "Riesgo por Inundaciones Pluviales", "FENOMENO": "Hidrometeorológico", "FUENTE": "IMPLAN Saltillo — CARTO SALTILLO, Atlas de Riesgos 2024", "FECHA": "2024" }, "geometry": { "type": "Polygon", "coordinates": [ [ [ -101.026927, 25.477155 ], [ -101.027404, 25.476661 ], [ -101.027662, 25.476876 ], [ -101.027191, 25.477357 ], [ -101.026927, 25.477155 ] ] ] } },
{ "type": "Feature", "properties": { "INTENSIDAD": "Bajo", "PUNTAJE": 25, "TITULO": "Riesgo por Inundaciones Pluviales", "FENOMENO": "Hidrometeorológico", "FUENTE": "IMPLAN Saltillo — CARTO SALTILLO, Atlas de Riesgos 2024", "FECHA": "2024" }, "geometry": { "type": "Polygon", "coordinates": [ [ [ -101.028694, 25.477566 ], [ -101.02842, 25.477352 ], [ -101.029264, 25.47648 ], [ -101.029537, 25.476693 ], [ -101.028694, 25.477566 ] ] ] } },
{ "type": "Feature", "properties": { "INTENSIDAD": "Bajo", "PUNTAJE": 25, "TITULO": "Riesgo por Inundaciones Pluviales", "FENOMENO": "Hidrometeorológico", "FUENTE": "IMPLAN Saltillo — CARTO SALTILLO, Atlas de Riesgos 2024", "FECHA": "2024" }, "geometry": { "type": "Polygon", "coordinates": [ [ [ -101.027235, 25.477414 ], [ -101.027714, 25.476917 ], [ -101.027959, 25.477111 ], [ -101.027507, 25.477581 ], [ -101.027235, 25.477414 ] ] ] } },
{ "type": "Feature", "properties": { "INTENSIDAD": "Bajo", "PUNTAJE": 25, "TITULO": "Riesgo por Inundaciones Pluviales", "FENOMENO": "Hidrometeorológico", "FUENTE": "IMPLAN Saltillo — CARTO SALTILLO, Atlas de Riesgos 2024", "FECHA": "2024" }, "geometry": { "type": "Polygon", "coordinates": [ [ [ -101.027872, 25.47782 ], [ -101.027621, 25.477646 ], [ -101.028052, 25.477185 ], [ -101.028291, 25.477375 ], [ -101.027872, 25.47782 ] ] ] } },
{ "type": "Feature", "properties": { "INTENSIDAD": "Bajo", "PUNTAJE": 25, "TITULO": "Riesgo por Inundaciones Pluviales", "FENOMENO": "Hidrometeorológico", "FUENTE": "IMPLAN Saltillo — CARTO SALTILLO, Atlas de Riesgos 2024", "FECHA": "2024" }, "geometry": { "type": "Polygon", "coordinates": [ [ [ -101.028089, 25.478198 ], [ -101.027941, 25.477879 ], [ -101.028364, 25.477432 ], [ -101.028625, 25.477638 ], [ -101.028089, 25.478198 ] ] ] } },
{ "type": "Feature", "properties": { "INTENSIDAD": "Bajo", "PUNTAJE": 25, "TITULO": "Riesgo por Inundaciones Pluviales", "FENOMENO": "Hidrometeorológico", "FUENTE": "IMPLAN Saltillo — CARTO SALTILLO, Atlas de Riesgos 2024", "FECHA": "2024" }, "geometry": { "type": "Polygon", "coordinates": [ [ [ -101.024007, 25.478116 ], [ -101.023042, 25.478167 ], [ -101.022371, 25.478153 ], [ -101.022407, 25.478007 ], [ -101.022835, 25.478032 ], [ -101.023562, 25.477961 ], [ -101.024167, 25.478 ], [ -101.024007, 25.478116 ] ] ] } },
{ "type": "Feature", "properties": { "INTENSIDAD": "Bajo", "PUNTAJE": 25, "TITULO": "Riesgo por Inundaciones Pluviales", "FENOMENO": "Hidrometeorológico", "FUENTE": "IMPLAN Saltillo — CARTO SALTILLO, Atlas de Riesgos 2024", "FECHA": "2024" }, "geometry": { "type": "Polygon", "coordinates": [ [ [ -101.028342, 25.47858 ], [ -101.028114, 25.478321 ], [ -101.028703, 25.477701 ], [ -101.028975, 25.477915 ], [ -101.028342, 25.47858 ] ] ] } },
{ "type": "Feature", "properties": { "INTENSIDAD": "Bajo", "PUNTAJE": 25, "TITULO": "Riesgo por Inundaciones Pluviales", "FENOMENO": "Hidrometeorológico", "FUENTE": "IMPLAN Saltillo — CARTO SALTILLO, Atlas de Riesgos 2024", "FECHA": "2024" }, "geometry": { "type": "Polygon", "coordinates": [ [ [ -101.024074, 25.478199 ], [ -101.024237, 25.478114 ], [ -101.024182, 25.478001 ], [ -101.024356, 25.478049 ], [ -101.023852, 25.478888 ], [ -101.023757, 25.478846 ], [ -101.023751, 25.478745 ], [ -101.024074, 25.478199 ] ] ] } },
{ "type": "Feature", "properties": { "INTENSIDAD": "Bajo", "PUNTAJE": 25, "TITULO": "Riesgo por Inundaciones Pluviales", "FENOMENO": "Hidrometeorológico", "FUENTE": "IMPLAN Saltillo — CARTO SALTILLO, Atlas de Riesgos 2024", "FECHA": "2024" }, "geometry": { "type": "Polygon", "coordinates": [ [ [ -101.028551, 25.478926 ], [ -101.028378, 25.478689 ], [ -101.029038, 25.477965 ], [ -101.029298, 25.478171 ], [ -101.028551, 25.478926 ] ] ] } },
{ "type": "Feature", "properties": { "INTENSIDAD": "Bajo", "PUNTAJE": 25, "TITULO": "Riesgo por Inundaciones Pluviales", "FENOMENO": "Hidrometeorológico", "FUENTE": "IMPLAN Saltillo — CARTO SALTILLO, Atlas de Riesgos 2024", "FECHA": "2024" }, "geometry": { "type": "Polygon", "coordinates": [ [ [ -101.023583, 25.478769 ], [ -101.023243, 25.478713 ], [ -101.02353, 25.478202 ], [ -101.023959, 25.478182 ], [ -101.023583, 25.478769 ] ] ] } },
{ "type": "Feature", "properties": { "INTENSIDAD": "Bajo", "PUNTAJE": 25, "TITULO": "Riesgo por Inundaciones Pluviales", "FENOMENO": "Hidrometeorológico", "FUENTE": "IMPLAN Saltillo — CARTO SALTILLO, Atlas de Riesgos 2024", "FECHA": "2024" }, "geometry": { "type": "Polygon", "coordinates": [ [ [ -101.023102, 25.478801 ], [ -101.022762, 25.478681 ], [ -101.023023, 25.47824 ], [ -101.023409, 25.478196 ], [ -101.023102, 25.478801 ] ] ] } },
{ "type": "Feature", "properties": { "INTENSIDAD": "Bajo", "PUNTAJE": 25, "TITULO": "Riesgo por Inundaciones Pluviales", "FENOMENO": "Hidrometeorológico", "FUENTE": "IMPLAN Saltillo — CARTO SALTILLO, Atlas de Riesgos 2024", "FECHA": "2024" }, "geometry": { "type": "Polygon", "coordinates": [ [ [ -101.023929, 25.478947 ], [ -101.023862, 25.478893 ], [ -101.024363, 25.478055 ], [ -101.024431, 25.478213 ], [ -101.024057, 25.478868 ], [ -101.023929, 25.478947 ] ] ] } },
{ "type": "Feature", "properties": { "INTENSIDAD": "Bajo", "PUNTAJE": 25, "TITULO": "Riesgo por Inundaciones Pluviales", "FENOMENO": "Hidrometeorológico", "FUENTE": "IMPLAN Saltillo — CARTO SALTILLO, Atlas de Riesgos 2024", "FECHA": "2024" }, "geometry": { "type": "Polygon", "coordinates": [ [ [ -101.024394, 25.478087 ], [ -101.024853, 25.478237 ], [ -101.025556, 25.478594 ], [ -101.026773, 25.479053 ], [ -101.026605, 25.479111 ], [ -101.025557, 25.478736 ], [ -101.02448, 25.478236 ], [ -101.024394, 25.478087 ] ] ] } },
{ "type": "Feature", "properties": { "INTENSIDAD": "Bajo", "PUNTAJE": 25, "TITULO": "Riesgo por Inundaciones Pluviales", "FENOMENO": "Hidrometeorológico", "FUENTE": "IMPLAN Saltillo — CARTO SALTILLO, Atlas de Riesgos 2024", "FECHA": "2024" }, "geometry": { "type": "Polygon", "coordinates": [ [ [ -101.024101, 25.478942 ], [ -101.02443, 25.478315 ], [ -101.024726, 25.478462 ], [ -101.02436, 25.479051 ], [ -101.024101, 25.478942 ] ] ] } },
{ "type": "Feature", "properties": { "INTENSIDAD": "Bajo", "PUNTAJE": 25, "TITULO": "Riesgo por Inundaciones Pluviales", "FENOMENO": "Hidrometeorológico", "FUENTE": "IMPLAN Saltillo — CARTO SALTILLO, Atlas de Riesgos 2024", "FECHA": "2024" }, "geometry": { "type": "Polygon", "coordinates": [ [ [ -101.025114, 25.478653 ], [ -101.024759, 25.479241 ], [ -101.024479, 25.47912 ], [ -101.024807, 25.478498 ], [ -101.025114, 25.478653 ] ] ] } },
{ "type": "Feature", "properties": { "INTENSIDAD": "Bajo", "PUNTAJE": 25, "TITULO": "Riesgo por Inundaciones Pluviales", "FENOMENO": "Hidrometeorológico", "FUENTE": "IMPLAN Saltillo — CARTO SALTILLO, Atlas de Riesgos 2024", "FECHA": "2024" }, "geometry": { "type": "Polygon", "coordinates": [ [ [ -101.022823, 25.479163 ], [ -101.021391, 25.47844 ], [ -101.02157, 25.478181 ], [ -101.023002, 25.478883 ], [ -101.02348, 25.478792 ], [ -101.024819, 25.479433 ], [ -101.024622, 25.479657 ], [ -101.023604, 25.479128 ], [ -101.022823, 25.479163 ] ] ] } },
{ "type": "Feature", "properties": { "INTENSIDAD": "Bajo", "PUNTAJE": 25, "TITULO": "Riesgo por Inundaciones Pluviales", "FENOMENO": "Hidrometeorológico", "FUENTE": "IMPLAN Saltillo — CARTO SALTILLO, Atlas de Riesgos 2024", "FECHA": "2024" }, "geometry": { "type": "Polygon", "coordinates": [ [ [ -101.026423, 25.479184 ], [ -101.026098, 25.479356 ], [ -101.025047, 25.478955 ], [ -101.025199, 25.478687 ], [ -101.026423, 25.479184 ] ] ] } },
{ "type": "Feature", "properties": { "INTENSIDAD": "Bajo", "PUNTAJE": 25, "TITULO": "Riesgo por Inundaciones Pluviales", "FENOMENO": "Hidrometeorológico", "FUENTE": "IMPLAN Saltillo — CARTO SALTILLO, Atlas de Riesgos 2024", "FECHA": "2024" }, "geometry": { "type": "Polygon", "coordinates": [ [ [ -101.022833, 25.47802 ], [ -101.02169, 25.477885 ], [ -101.021581, 25.477814 ], [ -101.021293, 25.477705 ], [ -101.020928, 25.477601 ], [ -101.020567, 25.477559 ], [ -101.020576, 25.477355 ], [ -101.019409, 25.477504 ], [ -101.019333, 25.477428 ], [ -101.020387, 25.47722 ], [ -101.020471, 25.477078 ], [ -101.021867, 25.476419 ], [ -101.022116, 25.476664 ], [ -101.022587, 25.47692 ], [ -101.023275, 25.477122 ], [ -101.023422, 25.477076 ], [ -101.023497, 25.476975 ], [ -101.023854, 25.477016 ], [ -101.024125, 25.477139 ], [ -101.024883, 25.477791 ], [ -101.025259, 25.477813 ], [ -101.025517, 25.477983 ], [ -101.026052, 25.478 ], [ -101.026289, 25.478179 ], [ -101.027605, 25.477663 ], [ -101.027857, 25.477836 ], [ -101.027618, 25.478086 ], [ -101.027675, 25.47814 ], [ -101.027926, 25.477895 ], [ -101.028091, 25.478336 ], [ -101.028528, 25.47894 ], [ -101.029134, 25.479521 ], [ -101.029107, 25.479688 ], [ -101.029252, 25.480199 ], [ -101.029417, 25.480446 ], [ -101.029794, 25.480789 ], [ -101.030064, 25.481319 ], [ -101.029635, 25.481772 ], [ -101.029396, 25.481536 ], [ -101.028965, 25.480587 ], [ -101.029057, 25.480491 ], [ -101.027894, 25.479464 ], [ -101.027199, 25.47912 ], [ -101.025605, 25.478601 ], [ -101.024871, 25.478238 ], [ -101.024317, 25.478031 ], [ -101.024144, 25.477978 ], [ -101.023546, 25.477952 ], [ -101.022833, 25.47802 ] ] ] } },
{ "type": "Feature", "properties": { "INTENSIDAD": "Bajo", "PUNTAJE": 25, "TITULO": "Riesgo por Inundaciones Pluviales", "FENOMENO": "Hidrometeorológico", "FUENTE": "IMPLAN Saltillo — CARTO SALTILLO, Atlas de Riesgos 2024", "FECHA": "2024" }, "geometry": { "type": "Polygon", "coordinates": [ [ [ -101.024678, 25.480643 ], [ -101.024569, 25.480461 ], [ -101.024751, 25.480136 ], [ -101.024758, 25.479809 ], [ -101.025016, 25.479678 ], [ -101.025092, 25.479918 ], [ -101.025024, 25.480333 ], [ -101.024837, 25.480482 ], [ -101.024988, 25.480612 ], [ -101.025298, 25.48014 ], [ -101.025752, 25.479718 ], [ -101.025971, 25.479949 ], [ -101.025388, 25.480554 ], [ -101.025208, 25.480867 ], [ -101.024678, 25.480643 ] ] ] } },
{ "type": "Feature", "properties": { "INTENSIDAD": "Bajo", "PUNTAJE": 25, "TITULO": "Riesgo por Inundaciones Pluviales", "FENOMENO": "Hidrometeorológico", "FUENTE": "IMPLAN Saltillo — CARTO SALTILLO, Atlas de Riesgos 2024", "FECHA": "2024" }, "geometry": { "type": "Polygon", "coordinates": [ [ [ -101.028191, 25.481599 ], [ -101.028618, 25.480895 ], [ -101.028671, 25.480884 ], [ -101.028812, 25.481194 ], [ -101.028459, 25.481756 ], [ -101.028191, 25.481599 ] ] ] } },
{ "type": "Feature", "properties": { "INTENSIDAD": "Bajo", "PUNTAJE": 25, "TITULO": "Riesgo por Inundaciones Pluviales", "FENOMENO": "Hidrometeorológico", "FUENTE": "IMPLAN Saltillo — CARTO SALTILLO, Atlas de Riesgos 2024", "FECHA": "2024" }, "geometry": { "type": "Polygon", "coordinates": [ [ [ -101.029038, 25.481614 ], [ -101.028801, 25.481983 ], [ -101.028559, 25.481822 ], [ -101.028871, 25.481335 ], [ -101.029038, 25.481614 ] ] ] } },
{ "type": "Feature", "properties": { "INTENSIDAD": "Bajo", "PUNTAJE": 25, "TITULO": "Riesgo por Inundaciones Pluviales", "FENOMENO": "Hidrometeorológico", "FUENTE": "IMPLAN Saltillo — CARTO SALTILLO, Atlas de Riesgos 2024", "FECHA": "2024" }, "geometry": { "type": "Polygon", "coordinates": [ [ [ -101.028504, 25.482847 ], [ -101.028659, 25.482587 ], [ -101.029262, 25.482936 ], [ -101.028674, 25.4839 ], [ -101.028394, 25.483761 ], [ -101.028845, 25.483066 ], [ -101.028504, 25.482847 ] ] ] } },
{ "type": "Feature", "properties": { "INTENSIDAD": "Bajo", "PUNTAJE": 25, "TITULO": "Riesgo por Inundaciones Pluviales", "FENOMENO": "Hidrometeorológico", "FUENTE": "IMPLAN Saltillo — CARTO SALTILLO, Atlas de Riesgos 2024", "FECHA": "2024" }, "geometry": { "type": "Polygon", "coordinates": [ [ [ -101.027823, 25.483878 ], [ -101.028179, 25.484061 ], [ -101.027982, 25.484626 ], [ -101.028038, 25.484645 ], [ -101.028239, 25.484096 ], [ -101.028517, 25.48423 ], [ -101.028414, 25.484528 ], [ -101.028504, 25.484549 ], [ -101.028599, 25.484273 ], [ -101.02891, 25.484459 ], [ -101.028593, 25.485399 ], [ -101.027028, 25.484765 ], [ -101.027467, 25.48369 ], [ -101.027759, 25.483836 ], [ -101.027507, 25.484429 ], [ -101.027587, 25.48444 ], [ -101.027823, 25.483878 ] ] ] } },
{ "type": "Feature", "properties": { "INTENSIDAD": "Bajo", "PUNTAJE": 25, "TITULO": "Riesgo por Inundaciones Pluviales", "FENOMENO": "Hidrometeorológico", "FUENTE": "IMPLAN Saltillo — CARTO SALTILLO, Atlas de Riesgos 2024", "FECHA": "2024" }, "geometry": { "type": "Polygon", "coordinates": [ [ [ -101.028988, 25.485473 ], [ -101.028676, 25.485406 ], [ -101.028971, 25.484493 ], [ -101.029283, 25.484635 ], [ -101.028988, 25.485473 ] ] ] } },
{ "type": "Feature", "properties": { "INTENSIDAD": "Bajo", "PUNTAJE": 25, "TITULO": "Riesgo por Inundaciones Pluviales", "FENOMENO": "Hidrometeorológico", "FUENTE": "IMPLAN Saltillo — CARTO SALTILLO, Atlas de Riesgos 2024", "FECHA": "2024" }, "geometry": { "type": "Polygon", "coordinates": [ [ [ -101.015813, 25.350766 ], [ -101.014882, 25.350202 ], [ -101.015021, 25.349974 ], [ -101.016108, 25.350706 ], [ -101.016035, 25.350966 ], [ -101.015593, 25.351579 ], [ -101.015328, 25.351423 ], [ -101.015813, 25.350766 ] ] ] } },
{ "type": "Feature", "properties": { "INTENSIDAD": "Bajo", "PUNTAJE": 25, "TITULO": "Riesgo por Inundaciones Pluviales", "FENOMENO": "Hidrometeorológico", "FUENTE": "IMPLAN Saltillo — CARTO SALTILLO, Atlas de Riesgos 2024", "FECHA": "2024" }, "geometry": { "type": "Polygon", "coordinates": [ [ [ -101.016942, 25.35556 ], [ -101.016773, 25.355718 ], [ -101.01612, 25.355171 ], [ -101.016354, 25.354957 ], [ -101.017303, 25.355739 ], [ -101.016127, 25.356903 ], [ -101.016102, 25.3567 ], [ -101.015959, 25.35658 ], [ -101.017, 25.355606 ], [ -101.016942, 25.35556 ] ] ] } },
{ "type": "Feature", "properties": { "INTENSIDAD": "Bajo", "PUNTAJE": 25, "TITULO": "Riesgo por Inundaciones Pluviales", "FENOMENO": "Hidrometeorológico", "FUENTE": "IMPLAN Saltillo — CARTO SALTILLO, Atlas de Riesgos 2024", "FECHA": "2024" }, "geometry": { "type": "Polygon", "coordinates": [ [ [ -101.016536, 25.356971 ], [ -101.016377, 25.356833 ], [ -101.017408, 25.355855 ], [ -101.018247, 25.35659 ], [ -101.018095, 25.356747 ], [ -101.01739, 25.35617 ], [ -101.016536, 25.356971 ] ] ] } },
{ "type": "Feature", "properties": { "INTENSIDAD": "Bajo", "PUNTAJE": 25, "TITULO": "Riesgo por Inundaciones Pluviales", "FENOMENO": "Hidrometeorológico", "FUENTE": "IMPLAN Saltillo — CARTO SALTILLO, Atlas de Riesgos 2024", "FECHA": "2024" }, "geometry": { "type": "Polygon", "coordinates": [ [ [ -101.01505, 25.357694 ], [ -101.014733, 25.358007 ], [ -101.014854, 25.358005 ], [ -101.014998, 25.358132 ], [ -101.014911, 25.358256 ], [ -101.014538, 25.357891 ], [ -101.015349, 25.357151 ], [ -101.015619, 25.357429 ], [ -101.015545, 25.357503 ], [ -101.015332, 25.357267 ], [ -101.015264, 25.35734 ], [ -101.015479, 25.357568 ], [ -101.015255, 25.357774 ], [ -101.015029, 25.35758 ], [ -101.014983, 25.357628 ], [ -101.01505, 25.357694 ] ] ] } },
{ "type": "Feature", "properties": { "INTENSIDAD": "Bajo", "PUNTAJE": 25, "TITULO": "Riesgo por Inundaciones Pluviales", "FENOMENO": "Hidrometeorológico", "FUENTE": "IMPLAN Saltillo — CARTO SALTILLO, Atlas de Riesgos 2024", "FECHA": "2024" }, "geometry": { "type": "Polygon", "coordinates": [ [ [ -101.018338, 25.356677 ], [ -101.019398, 25.357575 ], [ -101.018157, 25.358847 ], [ -101.018017, 25.358648 ], [ -101.01912, 25.357584 ], [ -101.018192, 25.356836 ], [ -101.018338, 25.356677 ] ] ] } },
{ "type": "Feature", "properties": { "INTENSIDAD": "Bajo", "PUNTAJE": 25, "TITULO": "Riesgo por Inundaciones Pluviales", "FENOMENO": "Hidrometeorológico", "FUENTE": "IMPLAN Saltillo — CARTO SALTILLO, Atlas de Riesgos 2024", "FECHA": "2024" }, "geometry": { "type": "Polygon", "coordinates": [ [ [ -101.01281, 25.360295 ], [ -101.01304, 25.360122 ], [ -101.013246, 25.360354 ], [ -101.012744, 25.360725 ], [ -101.011897, 25.359644 ], [ -101.012579, 25.359127 ], [ -101.012908, 25.359541 ], [ -101.012463, 25.359888 ], [ -101.01281, 25.360295 ] ] ] } },
{ "type": "Feature", "properties": { "INTENSIDAD": "Bajo", "PUNTAJE": 25, "TITULO": "Riesgo por Inundaciones Pluviales", "FENOMENO": "Hidrometeorológico", "FUENTE": "IMPLAN Saltillo — CARTO SALTILLO, Atlas de Riesgos 2024", "FECHA": "2024" }, "geometry": { "type": "Polygon", "coordinates": [ [ [ -101.012368, 25.361861 ], [ -101.012138, 25.361589 ], [ -101.012806, 25.361118 ], [ -101.013696, 25.362236 ], [ -101.013545, 25.362349 ], [ -101.012834, 25.361514 ], [ -101.012368, 25.361861 ] ] ] } },
{ "type": "Feature", "properties": { "INTENSIDAD": "Bajo", "PUNTAJE": 25, "TITULO": "Riesgo por Inundaciones Pluviales", "FENOMENO": "Hidrometeorológico", "FUENTE": "IMPLAN Saltillo — CARTO SALTILLO, Atlas de Riesgos 2024", "FECHA": "2024" }, "geometry": { "type": "Polygon", "coordinates": [ [ [ -101.013723, 25.360863 ], [ -101.013826, 25.360785 ], [ -101.013982, 25.360805 ], [ -101.014444, 25.361307 ], [ -101.015321, 25.360593 ], [ -101.01554, 25.360837 ], [ -101.014658, 25.361543 ], [ -101.014548, 25.361417 ], [ -101.014472, 25.361474 ], [ -101.014578, 25.361608 ], [ -101.014315, 25.361833 ], [ -101.01433, 25.361955 ], [ -101.015203, 25.363011 ], [ -101.014794, 25.363324 ], [ -101.014666, 25.363167 ], [ -101.014886, 25.36299 ], [ -101.014042, 25.361972 ], [ -101.013815, 25.362123 ], [ -101.013666, 25.361923 ], [ -101.014193, 25.361514 ], [ -101.013714, 25.360991 ], [ -101.013723, 25.360863 ] ] ] } },
{ "type": "Feature", "properties": { "INTENSIDAD": "Bajo", "PUNTAJE": 25, "TITULO": "Riesgo por Inundaciones Pluviales", "FENOMENO": "Hidrometeorológico", "FUENTE": "IMPLAN Saltillo — CARTO SALTILLO, Atlas de Riesgos 2024", "FECHA": "2024" }, "geometry": { "type": "Polygon", "coordinates": [ [ [ -101.021864, 25.376079 ], [ -101.02121, 25.375627 ], [ -101.021071, 25.374066 ], [ -101.023228, 25.375542 ], [ -101.022422, 25.376451 ], [ -101.021924, 25.376137 ], [ -101.021963, 25.375798 ], [ -101.021897, 25.375757 ], [ -101.021864, 25.376079 ] ] ] } },
{ "type": "Feature", "properties": { "INTENSIDAD": "Bajo", "PUNTAJE": 25, "TITULO": "Riesgo por Inundaciones Pluviales", "FENOMENO": "Hidrometeorológico", "FUENTE": "IMPLAN Saltillo — CARTO SALTILLO, Atlas de Riesgos 2024", "FECHA": "2024" }, "geometry": { "type": "Polygon", "coordinates": [ [ [ -101.019784, 25.397163 ], [ -101.020354, 25.397737 ], [ -101.020172, 25.397934 ], [ -101.019798, 25.397586 ], [ -101.019729, 25.397656 ], [ -101.020104, 25.39803 ], [ -101.019626, 25.398543 ], [ -101.0181, 25.397676 ], [ -101.018546, 25.395948 ], [ -101.019733, 25.397113 ], [ -101.01907, 25.397324 ], [ -101.019078, 25.397393 ], [ -101.019784, 25.397163 ] ] ] } },
{ "type": "Feature", "properties": { "INTENSIDAD": "Bajo", "PUNTAJE": 25, "TITULO": "Riesgo por Inundaciones Pluviales", "FENOMENO": "Hidrometeorológico", "FUENTE": "IMPLAN Saltillo — CARTO SALTILLO, Atlas de Riesgos 2024", "FECHA": "2024" }, "geometry": { "type": "Polygon", "coordinates": [ [ [ -101.017006, 25.399138 ], [ -101.016268, 25.398644 ], [ -101.016652, 25.397681 ], [ -101.01697, 25.397878 ], [ -101.016722, 25.398509 ], [ -101.016807, 25.39855 ], [ -101.017058, 25.397929 ], [ -101.017264, 25.398049 ], [ -101.017006, 25.399138 ] ] ] } },
{ "type": "Feature", "properties": { "INTENSIDAD": "Bajo", "PUNTAJE": 25, "TITULO": "Riesgo por Inundaciones Pluviales", "FENOMENO": "Hidrometeorológico", "FUENTE": "IMPLAN Saltillo — CARTO SALTILLO, Atlas de Riesgos 2024", "FECHA": "2024" }, "geometry": { "type": "Polygon", "coordinates": [ [ [ -101.019323, 25.408835 ], [ -101.019227, 25.40886 ], [ -101.019105, 25.408813 ], [ -101.019197, 25.408905 ], [ -101.019069, 25.4091 ], [ -101.018664, 25.408857 ], [ -101.018973, 25.408448 ], [ -101.019813, 25.408849 ], [ -101.019738, 25.40896 ], [ -101.019599, 25.408949 ], [ -101.019706, 25.409007 ], [ -101.019438, 25.409402 ], [ -101.01909, 25.409207 ], [ -101.019323, 25.408835 ] ] ] } },
{ "type": "Feature", "properties": { "INTENSIDAD": "Bajo", "PUNTAJE": 25, "TITULO": "Riesgo por Inundaciones Pluviales", "FENOMENO": "Hidrometeorológico", "FUENTE": "IMPLAN Saltillo — CARTO SALTILLO, Atlas de Riesgos 2024", "FECHA": "2024" }, "geometry": { "type": "Polygon", "coordinates": [ [ [ -101.019899, 25.418341 ], [ -101.018867, 25.41771 ], [ -101.019155, 25.417217 ], [ -101.020117, 25.417753 ], [ -101.020163, 25.417701 ], [ -101.019892, 25.417514 ], [ -101.019995, 25.417387 ], [ -101.020259, 25.417508 ], [ -101.020019, 25.417327 ], [ -101.020148, 25.417029 ], [ -101.020538, 25.417316 ], [ -101.020579, 25.417266 ], [ -101.020198, 25.416972 ], [ -101.020556, 25.416557 ], [ -101.020919, 25.416825 ], [ -101.020962, 25.416776 ], [ -101.020596, 25.41651 ], [ -101.020698, 25.416393 ], [ -101.021318, 25.416816 ], [ -101.019899, 25.418341 ] ] ] } },
{ "type": "Feature", "properties": { "INTENSIDAD": "Bajo", "PUNTAJE": 25, "TITULO": "Riesgo por Inundaciones Pluviales", "FENOMENO": "Hidrometeorológico", "FUENTE": "IMPLAN Saltillo — CARTO SALTILLO, Atlas de Riesgos 2024", "FECHA": "2024" }, "geometry": { "type": "Polygon", "coordinates": [ [ [ -101.01348, 25.420716 ], [ -101.01271, 25.420768 ], [ -101.011642, 25.420238 ], [ -101.012318, 25.419289 ], [ -101.01264, 25.419568 ], [ -101.013051, 25.419651 ], [ -101.012833, 25.419991 ], [ -101.012402, 25.419822 ], [ -101.012357, 25.419883 ], [ -101.01281, 25.420062 ], [ -101.012679, 25.420352 ], [ -101.013231, 25.419492 ], [ -101.013114, 25.419589 ], [ -101.012702, 25.419507 ], [ -101.01238, 25.419202 ], [ -101.013084, 25.418234 ], [ -101.013647, 25.418564 ], [ -101.013404, 25.418955 ], [ -101.013242, 25.41886 ], [ -101.012944, 25.419278 ], [ -101.013193, 25.419428 ], [ -101.013709, 25.418605 ], [ -101.014442, 25.419057 ], [ -101.01348, 25.420716 ] ] ] } },
{ "type": "Feature", "properties": { "INTENSIDAD": "Bajo", "PUNTAJE": 25, "TITULO": "Riesgo por Inundaciones Pluviales", "FENOMENO": "Hidrometeorológico", "FUENTE": "IMPLAN Saltillo — CARTO SALTILLO, Atlas de Riesgos 2024", "FECHA": "2024" }, "geometry": { "type": "Polygon", "coordinates": [ [ [ -101.010737, 25.42934 ], [ -101.011003, 25.428931 ], [ -101.011541, 25.4294 ], [ -101.012229, 25.429788 ], [ -101.012741, 25.429704 ], [ -101.012904, 25.429527 ], [ -101.01292, 25.429399 ], [ -101.012691, 25.429249 ], [ -101.013065, 25.428679 ], [ -101.012936, 25.428709 ], [ -101.012285, 25.428264 ], [ -101.011921, 25.428781 ], [ -101.011437, 25.428329 ], [ -101.012114, 25.427451 ], [ -101.012408, 25.427219 ], [ -101.01412, 25.428068 ], [ -101.013424, 25.42909 ], [ -101.014184, 25.4281 ], [ -101.014605, 25.42831 ], [ -101.013697, 25.429077 ], [ -101.013056, 25.429987 ], [ -101.012587, 25.43078 ], [ -101.012338, 25.431649 ], [ -101.012064, 25.432151 ], [ -101.011459, 25.431749 ], [ -101.011663, 25.431452 ], [ -101.01203, 25.431668 ], [ -101.012067, 25.431615 ], [ -101.011045, 25.431014 ], [ -101.011008, 25.431068 ], [ -101.011588, 25.431418 ], [ -101.011392, 25.43171 ], [ -101.010047, 25.430823 ], [ -101.010764, 25.429465 ], [ -101.01254, 25.430196 ], [ -101.012586, 25.430105 ], [ -101.010737, 25.42934 ] ] ] } },
{ "type": "Feature", "properties": { "INTENSIDAD": "Bajo", "PUNTAJE": 25, "TITULO": "Riesgo por Inundaciones Pluviales", "FENOMENO": "Hidrometeorológico", "FUENTE": "IMPLAN Saltillo — CARTO SALTILLO, Atlas de Riesgos 2024", "FECHA": "2024" }, "geometry": { "type": "Polygon", "coordinates": [ [ [ -101.018101, 25.44021 ], [ -101.017592, 25.43977 ], [ -101.018561, 25.439113 ], [ -101.018723, 25.439523 ], [ -101.018641, 25.440098 ], [ -101.017335, 25.441573 ], [ -101.017202, 25.441488 ], [ -101.017178, 25.440761 ], [ -101.017479, 25.440902 ], [ -101.018101, 25.44021 ] ] ] } },
{ "type": "Feature", "properties": { "INTENSIDAD": "Bajo", "PUNTAJE": 25, "TITULO": "Riesgo por Inundaciones Pluviales", "FENOMENO": "Hidrometeorológico", "FUENTE": "IMPLAN Saltillo — CARTO SALTILLO, Atlas de Riesgos 2024", "FECHA": "2024" }, "geometry": { "type": "Polygon", "coordinates": [ [ [ -101.017409, 25.443552 ], [ -101.01659, 25.443088 ], [ -101.017208, 25.442544 ], [ -101.017945, 25.442951 ], [ -101.017679, 25.443245 ], [ -101.017039, 25.442897 ], [ -101.016984, 25.442962 ], [ -101.017627, 25.443309 ], [ -101.017409, 25.443552 ] ] ] } },
{ "type": "Feature", "properties": { "INTENSIDAD": "Bajo", "PUNTAJE": 25, "TITULO": "Riesgo por Inundaciones Pluviales", "FENOMENO": "Hidrometeorológico", "FUENTE": "IMPLAN Saltillo — CARTO SALTILLO, Atlas de Riesgos 2024", "FECHA": "2024" }, "geometry": { "type": "Polygon", "coordinates": [ [ [ -101.017138, 25.443857 ], [ -101.016494, 25.443507 ], [ -101.01645, 25.443572 ], [ -101.017084, 25.443916 ], [ -101.016883, 25.444144 ], [ -101.015884, 25.443586 ], [ -101.016293, 25.442992 ], [ -101.017354, 25.443612 ], [ -101.017138, 25.443857 ] ] ] } },
{ "type": "Feature", "properties": { "INTENSIDAD": "Bajo", "PUNTAJE": 25, "TITULO": "Riesgo por Inundaciones Pluviales", "FENOMENO": "Hidrometeorológico", "FUENTE": "IMPLAN Saltillo — CARTO SALTILLO, Atlas de Riesgos 2024", "FECHA": "2024" }, "geometry": { "type": "Polygon", "coordinates": [ [ [ -101.015363, 25.444377 ], [ -101.01582, 25.443712 ], [ -101.016772, 25.444268 ], [ -101.016578, 25.444535 ], [ -101.01637, 25.444297 ], [ -101.016311, 25.444358 ], [ -101.015989, 25.444146 ], [ -101.015689, 25.444605 ], [ -101.015363, 25.444377 ] ] ] } },
{ "type": "Feature", "properties": { "INTENSIDAD": "Bajo", "PUNTAJE": 25, "TITULO": "Riesgo por Inundaciones Pluviales", "FENOMENO": "Hidrometeorológico", "FUENTE": "IMPLAN Saltillo — CARTO SALTILLO, Atlas de Riesgos 2024", "FECHA": "2024" }, "geometry": { "type": "Polygon", "coordinates": [ [ [ -101.018323, 25.449389 ], [ -101.017164, 25.449034 ], [ -101.017257, 25.448892 ], [ -101.017837, 25.449113 ], [ -101.017878, 25.449043 ], [ -101.01729, 25.448822 ], [ -101.017412, 25.448617 ], [ -101.018594, 25.449163 ], [ -101.018323, 25.449389 ] ] ] } },
{ "type": "Feature", "properties": { "INTENSIDAD": "Bajo", "PUNTAJE": 25, "TITULO": "Riesgo por Inundaciones Pluviales", "FENOMENO": "Hidrometeorológico", "FUENTE": "IMPLAN Saltillo — CARTO SALTILLO, Atlas de Riesgos 2024", "FECHA": "2024" }, "geometry": { "type": "Polygon", "coordinates": [ [ [ -101.020609, 25.459111 ], [ -101.022115, 25.458877 ], [ -101.022167, 25.45918 ], [ -101.020667, 25.459414 ], [ -101.020609, 25.459111 ] ] ] } },
{ "type": "Feature", "properties": { "INTENSIDAD": "Bajo", "PUNTAJE": 25, "TITULO": "Riesgo por Inundaciones Pluviales", "FENOMENO": "Hidrometeorológico", "FUENTE": "IMPLAN Saltillo — CARTO SALTILLO, Atlas de Riesgos 2024", "FECHA": "2024" }, "geometry": { "type": "Polygon", "coordinates": [ [ [ -101.023497, 25.459397 ], [ -101.022344, 25.459584 ], [ -101.022276, 25.459253 ], [ -101.023433, 25.45906 ], [ -101.023497, 25.459397 ] ] ] } },
{ "type": "Feature", "properties": { "INTENSIDAD": "Bajo", "PUNTAJE": 25, "TITULO": "Riesgo por Inundaciones Pluviales", "FENOMENO": "Hidrometeorológico", "FUENTE": "IMPLAN Saltillo — CARTO SALTILLO, Atlas de Riesgos 2024", "FECHA": "2024" }, "geometry": { "type": "Polygon", "coordinates": [ [ [ -101.020746, 25.459847 ], [ -101.020679, 25.459496 ], [ -101.022181, 25.459261 ], [ -101.022247, 25.459598 ], [ -101.020746, 25.459847 ] ] ] } },
{ "type": "Feature", "properties": { "INTENSIDAD": "Bajo", "PUNTAJE": 25, "TITULO": "Riesgo por Inundaciones Pluviales", "FENOMENO": "Hidrometeorológico", "FUENTE": "IMPLAN Saltillo — CARTO SALTILLO, Atlas de Riesgos 2024", "FECHA": "2024" }, "geometry": { "type": "Polygon", "coordinates": [ [ [ -101.020948, 25.460201 ], [ -101.02092, 25.460044 ], [ -101.020775, 25.459916 ], [ -101.02226, 25.459684 ], [ -101.022322, 25.459996 ], [ -101.020948, 25.460201 ] ] ] } },
{ "type": "Feature", "properties": { "INTENSIDAD": "Bajo", "PUNTAJE": 25, "TITULO": "Riesgo por Inundaciones Pluviales", "FENOMENO": "Hidrometeorológico", "FUENTE": "IMPLAN Saltillo — CARTO SALTILLO, Atlas de Riesgos 2024", "FECHA": "2024" }, "geometry": { "type": "Polygon", "coordinates": [ [ [ -101.021061, 25.460492 ], [ -101.021033, 25.460325 ], [ -101.021914, 25.460221 ], [ -101.021929, 25.460366 ], [ -101.021061, 25.460492 ] ] ] } },
{ "type": "Feature", "properties": { "INTENSIDAD": "Bajo", "PUNTAJE": 25, "TITULO": "Riesgo por Inundaciones Pluviales", "FENOMENO": "Hidrometeorológico", "FUENTE": "IMPLAN Saltillo — CARTO SALTILLO, Atlas de Riesgos 2024", "FECHA": "2024" }, "geometry": { "type": "Polygon", "coordinates": [ [ [ -101.022824, 25.460902 ], [ -101.022485, 25.460427 ], [ -101.022418, 25.460124 ], [ -101.022746, 25.460073 ], [ -101.022925, 25.46054 ], [ -101.023085, 25.460702 ], [ -101.022824, 25.460902 ] ] ] } },
{ "type": "Feature", "properties": { "INTENSIDAD": "Bajo", "PUNTAJE": 25, "TITULO": "Riesgo por Inundaciones Pluviales", "FENOMENO": "Hidrometeorológico", "FUENTE": "IMPLAN Saltillo — CARTO SALTILLO, Atlas de Riesgos 2024", "FECHA": "2024" }, "geometry": { "type": "Polygon", "coordinates": [ [ [ -101.022332, 25.46098 ], [ -101.022057, 25.46048 ], [ -101.021998, 25.460188 ], [ -101.022324, 25.460136 ], [ -101.022514, 25.460675 ], [ -101.022749, 25.460957 ], [ -101.022525, 25.461171 ], [ -101.022332, 25.46098 ] ] ] } },
{ "type": "Feature", "properties": { "INTENSIDAD": "Bajo", "PUNTAJE": 25, "TITULO": "Riesgo por Inundaciones Pluviales", "FENOMENO": "Hidrometeorológico", "FUENTE": "IMPLAN Saltillo — CARTO SALTILLO, Atlas de Riesgos 2024", "FECHA": "2024" }, "geometry": { "type": "Polygon", "coordinates": [ [ [ -101.022472, 25.461243 ], [ -101.022054, 25.461785 ], [ -101.021783, 25.46047 ], [ -101.021958, 25.460449 ], [ -101.022187, 25.460922 ], [ -101.022472, 25.461243 ] ] ] } },
{ "type": "Feature", "properties": { "INTENSIDAD": "Bajo", "PUNTAJE": 25, "TITULO": "Riesgo por Inundaciones Pluviales", "FENOMENO": "Hidrometeorológico", "FUENTE": "IMPLAN Saltillo — CARTO SALTILLO, Atlas de Riesgos 2024", "FECHA": "2024" }, "geometry": { "type": "Polygon", "coordinates": [ [ [ -101.021335, 25.460578 ], [ -101.021666, 25.460512 ], [ -101.022011, 25.462012 ], [ -101.021948, 25.46226 ], [ -101.021723, 25.462269 ], [ -101.021335, 25.460578 ] ] ] } },
{ "type": "Feature", "properties": { "INTENSIDAD": "Bajo", "PUNTAJE": 25, "TITULO": "Riesgo por Inundaciones Pluviales", "FENOMENO": "Hidrometeorológico", "FUENTE": "IMPLAN Saltillo — CARTO SALTILLO, Atlas de Riesgos 2024", "FECHA": "2024" }, "geometry": { "type": "Polygon", "coordinates": [ [ [ -101.023348, 25.461068 ], [ -101.022808, 25.461493 ], [ -101.022394, 25.462202 ], [ -101.022083, 25.462243 ], [ -101.022113, 25.461991 ], [ -101.022776, 25.461052 ], [ -101.023174, 25.460801 ], [ -101.023348, 25.461068 ] ] ] } },
{ "type": "Feature", "properties": { "INTENSIDAD": "Bajo", "PUNTAJE": 25, "TITULO": "Riesgo por Inundaciones Pluviales", "FENOMENO": "Hidrometeorológico", "FUENTE": "IMPLAN Saltillo — CARTO SALTILLO, Atlas de Riesgos 2024", "FECHA": "2024" }, "geometry": { "type": "Polygon", "coordinates": [ [ [ -101.013878, 25.462068 ], [ -101.013369, 25.462852 ], [ -101.013059, 25.462743 ], [ -101.013509, 25.462075 ], [ -101.013443, 25.462032 ], [ -101.01337, 25.462129 ], [ -101.012751, 25.46171 ], [ -101.013052, 25.461523 ], [ -101.013878, 25.462068 ] ] ] } },
{ "type": "Feature", "properties": { "INTENSIDAD": "Bajo", "PUNTAJE": 25, "TITULO": "Riesgo por Inundaciones Pluviales", "FENOMENO": "Hidrometeorológico", "FUENTE": "IMPLAN Saltillo — CARTO SALTILLO, Atlas de Riesgos 2024", "FECHA": "2024" }, "geometry": { "type": "Polygon", "coordinates": [ [ [ -101.02171, 25.462507 ], [ -101.02247, 25.463935 ], [ -101.022266, 25.464099 ], [ -101.021444, 25.462704 ], [ -101.021511, 25.462396 ], [ -101.022376, 25.46229 ], [ -101.022319, 25.46262 ], [ -101.021942, 25.462666 ], [ -101.021854, 25.462494 ], [ -101.02171, 25.462507 ] ] ] } },
{ "type": "Feature", "properties": { "INTENSIDAD": "Bajo", "PUNTAJE": 25, "TITULO": "Riesgo por Inundaciones Pluviales", "FENOMENO": "Hidrometeorológico", "FUENTE": "IMPLAN Saltillo — CARTO SALTILLO, Atlas de Riesgos 2024", "FECHA": "2024" }, "geometry": { "type": "Polygon", "coordinates": [ [ [ -101.014453, 25.465041 ], [ -101.014197, 25.465233 ], [ -101.013968, 25.465046 ], [ -101.014131, 25.464706 ], [ -101.013987, 25.464693 ], [ -101.013965, 25.46445 ], [ -101.015003, 25.465301 ], [ -101.014736, 25.465992 ], [ -101.014419, 25.466112 ], [ -101.013898, 25.465696 ], [ -101.013976, 25.465507 ], [ -101.013968, 25.465177 ], [ -101.014128, 25.465302 ], [ -101.014062, 25.465366 ], [ -101.014551, 25.465756 ], [ -101.01462, 25.465691 ], [ -101.014527, 25.465618 ], [ -101.01468, 25.465472 ], [ -101.014772, 25.465546 ], [ -101.014843, 25.465479 ], [ -101.014414, 25.46514 ], [ -101.014453, 25.465041 ] ] ] } },
{ "type": "Feature", "properties": { "INTENSIDAD": "Bajo", "PUNTAJE": 25, "TITULO": "Riesgo por Inundaciones Pluviales", "FENOMENO": "Hidrometeorológico", "FUENTE": "IMPLAN Saltillo — CARTO SALTILLO, Atlas de Riesgos 2024", "FECHA": "2024" }, "geometry": { "type": "Polygon", "coordinates": [ [ [ -101.016203, 25.466197 ], [ -101.015929, 25.466678 ], [ -101.015783, 25.4666 ], [ -101.015972, 25.46625 ], [ -101.015863, 25.466281 ], [ -101.015255, 25.465893 ], [ -101.015161, 25.465917 ], [ -101.014853, 25.466438 ], [ -101.01475, 25.466476 ], [ -101.015339, 25.466775 ], [ -101.015197, 25.467008 ], [ -101.013875, 25.466395 ], [ -101.013917, 25.466305 ], [ -101.014838, 25.46612 ], [ -101.015149, 25.465543 ], [ -101.015512, 25.465628 ], [ -101.016203, 25.466197 ] ] ] } },
{ "type": "Feature", "properties": { "INTENSIDAD": "Bajo", "PUNTAJE": 25, "TITULO": "Riesgo por Inundaciones Pluviales", "FENOMENO": "Hidrometeorológico", "FUENTE": "IMPLAN Saltillo — CARTO SALTILLO, Atlas de Riesgos 2024", "FECHA": "2024" }, "geometry": { "type": "Polygon", "coordinates": [ [ [ -101.022851, 25.466184 ], [ -101.022902, 25.466481 ], [ -101.02186, 25.466701 ], [ -101.023126, 25.468928 ], [ -101.022867, 25.469094 ], [ -101.020486, 25.465018 ], [ -101.020687, 25.464988 ], [ -101.021075, 25.46564 ], [ -101.022596, 25.464889 ], [ -101.022828, 25.466092 ], [ -101.021451, 25.466331 ], [ -101.021497, 25.466426 ], [ -101.022851, 25.466184 ] ] ] } },
{ "type": "Feature", "properties": { "INTENSIDAD": "Bajo", "PUNTAJE": 25, "TITULO": "Riesgo por Inundaciones Pluviales", "FENOMENO": "Hidrometeorológico", "FUENTE": "IMPLAN Saltillo — CARTO SALTILLO, Atlas de Riesgos 2024", "FECHA": "2024" }, "geometry": { "type": "Polygon", "coordinates": [ [ [ -101.012351, 25.468684 ], [ -101.012436, 25.467405 ], [ -101.012652, 25.466894 ], [ -101.012627, 25.466486 ], [ -101.012816, 25.46646 ], [ -101.012913, 25.466564 ], [ -101.012914, 25.466721 ], [ -101.012573, 25.467445 ], [ -101.012551, 25.468774 ], [ -101.012351, 25.468684 ] ] ] } },
{ "type": "Feature", "properties": { "INTENSIDAD": "Bajo", "PUNTAJE": 25, "TITULO": "Riesgo por Inundaciones Pluviales", "FENOMENO": "Hidrometeorológico", "FUENTE": "IMPLAN Saltillo — CARTO SALTILLO, Atlas de Riesgos 2024", "FECHA": "2024" }, "geometry": { "type": "Polygon", "coordinates": [ [ [ -101.014585, 25.467856 ], [ -101.014483, 25.467811 ], [ -101.014209, 25.468271 ], [ -101.013939, 25.468146 ], [ -101.014174, 25.467637 ], [ -101.014086, 25.467634 ], [ -101.014018, 25.467752 ], [ -101.013478, 25.4675 ], [ -101.013542, 25.46738 ], [ -101.013467, 25.467311 ], [ -101.013169, 25.467792 ], [ -101.012691, 25.467569 ], [ -101.012697, 25.467435 ], [ -101.012941, 25.466916 ], [ -101.015587, 25.468137 ], [ -101.015243, 25.468749 ], [ -101.014969, 25.468623 ], [ -101.015202, 25.468113 ], [ -101.015052, 25.46823 ], [ -101.014516, 25.467982 ], [ -101.014585, 25.467856 ] ] ] } },
{ "type": "Feature", "properties": { "INTENSIDAD": "Bajo", "PUNTAJE": 25, "TITULO": "Riesgo por Inundaciones Pluviales", "FENOMENO": "Hidrometeorológico", "FUENTE": "IMPLAN Saltillo — CARTO SALTILLO, Atlas de Riesgos 2024", "FECHA": "2024" }, "geometry": { "type": "Polygon", "coordinates": [ [ [ -101.022738, 25.469147 ], [ -101.022425, 25.469268 ], [ -101.021663, 25.468022 ], [ -101.021974, 25.46788 ], [ -101.022738, 25.469147 ] ] ] } },
{ "type": "Feature", "properties": { "INTENSIDAD": "Bajo", "PUNTAJE": 25, "TITULO": "Riesgo por Inundaciones Pluviales", "FENOMENO": "Hidrometeorológico", "FUENTE": "IMPLAN Saltillo — CARTO SALTILLO, Atlas de Riesgos 2024", "FECHA": "2024" }, "geometry": { "type": "Polygon", "coordinates": [ [ [ -101.022341, 25.469341 ], [ -101.022063, 25.469478 ], [ -101.021314, 25.468176 ], [ -101.021595, 25.468044 ], [ -101.022341, 25.469341 ] ] ] } },
{ "type": "Feature", "properties": { "INTENSIDAD": "Bajo", "PUNTAJE": 25, "TITULO": "Riesgo por Inundaciones Pluviales", "FENOMENO": "Hidrometeorológico", "FUENTE": "IMPLAN Saltillo — CARTO SALTILLO, Atlas de Riesgos 2024", "FECHA": "2024" }, "geometry": { "type": "Polygon", "coordinates": [ [ [ -101.021703, 25.469651 ], [ -101.020969, 25.468337 ], [ -101.021246, 25.468208 ], [ -101.021985, 25.469514 ], [ -101.021703, 25.469651 ] ] ] } },
{ "type": "Feature", "properties": { "INTENSIDAD": "Bajo", "PUNTAJE": 25, "TITULO": "Riesgo por Inundaciones Pluviales", "FENOMENO": "Hidrometeorológico", "FUENTE": "IMPLAN Saltillo — CARTO SALTILLO, Atlas de Riesgos 2024", "FECHA": "2024" }, "geometry": { "type": "Polygon", "coordinates": [ [ [ -101.013336, 25.47001 ], [ -101.013476, 25.469632 ], [ -101.013566, 25.469646 ], [ -101.013583, 25.469577 ], [ -101.012685, 25.469192 ], [ -101.012723, 25.468915 ], [ -101.013786, 25.469372 ], [ -101.013289, 25.470268 ], [ -101.013041, 25.470162 ], [ -101.013159, 25.469929 ], [ -101.013336, 25.47001 ] ] ] } },
{ "type": "Feature", "properties": { "INTENSIDAD": "Bajo", "PUNTAJE": 25, "TITULO": "Riesgo por Inundaciones Pluviales", "FENOMENO": "Hidrometeorológico", "FUENTE": "IMPLAN Saltillo — CARTO SALTILLO, Atlas de Riesgos 2024", "FECHA": "2024" }, "geometry": { "type": "Polygon", "coordinates": [ [ [ -101.023404, 25.470238 ], [ -101.023053, 25.470413 ], [ -101.022444, 25.46939 ], [ -101.022823, 25.469229 ], [ -101.023404, 25.470238 ] ] ] } },
{ "type": "Feature", "properties": { "INTENSIDAD": "Bajo", "PUNTAJE": 25, "TITULO": "Riesgo por Inundaciones Pluviales", "FENOMENO": "Hidrometeorológico", "FUENTE": "IMPLAN Saltillo — CARTO SALTILLO, Atlas de Riesgos 2024", "FECHA": "2024" }, "geometry": { "type": "Polygon", "coordinates": [ [ [ -101.02271, 25.470586 ], [ -101.022102, 25.469546 ], [ -101.022386, 25.469412 ], [ -101.022993, 25.47045 ], [ -101.02271, 25.470586 ] ] ] } },
{ "type": "Feature", "properties": { "INTENSIDAD": "Bajo", "PUNTAJE": 25, "TITULO": "Riesgo por Inundaciones Pluviales", "FENOMENO": "Hidrometeorológico", "FUENTE": "IMPLAN Saltillo — CARTO SALTILLO, Atlas de Riesgos 2024", "FECHA": "2024" }, "geometry": { "type": "Polygon", "coordinates": [ [ [ -101.022025, 25.469585 ], [ -101.022634, 25.470622 ], [ -101.02235, 25.470761 ], [ -101.02174, 25.46972 ], [ -101.022025, 25.469585 ] ] ] } },
{ "type": "Feature", "properties": { "INTENSIDAD": "Bajo", "PUNTAJE": 25, "TITULO": "Riesgo por Inundaciones Pluviales", "FENOMENO": "Hidrometeorológico", "FUENTE": "IMPLAN Saltillo — CARTO SALTILLO, Atlas de Riesgos 2024", "FECHA": "2024" }, "geometry": { "type": "Polygon", "coordinates": [ [ [ -101.021663, 25.469756 ], [ -101.022273, 25.470797 ], [ -101.021986, 25.470933 ], [ -101.021379, 25.469895 ], [ -101.021663, 25.469756 ] ] ] } },
{ "type": "Feature", "properties": { "INTENSIDAD": "Bajo", "PUNTAJE": 25, "TITULO": "Riesgo por Inundaciones Pluviales", "FENOMENO": "Hidrometeorológico", "FUENTE": "IMPLAN Saltillo — CARTO SALTILLO, Atlas de Riesgos 2024", "FECHA": "2024" }, "geometry": { "type": "Polygon", "coordinates": [ [ [ -101.021301, 25.469931 ], [ -101.021906, 25.470954 ], [ -101.021841, 25.470986 ], [ -101.021136, 25.470011 ], [ -101.021301, 25.469931 ] ] ] } },
{ "type": "Feature", "properties": { "INTENSIDAD": "Bajo", "PUNTAJE": 25, "TITULO": "Riesgo por Inundaciones Pluviales", "FENOMENO": "Hidrometeorológico", "FUENTE": "IMPLAN Saltillo — CARTO SALTILLO, Atlas de Riesgos 2024", "FECHA": "2024" }, "geometry": { "type": "Polygon", "coordinates": [ [ [ -101.023227, 25.470448 ], [ -101.023342, 25.470641 ], [ -101.022326, 25.471392 ], [ -101.022033, 25.471028 ], [ -101.023227, 25.470448 ] ] ] } },
{ "type": "Feature", "properties": { "INTENSIDAD": "Bajo", "PUNTAJE": 25, "TITULO": "Riesgo por Inundaciones Pluviales", "FENOMENO": "Hidrometeorológico", "FUENTE": "IMPLAN Saltillo — CARTO SALTILLO, Atlas de Riesgos 2024", "FECHA": "2024" }, "geometry": { "type": "Polygon", "coordinates": [ [ [ -101.015394, 25.472052 ], [ -101.014938, 25.472645 ], [ -101.014623, 25.472453 ], [ -101.015068, 25.471852 ], [ -101.015394, 25.472052 ] ] ] } },
{ "type": "Feature", "properties": { "INTENSIDAD": "Bajo", "PUNTAJE": 25, "TITULO": "Riesgo por Inundaciones Pluviales", "FENOMENO": "Hidrometeorológico", "FUENTE": "IMPLAN Saltillo — CARTO SALTILLO, Atlas de Riesgos 2024", "FECHA": "2024" }, "geometry": { "type": "Polygon", "coordinates": [ [ [ -101.014477, 25.47203 ], [ -101.014667, 25.472153 ], [ -101.014383, 25.472522 ], [ -101.01422, 25.472383 ], [ -101.014477, 25.47203 ] ] ] } },
{ "type": "Feature", "properties": { "INTENSIDAD": "Bajo", "PUNTAJE": 25, "TITULO": "Riesgo por Inundaciones Pluviales", "FENOMENO": "Hidrometeorológico", "FUENTE": "IMPLAN Saltillo — CARTO SALTILLO, Atlas de Riesgos 2024", "FECHA": "2024" }, "geometry": { "type": "Polygon", "coordinates": [ [ [ -101.015234, 25.472853 ], [ -101.015062, 25.472717 ], [ -101.015502, 25.472114 ], [ -101.015969, 25.472478 ], [ -101.015234, 25.472853 ] ] ] } },
{ "type": "Feature", "properties": { "INTENSIDAD": "Bajo", "PUNTAJE": 25, "TITULO": "Riesgo por Inundaciones Pluviales", "FENOMENO": "Hidrometeorológico", "FUENTE": "IMPLAN Saltillo — CARTO SALTILLO, Atlas de Riesgos 2024", "FECHA": "2024" }, "geometry": { "type": "Polygon", "coordinates": [ [ [ -101.01611, 25.472769 ], [ -101.014946, 25.473201 ], [ -101.014489, 25.473465 ], [ -101.014331, 25.472949 ], [ -101.013345, 25.472054 ], [ -101.013525, 25.471906 ], [ -101.014404, 25.472649 ], [ -101.014555, 25.472613 ], [ -101.015029, 25.472959 ], [ -101.014983, 25.473027 ], [ -101.016066, 25.472663 ], [ -101.01611, 25.472769 ] ] ] } },
{ "type": "Feature", "properties": { "INTENSIDAD": "Bajo", "PUNTAJE": 25, "TITULO": "Riesgo por Inundaciones Pluviales", "FENOMENO": "Hidrometeorológico", "FUENTE": "IMPLAN Saltillo — CARTO SALTILLO, Atlas de Riesgos 2024", "FECHA": "2024" }, "geometry": { "type": "Polygon", "coordinates": [ [ [ -101.016716, 25.473079 ], [ -101.016794, 25.473244 ], [ -101.016885, 25.473225 ], [ -101.017341, 25.47387 ], [ -101.017027, 25.474034 ], [ -101.016339, 25.472866 ], [ -101.017373, 25.472769 ], [ -101.017688, 25.473219 ], [ -101.017269, 25.47344 ], [ -101.016979, 25.473017 ], [ -101.016716, 25.473079 ] ] ] } },
{ "type": "Feature", "properties": { "INTENSIDAD": "Bajo", "PUNTAJE": 25, "TITULO": "Riesgo por Inundaciones Pluviales", "FENOMENO": "Hidrometeorológico", "FUENTE": "IMPLAN Saltillo — CARTO SALTILLO, Atlas de Riesgos 2024", "FECHA": "2024" }, "geometry": { "type": "Polygon", "coordinates": [ [ [ -101.016741, 25.473815 ], [ -101.016905, 25.47406 ], [ -101.016611, 25.474201 ], [ -101.016497, 25.474063 ], [ -101.016559, 25.474228 ], [ -101.016242, 25.474393 ], [ -101.015544, 25.473188 ], [ -101.01623, 25.47289 ], [ -101.016719, 25.473776 ], [ -101.016488, 25.473854 ], [ -101.016402, 25.473797 ], [ -101.016473, 25.473908 ], [ -101.016741, 25.473815 ] ] ] } },
{ "type": "Feature", "properties": { "INTENSIDAD": "Bajo", "PUNTAJE": 25, "TITULO": "Riesgo por Inundaciones Pluviales", "FENOMENO": "Hidrometeorológico", "FUENTE": "IMPLAN Saltillo — CARTO SALTILLO, Atlas de Riesgos 2024", "FECHA": "2024" }, "geometry": { "type": "Polygon", "coordinates": [ [ [ -101.0149, 25.473978 ], [ -101.015051, 25.473913 ], [ -101.01562, 25.475041 ], [ -101.015307, 25.475199 ], [ -101.014821, 25.474214 ], [ -101.0149, 25.473978 ] ] ] } },
{ "type": "Feature", "properties": { "INTENSIDAD": "Bajo", "PUNTAJE": 25, "TITULO": "Riesgo por Inundaciones Pluviales", "FENOMENO": "Hidrometeorológico", "FUENTE": "IMPLAN Saltillo — CARTO SALTILLO, Atlas de Riesgos 2024", "FECHA": "2024" }, "geometry": { "type": "Polygon", "coordinates": [ [ [ -101.017306, 25.474678 ], [ -101.016659, 25.475003 ], [ -101.016323, 25.474468 ], [ -101.01695, 25.474128 ], [ -101.017306, 25.474678 ] ] ] } },
{ "type": "Feature", "properties": { "INTENSIDAD": "Bajo", "PUNTAJE": 25, "TITULO": "Riesgo por Inundaciones Pluviales", "FENOMENO": "Hidrometeorológico", "FUENTE": "IMPLAN Saltillo — CARTO SALTILLO, Atlas de Riesgos 2024", "FECHA": "2024" }, "geometry": { "type": "Polygon", "coordinates": [ [ [ -101.022215, 25.474642 ], [ -101.0228, 25.474373 ], [ -101.022877, 25.474497 ], [ -101.022291, 25.474763 ], [ -101.022215, 25.474642 ] ] ] } },
{ "type": "Feature", "properties": { "INTENSIDAD": "Bajo", "PUNTAJE": 25, "TITULO": "Riesgo por Inundaciones Pluviales", "FENOMENO": "Hidrometeorológico", "FUENTE": "IMPLAN Saltillo — CARTO SALTILLO, Atlas de Riesgos 2024", "FECHA": "2024" }, "geometry": { "type": "Polygon", "coordinates": [ [ [ -101.022458, 25.475131 ], [ -101.022316, 25.474855 ], [ -101.022925, 25.474563 ], [ -101.023086, 25.474836 ], [ -101.022458, 25.475131 ] ] ] } },
{ "type": "Feature", "properties": { "INTENSIDAD": "Bajo", "PUNTAJE": 25, "TITULO": "Riesgo por Inundaciones Pluviales", "FENOMENO": "Hidrometeorológico", "FUENTE": "IMPLAN Saltillo — CARTO SALTILLO, Atlas de Riesgos 2024", "FECHA": "2024" }, "geometry": { "type": "Polygon", "coordinates": [ [ [ -101.014533, 25.474692 ], [ -101.014752, 25.474343 ], [ -101.015227, 25.475309 ], [ -101.01495, 25.475512 ], [ -101.014533, 25.474692 ] ] ] } },
{ "type": "Feature", "properties": { "INTENSIDAD": "Bajo", "PUNTAJE": 25, "TITULO": "Riesgo por Inundaciones Pluviales", "FENOMENO": "Hidrometeorológico", "FUENTE": "IMPLAN Saltillo — CARTO SALTILLO, Atlas de Riesgos 2024", "FECHA": "2024" }, "geometry": { "type": "Polygon", "coordinates": [ [ [ -101.012132, 25.475822 ], [ -101.012605, 25.47539 ], [ -101.012553, 25.475328 ], [ -101.012073, 25.475756 ], [ -101.011639, 25.475333 ], [ -101.014254, 25.473878 ], [ -101.013852, 25.47447 ], [ -101.012433, 25.476041 ], [ -101.012132, 25.475822 ] ] ] } },
{ "type": "Feature", "properties": { "INTENSIDAD": "Bajo", "PUNTAJE": 25, "TITULO": "Riesgo por Inundaciones Pluviales", "FENOMENO": "Hidrometeorológico", "FUENTE": "IMPLAN Saltillo — CARTO SALTILLO, Atlas de Riesgos 2024", "FECHA": "2024" }, "geometry": { "type": "Polygon", "coordinates": [ [ [ -101.017354, 25.474799 ], [ -101.017811, 25.475536 ], [ -101.017204, 25.475822 ], [ -101.016747, 25.475113 ], [ -101.017354, 25.474799 ] ] ] } },
{ "type": "Feature", "properties": { "INTENSIDAD": "Bajo", "PUNTAJE": 25, "TITULO": "Riesgo por Inundaciones Pluviales", "FENOMENO": "Hidrometeorológico", "FUENTE": "IMPLAN Saltillo — CARTO SALTILLO, Atlas de Riesgos 2024", "FECHA": "2024" }, "geometry": { "type": "Polygon", "coordinates": [ [ [ -101.013143, 25.477139 ], [ -101.011836, 25.477593 ], [ -101.011467, 25.477593 ], [ -101.012697, 25.476275 ], [ -101.012932, 25.475889 ], [ -101.013854, 25.474821 ], [ -101.014567, 25.473676 ], [ -101.014741, 25.473798 ], [ -101.014742, 25.474125 ], [ -101.014107, 25.475123 ], [ -101.014416, 25.474827 ], [ -101.014886, 25.475686 ], [ -101.015813, 25.475078 ], [ -101.015158, 25.473843 ], [ -101.015486, 25.473229 ], [ -101.016535, 25.475062 ], [ -101.016019, 25.475332 ], [ -101.016059, 25.475385 ], [ -101.016595, 25.475139 ], [ -101.017112, 25.475941 ], [ -101.017856, 25.47561 ], [ -101.018727, 25.477002 ], [ -101.018487, 25.477057 ], [ -101.016841, 25.476546 ], [ -101.016116, 25.476579 ], [ -101.014179, 25.476269 ], [ -101.013529, 25.47647 ], [ -101.013345, 25.476678 ], [ -101.013143, 25.477139 ] ] ] } },
{ "type": "Feature", "properties": { "INTENSIDAD": "Bajo", "PUNTAJE": 25, "TITULO": "Riesgo por Inundaciones Pluviales", "FENOMENO": "Hidrometeorológico", "FUENTE": "IMPLAN Saltillo — CARTO SALTILLO, Atlas de Riesgos 2024", "FECHA": "2024" }, "geometry": { "type": "Polygon", "coordinates": [ [ [ -101.020812, 25.476002 ], [ -101.022453, 25.475258 ], [ -101.022614, 25.475547 ], [ -101.020977, 25.476295 ], [ -101.020812, 25.476002 ] ] ] } },
{ "type": "Feature", "properties": { "INTENSIDAD": "Bajo", "PUNTAJE": 25, "TITULO": "Riesgo por Inundaciones Pluviales", "FENOMENO": "Hidrometeorológico", "FUENTE": "IMPLAN Saltillo — CARTO SALTILLO, Atlas de Riesgos 2024", "FECHA": "2024" }, "geometry": { "type": "Polygon", "coordinates": [ [ [ -101.020697, 25.475969 ], [ -101.019966, 25.476314 ], [ -101.019799, 25.476011 ], [ -101.020526, 25.475674 ], [ -101.020697, 25.475969 ] ] ] } },
{ "type": "Feature", "properties": { "INTENSIDAD": "Bajo", "PUNTAJE": 25, "TITULO": "Riesgo por Inundaciones Pluviales", "FENOMENO": "Hidrometeorológico", "FUENTE": "IMPLAN Saltillo — CARTO SALTILLO, Atlas de Riesgos 2024", "FECHA": "2024" }, "geometry": { "type": "Polygon", "coordinates": [ [ [ -101.019678, 25.475981 ], [ -101.018591, 25.476484 ], [ -101.018412, 25.476234 ], [ -101.019527, 25.475732 ], [ -101.019678, 25.475981 ] ] ] } },
{ "type": "Feature", "properties": { "INTENSIDAD": "Bajo", "PUNTAJE": 25, "TITULO": "Riesgo por Inundaciones Pluviales", "FENOMENO": "Hidrometeorológico", "FUENTE": "IMPLAN Saltillo — CARTO SALTILLO, Atlas de Riesgos 2024", "FECHA": "2024" }, "geometry": { "type": "Polygon", "coordinates": [ [ [ -101.022816, 25.475915 ], [ -101.021179, 25.476658 ], [ -101.021014, 25.476361 ], [ -101.022655, 25.475621 ], [ -101.022816, 25.475915 ] ] ] } },
{ "type": "Feature", "properties": { "INTENSIDAD": "Bajo", "PUNTAJE": 25, "TITULO": "Riesgo por Inundaciones Pluviales", "FENOMENO": "Hidrometeorológico", "FUENTE": "IMPLAN Saltillo — CARTO SALTILLO, Atlas de Riesgos 2024", "FECHA": "2024" }, "geometry": { "type": "Polygon", "coordinates": [ [ [ -101.021946, 25.476411 ], [ -101.022844, 25.47599 ], [ -101.022987, 25.476274 ], [ -101.022179, 25.476635 ], [ -101.021946, 25.476411 ] ] ] } },
{ "type": "Feature", "properties": { "INTENSIDAD": "Bajo", "PUNTAJE": 25, "TITULO": "Riesgo por Inundaciones Pluviales", "FENOMENO": "Hidrometeorológico", "FUENTE": "IMPLAN Saltillo — CARTO SALTILLO, Atlas de Riesgos 2024", "FECHA": "2024" }, "geometry": { "type": "Polygon", "coordinates": [ [ [ -101.020906, 25.476329 ], [ -101.020162, 25.476669 ], [ -101.020004, 25.476383 ], [ -101.020735, 25.476038 ], [ -101.020906, 25.476329 ] ] ] } },
{ "type": "Feature", "properties": { "INTENSIDAD": "Bajo", "PUNTAJE": 25, "TITULO": "Riesgo por Inundaciones Pluviales", "FENOMENO": "Hidrometeorológico", "FUENTE": "IMPLAN Saltillo — CARTO SALTILLO, Atlas de Riesgos 2024", "FECHA": "2024" }, "geometry": { "type": "Polygon", "coordinates": [ [ [ -101.019883, 25.476353 ], [ -101.018817, 25.476856 ], [ -101.018631, 25.476552 ], [ -101.019716, 25.47605 ], [ -101.019883, 25.476353 ] ] ] } },
{ "type": "Feature", "properties": { "INTENSIDAD": "Bajo", "PUNTAJE": 25, "TITULO": "Riesgo por Inundaciones Pluviales", "FENOMENO": "Hidrometeorológico", "FUENTE": "IMPLAN Saltillo — CARTO SALTILLO, Atlas de Riesgos 2024", "FECHA": "2024" }, "geometry": { "type": "Polygon", "coordinates": [ [ [ -101.023034, 25.476354 ], [ -101.023203, 25.476669 ], [ -101.022656, 25.476881 ], [ -101.022353, 25.476678 ], [ -101.023034, 25.476354 ] ] ] } },
{ "type": "Feature", "properties": { "INTENSIDAD": "Bajo", "PUNTAJE": 25, "TITULO": "Riesgo por Inundaciones Pluviales", "FENOMENO": "Hidrometeorológico", "FUENTE": "IMPLAN Saltillo — CARTO SALTILLO, Atlas de Riesgos 2024", "FECHA": "2024" }, "geometry": { "type": "Polygon", "coordinates": [ [ [ -101.020201, 25.476741 ], [ -101.02094, 25.476397 ], [ -101.021106, 25.476697 ], [ -101.020364, 25.477036 ], [ -101.020201, 25.476741 ] ] ] } },
{ "type": "Feature", "properties": { "INTENSIDAD": "Bajo", "PUNTAJE": 25, "TITULO": "Riesgo por Inundaciones Pluviales", "FENOMENO": "Hidrometeorológico", "FUENTE": "IMPLAN Saltillo — CARTO SALTILLO, Atlas de Riesgos 2024", "FECHA": "2024" }, "geometry": { "type": "Polygon", "coordinates": [ [ [ -101.020079, 25.476708 ], [ -101.01905, 25.477185 ], [ -101.018868, 25.476919 ], [ -101.019921, 25.476422 ], [ -101.020079, 25.476708 ] ] ] } },
{ "type": "Feature", "properties": { "INTENSIDAD": "Bajo", "PUNTAJE": 25, "TITULO": "Riesgo por Inundaciones Pluviales", "FENOMENO": "Hidrometeorológico", "FUENTE": "IMPLAN Saltillo — CARTO SALTILLO, Atlas de Riesgos 2024", "FECHA": "2024" }, "geometry": { "type": "Polygon", "coordinates": [ [ [ -101.020331, 25.477166 ], [ -101.019259, 25.477403 ], [ -101.019099, 25.477236 ], [ -101.020117, 25.476778 ], [ -101.020331, 25.477166 ] ] ] } },
{ "type": "Feature", "properties": { "INTENSIDAD": "Bajo", "PUNTAJE": 25, "TITULO": "Riesgo por Inundaciones Pluviales", "FENOMENO": "Hidrometeorológico", "FUENTE": "IMPLAN Saltillo — CARTO SALTILLO, Atlas de Riesgos 2024", "FECHA": "2024" }, "geometry": { "type": "Polygon", "coordinates": [ [ [ -101.015396, 25.477535 ], [ -101.015401, 25.477261 ], [ -101.016796, 25.477281 ], [ -101.016763, 25.477549 ], [ -101.015396, 25.477535 ] ] ] } },
{ "type": "Feature", "properties": { "INTENSIDAD": "Bajo", "PUNTAJE": 25, "TITULO": "Riesgo por Inundaciones Pluviales", "FENOMENO": "Hidrometeorológico", "FUENTE": "IMPLAN Saltillo — CARTO SALTILLO, Atlas de Riesgos 2024", "FECHA": "2024" }, "geometry": { "type": "Polygon", "coordinates": [ [ [ -101.016895, 25.477252 ], [ -101.017528, 25.47734 ], [ -101.018352, 25.477681 ], [ -101.018088, 25.47787 ], [ -101.01687, 25.477537 ], [ -101.016895, 25.477252 ] ] ] } },
{ "type": "Feature", "properties": { "INTENSIDAD": "Bajo", "PUNTAJE": 25, "TITULO": "Riesgo por Inundaciones Pluviales", "FENOMENO": "Hidrometeorológico", "FUENTE": "IMPLAN Saltillo — CARTO SALTILLO, Atlas de Riesgos 2024", "FECHA": "2024" }, "geometry": { "type": "Polygon", "coordinates": [ [ [ -101.020564, 25.477574 ], [ -101.021572, 25.477821 ], [ -101.021454, 25.478036 ], [ -101.020868, 25.477794 ], [ -101.020325, 25.477875 ], [ -101.019916, 25.477649 ], [ -101.020564, 25.477574 ] ] ] } },
{ "type": "Feature", "properties": { "INTENSIDAD": "Bajo", "PUNTAJE": 25, "TITULO": "Riesgo por Inundaciones Pluviales", "FENOMENO": "Hidrometeorológico", "FUENTE": "IMPLAN Saltillo — CARTO SALTILLO, Atlas de Riesgos 2024", "FECHA": "2024" }, "geometry": { "type": "Polygon", "coordinates": [ [ [ -101.015708, 25.477668 ], [ -101.016623, 25.477634 ], [ -101.016629, 25.477719 ], [ -101.015905, 25.47803 ], [ -101.015708, 25.477668 ] ] ] } },
{ "type": "Feature", "properties": { "INTENSIDAD": "Bajo", "PUNTAJE": 25, "TITULO": "Riesgo por Inundaciones Pluviales", "FENOMENO": "Hidrometeorológico", "FUENTE": "IMPLAN Saltillo — CARTO SALTILLO, Atlas de Riesgos 2024", "FECHA": "2024" }, "geometry": { "type": "Polygon", "coordinates": [ [ [ -101.014037, 25.47846 ], [ -101.013734, 25.478339 ], [ -101.014335, 25.477463 ], [ -101.015229, 25.47726 ], [ -101.015257, 25.477553 ], [ -101.014496, 25.477776 ], [ -101.014037, 25.47846 ] ] ] } },
{ "type": "Feature", "properties": { "INTENSIDAD": "Bajo", "PUNTAJE": 25, "TITULO": "Riesgo por Inundaciones Pluviales", "FENOMENO": "Hidrometeorológico", "FUENTE": "IMPLAN Saltillo — CARTO SALTILLO, Atlas de Riesgos 2024", "FECHA": "2024" }, "geometry": { "type": "Polygon", "coordinates": [ [ [ -101.014596, 25.47783 ], [ -101.015, 25.477703 ], [ -101.015082, 25.47801 ], [ -101.014462, 25.478058 ], [ -101.014596, 25.47783 ] ] ] } },
{ "type": "Feature", "properties": { "INTENSIDAD": "Bajo", "PUNTAJE": 25, "TITULO": "Riesgo por Inundaciones Pluviales", "FENOMENO": "Hidrometeorológico", "FUENTE": "IMPLAN Saltillo — CARTO SALTILLO, Atlas de Riesgos 2024", "FECHA": "2024" }, "geometry": { "type": "Polygon", "coordinates": [ [ [ -101.015143, 25.477718 ], [ -101.015569, 25.477649 ], [ -101.015772, 25.478103 ], [ -101.015368, 25.478311 ], [ -101.015143, 25.477718 ] ] ] } },
{ "type": "Feature", "properties": { "INTENSIDAD": "Bajo", "PUNTAJE": 25, "TITULO": "Riesgo por Inundaciones Pluviales", "FENOMENO": "Hidrometeorológico", "FUENTE": "IMPLAN Saltillo — CARTO SALTILLO, Atlas de Riesgos 2024", "FECHA": "2024" }, "geometry": { "type": "Polygon", "coordinates": [ [ [ -101.022334, 25.477995 ], [ -101.022285, 25.47815 ], [ -101.021614, 25.478096 ], [ -101.021686, 25.477899 ], [ -101.022334, 25.477995 ] ] ] } },
{ "type": "Feature", "properties": { "INTENSIDAD": "Bajo", "PUNTAJE": 25, "TITULO": "Riesgo por Inundaciones Pluviales", "FENOMENO": "Hidrometeorológico", "FUENTE": "IMPLAN Saltillo — CARTO SALTILLO, Atlas de Riesgos 2024", "FECHA": "2024" }, "geometry": { "type": "Polygon", "coordinates": [ [ [ -101.017425, 25.478487 ], [ -101.017362, 25.478378 ], [ -101.018309, 25.477883 ], [ -101.018474, 25.477682 ], [ -101.01916, 25.477584 ], [ -101.018058, 25.4781 ], [ -101.018086, 25.478146 ], [ -101.017425, 25.478487 ] ] ] } },
{ "type": "Feature", "properties": { "INTENSIDAD": "Bajo", "PUNTAJE": 25, "TITULO": "Riesgo por Inundaciones Pluviales", "FENOMENO": "Hidrometeorológico", "FUENTE": "IMPLAN Saltillo — CARTO SALTILLO, Atlas de Riesgos 2024", "FECHA": "2024" }, "geometry": { "type": "Polygon", "coordinates": [ [ [ -101.016907, 25.478045 ], [ -101.015851, 25.478517 ], [ -101.015694, 25.478266 ], [ -101.016854, 25.477659 ], [ -101.017376, 25.477742 ], [ -101.016907, 25.478045 ] ] ] } },
{ "type": "Feature", "properties": { "INTENSIDAD": "Bajo", "PUNTAJE": 25, "TITULO": "Riesgo por Inundaciones Pluviales", "FENOMENO": "Hidrometeorológico", "FUENTE": "IMPLAN Saltillo — CARTO SALTILLO, Atlas de Riesgos 2024", "FECHA": "2024" }, "geometry": { "type": "Polygon", "coordinates": [ [ [ -101.020628, 25.477866 ], [ -101.021026, 25.477896 ], [ -101.021411, 25.478105 ], [ -101.021234, 25.478362 ], [ -101.020448, 25.477946 ], [ -101.020628, 25.477866 ] ] ] } },
{ "type": "Feature", "properties": { "INTENSIDAD": "Bajo", "PUNTAJE": 25, "TITULO": "Riesgo por Inundaciones Pluviales", "FENOMENO": "Hidrometeorológico", "FUENTE": "IMPLAN Saltillo — CARTO SALTILLO, Atlas de Riesgos 2024", "FECHA": "2024" }, "geometry": { "type": "Polygon", "coordinates": [ [ [ -101.0179, 25.477918 ], [ -101.017366, 25.478255 ], [ -101.016934, 25.478412 ], [ -101.016846, 25.478175 ], [ -101.01756, 25.477808 ], [ -101.0179, 25.477918 ] ] ] } },
{ "type": "Feature", "properties": { "INTENSIDAD": "Bajo", "PUNTAJE": 25, "TITULO": "Riesgo por Inundaciones Pluviales", "FENOMENO": "Hidrometeorológico", "FUENTE": "IMPLAN Saltillo — CARTO SALTILLO, Atlas de Riesgos 2024", "FECHA": "2024" }, "geometry": { "type": "Polygon", "coordinates": [ [ [ -101.015156, 25.478134 ], [ -101.015235, 25.478389 ], [ -101.01418, 25.478431 ], [ -101.014332, 25.478162 ], [ -101.015156, 25.478134 ] ] ] } },
{ "type": "Feature", "properties": { "INTENSIDAD": "Bajo", "PUNTAJE": 25, "TITULO": "Riesgo por Inundaciones Pluviales", "FENOMENO": "Hidrometeorológico", "FUENTE": "IMPLAN Saltillo — CARTO SALTILLO, Atlas de Riesgos 2024", "FECHA": "2024" }, "geometry": { "type": "Polygon", "coordinates": [ [ [ -101.022695, 25.47865 ], [ -101.021993, 25.478302 ], [ -101.021976, 25.478239 ], [ -101.022897, 25.478249 ], [ -101.022695, 25.47865 ] ] ] } },
{ "type": "Feature", "properties": { "INTENSIDAD": "Bajo", "PUNTAJE": 25, "TITULO": "Riesgo por Inundaciones Pluviales", "FENOMENO": "Hidrometeorológico", "FUENTE": "IMPLAN Saltillo — CARTO SALTILLO, Atlas de Riesgos 2024", "FECHA": "2024" }, "geometry": { "type": "Polygon", "coordinates": [ [ [ -101.01854, 25.478173 ], [ -101.018991, 25.478111 ], [ -101.018573, 25.478955 ], [ -101.018261, 25.478957 ], [ -101.01816, 25.47809 ], [ -101.01847, 25.477941 ], [ -101.01854, 25.478173 ] ] ] } },
{ "type": "Feature", "properties": { "INTENSIDAD": "Bajo", "PUNTAJE": 25, "TITULO": "Riesgo por Inundaciones Pluviales", "FENOMENO": "Hidrometeorológico", "FUENTE": "IMPLAN Saltillo — CARTO SALTILLO, Atlas de Riesgos 2024", "FECHA": "2024" }, "geometry": { "type": "Polygon", "coordinates": [ [ [ -101.021117, 25.478542 ], [ -101.020967, 25.478799 ], [ -101.020046, 25.478335 ], [ -101.020214, 25.478114 ], [ -101.021117, 25.478542 ] ] ] } },
{ "type": "Feature", "properties": { "INTENSIDAD": "Bajo", "PUNTAJE": 25, "TITULO": "Riesgo por Inundaciones Pluviales", "FENOMENO": "Hidrometeorológico", "FUENTE": "IMPLAN Saltillo — CARTO SALTILLO, Atlas de Riesgos 2024", "FECHA": "2024" }, "geometry": { "type": "Polygon", "coordinates": [ [ [ -101.015919, 25.478594 ], [ -101.016702, 25.478217 ], [ -101.01684, 25.478475 ], [ -101.016077, 25.47883 ], [ -101.015919, 25.478594 ] ] ] } },
{ "type": "Feature", "properties": { "INTENSIDAD": "Bajo", "PUNTAJE": 25, "TITULO": "Riesgo por Inundaciones Pluviales", "FENOMENO": "Hidrometeorológico", "FUENTE": "IMPLAN Saltillo — CARTO SALTILLO, Atlas de Riesgos 2024", "FECHA": "2024" }, "geometry": { "type": "Polygon", "coordinates": [ [ [ -101.01531, 25.478765 ], [ -101.013985, 25.478885 ], [ -101.013908, 25.478846 ], [ -101.014106, 25.478576 ], [ -101.015187, 25.478503 ], [ -101.015583, 25.478326 ], [ -101.015728, 25.47858 ], [ -101.01531, 25.478765 ] ] ] } },
{ "type": "Feature", "properties": { "INTENSIDAD": "Bajo", "PUNTAJE": 25, "TITULO": "Riesgo por Inundaciones Pluviales", "FENOMENO": "Hidrometeorológico", "FUENTE": "IMPLAN Saltillo — CARTO SALTILLO, Atlas de Riesgos 2024", "FECHA": "2024" }, "geometry": { "type": "Polygon", "coordinates": [ [ [ -101.019435, 25.479287 ], [ -101.019037, 25.479412 ], [ -101.018768, 25.478752 ], [ -101.019179, 25.477925 ], [ -101.019376, 25.478412 ], [ -101.019322, 25.478966 ], [ -101.019435, 25.479287 ] ] ] } },
{ "type": "Feature", "properties": { "INTENSIDAD": "Bajo", "PUNTAJE": 25, "TITULO": "Riesgo por Inundaciones Pluviales", "FENOMENO": "Hidrometeorológico", "FUENTE": "IMPLAN Saltillo — CARTO SALTILLO, Atlas de Riesgos 2024", "FECHA": "2024" }, "geometry": { "type": "Polygon", "coordinates": [ [ [ -101.020358, 25.478653 ], [ -101.020168, 25.478992 ], [ -101.019936, 25.478439 ], [ -101.020358, 25.478653 ] ] ] } },
{ "type": "Feature", "properties": { "INTENSIDAD": "Bajo", "PUNTAJE": 25, "TITULO": "Riesgo por Inundaciones Pluviales", "FENOMENO": "Hidrometeorológico", "FUENTE": "IMPLAN Saltillo — CARTO SALTILLO, Atlas de Riesgos 2024", "FECHA": "2024" }, "geometry": { "type": "Polygon", "coordinates": [ [ [ -101.013925, 25.47858 ], [ -101.013628, 25.47903 ], [ -101.013423, 25.478908 ], [ -101.013713, 25.478466 ], [ -101.013925, 25.47858 ] ] ] } },
{ "type": "Feature", "properties": { "INTENSIDAD": "Bajo", "PUNTAJE": 25, "TITULO": "Riesgo por Inundaciones Pluviales", "FENOMENO": "Hidrometeorológico", "FUENTE": "IMPLAN Saltillo — CARTO SALTILLO, Atlas de Riesgos 2024", "FECHA": "2024" }, "geometry": { "type": "Polygon", "coordinates": [ [ [ -101.019318, 25.477685 ], [ -101.019538, 25.478178 ], [ -101.020209, 25.479867 ], [ -101.020024, 25.479882 ], [ -101.019852, 25.479531 ], [ -101.019632, 25.479596 ], [ -101.019382, 25.479025 ], [ -101.019429, 25.478377 ], [ -101.019245, 25.477829 ], [ -101.019318, 25.477685 ] ] ] } },
{ "type": "Feature", "properties": { "INTENSIDAD": "Bajo", "PUNTAJE": 25, "TITULO": "Riesgo por Inundaciones Pluviales", "FENOMENO": "Hidrometeorológico", "FUENTE": "IMPLAN Saltillo — CARTO SALTILLO, Atlas de Riesgos 2024", "FECHA": "2024" }, "geometry": { "type": "Polygon", "coordinates": [ [ [ -101.015964, 25.47889 ], [ -101.015619, 25.479073 ], [ -101.014986, 25.479183 ], [ -101.014929, 25.47889 ], [ -101.015391, 25.47883 ], [ -101.015815, 25.478648 ], [ -101.015964, 25.47889 ] ] ] } },
{ "type": "Feature", "properties": { "INTENSIDAD": "Bajo", "PUNTAJE": 25, "TITULO": "Riesgo por Inundaciones Pluviales", "FENOMENO": "Hidrometeorológico", "FUENTE": "IMPLAN Saltillo — CARTO SALTILLO, Atlas de Riesgos 2024", "FECHA": "2024" }, "geometry": { "type": "Polygon", "coordinates": [ [ [ -101.0204, 25.479856 ], [ -101.020614, 25.480095 ], [ -101.020442, 25.480105 ], [ -101.019402, 25.477798 ], [ -101.020117, 25.478089 ], [ -101.01975, 25.478396 ], [ -101.0204, 25.479856 ] ] ] } },
{ "type": "Feature", "properties": { "INTENSIDAD": "Bajo", "PUNTAJE": 25, "TITULO": "Riesgo por Inundaciones Pluviales", "FENOMENO": "Hidrometeorológico", "FUENTE": "IMPLAN Saltillo — CARTO SALTILLO, Atlas de Riesgos 2024", "FECHA": "2024" }, "geometry": { "type": "Polygon", "coordinates": [ [ [ -101.020382, 25.479449 ], [ -101.020243, 25.479145 ], [ -101.020478, 25.478692 ], [ -101.020746, 25.478831 ], [ -101.020382, 25.479449 ] ] ] } },
{ "type": "Feature", "properties": { "INTENSIDAD": "Bajo", "PUNTAJE": 25, "TITULO": "Riesgo por Inundaciones Pluviales", "FENOMENO": "Hidrometeorológico", "FUENTE": "IMPLAN Saltillo — CARTO SALTILLO, Atlas de Riesgos 2024", "FECHA": "2024" }, "geometry": { "type": "Polygon", "coordinates": [ [ [ -101.021175, 25.478891 ], [ -101.021311, 25.47862 ], [ -101.022802, 25.479395 ], [ -101.022905, 25.479506 ], [ -101.022912, 25.479752 ], [ -101.022727, 25.47987 ], [ -101.020842, 25.480098 ], [ -101.020571, 25.479823 ], [ -101.022595, 25.479566 ], [ -101.022613, 25.479509 ], [ -101.022555, 25.479409 ], [ -101.022348, 25.479492 ], [ -101.021175, 25.478891 ] ] ] } },
{ "type": "Feature", "properties": { "INTENSIDAD": "Bajo", "PUNTAJE": 25, "TITULO": "Riesgo por Inundaciones Pluviales", "FENOMENO": "Hidrometeorológico", "FUENTE": "IMPLAN Saltillo — CARTO SALTILLO, Atlas de Riesgos 2024", "FECHA": "2024" }, "geometry": { "type": "Polygon", "coordinates": [ [ [ -101.015607, 25.47965 ], [ -101.016859, 25.47912 ], [ -101.017541, 25.48047 ], [ -101.017834, 25.480661 ], [ -101.017245, 25.481229 ], [ -101.01684, 25.480662 ], [ -101.016798, 25.480708 ], [ -101.017189, 25.48128 ], [ -101.016446, 25.481966 ], [ -101.015947, 25.481901 ], [ -101.014622, 25.481925 ], [ -101.014622, 25.481989 ], [ -101.015946, 25.481965 ], [ -101.016342, 25.482034 ], [ -101.015632, 25.482737 ], [ -101.015276, 25.482792 ], [ -101.015268, 25.482848 ], [ -101.015678, 25.482782 ], [ -101.016378, 25.48221 ], [ -101.01651, 25.482842 ], [ -101.015733, 25.482888 ], [ -101.015409, 25.483086 ], [ -101.014831, 25.483238 ], [ -101.014208, 25.483281 ], [ -101.013977, 25.483543 ], [ -101.013501, 25.483519 ], [ -101.013154, 25.483804 ], [ -101.012904, 25.48375 ], [ -101.012635, 25.483852 ], [ -101.012102, 25.483788 ], [ -101.011112, 25.483955 ], [ -101.010673, 25.48412 ], [ -101.009793, 25.484185 ], [ -101.008702, 25.483189 ], [ -101.009213, 25.483136 ], [ -101.009527, 25.483379 ], [ -101.011736, 25.483397 ], [ -101.012942, 25.483265 ], [ -101.014511, 25.482934 ], [ -101.014419, 25.482672 ], [ -101.014506, 25.482447 ], [ -101.013746, 25.482105 ], [ -101.01303, 25.482 ], [ -101.01251, 25.482108 ], [ -101.012519, 25.482348 ], [ -101.012268, 25.482312 ], [ -101.012153, 25.481402 ], [ -101.014134, 25.481099 ], [ -101.014071, 25.480859 ], [ -101.014145, 25.480383 ], [ -101.01325, 25.480533 ], [ -101.01297, 25.479846 ], [ -101.013744, 25.479553 ], [ -101.015502, 25.479427 ], [ -101.016575, 25.478866 ], [ -101.016609, 25.478919 ], [ -101.017253, 25.478637 ], [ -101.01739, 25.478911 ], [ -101.017439, 25.47889 ], [ -101.017325, 25.478596 ], [ -101.017602, 25.478459 ], [ -101.017704, 25.479007 ], [ -101.017777, 25.478993 ], [ -101.017686, 25.478422 ], [ -101.018039, 25.478241 ], [ -101.01814, 25.479011 ], [ -101.018296, 25.479018 ], [ -101.018184, 25.479262 ], [ -101.017985, 25.479333 ], [ -101.018226, 25.479314 ], [ -101.018362, 25.479018 ], [ -101.018519, 25.479031 ], [ -101.017833, 25.480556 ], [ -101.017666, 25.480472 ], [ -101.016856, 25.47897 ], [ -101.015615, 25.479478 ], [ -101.015444, 25.479738 ], [ -101.016252, 25.480915 ], [ -101.016349, 25.480819 ], [ -101.015607, 25.47965 ] ] ] } },
{ "type": "Feature", "properties": { "INTENSIDAD": "Bajo", "PUNTAJE": 25, "TITULO": "Riesgo por Inundaciones Pluviales", "FENOMENO": "Hidrometeorológico", "FUENTE": "IMPLAN Saltillo — CARTO SALTILLO, Atlas de Riesgos 2024", "FECHA": "2024" }, "geometry": { "type": "Polygon", "coordinates": [ [ [ -101.024329, 25.482316 ], [ -101.022357, 25.481703 ], [ -101.020673, 25.480281 ], [ -101.020903, 25.480274 ], [ -101.022547, 25.481611 ], [ -101.024412, 25.482201 ], [ -101.024329, 25.482316 ] ] ] } },
{ "type": "Feature", "properties": { "INTENSIDAD": "Bajo", "PUNTAJE": 25, "TITULO": "Riesgo por Inundaciones Pluviales", "FENOMENO": "Hidrometeorológico", "FUENTE": "IMPLAN Saltillo — CARTO SALTILLO, Atlas de Riesgos 2024", "FECHA": "2024" }, "geometry": { "type": "Polygon", "coordinates": [ [ [ -101.009648, 25.35116 ], [ -101.009534, 25.35167 ], [ -101.009231, 25.351603 ], [ -101.009354, 25.351107 ], [ -101.010409, 25.350026 ], [ -101.010338, 25.349958 ], [ -101.010229, 25.35008 ], [ -101.009214, 25.349102 ], [ -101.009121, 25.348873 ], [ -101.009417, 25.348791 ], [ -101.009613, 25.349135 ], [ -101.011159, 25.350465 ], [ -101.010945, 25.350668 ], [ -101.010596, 25.350366 ], [ -101.010703, 25.350265 ], [ -101.010647, 25.350224 ], [ -101.009648, 25.35116 ] ] ] } },
{ "type": "Feature", "properties": { "INTENSIDAD": "Bajo", "PUNTAJE": 25, "TITULO": "Riesgo por Inundaciones Pluviales", "FENOMENO": "Hidrometeorológico", "FUENTE": "IMPLAN Saltillo — CARTO SALTILLO, Atlas de Riesgos 2024", "FECHA": "2024" }, "geometry": { "type": "Polygon", "coordinates": [ [ [ -100.999857, 25.350365 ], [ -100.999909, 25.350324 ], [ -101.001089, 25.351443 ], [ -101.001624, 25.351007 ], [ -101.001898, 25.351283 ], [ -101.00124, 25.35182 ], [ -101.001114, 25.35171 ], [ -101.000998, 25.351807 ], [ -100.999949, 25.350765 ], [ -101.000066, 25.350602 ], [ -100.999857, 25.350365 ] ] ] } },
{ "type": "Feature", "properties": { "INTENSIDAD": "Bajo", "PUNTAJE": 25, "TITULO": "Riesgo por Inundaciones Pluviales", "FENOMENO": "Hidrometeorológico", "FUENTE": "IMPLAN Saltillo — CARTO SALTILLO, Atlas de Riesgos 2024", "FECHA": "2024" }, "geometry": { "type": "Polygon", "coordinates": [ [ [ -101.013083, 25.352517 ], [ -101.012131, 25.351694 ], [ -101.01221, 25.351612 ], [ -101.012151, 25.351561 ], [ -101.011266, 25.352393 ], [ -101.01104, 25.352176 ], [ -101.012031, 25.35125 ], [ -101.013299, 25.35231 ], [ -101.013083, 25.352517 ] ] ] } },
{ "type": "Feature", "properties": { "INTENSIDAD": "Bajo", "PUNTAJE": 25, "TITULO": "Riesgo por Inundaciones Pluviales", "FENOMENO": "Hidrometeorológico", "FUENTE": "IMPLAN Saltillo — CARTO SALTILLO, Atlas de Riesgos 2024", "FECHA": "2024" }, "geometry": { "type": "Polygon", "coordinates": [ [ [ -101.003263, 25.35407 ], [ -101.004017, 25.353417 ], [ -101.004294, 25.353703 ], [ -101.003755, 25.354155 ], [ -101.003821, 25.354222 ], [ -101.004356, 25.353767 ], [ -101.004636, 25.354056 ], [ -101.003858, 25.354695 ], [ -101.003263, 25.35407 ] ] ] } },
{ "type": "Feature", "properties": { "INTENSIDAD": "Bajo", "PUNTAJE": 25, "TITULO": "Riesgo por Inundaciones Pluviales", "FENOMENO": "Hidrometeorológico", "FUENTE": "IMPLAN Saltillo — CARTO SALTILLO, Atlas de Riesgos 2024", "FECHA": "2024" }, "geometry": { "type": "Polygon", "coordinates": [ [ [ -101.005418, 25.356963 ], [ -101.005502, 25.356878 ], [ -101.005149, 25.356494 ], [ -101.005316, 25.356368 ], [ -101.005786, 25.35687 ], [ -101.005132, 25.357367 ], [ -101.004921, 25.357171 ], [ -101.005307, 25.356889 ], [ -101.005418, 25.356963 ] ] ] } },
{ "type": "Feature", "properties": { "INTENSIDAD": "Bajo", "PUNTAJE": 25, "TITULO": "Riesgo por Inundaciones Pluviales", "FENOMENO": "Hidrometeorológico", "FUENTE": "IMPLAN Saltillo — CARTO SALTILLO, Atlas de Riesgos 2024", "FECHA": "2024" }, "geometry": { "type": "Polygon", "coordinates": [ [ [ -101.000887, 25.357431 ], [ -101.000169, 25.356683 ], [ -101.000108, 25.356729 ], [ -101.000155, 25.356788 ], [ -100.999653, 25.357183 ], [ -100.999476, 25.356976 ], [ -101.00026, 25.356361 ], [ -101.001112, 25.357245 ], [ -101.000887, 25.357431 ] ] ] } },
{ "type": "Feature", "properties": { "INTENSIDAD": "Bajo", "PUNTAJE": 25, "TITULO": "Riesgo por Inundaciones Pluviales", "FENOMENO": "Hidrometeorológico", "FUENTE": "IMPLAN Saltillo — CARTO SALTILLO, Atlas de Riesgos 2024", "FECHA": "2024" }, "geometry": { "type": "Polygon", "coordinates": [ [ [ -101.002764, 25.358815 ], [ -101.00327, 25.358439 ], [ -101.003334, 25.35851 ], [ -101.003414, 25.358442 ], [ -101.002804, 25.357783 ], [ -101.003016, 25.357592 ], [ -101.003782, 25.358411 ], [ -101.002978, 25.359039 ], [ -101.002764, 25.358815 ] ] ] } },
{ "type": "Feature", "properties": { "INTENSIDAD": "Bajo", "PUNTAJE": 25, "TITULO": "Riesgo por Inundaciones Pluviales", "FENOMENO": "Hidrometeorológico", "FUENTE": "IMPLAN Saltillo — CARTO SALTILLO, Atlas de Riesgos 2024", "FECHA": "2024" }, "geometry": { "type": "Polygon", "coordinates": [ [ [ -101.011948, 25.360353 ], [ -101.011879, 25.36034 ], [ -101.010966, 25.361099 ], [ -101.010589, 25.360703 ], [ -101.011758, 25.359737 ], [ -101.012598, 25.360827 ], [ -101.011909, 25.361351 ], [ -101.011702, 25.361125 ], [ -101.012192, 25.36069 ], [ -101.012026, 25.360723 ], [ -101.011823, 25.360508 ], [ -101.011948, 25.360353 ] ] ] } },
{ "type": "Feature", "properties": { "INTENSIDAD": "Bajo", "PUNTAJE": 25, "TITULO": "Riesgo por Inundaciones Pluviales", "FENOMENO": "Hidrometeorológico", "FUENTE": "IMPLAN Saltillo — CARTO SALTILLO, Atlas de Riesgos 2024", "FECHA": "2024" }, "geometry": { "type": "Polygon", "coordinates": [ [ [ -100.99774, 25.369834 ], [ -100.999257, 25.368379 ], [ -100.998501, 25.367736 ], [ -100.99733, 25.368852 ], [ -100.998002, 25.369432 ], [ -100.997651, 25.369795 ], [ -100.996614, 25.368961 ], [ -100.998407, 25.367323 ], [ -101.000592, 25.369274 ], [ -100.998964, 25.370781 ], [ -100.998745, 25.37062 ], [ -101.000268, 25.369234 ], [ -100.999508, 25.368608 ], [ -100.998364, 25.369714 ], [ -100.998994, 25.370242 ], [ -100.998658, 25.370554 ], [ -100.99774, 25.369834 ] ] ] } },
{ "type": "Feature", "properties": { "INTENSIDAD": "Bajo", "PUNTAJE": 25, "TITULO": "Riesgo por Inundaciones Pluviales", "FENOMENO": "Hidrometeorológico", "FUENTE": "IMPLAN Saltillo — CARTO SALTILLO, Atlas de Riesgos 2024", "FECHA": "2024" }, "geometry": { "type": "Polygon", "coordinates": [ [ [ -101.002732, 25.370188 ], [ -101.003007, 25.370271 ], [ -101.002887, 25.370437 ], [ -101.002521, 25.370258 ], [ -101.002478, 25.37016 ], [ -101.002357, 25.370193 ], [ -101.002399, 25.370329 ], [ -101.002848, 25.370491 ], [ -101.002598, 25.370837 ], [ -101.001958, 25.370212 ], [ -101.002668, 25.369702 ], [ -101.00314, 25.369602 ], [ -101.003892, 25.369592 ], [ -101.002836, 25.371069 ], [ -101.002688, 25.370924 ], [ -101.003272, 25.370048 ], [ -101.003409, 25.370003 ], [ -101.003398, 25.369895 ], [ -101.003211, 25.369872 ], [ -101.003046, 25.370218 ], [ -101.002842, 25.370041 ], [ -101.002721, 25.370074 ], [ -101.002732, 25.370188 ] ] ] } },
{ "type": "Feature", "properties": { "INTENSIDAD": "Bajo", "PUNTAJE": 25, "TITULO": "Riesgo por Inundaciones Pluviales", "FENOMENO": "Hidrometeorológico", "FUENTE": "IMPLAN Saltillo — CARTO SALTILLO, Atlas de Riesgos 2024", "FECHA": "2024" }, "geometry": { "type": "Polygon", "coordinates": [ [ [ -100.999608, 25.373136 ], [ -101.001917, 25.374509 ], [ -101.001199, 25.375215 ], [ -101.00088, 25.375052 ], [ -101.001327, 25.37455 ], [ -101.001477, 25.374517 ], [ -101.001455, 25.374413 ], [ -101.001277, 25.374438 ], [ -100.999667, 25.373305 ], [ -100.999552, 25.373329 ], [ -100.999582, 25.373423 ], [ -100.99912, 25.374001 ], [ -100.998951, 25.373907 ], [ -100.999608, 25.373136 ] ] ] } },
{ "type": "Feature", "properties": { "INTENSIDAD": "Bajo", "PUNTAJE": 25, "TITULO": "Riesgo por Inundaciones Pluviales", "FENOMENO": "Hidrometeorológico", "FUENTE": "IMPLAN Saltillo — CARTO SALTILLO, Atlas de Riesgos 2024", "FECHA": "2024" }, "geometry": { "type": "Polygon", "coordinates": [ [ [ -101.001257, 25.374491 ], [ -101.001114, 25.374684 ], [ -101.000576, 25.374362 ], [ -101.000546, 25.37427 ], [ -101.000238, 25.374671 ], [ -101.000029, 25.374557 ], [ -101.000432, 25.374057 ], [ -101.001257, 25.374491 ] ] ] } },
{ "type": "Feature", "properties": { "INTENSIDAD": "Bajo", "PUNTAJE": 25, "TITULO": "Riesgo por Inundaciones Pluviales", "FENOMENO": "Hidrometeorológico", "FUENTE": "IMPLAN Saltillo — CARTO SALTILLO, Atlas de Riesgos 2024", "FECHA": "2024" }, "geometry": { "type": "Polygon", "coordinates": [ [ [ -101.003299, 25.375586 ], [ -101.003046, 25.375515 ], [ -101.003281, 25.375405 ], [ -101.003219, 25.375284 ], [ -101.003086, 25.375287 ], [ -101.002866, 25.375446 ], [ -101.002498, 25.375353 ], [ -101.002726, 25.375159 ], [ -101.002206, 25.374843 ], [ -101.001669, 25.37538 ], [ -101.001354, 25.37527 ], [ -101.002038, 25.374571 ], [ -101.003698, 25.375485 ], [ -101.003299, 25.375586 ] ] ] } },
{ "type": "Feature", "properties": { "INTENSIDAD": "Bajo", "PUNTAJE": 25, "TITULO": "Riesgo por Inundaciones Pluviales", "FENOMENO": "Hidrometeorológico", "FUENTE": "IMPLAN Saltillo — CARTO SALTILLO, Atlas de Riesgos 2024", "FECHA": "2024" }, "geometry": { "type": "Polygon", "coordinates": [ [ [ -101.002522, 25.377042 ], [ -101.00229, 25.376899 ], [ -101.002821, 25.376172 ], [ -101.002371, 25.37592 ], [ -101.001408, 25.375773 ], [ -101.001098, 25.376216 ], [ -101.000798, 25.376045 ], [ -101.001246, 25.375389 ], [ -101.001761, 25.375592 ], [ -101.002483, 25.375612 ], [ -101.00325, 25.376087 ], [ -101.002522, 25.377042 ] ] ] } },
{ "type": "Feature", "properties": { "INTENSIDAD": "Bajo", "PUNTAJE": 25, "TITULO": "Riesgo por Inundaciones Pluviales", "FENOMENO": "Hidrometeorológico", "FUENTE": "IMPLAN Saltillo — CARTO SALTILLO, Atlas de Riesgos 2024", "FECHA": "2024" }, "geometry": { "type": "Polygon", "coordinates": [ [ [ -100.983256, 25.37836 ], [ -100.9833, 25.377997 ], [ -100.983146, 25.377673 ], [ -100.983042, 25.376416 ], [ -100.98306, 25.375352 ], [ -100.982698, 25.374123 ], [ -100.982595, 25.372709 ], [ -100.983212, 25.372266 ], [ -100.983504, 25.372639 ], [ -100.983338, 25.373082 ], [ -100.983345, 25.37326 ], [ -100.983499, 25.373675 ], [ -100.983823, 25.375442 ], [ -100.983562, 25.376525 ], [ -100.984044, 25.377345 ], [ -100.984507, 25.377624 ], [ -100.986828, 25.38092 ], [ -100.986231, 25.381272 ], [ -100.984189, 25.378281 ], [ -100.983929, 25.378226 ], [ -100.983421, 25.37746 ], [ -100.983353, 25.3775 ], [ -100.983879, 25.378275 ], [ -100.983256, 25.37836 ] ] ] } },
{ "type": "Feature", "properties": { "INTENSIDAD": "Bajo", "PUNTAJE": 25, "TITULO": "Riesgo por Inundaciones Pluviales", "FENOMENO": "Hidrometeorológico", "FUENTE": "IMPLAN Saltillo — CARTO SALTILLO, Atlas de Riesgos 2024", "FECHA": "2024" }, "geometry": { "type": "Polygon", "coordinates": [ [ [ -101.005884, 25.377993 ], [ -101.004032, 25.376852 ], [ -101.004622, 25.376025 ], [ -101.006533, 25.377081 ], [ -101.006396, 25.37729 ], [ -101.005041, 25.376516 ], [ -101.004645, 25.377116 ], [ -101.005956, 25.377894 ], [ -101.005884, 25.377993 ] ] ] } },
{ "type": "Feature", "properties": { "INTENSIDAD": "Bajo", "PUNTAJE": 25, "TITULO": "Riesgo por Inundaciones Pluviales", "FENOMENO": "Hidrometeorológico", "FUENTE": "IMPLAN Saltillo — CARTO SALTILLO, Atlas de Riesgos 2024", "FECHA": "2024" }, "geometry": { "type": "Polygon", "coordinates": [ [ [ -101.001734, 25.377059 ], [ -101.001275, 25.377678 ], [ -101.000931, 25.377468 ], [ -101.001291, 25.37695 ], [ -101.001408, 25.376902 ], [ -101.001379, 25.37683 ], [ -101.000913, 25.376589 ], [ -101.000471, 25.377208 ], [ -101.000135, 25.377008 ], [ -101.000724, 25.376126 ], [ -101.003394, 25.377731 ], [ -101.002814, 25.378546 ], [ -101.002336, 25.378493 ], [ -101.002096, 25.378336 ], [ -101.002201, 25.378202 ], [ -101.002427, 25.378345 ], [ -101.002723, 25.378323 ], [ -101.003047, 25.377855 ], [ -101.003031, 25.377763 ], [ -101.002558, 25.377555 ], [ -101.002032, 25.378287 ], [ -101.001729, 25.378025 ], [ -101.002235, 25.377332 ], [ -101.001734, 25.377059 ] ] ] } },
{ "type": "Feature", "properties": { "INTENSIDAD": "Bajo", "PUNTAJE": 25, "TITULO": "Riesgo por Inundaciones Pluviales", "FENOMENO": "Hidrometeorológico", "FUENTE": "IMPLAN Saltillo — CARTO SALTILLO, Atlas de Riesgos 2024", "FECHA": "2024" }, "geometry": { "type": "Polygon", "coordinates": [ [ [ -100.996208, 25.381894 ], [ -100.997434, 25.380096 ], [ -100.997632, 25.380216 ], [ -100.99647, 25.381793 ], [ -100.99605, 25.383364 ], [ -100.995843, 25.383423 ], [ -100.996208, 25.381894 ] ] ] } },
{ "type": "Feature", "properties": { "INTENSIDAD": "Bajo", "PUNTAJE": 25, "TITULO": "Riesgo por Inundaciones Pluviales", "FENOMENO": "Hidrometeorológico", "FUENTE": "IMPLAN Saltillo — CARTO SALTILLO, Atlas de Riesgos 2024", "FECHA": "2024" }, "geometry": { "type": "Polygon", "coordinates": [ [ [ -101.002615, 25.386726 ], [ -101.000823, 25.385715 ], [ -101.00145, 25.384847 ], [ -101.00321, 25.385882 ], [ -101.003036, 25.386129 ], [ -101.00164, 25.385314 ], [ -101.001369, 25.385688 ], [ -101.002765, 25.386511 ], [ -101.002615, 25.386726 ] ] ] } },
{ "type": "Feature", "properties": { "INTENSIDAD": "Bajo", "PUNTAJE": 25, "TITULO": "Riesgo por Inundaciones Pluviales", "FENOMENO": "Hidrometeorológico", "FUENTE": "IMPLAN Saltillo — CARTO SALTILLO, Atlas de Riesgos 2024", "FECHA": "2024" }, "geometry": { "type": "Polygon", "coordinates": [ [ [ -100.993352, 25.391504 ], [ -100.993187, 25.391817 ], [ -100.993051, 25.391763 ], [ -100.993252, 25.391379 ], [ -100.993734, 25.391344 ], [ -100.993742, 25.391482 ], [ -100.993352, 25.391504 ] ] ] } },
{ "type": "Feature", "properties": { "INTENSIDAD": "Bajo", "PUNTAJE": 25, "TITULO": "Riesgo por Inundaciones Pluviales", "FENOMENO": "Hidrometeorológico", "FUENTE": "IMPLAN Saltillo — CARTO SALTILLO, Atlas de Riesgos 2024", "FECHA": "2024" }, "geometry": { "type": "Polygon", "coordinates": [ [ [ -100.991479, 25.392772 ], [ -100.99168, 25.39237 ], [ -100.991598, 25.392168 ], [ -100.991455, 25.392076 ], [ -100.991519, 25.391814 ], [ -100.99189, 25.392086 ], [ -100.991716, 25.392714 ], [ -100.991479, 25.392772 ] ] ] } },
{ "type": "Feature", "properties": { "INTENSIDAD": "Bajo", "PUNTAJE": 25, "TITULO": "Riesgo por Inundaciones Pluviales", "FENOMENO": "Hidrometeorológico", "FUENTE": "IMPLAN Saltillo — CARTO SALTILLO, Atlas de Riesgos 2024", "FECHA": "2024" }, "geometry": { "type": "Polygon", "coordinates": [ [ [ -100.989566, 25.39509 ], [ -100.990183, 25.395177 ], [ -100.990357, 25.395082 ], [ -100.990623, 25.393428 ], [ -100.991255, 25.39332 ], [ -100.990915, 25.393558 ], [ -100.990664, 25.394725 ], [ -100.990419, 25.395298 ], [ -100.990204, 25.395393 ], [ -100.989519, 25.39536 ], [ -100.989566, 25.39509 ] ] ] } },
{ "type": "Feature", "properties": { "INTENSIDAD": "Bajo", "PUNTAJE": 25, "TITULO": "Riesgo por Inundaciones Pluviales", "FENOMENO": "Hidrometeorológico", "FUENTE": "IMPLAN Saltillo — CARTO SALTILLO, Atlas de Riesgos 2024", "FECHA": "2024" }, "geometry": { "type": "Polygon", "coordinates": [ [ [ -101.002753, 25.396771 ], [ -101.002902, 25.396461 ], [ -101.003748, 25.39685 ], [ -101.003413, 25.39789 ], [ -101.002446, 25.397415 ], [ -101.002588, 25.397107 ], [ -101.003279, 25.397415 ], [ -101.003486, 25.397121 ], [ -101.002753, 25.396771 ] ] ] } },
{ "type": "Feature", "properties": { "INTENSIDAD": "Bajo", "PUNTAJE": 25, "TITULO": "Riesgo por Inundaciones Pluviales", "FENOMENO": "Hidrometeorológico", "FUENTE": "IMPLAN Saltillo — CARTO SALTILLO, Atlas de Riesgos 2024", "FECHA": "2024" }, "geometry": { "type": "Polygon", "coordinates": [ [ [ -100.988527, 25.400894 ], [ -100.987958, 25.401 ], [ -100.987574, 25.401355 ], [ -100.987159, 25.401494 ], [ -100.98633, 25.402013 ], [ -100.98613, 25.401819 ], [ -100.988473, 25.400176 ], [ -100.988879, 25.399589 ], [ -100.989037, 25.399623 ], [ -100.989053, 25.399494 ], [ -100.988891, 25.399541 ], [ -100.98918, 25.397828 ], [ -100.989623, 25.397922 ], [ -100.989459, 25.398379 ], [ -100.989196, 25.399754 ], [ -100.98923, 25.40004 ], [ -100.988968, 25.40029 ], [ -100.988781, 25.40072 ], [ -100.988527, 25.400894 ] ] ] } },
{ "type": "Feature", "properties": { "INTENSIDAD": "Bajo", "PUNTAJE": 25, "TITULO": "Riesgo por Inundaciones Pluviales", "FENOMENO": "Hidrometeorológico", "FUENTE": "IMPLAN Saltillo — CARTO SALTILLO, Atlas de Riesgos 2024", "FECHA": "2024" }, "geometry": { "type": "Polygon", "coordinates": [ [ [ -101.005132, 25.400216 ], [ -101.004942, 25.400642 ], [ -101.004726, 25.400567 ], [ -101.004676, 25.400667 ], [ -101.005325, 25.400908 ], [ -101.00515, 25.401287 ], [ -101.004255, 25.400929 ], [ -101.004332, 25.400761 ], [ -101.00456, 25.400843 ], [ -101.004585, 25.400775 ], [ -101.004367, 25.400693 ], [ -101.004462, 25.400477 ], [ -101.004612, 25.400521 ], [ -101.004483, 25.400432 ], [ -101.004665, 25.400024 ], [ -101.005132, 25.400216 ] ] ] } },
{ "type": "Feature", "properties": { "INTENSIDAD": "Bajo", "PUNTAJE": 25, "TITULO": "Riesgo por Inundaciones Pluviales", "FENOMENO": "Hidrometeorológico", "FUENTE": "IMPLAN Saltillo — CARTO SALTILLO, Atlas de Riesgos 2024", "FECHA": "2024" }, "geometry": { "type": "Polygon", "coordinates": [ [ [ -101.0051, 25.401407 ], [ -101.00502, 25.401586 ], [ -101.004494, 25.401393 ], [ -101.005008, 25.401634 ], [ -101.004937, 25.401788 ], [ -101.004035, 25.40145 ], [ -101.004205, 25.401049 ], [ -101.0051, 25.401407 ] ] ] } },
{ "type": "Feature", "properties": { "INTENSIDAD": "Bajo", "PUNTAJE": 25, "TITULO": "Riesgo por Inundaciones Pluviales", "FENOMENO": "Hidrometeorológico", "FUENTE": "IMPLAN Saltillo — CARTO SALTILLO, Atlas de Riesgos 2024", "FECHA": "2024" }, "geometry": { "type": "Polygon", "coordinates": [ [ [ -100.996118, 25.402642 ], [ -100.995951, 25.403388 ], [ -100.995537, 25.403313 ], [ -100.9958, 25.402105 ], [ -100.9973, 25.402457 ], [ -100.997232, 25.402806 ], [ -100.995967, 25.402513 ], [ -100.995951, 25.402602 ], [ -100.996118, 25.402642 ] ] ] } },
{ "type": "Feature", "properties": { "INTENSIDAD": "Bajo", "PUNTAJE": 25, "TITULO": "Riesgo por Inundaciones Pluviales", "FENOMENO": "Hidrometeorológico", "FUENTE": "IMPLAN Saltillo — CARTO SALTILLO, Atlas de Riesgos 2024", "FECHA": "2024" }, "geometry": { "type": "Polygon", "coordinates": [ [ [ -100.98966, 25.405189 ], [ -100.989676, 25.405115 ], [ -100.990762, 25.405821 ], [ -100.991442, 25.405536 ], [ -100.991194, 25.406192 ], [ -100.98966, 25.405189 ] ] ] } },
{ "type": "Feature", "properties": { "INTENSIDAD": "Bajo", "PUNTAJE": 25, "TITULO": "Riesgo por Inundaciones Pluviales", "FENOMENO": "Hidrometeorológico", "FUENTE": "IMPLAN Saltillo — CARTO SALTILLO, Atlas de Riesgos 2024", "FECHA": "2024" }, "geometry": { "type": "Polygon", "coordinates": [ [ [ -100.99023, 25.407177 ], [ -100.989168, 25.406934 ], [ -100.989358, 25.406197 ], [ -100.98991, 25.406414 ], [ -100.989951, 25.406331 ], [ -100.989386, 25.4061 ], [ -100.989607, 25.405476 ], [ -100.99056, 25.40602 ], [ -100.99023, 25.407177 ] ] ] } },
{ "type": "Feature", "properties": { "INTENSIDAD": "Bajo", "PUNTAJE": 25, "TITULO": "Riesgo por Inundaciones Pluviales", "FENOMENO": "Hidrometeorológico", "FUENTE": "IMPLAN Saltillo — CARTO SALTILLO, Atlas de Riesgos 2024", "FECHA": "2024" }, "geometry": { "type": "Polygon", "coordinates": [ [ [ -100.991705, 25.408446 ], [ -100.992837, 25.40879 ], [ -100.992844, 25.409194 ], [ -100.992318, 25.409191 ], [ -100.992866, 25.40925 ], [ -100.993023, 25.409454 ], [ -100.993015, 25.4096 ], [ -100.992831, 25.409681 ], [ -100.991921, 25.409499 ], [ -100.992114, 25.408884 ], [ -100.992052, 25.408869 ], [ -100.991517, 25.410539 ], [ -100.99096, 25.410486 ], [ -100.991705, 25.408446 ] ] ] } },
{ "type": "Feature", "properties": { "INTENSIDAD": "Bajo", "PUNTAJE": 25, "TITULO": "Riesgo por Inundaciones Pluviales", "FENOMENO": "Hidrometeorológico", "FUENTE": "IMPLAN Saltillo — CARTO SALTILLO, Atlas de Riesgos 2024", "FECHA": "2024" }, "geometry": { "type": "Polygon", "coordinates": [ [ [ -101.01026, 25.409965 ], [ -101.010744, 25.410236 ], [ -101.010514, 25.410589 ], [ -101.009706, 25.41021 ], [ -101.010178, 25.409372 ], [ -101.011042, 25.409777 ], [ -101.010784, 25.410173 ], [ -101.01029, 25.409906 ], [ -101.01026, 25.409965 ] ] ] } },
{ "type": "Feature", "properties": { "INTENSIDAD": "Bajo", "PUNTAJE": 25, "TITULO": "Riesgo por Inundaciones Pluviales", "FENOMENO": "Hidrometeorológico", "FUENTE": "IMPLAN Saltillo — CARTO SALTILLO, Atlas de Riesgos 2024", "FECHA": "2024" }, "geometry": { "type": "Polygon", "coordinates": [ [ [ -100.989475, 25.411136 ], [ -100.990156, 25.411259 ], [ -100.990177, 25.41119 ], [ -100.989499, 25.411069 ], [ -100.989754, 25.410359 ], [ -100.990795, 25.410551 ], [ -100.990217, 25.412134 ], [ -100.989275, 25.411693 ], [ -100.989475, 25.411136 ] ] ] } },
{ "type": "Feature", "properties": { "INTENSIDAD": "Bajo", "PUNTAJE": 25, "TITULO": "Riesgo por Inundaciones Pluviales", "FENOMENO": "Hidrometeorológico", "FUENTE": "IMPLAN Saltillo — CARTO SALTILLO, Atlas de Riesgos 2024", "FECHA": "2024" }, "geometry": { "type": "Polygon", "coordinates": [ [ [ -100.997622, 25.419531 ], [ -100.99808, 25.418806 ], [ -100.99868, 25.419122 ], [ -100.997958, 25.420273 ], [ -100.996244, 25.419366 ], [ -100.996535, 25.418923 ], [ -100.997622, 25.419531 ] ] ] } },
{ "type": "Feature", "properties": { "INTENSIDAD": "Bajo", "PUNTAJE": 25, "TITULO": "Riesgo por Inundaciones Pluviales", "FENOMENO": "Hidrometeorológico", "FUENTE": "IMPLAN Saltillo — CARTO SALTILLO, Atlas de Riesgos 2024", "FECHA": "2024" }, "geometry": { "type": "Polygon", "coordinates": [ [ [ -100.987842, 25.420777 ], [ -100.987984, 25.420536 ], [ -100.988542, 25.42079 ], [ -100.988209, 25.421408 ], [ -100.987099, 25.420854 ], [ -100.987718, 25.419738 ], [ -100.98881, 25.420285 ], [ -100.988577, 25.420725 ], [ -100.987949, 25.420439 ], [ -100.987784, 25.420741 ], [ -100.987842, 25.420777 ] ] ] } },
{ "type": "Feature", "properties": { "INTENSIDAD": "Bajo", "PUNTAJE": 25, "TITULO": "Riesgo por Inundaciones Pluviales", "FENOMENO": "Hidrometeorológico", "FUENTE": "IMPLAN Saltillo — CARTO SALTILLO, Atlas de Riesgos 2024", "FECHA": "2024" }, "geometry": { "type": "Polygon", "coordinates": [ [ [ -100.985004, 25.422791 ], [ -100.984422, 25.422629 ], [ -100.984544, 25.422364 ], [ -100.984836, 25.422399 ], [ -100.984819, 25.422479 ], [ -100.984921, 25.422487 ], [ -100.984947, 25.422341 ], [ -100.984576, 25.422296 ], [ -100.984678, 25.422078 ], [ -100.984973, 25.422167 ], [ -100.984992, 25.422012 ], [ -100.984716, 25.421994 ], [ -100.984957, 25.421475 ], [ -100.985388, 25.421532 ], [ -100.985004, 25.422791 ] ] ] } },
{ "type": "Feature", "properties": { "INTENSIDAD": "Bajo", "PUNTAJE": 25, "TITULO": "Riesgo por Inundaciones Pluviales", "FENOMENO": "Hidrometeorológico", "FUENTE": "IMPLAN Saltillo — CARTO SALTILLO, Atlas de Riesgos 2024", "FECHA": "2024" }, "geometry": { "type": "Polygon", "coordinates": [ [ [ -100.994491, 25.423426 ], [ -100.994665, 25.423196 ], [ -100.993939, 25.422289 ], [ -100.994164, 25.421833 ], [ -100.995206, 25.423182 ], [ -100.994357, 25.424258 ], [ -100.993207, 25.423768 ], [ -100.993558, 25.423057 ], [ -100.994491, 25.423426 ] ] ] } },
{ "type": "Feature", "properties": { "INTENSIDAD": "Bajo", "PUNTAJE": 25, "TITULO": "Riesgo por Inundaciones Pluviales", "FENOMENO": "Hidrometeorológico", "FUENTE": "IMPLAN Saltillo — CARTO SALTILLO, Atlas de Riesgos 2024", "FECHA": "2024" }, "geometry": { "type": "Polygon", "coordinates": [ [ [ -100.984592, 25.423976 ], [ -100.984813, 25.423527 ], [ -100.985343, 25.423676 ], [ -100.985378, 25.42354 ], [ -100.984873, 25.423404 ], [ -100.985116, 25.422908 ], [ -100.986015, 25.423221 ], [ -100.985557, 25.424316 ], [ -100.984592, 25.423976 ] ] ] } },
{ "type": "Feature", "properties": { "INTENSIDAD": "Bajo", "PUNTAJE": 25, "TITULO": "Riesgo por Inundaciones Pluviales", "FENOMENO": "Hidrometeorológico", "FUENTE": "IMPLAN Saltillo — CARTO SALTILLO, Atlas de Riesgos 2024", "FECHA": "2024" }, "geometry": { "type": "Polygon", "coordinates": [ [ [ -101.007162, 25.425739 ], [ -101.006897, 25.426221 ], [ -101.006082, 25.425832 ], [ -101.006844, 25.42471 ], [ -101.007028, 25.424804 ], [ -101.007061, 25.424755 ], [ -101.006875, 25.424659 ], [ -101.006938, 25.424539 ], [ -101.007675, 25.42487 ], [ -101.007242, 25.425612 ], [ -101.006907, 25.425443 ], [ -101.007043, 25.425202 ], [ -101.006908, 25.425139 ], [ -101.006765, 25.425384 ], [ -101.006653, 25.425335 ], [ -101.006573, 25.425445 ], [ -101.007162, 25.425739 ] ] ] } },
{ "type": "Feature", "properties": { "INTENSIDAD": "Bajo", "PUNTAJE": 25, "TITULO": "Riesgo por Inundaciones Pluviales", "FENOMENO": "Hidrometeorológico", "FUENTE": "IMPLAN Saltillo — CARTO SALTILLO, Atlas de Riesgos 2024", "FECHA": "2024" }, "geometry": { "type": "Polygon", "coordinates": [ [ [ -100.994031, 25.425281 ], [ -100.994121, 25.425414 ], [ -100.993874, 25.425701 ], [ -100.994193, 25.425943 ], [ -100.993841, 25.426423 ], [ -100.993141, 25.426002 ], [ -100.993895, 25.425015 ], [ -100.994146, 25.425159 ], [ -100.994178, 25.425113 ], [ -100.99393, 25.42497 ], [ -100.994394, 25.424364 ], [ -100.99513, 25.424664 ], [ -100.994229, 25.425889 ], [ -100.99397, 25.425683 ], [ -100.994181, 25.425414 ], [ -100.994031, 25.425281 ] ] ] } },
{ "type": "Feature", "properties": { "INTENSIDAD": "Bajo", "PUNTAJE": 25, "TITULO": "Riesgo por Inundaciones Pluviales", "FENOMENO": "Hidrometeorológico", "FUENTE": "IMPLAN Saltillo — CARTO SALTILLO, Atlas de Riesgos 2024", "FECHA": "2024" }, "geometry": { "type": "Polygon", "coordinates": [ [ [ -101.006814, 25.435711 ], [ -101.005519, 25.43508 ], [ -101.005757, 25.43461 ], [ -101.006289, 25.434773 ], [ -101.006435, 25.435041 ], [ -101.006795, 25.435263 ], [ -101.006844, 25.435196 ], [ -101.006714, 25.435114 ], [ -101.007061, 25.434377 ], [ -101.007422, 25.434523 ], [ -101.006814, 25.435711 ] ] ] } },
{ "type": "Feature", "properties": { "INTENSIDAD": "Bajo", "PUNTAJE": 25, "TITULO": "Riesgo por Inundaciones Pluviales", "FENOMENO": "Hidrometeorológico", "FUENTE": "IMPLAN Saltillo — CARTO SALTILLO, Atlas de Riesgos 2024", "FECHA": "2024" }, "geometry": { "type": "Polygon", "coordinates": [ [ [ -100.998591, 25.439743 ], [ -100.997528, 25.439868 ], [ -100.997376, 25.440199 ], [ -100.997293, 25.440926 ], [ -100.997001, 25.441354 ], [ -100.996603, 25.441709 ], [ -100.996414, 25.442176 ], [ -100.995723, 25.442022 ], [ -100.996222, 25.441016 ], [ -100.996433, 25.441089 ], [ -100.996476, 25.440997 ], [ -100.996265, 25.440924 ], [ -100.99648, 25.440438 ], [ -100.996763, 25.440536 ], [ -100.996501, 25.44039 ], [ -100.997005, 25.439275 ], [ -100.998231, 25.439276 ], [ -100.998625, 25.438999 ], [ -101.000307, 25.438475 ], [ -101.000112, 25.438842 ], [ -101.000223, 25.439149 ], [ -101.000143, 25.439266 ], [ -100.998591, 25.439743 ] ] ] } },
{ "type": "Feature", "properties": { "INTENSIDAD": "Bajo", "PUNTAJE": 25, "TITULO": "Riesgo por Inundaciones Pluviales", "FENOMENO": "Hidrometeorológico", "FUENTE": "IMPLAN Saltillo — CARTO SALTILLO, Atlas de Riesgos 2024", "FECHA": "2024" }, "geometry": { "type": "Polygon", "coordinates": [ [ [ -100.986285, 25.44306 ], [ -100.984642, 25.442406 ], [ -100.984826, 25.442002 ], [ -100.98648, 25.442647 ], [ -100.986285, 25.44306 ] ] ] } },
{ "type": "Feature", "properties": { "INTENSIDAD": "Bajo", "PUNTAJE": 25, "TITULO": "Riesgo por Inundaciones Pluviales", "FENOMENO": "Hidrometeorológico", "FUENTE": "IMPLAN Saltillo — CARTO SALTILLO, Atlas de Riesgos 2024", "FECHA": "2024" }, "geometry": { "type": "Polygon", "coordinates": [ [ [ -100.984543, 25.442403 ], [ -100.98431, 25.442914 ], [ -100.983947, 25.442742 ], [ -100.984195, 25.442247 ], [ -100.984543, 25.442403 ] ] ] } },
{ "type": "Feature", "properties": { "INTENSIDAD": "Bajo", "PUNTAJE": 25, "TITULO": "Riesgo por Inundaciones Pluviales", "FENOMENO": "Hidrometeorológico", "FUENTE": "IMPLAN Saltillo — CARTO SALTILLO, Atlas de Riesgos 2024", "FECHA": "2024" }, "geometry": { "type": "Polygon", "coordinates": [ [ [ -100.985719, 25.442947 ], [ -100.985505, 25.44341 ], [ -100.984388, 25.442962 ], [ -100.984602, 25.442495 ], [ -100.985719, 25.442947 ] ] ] } },
{ "type": "Feature", "properties": { "INTENSIDAD": "Bajo", "PUNTAJE": 25, "TITULO": "Riesgo por Inundaciones Pluviales", "FENOMENO": "Hidrometeorológico", "FUENTE": "IMPLAN Saltillo — CARTO SALTILLO, Atlas de Riesgos 2024", "FECHA": "2024" }, "geometry": { "type": "Polygon", "coordinates": [ [ [ -100.985595, 25.443434 ], [ -100.985802, 25.442979 ], [ -100.98624, 25.443147 ], [ -100.986031, 25.443603 ], [ -100.985595, 25.443434 ] ] ] } },
{ "type": "Feature", "properties": { "INTENSIDAD": "Bajo", "PUNTAJE": 25, "TITULO": "Riesgo por Inundaciones Pluviales", "FENOMENO": "Hidrometeorológico", "FUENTE": "IMPLAN Saltillo — CARTO SALTILLO, Atlas de Riesgos 2024", "FECHA": "2024" }, "geometry": { "type": "Polygon", "coordinates": [ [ [ -100.983652, 25.44458 ], [ -100.984355, 25.443034 ], [ -100.98599, 25.443691 ], [ -100.985286, 25.445228 ], [ -100.983652, 25.44458 ] ] ] } },
{ "type": "Feature", "properties": { "INTENSIDAD": "Bajo", "PUNTAJE": 25, "TITULO": "Riesgo por Inundaciones Pluviales", "FENOMENO": "Hidrometeorológico", "FUENTE": "IMPLAN Saltillo — CARTO SALTILLO, Atlas de Riesgos 2024", "FECHA": "2024" }, "geometry": { "type": "Polygon", "coordinates": [ [ [ -100.985359, 25.445266 ], [ -100.986065, 25.443723 ], [ -100.98679, 25.443982 ], [ -100.986065, 25.445556 ], [ -100.985359, 25.445266 ] ] ] } },
{ "type": "Feature", "properties": { "INTENSIDAD": "Bajo", "PUNTAJE": 25, "TITULO": "Riesgo por Inundaciones Pluviales", "FENOMENO": "Hidrometeorológico", "FUENTE": "IMPLAN Saltillo — CARTO SALTILLO, Atlas de Riesgos 2024", "FECHA": "2024" }, "geometry": { "type": "Polygon", "coordinates": [ [ [ -100.999739, 25.445843 ], [ -101.000318, 25.44467 ], [ -101.00124, 25.445027 ], [ -101.000948, 25.445522 ], [ -101.000475, 25.445348 ], [ -101.000459, 25.445406 ], [ -101.00092, 25.445571 ], [ -101.000652, 25.446225 ], [ -100.999739, 25.445843 ] ] ] } },
{ "type": "Feature", "properties": { "INTENSIDAD": "Bajo", "PUNTAJE": 25, "TITULO": "Riesgo por Inundaciones Pluviales", "FENOMENO": "Hidrometeorológico", "FUENTE": "IMPLAN Saltillo — CARTO SALTILLO, Atlas de Riesgos 2024", "FECHA": "2024" }, "geometry": { "type": "Polygon", "coordinates": [ [ [ -101.001514, 25.445898 ], [ -101.001803, 25.445244 ], [ -101.002193, 25.445395 ], [ -101.001897, 25.446033 ], [ -101.001514, 25.445898 ] ] ] } },
{ "type": "Feature", "properties": { "INTENSIDAD": "Bajo", "PUNTAJE": 25, "TITULO": "Riesgo por Inundaciones Pluviales", "FENOMENO": "Hidrometeorológico", "FUENTE": "IMPLAN Saltillo — CARTO SALTILLO, Atlas de Riesgos 2024", "FECHA": "2024" }, "geometry": { "type": "Polygon", "coordinates": [ [ [ -101.001985, 25.446064 ], [ -101.002277, 25.445428 ], [ -101.002657, 25.445575 ], [ -101.002397, 25.446209 ], [ -101.001985, 25.446064 ] ] ] } },
{ "type": "Feature", "properties": { "INTENSIDAD": "Bajo", "PUNTAJE": 25, "TITULO": "Riesgo por Inundaciones Pluviales", "FENOMENO": "Hidrometeorológico", "FUENTE": "IMPLAN Saltillo — CARTO SALTILLO, Atlas de Riesgos 2024", "FECHA": "2024" }, "geometry": { "type": "Polygon", "coordinates": [ [ [ -100.983884, 25.446562 ], [ -100.984507, 25.44523 ], [ -100.985049, 25.445446 ], [ -100.984426, 25.446778 ], [ -100.983884, 25.446562 ] ] ] } },
{ "type": "Feature", "properties": { "INTENSIDAD": "Bajo", "PUNTAJE": 25, "TITULO": "Riesgo por Inundaciones Pluviales", "FENOMENO": "Hidrometeorológico", "FUENTE": "IMPLAN Saltillo — CARTO SALTILLO, Atlas de Riesgos 2024", "FECHA": "2024" }, "geometry": { "type": "Polygon", "coordinates": [ [ [ -101.003287, 25.445826 ], [ -101.00304, 25.446439 ], [ -101.002486, 25.44624 ], [ -101.002747, 25.44561 ], [ -101.003287, 25.445826 ] ] ] } },
{ "type": "Feature", "properties": { "INTENSIDAD": "Bajo", "PUNTAJE": 25, "TITULO": "Riesgo por Inundaciones Pluviales", "FENOMENO": "Hidrometeorológico", "FUENTE": "IMPLAN Saltillo — CARTO SALTILLO, Atlas de Riesgos 2024", "FECHA": "2024" }, "geometry": { "type": "Polygon", "coordinates": [ [ [ -101.002934, 25.446675 ], [ -101.001292, 25.446135 ], [ -101.000867, 25.445991 ], [ -101.00096, 25.445767 ], [ -101.003017, 25.446493 ], [ -101.002934, 25.446675 ] ] ] } },
{ "type": "Feature", "properties": { "INTENSIDAD": "Bajo", "PUNTAJE": 25, "TITULO": "Riesgo por Inundaciones Pluviales", "FENOMENO": "Hidrometeorológico", "FUENTE": "IMPLAN Saltillo — CARTO SALTILLO, Atlas de Riesgos 2024", "FECHA": "2024" }, "geometry": { "type": "Polygon", "coordinates": [ [ [ -100.985132, 25.445475 ], [ -100.986079, 25.445876 ], [ -100.985466, 25.447181 ], [ -100.984507, 25.44681 ], [ -100.985132, 25.445475 ] ] ] } },
{ "type": "Feature", "properties": { "INTENSIDAD": "Bajo", "PUNTAJE": 25, "TITULO": "Riesgo por Inundaciones Pluviales", "FENOMENO": "Hidrometeorológico", "FUENTE": "IMPLAN Saltillo — CARTO SALTILLO, Atlas de Riesgos 2024", "FECHA": "2024" }, "geometry": { "type": "Polygon", "coordinates": [ [ [ -100.985584, 25.447225 ], [ -100.985949, 25.446444 ], [ -100.986076, 25.446454 ], [ -100.985981, 25.446376 ], [ -100.986194, 25.445922 ], [ -100.986775, 25.446159 ], [ -100.986173, 25.447445 ], [ -100.985584, 25.447225 ] ] ] } },
{ "type": "Feature", "properties": { "INTENSIDAD": "Bajo", "PUNTAJE": 25, "TITULO": "Riesgo por Inundaciones Pluviales", "FENOMENO": "Hidrometeorológico", "FUENTE": "IMPLAN Saltillo — CARTO SALTILLO, Atlas de Riesgos 2024", "FECHA": "2024" }, "geometry": { "type": "Polygon", "coordinates": [ [ [ -100.989202, 25.447186 ], [ -100.988721, 25.448386 ], [ -100.988231, 25.448215 ], [ -100.98861, 25.447484 ], [ -100.98854, 25.447403 ], [ -100.988457, 25.447443 ], [ -100.988142, 25.448181 ], [ -100.987706, 25.448018 ], [ -100.988304, 25.446766 ], [ -100.989202, 25.447186 ] ] ] } },
{ "type": "Feature", "properties": { "INTENSIDAD": "Bajo", "PUNTAJE": 25, "TITULO": "Riesgo por Inundaciones Pluviales", "FENOMENO": "Hidrometeorológico", "FUENTE": "IMPLAN Saltillo — CARTO SALTILLO, Atlas de Riesgos 2024", "FECHA": "2024" }, "geometry": { "type": "Polygon", "coordinates": [ [ [ -100.983804, 25.448314 ], [ -100.984464, 25.446902 ], [ -100.984865, 25.447062 ], [ -100.984189, 25.44847 ], [ -100.983804, 25.448314 ] ] ] } },
{ "type": "Feature", "properties": { "INTENSIDAD": "Bajo", "PUNTAJE": 25, "TITULO": "Riesgo por Inundaciones Pluviales", "FENOMENO": "Hidrometeorológico", "FUENTE": "IMPLAN Saltillo — CARTO SALTILLO, Atlas de Riesgos 2024", "FECHA": "2024" }, "geometry": { "type": "Polygon", "coordinates": [ [ [ -100.984275, 25.448507 ], [ -100.984967, 25.447103 ], [ -100.985424, 25.447275 ], [ -100.984762, 25.44869 ], [ -100.984275, 25.448507 ] ] ] } },
{ "type": "Feature", "properties": { "INTENSIDAD": "Bajo", "PUNTAJE": 25, "TITULO": "Riesgo por Inundaciones Pluviales", "FENOMENO": "Hidrometeorológico", "FUENTE": "IMPLAN Saltillo — CARTO SALTILLO, Atlas de Riesgos 2024", "FECHA": "2024" }, "geometry": { "type": "Polygon", "coordinates": [ [ [ -100.985541, 25.447318 ], [ -100.98613, 25.447538 ], [ -100.985494, 25.448967 ], [ -100.984877, 25.448733 ], [ -100.985541, 25.447318 ] ] ] } },
{ "type": "Feature", "properties": { "INTENSIDAD": "Bajo", "PUNTAJE": 25, "TITULO": "Riesgo por Inundaciones Pluviales", "FENOMENO": "Hidrometeorológico", "FUENTE": "IMPLAN Saltillo — CARTO SALTILLO, Atlas de Riesgos 2024", "FECHA": "2024" }, "geometry": { "type": "Polygon", "coordinates": [ [ [ -100.98613, 25.449208 ], [ -100.985573, 25.448997 ], [ -100.986246, 25.447582 ], [ -100.98681, 25.447793 ], [ -100.98613, 25.449208 ] ] ] } },
{ "type": "Feature", "properties": { "INTENSIDAD": "Bajo", "PUNTAJE": 25, "TITULO": "Riesgo por Inundaciones Pluviales", "FENOMENO": "Hidrometeorológico", "FUENTE": "IMPLAN Saltillo — CARTO SALTILLO, Atlas de Riesgos 2024", "FECHA": "2024" }, "geometry": { "type": "Polygon", "coordinates": [ [ [ -100.987568, 25.448076 ], [ -100.986883, 25.449493 ], [ -100.986251, 25.449254 ], [ -100.986928, 25.447837 ], [ -100.987568, 25.448076 ] ] ] } },
{ "type": "Feature", "properties": { "INTENSIDAD": "Bajo", "PUNTAJE": 25, "TITULO": "Riesgo por Inundaciones Pluviales", "FENOMENO": "Hidrometeorológico", "FUENTE": "IMPLAN Saltillo — CARTO SALTILLO, Atlas de Riesgos 2024", "FECHA": "2024" }, "geometry": { "type": "Polygon", "coordinates": [ [ [ -100.989407, 25.447415 ], [ -100.989599, 25.447258 ], [ -100.990055, 25.447443 ], [ -100.989828, 25.447924 ], [ -100.98998, 25.447986 ], [ -100.990205, 25.447506 ], [ -100.991588, 25.448092 ], [ -100.990758, 25.448625 ], [ -100.990392, 25.449052 ], [ -100.990056, 25.449225 ], [ -100.989878, 25.449196 ], [ -100.989859, 25.449282 ], [ -100.990225, 25.449344 ], [ -100.99061, 25.449572 ], [ -100.990344, 25.450162 ], [ -100.988475, 25.44945 ], [ -100.989407, 25.447415 ] ] ] } },
{ "type": "Feature", "properties": { "INTENSIDAD": "Bajo", "PUNTAJE": 25, "TITULO": "Riesgo por Inundaciones Pluviales", "FENOMENO": "Hidrometeorológico", "FUENTE": "IMPLAN Saltillo — CARTO SALTILLO, Atlas de Riesgos 2024", "FECHA": "2024" }, "geometry": { "type": "Polygon", "coordinates": [ [ [ -100.999693, 25.445934 ], [ -101.000709, 25.446359 ], [ -101.000858, 25.446011 ], [ -101.002918, 25.446712 ], [ -101.000852, 25.451621 ], [ -100.997705, 25.450432 ], [ -100.997606, 25.450324 ], [ -100.998589, 25.448064 ], [ -100.999246, 25.446807 ], [ -101.000232, 25.447213 ], [ -101.000278, 25.447123 ], [ -100.999287, 25.446719 ], [ -100.999693, 25.445934 ] ] ] } },
{ "type": "Feature", "properties": { "INTENSIDAD": "Bajo", "PUNTAJE": 25, "TITULO": "Riesgo por Inundaciones Pluviales", "FENOMENO": "Hidrometeorológico", "FUENTE": "IMPLAN Saltillo — CARTO SALTILLO, Atlas de Riesgos 2024", "FECHA": "2024" }, "geometry": { "type": "Polygon", "coordinates": [ [ [ -101.005159, 25.446659 ], [ -101.005013, 25.447255 ], [ -101.002643, 25.45231 ], [ -101.00113, 25.451718 ], [ -101.003814, 25.44525 ], [ -101.004675, 25.445691 ], [ -101.004979, 25.446057 ], [ -101.005159, 25.446659 ] ] ] } },
{ "type": "Feature", "properties": { "INTENSIDAD": "Bajo", "PUNTAJE": 25, "TITULO": "Riesgo por Inundaciones Pluviales", "FENOMENO": "Hidrometeorológico", "FUENTE": "IMPLAN Saltillo — CARTO SALTILLO, Atlas de Riesgos 2024", "FECHA": "2024" }, "geometry": { "type": "Polygon", "coordinates": [ [ [ -100.988653, 25.448458 ], [ -100.987989, 25.449914 ], [ -100.986996, 25.449536 ], [ -100.987662, 25.448111 ], [ -100.988653, 25.448458 ] ] ] } },
{ "type": "Feature", "properties": { "INTENSIDAD": "Bajo", "PUNTAJE": 25, "TITULO": "Riesgo por Inundaciones Pluviales", "FENOMENO": "Hidrometeorológico", "FUENTE": "IMPLAN Saltillo — CARTO SALTILLO, Atlas de Riesgos 2024", "FECHA": "2024" }, "geometry": { "type": "Polygon", "coordinates": [ [ [ -100.985457, 25.449046 ], [ -100.985211, 25.449565 ], [ -100.983962, 25.449074 ], [ -100.98425, 25.448589 ], [ -100.985457, 25.449046 ] ] ] } },
{ "type": "Feature", "properties": { "INTENSIDAD": "Bajo", "PUNTAJE": 25, "TITULO": "Riesgo por Inundaciones Pluviales", "FENOMENO": "Hidrometeorológico", "FUENTE": "IMPLAN Saltillo — CARTO SALTILLO, Atlas de Riesgos 2024", "FECHA": "2024" }, "geometry": { "type": "Polygon", "coordinates": [ [ [ -100.995821, 25.450591 ], [ -100.995673, 25.451386 ], [ -100.995126, 25.451296 ], [ -100.995229, 25.450673 ], [ -100.995164, 25.450665 ], [ -100.995063, 25.451286 ], [ -100.994542, 25.4512 ], [ -100.994735, 25.45025 ], [ -100.994634, 25.450237 ], [ -100.994441, 25.451183 ], [ -100.993963, 25.451105 ], [ -100.993989, 25.450991 ], [ -100.992364, 25.450768 ], [ -100.993107, 25.448782 ], [ -100.997166, 25.450556 ], [ -100.99672, 25.451558 ], [ -100.995735, 25.451396 ], [ -100.995821, 25.450591 ] ] ] } },
{ "type": "Feature", "properties": { "INTENSIDAD": "Bajo", "PUNTAJE": 25, "TITULO": "Riesgo por Inundaciones Pluviales", "FENOMENO": "Hidrometeorológico", "FUENTE": "IMPLAN Saltillo — CARTO SALTILLO, Atlas de Riesgos 2024", "FECHA": "2024" }, "geometry": { "type": "Polygon", "coordinates": [ [ [ -100.982821, 25.450157 ], [ -100.982551, 25.449937 ], [ -100.98392, 25.44912 ], [ -100.984488, 25.449348 ], [ -100.984284, 25.449745 ], [ -100.984396, 25.449794 ], [ -100.984603, 25.449391 ], [ -100.985203, 25.449638 ], [ -100.985097, 25.449873 ], [ -100.985187, 25.4499 ], [ -100.985301, 25.449674 ], [ -100.985676, 25.449821 ], [ -100.985703, 25.44976 ], [ -100.985334, 25.449607 ], [ -100.985567, 25.449101 ], [ -100.98795, 25.450032 ], [ -100.986793, 25.452348 ], [ -100.986132, 25.452079 ], [ -100.986416, 25.451527 ], [ -100.986349, 25.451498 ], [ -100.986068, 25.452052 ], [ -100.985089, 25.451663 ], [ -100.985069, 25.451724 ], [ -100.986036, 25.452116 ], [ -100.985824, 25.452529 ], [ -100.984605, 25.452051 ], [ -100.984639, 25.452138 ], [ -100.985801, 25.452594 ], [ -100.985596, 25.453019 ], [ -100.983695, 25.452216 ], [ -100.981898, 25.450982 ], [ -100.98273, 25.450192 ], [ -100.98296, 25.45031 ], [ -100.982882, 25.450207 ], [ -100.983451, 25.449974 ], [ -100.983461, 25.449879 ], [ -100.982821, 25.450157 ] ] ] } },
{ "type": "Feature", "properties": { "INTENSIDAD": "Bajo", "PUNTAJE": 25, "TITULO": "Riesgo por Inundaciones Pluviales", "FENOMENO": "Hidrometeorológico", "FUENTE": "IMPLAN Saltillo — CARTO SALTILLO, Atlas de Riesgos 2024", "FECHA": "2024" }, "geometry": { "type": "Polygon", "coordinates": [ [ [ -100.989014, 25.453991 ], [ -100.988447, 25.453801 ], [ -100.988769, 25.453098 ], [ -100.988887, 25.453028 ], [ -100.988934, 25.452703 ], [ -100.98886, 25.452666 ], [ -100.988779, 25.452848 ], [ -100.988674, 25.452877 ], [ -100.987059, 25.452308 ], [ -100.988446, 25.449563 ], [ -100.990282, 25.450275 ], [ -100.989541, 25.451907 ], [ -100.98984, 25.452033 ], [ -100.989014, 25.453991 ] ] ] } },
{ "type": "Feature", "properties": { "INTENSIDAD": "Bajo", "PUNTAJE": 25, "TITULO": "Riesgo por Inundaciones Pluviales", "FENOMENO": "Hidrometeorológico", "FUENTE": "IMPLAN Saltillo — CARTO SALTILLO, Atlas de Riesgos 2024", "FECHA": "2024" }, "geometry": { "type": "Polygon", "coordinates": [ [ [ -101.007422, 25.451915 ], [ -101.007718, 25.45089 ], [ -101.007675, 25.450695 ], [ -101.008008, 25.450742 ], [ -101.007621, 25.452047 ], [ -101.007775, 25.45241 ], [ -101.007733, 25.452922 ], [ -101.007489, 25.453702 ], [ -101.007246, 25.454064 ], [ -101.007017, 25.453968 ], [ -101.00758, 25.452726 ], [ -101.00759, 25.452501 ], [ -101.007422, 25.451915 ] ] ] } },
{ "type": "Feature", "properties": { "INTENSIDAD": "Bajo", "PUNTAJE": 25, "TITULO": "Riesgo por Inundaciones Pluviales", "FENOMENO": "Hidrometeorológico", "FUENTE": "IMPLAN Saltillo — CARTO SALTILLO, Atlas de Riesgos 2024", "FECHA": "2024" }, "geometry": { "type": "Polygon", "coordinates": [ [ [ -100.986134, 25.452171 ], [ -100.986742, 25.452409 ], [ -100.986313, 25.45328 ], [ -100.985661, 25.453023 ], [ -100.986134, 25.452171 ] ] ] } },
{ "type": "Feature", "properties": { "INTENSIDAD": "Bajo", "PUNTAJE": 25, "TITULO": "Riesgo por Inundaciones Pluviales", "FENOMENO": "Hidrometeorológico", "FUENTE": "IMPLAN Saltillo — CARTO SALTILLO, Atlas de Riesgos 2024", "FECHA": "2024" }, "geometry": { "type": "Polygon", "coordinates": [ [ [ -100.986571, 25.4532 ], [ -100.986988, 25.45238 ], [ -100.987917, 25.452717 ], [ -100.987579, 25.453513 ], [ -100.986571, 25.4532 ] ] ] } },
{ "type": "Feature", "properties": { "INTENSIDAD": "Bajo", "PUNTAJE": 25, "TITULO": "Riesgo por Inundaciones Pluviales", "FENOMENO": "Hidrometeorológico", "FUENTE": "IMPLAN Saltillo — CARTO SALTILLO, Atlas de Riesgos 2024", "FECHA": "2024" }, "geometry": { "type": "Polygon", "coordinates": [ [ [ -101.01041, 25.453627 ], [ -101.01061, 25.453732 ], [ -101.010421, 25.453598 ], [ -101.01052, 25.453427 ], [ -101.010727, 25.453506 ], [ -101.010414, 25.453341 ], [ -101.010511, 25.453162 ], [ -101.010792, 25.453289 ], [ -101.010855, 25.453251 ], [ -101.010896, 25.4532 ], [ -101.010655, 25.453104 ], [ -101.01082, 25.452988 ], [ -101.011005, 25.452608 ], [ -101.011385, 25.452773 ], [ -101.010115, 25.455157 ], [ -101.009197, 25.454807 ], [ -101.00977, 25.453862 ], [ -101.010383, 25.454135 ], [ -101.010201, 25.454002 ], [ -101.010297, 25.453837 ], [ -101.010509, 25.453911 ], [ -101.010315, 25.453804 ], [ -101.01041, 25.453627 ] ] ] } },
{ "type": "Feature", "properties": { "INTENSIDAD": "Bajo", "PUNTAJE": 25, "TITULO": "Riesgo por Inundaciones Pluviales", "FENOMENO": "Hidrometeorológico", "FUENTE": "IMPLAN Saltillo — CARTO SALTILLO, Atlas de Riesgos 2024", "FECHA": "2024" }, "geometry": { "type": "Polygon", "coordinates": [ [ [ -101.003615, 25.459129 ], [ -101.00312, 25.4589 ], [ -101.003085, 25.458954 ], [ -101.003594, 25.459191 ], [ -101.003488, 25.45951 ], [ -101.002242, 25.458869 ], [ -101.00262, 25.457269 ], [ -101.003221, 25.456259 ], [ -101.004315, 25.4571 ], [ -101.004632, 25.45622 ], [ -101.005342, 25.457052 ], [ -101.005404, 25.457016 ], [ -101.004666, 25.456138 ], [ -101.00479, 25.455758 ], [ -101.003729, 25.455416 ], [ -101.0042, 25.454561 ], [ -101.004116, 25.454523 ], [ -101.002773, 25.456782 ], [ -101.001258, 25.455697 ], [ -101.002656, 25.452782 ], [ -101.002779, 25.45272 ], [ -101.006001, 25.453858 ], [ -101.005827, 25.454358 ], [ -101.005579, 25.454333 ], [ -101.005287, 25.454982 ], [ -101.005345, 25.455018 ], [ -101.005595, 25.454405 ], [ -101.005812, 25.454404 ], [ -101.005702, 25.456079 ], [ -101.005917, 25.456102 ], [ -101.005796, 25.457621 ], [ -101.006053, 25.458218 ], [ -101.005879, 25.458824 ], [ -101.005603, 25.459053 ], [ -101.004548, 25.458453 ], [ -101.004457, 25.458478 ], [ -101.005559, 25.459123 ], [ -101.00529, 25.459526 ], [ -101.003129, 25.458508 ], [ -101.003094, 25.458561 ], [ -101.003705, 25.458857 ], [ -101.003615, 25.459129 ] ] ] } },
{ "type": "Feature", "properties": { "INTENSIDAD": "Bajo", "PUNTAJE": 25, "TITULO": "Riesgo por Inundaciones Pluviales", "FENOMENO": "Hidrometeorológico", "FUENTE": "IMPLAN Saltillo — CARTO SALTILLO, Atlas de Riesgos 2024", "FECHA": "2024" }, "geometry": { "type": "Polygon", "coordinates": [ [ [ -100.98998, 25.458456 ], [ -100.989923, 25.458439 ], [ -100.98987, 25.458585 ], [ -100.98974, 25.458535 ], [ -100.989717, 25.458585 ], [ -100.989843, 25.458633 ], [ -100.989786, 25.458758 ], [ -100.989841, 25.458779 ], [ -100.989898, 25.458655 ], [ -100.990096, 25.458731 ], [ -100.989895, 25.459214 ], [ -100.988749, 25.458567 ], [ -100.989216, 25.457505 ], [ -100.989773, 25.457679 ], [ -100.989344, 25.458642 ], [ -100.989428, 25.458684 ], [ -100.989872, 25.457711 ], [ -100.990442, 25.457904 ], [ -100.990118, 25.45868 ], [ -100.989925, 25.458606 ], [ -100.98998, 25.458456 ] ] ] } },
{ "type": "Feature", "properties": { "INTENSIDAD": "Bajo", "PUNTAJE": 25, "TITULO": "Riesgo por Inundaciones Pluviales", "FENOMENO": "Hidrometeorológico", "FUENTE": "IMPLAN Saltillo — CARTO SALTILLO, Atlas de Riesgos 2024", "FECHA": "2024" }, "geometry": { "type": "Polygon", "coordinates": [ [ [ -100.98457, 25.458809 ], [ -100.984616, 25.458716 ], [ -100.983977, 25.458467 ], [ -100.984168, 25.458076 ], [ -100.985277, 25.458518 ], [ -100.984897, 25.45932 ], [ -100.983768, 25.458895 ], [ -100.983938, 25.458548 ], [ -100.98457, 25.458809 ] ] ] } },
{ "type": "Feature", "properties": { "INTENSIDAD": "Bajo", "PUNTAJE": 25, "TITULO": "Riesgo por Inundaciones Pluviales", "FENOMENO": "Hidrometeorológico", "FUENTE": "IMPLAN Saltillo — CARTO SALTILLO, Atlas de Riesgos 2024", "FECHA": "2024" }, "geometry": { "type": "Polygon", "coordinates": [ [ [ -101.010238, 25.45985 ], [ -101.010003, 25.459722 ], [ -101.01012, 25.459522 ], [ -101.009914, 25.458951 ], [ -101.010149, 25.458908 ], [ -101.010123, 25.458717 ], [ -101.010335, 25.458719 ], [ -101.010438, 25.459046 ], [ -101.010192, 25.459074 ], [ -101.010294, 25.459503 ], [ -101.010851, 25.459659 ], [ -101.010359, 25.459613 ], [ -101.010238, 25.45985 ] ] ] } },
{ "type": "Feature", "properties": { "INTENSIDAD": "Bajo", "PUNTAJE": 25, "TITULO": "Riesgo por Inundaciones Pluviales", "FENOMENO": "Hidrometeorológico", "FUENTE": "IMPLAN Saltillo — CARTO SALTILLO, Atlas de Riesgos 2024", "FECHA": "2024" }, "geometry": { "type": "Polygon", "coordinates": [ [ [ -101.010939, 25.461483 ], [ -101.010794, 25.461397 ], [ -101.011225, 25.460076 ], [ -101.010885, 25.459948 ], [ -101.01078, 25.459984 ], [ -101.009744, 25.461424 ], [ -101.009586, 25.461385 ], [ -101.009796, 25.461007 ], [ -101.010839, 25.459741 ], [ -101.01137, 25.459873 ], [ -101.01146, 25.46 ], [ -101.010939, 25.461483 ] ] ] } },
{ "type": "Feature", "properties": { "INTENSIDAD": "Bajo", "PUNTAJE": 25, "TITULO": "Riesgo por Inundaciones Pluviales", "FENOMENO": "Hidrometeorológico", "FUENTE": "IMPLAN Saltillo — CARTO SALTILLO, Atlas de Riesgos 2024", "FECHA": "2024" }, "geometry": { "type": "Polygon", "coordinates": [ [ [ -101.007618, 25.46193 ], [ -101.008263, 25.46271 ], [ -101.008084, 25.462722 ], [ -101.007423, 25.461897 ], [ -101.007455, 25.461593 ], [ -101.007257, 25.461539 ], [ -101.007054, 25.462588 ], [ -101.006936, 25.462558 ], [ -101.007021, 25.461634 ], [ -101.007111, 25.461389 ], [ -101.007665, 25.461478 ], [ -101.007618, 25.46193 ] ] ] } },
{ "type": "Feature", "properties": { "INTENSIDAD": "Bajo", "PUNTAJE": 25, "TITULO": "Riesgo por Inundaciones Pluviales", "FENOMENO": "Hidrometeorológico", "FUENTE": "IMPLAN Saltillo — CARTO SALTILLO, Atlas de Riesgos 2024", "FECHA": "2024" }, "geometry": { "type": "Polygon", "coordinates": [ [ [ -101.008946, 25.462771 ], [ -101.010273, 25.462979 ], [ -101.010405, 25.462751 ], [ -101.010566, 25.462851 ], [ -101.010474, 25.463173 ], [ -101.008776, 25.462902 ], [ -101.009135, 25.462098 ], [ -101.009501, 25.461501 ], [ -101.009661, 25.46156 ], [ -101.008926, 25.462679 ], [ -101.008946, 25.462771 ] ] ] } },
{ "type": "Feature", "properties": { "INTENSIDAD": "Bajo", "PUNTAJE": 25, "TITULO": "Riesgo por Inundaciones Pluviales", "FENOMENO": "Hidrometeorológico", "FUENTE": "IMPLAN Saltillo — CARTO SALTILLO, Atlas de Riesgos 2024", "FECHA": "2024" }, "geometry": { "type": "Polygon", "coordinates": [ [ [ -100.999926, 25.462373 ], [ -100.999442, 25.463505 ], [ -100.999512, 25.46354 ], [ -101.0, 25.462409 ], [ -101.000413, 25.462614 ], [ -100.999677, 25.464322 ], [ -100.998788, 25.463881 ], [ -100.999533, 25.462177 ], [ -100.999926, 25.462373 ] ] ] } },
{ "type": "Feature", "properties": { "INTENSIDAD": "Bajo", "PUNTAJE": 25, "TITULO": "Riesgo por Inundaciones Pluviales", "FENOMENO": "Hidrometeorológico", "FUENTE": "IMPLAN Saltillo — CARTO SALTILLO, Atlas de Riesgos 2024", "FECHA": "2024" }, "geometry": { "type": "Polygon", "coordinates": [ [ [ -101.008256, 25.463265 ], [ -101.008223, 25.463166 ], [ -101.008118, 25.463208 ], [ -101.007415, 25.463085 ], [ -101.007432, 25.462893 ], [ -101.008427, 25.463093 ], [ -101.008132, 25.463783 ], [ -101.008035, 25.463794 ], [ -101.007959, 25.463706 ], [ -101.008141, 25.463321 ], [ -101.008256, 25.463265 ] ] ] } },
{ "type": "Feature", "properties": { "INTENSIDAD": "Bajo", "PUNTAJE": 25, "TITULO": "Riesgo por Inundaciones Pluviales", "FENOMENO": "Hidrometeorológico", "FUENTE": "IMPLAN Saltillo — CARTO SALTILLO, Atlas de Riesgos 2024", "FECHA": "2024" }, "geometry": { "type": "Polygon", "coordinates": [ [ [ -101.010177, 25.463516 ], [ -101.00873, 25.463237 ], [ -101.008592, 25.463683 ], [ -101.00844, 25.463634 ], [ -101.008722, 25.46302 ], [ -101.010412, 25.463303 ], [ -101.0101, 25.464186 ], [ -101.009976, 25.464118 ], [ -101.010177, 25.463516 ] ] ] } },
{ "type": "Feature", "properties": { "INTENSIDAD": "Bajo", "PUNTAJE": 25, "TITULO": "Riesgo por Inundaciones Pluviales", "FENOMENO": "Hidrometeorológico", "FUENTE": "IMPLAN Saltillo — CARTO SALTILLO, Atlas de Riesgos 2024", "FECHA": "2024" }, "geometry": { "type": "Polygon", "coordinates": [ [ [ -101.007547, 25.464475 ], [ -101.007664, 25.464452 ], [ -101.007642, 25.464354 ], [ -101.007825, 25.463983 ], [ -101.00798, 25.464007 ], [ -101.007708, 25.464679 ], [ -101.006192, 25.464026 ], [ -101.006416, 25.463928 ], [ -101.007507, 25.464376 ], [ -101.007547, 25.464475 ] ] ] } },
{ "type": "Feature", "properties": { "INTENSIDAD": "Bajo", "PUNTAJE": 25, "TITULO": "Riesgo por Inundaciones Pluviales", "FENOMENO": "Hidrometeorológico", "FUENTE": "IMPLAN Saltillo — CARTO SALTILLO, Atlas de Riesgos 2024", "FECHA": "2024" }, "geometry": { "type": "Polygon", "coordinates": [ [ [ -101.008263, 25.464376 ], [ -101.009771, 25.464963 ], [ -101.009893, 25.464434 ], [ -101.01002, 25.464464 ], [ -101.009817, 25.465212 ], [ -101.008053, 25.464442 ], [ -101.008371, 25.463748 ], [ -101.008523, 25.463804 ], [ -101.008237, 25.464292 ], [ -101.008263, 25.464376 ] ] ] } },
{ "type": "Feature", "properties": { "INTENSIDAD": "Bajo", "PUNTAJE": 25, "TITULO": "Riesgo por Inundaciones Pluviales", "FENOMENO": "Hidrometeorológico", "FUENTE": "IMPLAN Saltillo — CARTO SALTILLO, Atlas de Riesgos 2024", "FECHA": "2024" }, "geometry": { "type": "Polygon", "coordinates": [ [ [ -101.005402, 25.464869 ], [ -101.006075, 25.465196 ], [ -101.006004, 25.465332 ], [ -101.005195, 25.464948 ], [ -101.005694, 25.464435 ], [ -101.006052, 25.464182 ], [ -101.006131, 25.464271 ], [ -101.005402, 25.464869 ] ] ] } },
{ "type": "Feature", "properties": { "INTENSIDAD": "Bajo", "PUNTAJE": 25, "TITULO": "Riesgo por Inundaciones Pluviales", "FENOMENO": "Hidrometeorológico", "FUENTE": "IMPLAN Saltillo — CARTO SALTILLO, Atlas de Riesgos 2024", "FECHA": "2024" }, "geometry": { "type": "Polygon", "coordinates": [ [ [ -101.009475, 25.465763 ], [ -101.009651, 25.465384 ], [ -101.00962, 25.465291 ], [ -101.008148, 25.464634 ], [ -101.008059, 25.464656 ], [ -101.008067, 25.464789 ], [ -101.007765, 25.465408 ], [ -101.007616, 25.465343 ], [ -101.008048, 25.464454 ], [ -101.009814, 25.465221 ], [ -101.009634, 25.465806 ], [ -101.009542, 25.465857 ], [ -101.009475, 25.465763 ] ] ] } },
{ "type": "Feature", "properties": { "INTENSIDAD": "Bajo", "PUNTAJE": 25, "TITULO": "Riesgo por Inundaciones Pluviales", "FENOMENO": "Hidrometeorológico", "FUENTE": "IMPLAN Saltillo — CARTO SALTILLO, Atlas de Riesgos 2024", "FECHA": "2024" }, "geometry": { "type": "Polygon", "coordinates": [ [ [ -101.007181, 25.465327 ], [ -101.007325, 25.465316 ], [ -101.007361, 25.465406 ], [ -101.007099, 25.465828 ], [ -101.006123, 25.465383 ], [ -101.006186, 25.465256 ], [ -101.007001, 25.465663 ], [ -101.007181, 25.465327 ] ] ] } },
{ "type": "Feature", "properties": { "INTENSIDAD": "Bajo", "PUNTAJE": 25, "TITULO": "Riesgo por Inundaciones Pluviales", "FENOMENO": "Hidrometeorológico", "FUENTE": "IMPLAN Saltillo — CARTO SALTILLO, Atlas de Riesgos 2024", "FECHA": "2024" }, "geometry": { "type": "Polygon", "coordinates": [ [ [ -100.99992, 25.466622 ], [ -100.999003, 25.466176 ], [ -100.999734, 25.464468 ], [ -101.000156, 25.464678 ], [ -100.999757, 25.465564 ], [ -100.999839, 25.465604 ], [ -101.00024, 25.464719 ], [ -101.000644, 25.464916 ], [ -100.99992, 25.466622 ] ] ] } },
{ "type": "Feature", "properties": { "INTENSIDAD": "Bajo", "PUNTAJE": 25, "TITULO": "Riesgo por Inundaciones Pluviales", "FENOMENO": "Hidrometeorológico", "FUENTE": "IMPLAN Saltillo — CARTO SALTILLO, Atlas de Riesgos 2024", "FECHA": "2024" }, "geometry": { "type": "Polygon", "coordinates": [ [ [ -101.008347, 25.466798 ], [ -101.008269, 25.466828 ], [ -101.008221, 25.46714 ], [ -101.008081, 25.467102 ], [ -101.00827, 25.466705 ], [ -101.009216, 25.466992 ], [ -101.009084, 25.467543 ], [ -101.008917, 25.467498 ], [ -101.009104, 25.467036 ], [ -101.008436, 25.466903 ], [ -101.008347, 25.466798 ] ] ] } },
{ "type": "Feature", "properties": { "INTENSIDAD": "Bajo", "PUNTAJE": 25, "TITULO": "Riesgo por Inundaciones Pluviales", "FENOMENO": "Hidrometeorológico", "FUENTE": "IMPLAN Saltillo — CARTO SALTILLO, Atlas de Riesgos 2024", "FECHA": "2024" }, "geometry": { "type": "Polygon", "coordinates": [ [ [ -101.010082, 25.467575 ], [ -101.00987, 25.467541 ], [ -101.009979, 25.467194 ], [ -101.010227, 25.467014 ], [ -101.010802, 25.466988 ], [ -101.011415, 25.467493 ], [ -101.01134, 25.467825 ], [ -101.010727, 25.468419 ], [ -101.010582, 25.468274 ], [ -101.011153, 25.467728 ], [ -101.011162, 25.467497 ], [ -101.010746, 25.467179 ], [ -101.010245, 25.467219 ], [ -101.010082, 25.467575 ] ] ] } },
{ "type": "Feature", "properties": { "INTENSIDAD": "Bajo", "PUNTAJE": 25, "TITULO": "Riesgo por Inundaciones Pluviales", "FENOMENO": "Hidrometeorológico", "FUENTE": "IMPLAN Saltillo — CARTO SALTILLO, Atlas de Riesgos 2024", "FECHA": "2024" }, "geometry": { "type": "Polygon", "coordinates": [ [ [ -101.011025, 25.471861 ], [ -101.011184, 25.471896 ], [ -101.011204, 25.472303 ], [ -101.011309, 25.472375 ], [ -101.012657, 25.471866 ], [ -101.012798, 25.471978 ], [ -101.011132, 25.472608 ], [ -101.010992, 25.472446 ], [ -101.011025, 25.471861 ] ] ] } },
{ "type": "Feature", "properties": { "INTENSIDAD": "Bajo", "PUNTAJE": 25, "TITULO": "Riesgo por Inundaciones Pluviales", "FENOMENO": "Hidrometeorológico", "FUENTE": "IMPLAN Saltillo — CARTO SALTILLO, Atlas de Riesgos 2024", "FECHA": "2024" }, "geometry": { "type": "Polygon", "coordinates": [ [ [ -101.013893, 25.47353 ], [ -101.013534, 25.473679 ], [ -101.013625, 25.473869 ], [ -101.013007, 25.47418 ], [ -101.012361, 25.474657 ], [ -101.01152, 25.474971 ], [ -101.009167, 25.475449 ], [ -101.008826, 25.475636 ], [ -101.008269, 25.476307 ], [ -101.008179, 25.476927 ], [ -101.007876, 25.477242 ], [ -101.006979, 25.477394 ], [ -101.005435, 25.477855 ], [ -101.005025, 25.478118 ], [ -101.004382, 25.478864 ], [ -101.003511, 25.479322 ], [ -101.002914, 25.479456 ], [ -101.002885, 25.479277 ], [ -101.003083, 25.478871 ], [ -101.003111, 25.478552 ], [ -101.002911, 25.478353 ], [ -101.002756, 25.478324 ], [ -101.002553, 25.47842 ], [ -101.001906, 25.479082 ], [ -101.001447, 25.47926 ], [ -101.001109, 25.479553 ], [ -101.000677, 25.479761 ], [ -101.000132, 25.481338 ], [ -100.999682, 25.481523 ], [ -100.998546, 25.48168 ], [ -100.997367, 25.48224 ], [ -100.996398, 25.482394 ], [ -100.996152, 25.482364 ], [ -100.996203, 25.482098 ], [ -100.996856, 25.481304 ], [ -100.997154, 25.480057 ], [ -100.997493, 25.479628 ], [ -100.997549, 25.479676 ], [ -100.997162, 25.480302 ], [ -100.997241, 25.480437 ], [ -100.997636, 25.480635 ], [ -100.99768, 25.480583 ], [ -100.997245, 25.480314 ], [ -100.997827, 25.479454 ], [ -100.998239, 25.479114 ], [ -100.99841, 25.479143 ], [ -100.999597, 25.479985 ], [ -100.998379, 25.479071 ], [ -100.998947, 25.478713 ], [ -101.000026, 25.479209 ], [ -101.000318, 25.479248 ], [ -100.998965, 25.478632 ], [ -100.999101, 25.478222 ], [ -100.999565, 25.477704 ], [ -100.999797, 25.477903 ], [ -101.000684, 25.478353 ], [ -100.99978, 25.477838 ], [ -100.999672, 25.477621 ], [ -100.99975, 25.477371 ], [ -100.999699, 25.477324 ], [ -100.999536, 25.477677 ], [ -100.999021, 25.478228 ], [ -100.998896, 25.478692 ], [ -100.998058, 25.479169 ], [ -100.997621, 25.47964 ], [ -100.997524, 25.479546 ], [ -100.998435, 25.478744 ], [ -100.998773, 25.477571 ], [ -100.999302, 25.476678 ], [ -100.999633, 25.4764 ], [ -101.000018, 25.476278 ], [ -101.0008, 25.47581 ], [ -101.001097, 25.475287 ], [ -101.001156, 25.474147 ], [ -101.001507, 25.473591 ], [ -101.002219, 25.473001 ], [ -101.002321, 25.472579 ], [ -101.002076, 25.471886 ], [ -101.0021, 25.471466 ], [ -101.002999, 25.470174 ], [ -101.002945, 25.46892 ], [ -101.003227, 25.468459 ], [ -101.004002, 25.468084 ], [ -101.004227, 25.467844 ], [ -101.004885, 25.465978 ], [ -101.00673, 25.46678 ], [ -101.005316, 25.469836 ], [ -101.005156, 25.46983 ], [ -101.005019, 25.46972 ], [ -101.005114, 25.468628 ], [ -101.004942, 25.468503 ], [ -101.00457, 25.468503 ], [ -101.004939, 25.468569 ], [ -101.005102, 25.468709 ], [ -101.004959, 25.469776 ], [ -101.005078, 25.469889 ], [ -101.005295, 25.469886 ], [ -101.004645, 25.47133 ], [ -101.00748, 25.472513 ], [ -101.008381, 25.470803 ], [ -101.008957, 25.468684 ], [ -101.010596, 25.470431 ], [ -101.010676, 25.470668 ], [ -101.010719, 25.472736 ], [ -101.010618, 25.472904 ], [ -101.01093, 25.473936 ], [ -101.011245, 25.47459 ], [ -101.011593, 25.474545 ], [ -101.012606, 25.473892 ], [ -101.012992, 25.473332 ], [ -101.013038, 25.47301 ], [ -101.012561, 25.472572 ], [ -101.013236, 25.472294 ], [ -101.013072, 25.472089 ], [ -101.013189, 25.472041 ], [ -101.014074, 25.472843 ], [ -101.014324, 25.473301 ], [ -101.014147, 25.473582 ], [ -101.013701, 25.47383 ], [ -101.013634, 25.473709 ], [ -101.013893, 25.47353 ] ] ] } },
{ "type": "Feature", "properties": { "INTENSIDAD": "Bajo", "PUNTAJE": 25, "TITULO": "Riesgo por Inundaciones Pluviales", "FENOMENO": "Hidrometeorológico", "FUENTE": "IMPLAN Saltillo — CARTO SALTILLO, Atlas de Riesgos 2024", "FECHA": "2024" }, "geometry": { "type": "Polygon", "coordinates": [ [ [ -101.009926, 25.477386 ], [ -101.011731, 25.475611 ], [ -101.012026, 25.475853 ], [ -101.010236, 25.477627 ], [ -101.009926, 25.477386 ] ] ] } },
{ "type": "Feature", "properties": { "INTENSIDAD": "Bajo", "PUNTAJE": 25, "TITULO": "Riesgo por Inundaciones Pluviales", "FENOMENO": "Hidrometeorológico", "FUENTE": "IMPLAN Saltillo — CARTO SALTILLO, Atlas de Riesgos 2024", "FECHA": "2024" }, "geometry": { "type": "Polygon", "coordinates": [ [ [ -101.010612, 25.477957 ], [ -101.010295, 25.477728 ], [ -101.012069, 25.475899 ], [ -101.012352, 25.476122 ], [ -101.010612, 25.477957 ] ] ] } },
{ "type": "Feature", "properties": { "INTENSIDAD": "Bajo", "PUNTAJE": 25, "TITULO": "Riesgo por Inundaciones Pluviales", "FENOMENO": "Hidrometeorológico", "FUENTE": "IMPLAN Saltillo — CARTO SALTILLO, Atlas de Riesgos 2024", "FECHA": "2024" }, "geometry": { "type": "Polygon", "coordinates": [ [ [ -101.009147, 25.478796 ], [ -101.010227, 25.477786 ], [ -101.010555, 25.478023 ], [ -101.009465, 25.479047 ], [ -101.009147, 25.478796 ] ] ] } },
{ "type": "Feature", "properties": { "INTENSIDAD": "Bajo", "PUNTAJE": 25, "TITULO": "Riesgo por Inundaciones Pluviales", "FENOMENO": "Hidrometeorológico", "FUENTE": "IMPLAN Saltillo — CARTO SALTILLO, Atlas de Riesgos 2024", "FECHA": "2024" }, "geometry": { "type": "Polygon", "coordinates": [ [ [ -100.995372, 25.481359 ], [ -100.994981, 25.481121 ], [ -100.994811, 25.481355 ], [ -100.99466, 25.481262 ], [ -100.995388, 25.480281 ], [ -100.995935, 25.480617 ], [ -100.995739, 25.480877 ], [ -100.995292, 25.480603 ], [ -100.995007, 25.480985 ], [ -100.995447, 25.48126 ], [ -100.995372, 25.481359 ] ] ] } },
{ "type": "Feature", "properties": { "INTENSIDAD": "Bajo", "PUNTAJE": 25, "TITULO": "Riesgo por Inundaciones Pluviales", "FENOMENO": "Hidrometeorológico", "FUENTE": "IMPLAN Saltillo — CARTO SALTILLO, Atlas de Riesgos 2024", "FECHA": "2024" }, "geometry": { "type": "Polygon", "coordinates": [ [ [ -100.99096, 25.493306 ], [ -100.991421, 25.492852 ], [ -100.99145, 25.492772 ], [ -100.991343, 25.492609 ], [ -100.990889, 25.492506 ], [ -100.989771, 25.492481 ], [ -100.988717, 25.491699 ], [ -100.988468, 25.49175 ], [ -100.98824, 25.491901 ], [ -100.988351, 25.490855 ], [ -100.989341, 25.490283 ], [ -100.989705, 25.489989 ], [ -100.989722, 25.489069 ], [ -100.990009, 25.4888 ], [ -100.99108, 25.488556 ], [ -100.991773, 25.488178 ], [ -100.992403, 25.48748 ], [ -100.992585, 25.48712 ], [ -100.99287, 25.486821 ], [ -100.993679, 25.486592 ], [ -100.993881, 25.48641 ], [ -100.994099, 25.48615 ], [ -100.99409, 25.485793 ], [ -100.99423, 25.485074 ], [ -100.99466, 25.484496 ], [ -100.99488, 25.484337 ], [ -100.995105, 25.483877 ], [ -100.995829, 25.483207 ], [ -100.99611, 25.48262 ], [ -100.99752, 25.482521 ], [ -100.998527, 25.482017 ], [ -100.9994, 25.481801 ], [ -100.999827, 25.481849 ], [ -101.000039, 25.481793 ], [ -101.000332, 25.481595 ], [ -101.000591, 25.480776 ], [ -101.000924, 25.480128 ], [ -101.002367, 25.479042 ], [ -101.002608, 25.479022 ], [ -101.002607, 25.479143 ], [ -101.002407, 25.479443 ], [ -101.002564, 25.479714 ], [ -101.003193, 25.479691 ], [ -101.003458, 25.480082 ], [ -101.00439, 25.481014 ], [ -101.006245, 25.483161 ], [ -101.007463, 25.48444 ], [ -101.005734, 25.485308 ], [ -101.005186, 25.48599 ], [ -101.004707, 25.48638 ], [ -101.00423, 25.486925 ], [ -101.003991, 25.48758 ], [ -101.002933, 25.488261 ], [ -101.002602, 25.488884 ], [ -101.001977, 25.489554 ], [ -101.001574, 25.490213 ], [ -101.000216, 25.490784 ], [ -100.99952, 25.491403 ], [ -100.998127, 25.491531 ], [ -100.997686, 25.49171 ], [ -100.997042, 25.492262 ], [ -100.995565, 25.492397 ], [ -100.991777, 25.493745 ], [ -100.991167, 25.493749 ], [ -100.990919, 25.493885 ], [ -100.99096, 25.493306 ] ] ] } },
{ "type": "Feature", "properties": { "INTENSIDAD": "Bajo", "PUNTAJE": 25, "TITULO": "Riesgo por Inundaciones Pluviales", "FENOMENO": "Hidrometeorológico", "FUENTE": "IMPLAN Saltillo — CARTO SALTILLO, Atlas de Riesgos 2024", "FECHA": "2024" }, "geometry": { "type": "Polygon", "coordinates": [ [ [ -100.992627, 25.486606 ], [ -100.992271, 25.487024 ], [ -100.992109, 25.487479 ], [ -100.991388, 25.488148 ], [ -100.991031, 25.488355 ], [ -100.989907, 25.488642 ], [ -100.989535, 25.488926 ], [ -100.989461, 25.489129 ], [ -100.989486, 25.4897 ], [ -100.989403, 25.48985 ], [ -100.988323, 25.490519 ], [ -100.987969, 25.490893 ], [ -100.987944, 25.49224 ], [ -100.98769, 25.492568 ], [ -100.987506, 25.492645 ], [ -100.987283, 25.492491 ], [ -100.987589, 25.491623 ], [ -100.98589, 25.490907 ], [ -100.987211, 25.487521 ], [ -100.989883, 25.481843 ], [ -100.992088, 25.482617 ], [ -100.991704, 25.483164 ], [ -100.993965, 25.484699 ], [ -100.993767, 25.484955 ], [ -100.993653, 25.485345 ], [ -100.993747, 25.485582 ], [ -100.993663, 25.486084 ], [ -100.993475, 25.486309 ], [ -100.992627, 25.486606 ] ] ] } },
{ "type": "Feature", "properties": { "INTENSIDAD": "Bajo", "PUNTAJE": 25, "TITULO": "Riesgo por Inundaciones Pluviales", "FENOMENO": "Hidrometeorológico", "FUENTE": "IMPLAN Saltillo — CARTO SALTILLO, Atlas de Riesgos 2024", "FECHA": "2024" }, "geometry": { "type": "Polygon", "coordinates": [ [ [ -100.988701, 25.491768 ], [ -100.989756, 25.49255 ], [ -100.990873, 25.492575 ], [ -100.991303, 25.492688 ], [ -100.991321, 25.492884 ], [ -100.990893, 25.493293 ], [ -100.990902, 25.493762 ], [ -100.990801, 25.493981 ], [ -100.990422, 25.494307 ], [ -100.99025, 25.494291 ], [ -100.989798, 25.494001 ], [ -100.988953, 25.494003 ], [ -100.988144, 25.49488 ], [ -100.987551, 25.495275 ], [ -100.987159, 25.495383 ], [ -100.986665, 25.494747 ], [ -100.986685, 25.493954 ], [ -100.986884, 25.493571 ], [ -100.987478, 25.493324 ], [ -100.987952, 25.492988 ], [ -100.988194, 25.492581 ], [ -100.988281, 25.49193 ], [ -100.988701, 25.491768 ] ] ] } },
{ "type": "Feature", "properties": { "INTENSIDAD": "Bajo", "PUNTAJE": 25, "TITULO": "Riesgo por Inundaciones Pluviales", "FENOMENO": "Hidrometeorológico", "FUENTE": "IMPLAN Saltillo — CARTO SALTILLO, Atlas de Riesgos 2024", "FECHA": "2024" }, "geometry": { "type": "Polygon", "coordinates": [ [ [ -100.9748, 25.360237 ], [ -100.97502, 25.360071 ], [ -100.975604, 25.360155 ], [ -100.976325, 25.361138 ], [ -100.976762, 25.361459 ], [ -100.977247, 25.361631 ], [ -100.976885, 25.361835 ], [ -100.976546, 25.361874 ], [ -100.976471, 25.362139 ], [ -100.975458, 25.361097 ], [ -100.975356, 25.361154 ], [ -100.976454, 25.362212 ], [ -100.976719, 25.362756 ], [ -100.976864, 25.362794 ], [ -100.976563, 25.362257 ], [ -100.976624, 25.361932 ], [ -100.977787, 25.363461 ], [ -100.977419, 25.36356 ], [ -100.976976, 25.363478 ], [ -100.975924, 25.362705 ], [ -100.975553, 25.362157 ], [ -100.975443, 25.361626 ], [ -100.975024, 25.36133 ], [ -100.974181, 25.360091 ], [ -100.974631, 25.360234 ], [ -100.9748, 25.360237 ] ] ] } },
{ "type": "Feature", "properties": { "INTENSIDAD": "Bajo", "PUNTAJE": 25, "TITULO": "Riesgo por Inundaciones Pluviales", "FENOMENO": "Hidrometeorológico", "FUENTE": "IMPLAN Saltillo — CARTO SALTILLO, Atlas de Riesgos 2024", "FECHA": "2024" }, "geometry": { "type": "Polygon", "coordinates": [ [ [ -100.981539, 25.381358 ], [ -100.98166, 25.380422 ], [ -100.982434, 25.381497 ], [ -100.981395, 25.382339 ], [ -100.981523, 25.381434 ], [ -100.982025, 25.381551 ], [ -100.982049, 25.38135 ], [ -100.981539, 25.381358 ] ] ] } },
{ "type": "Feature", "properties": { "INTENSIDAD": "Bajo", "PUNTAJE": 25, "TITULO": "Riesgo por Inundaciones Pluviales", "FENOMENO": "Hidrometeorológico", "FUENTE": "IMPLAN Saltillo — CARTO SALTILLO, Atlas de Riesgos 2024", "FECHA": "2024" }, "geometry": { "type": "Polygon", "coordinates": [ [ [ -100.98131, 25.398265 ], [ -100.982321, 25.396861 ], [ -100.982395, 25.396457 ], [ -100.98275, 25.396769 ], [ -100.982372, 25.397115 ], [ -100.983403, 25.398196 ], [ -100.982789, 25.398147 ], [ -100.982157, 25.397703 ], [ -100.981709, 25.398489 ], [ -100.981683, 25.398999 ], [ -100.981264, 25.39899 ], [ -100.98131, 25.398265 ] ] ] } },
{ "type": "Feature", "properties": { "INTENSIDAD": "Bajo", "PUNTAJE": 25, "TITULO": "Riesgo por Inundaciones Pluviales", "FENOMENO": "Hidrometeorológico", "FUENTE": "IMPLAN Saltillo — CARTO SALTILLO, Atlas de Riesgos 2024", "FECHA": "2024" }, "geometry": { "type": "Polygon", "coordinates": [ [ [ -100.97362, 25.406542 ], [ -100.973369, 25.406333 ], [ -100.974107, 25.405211 ], [ -100.973409, 25.404825 ], [ -100.973738, 25.404484 ], [ -100.974658, 25.404973 ], [ -100.97362, 25.406542 ] ] ] } },
{ "type": "Feature", "properties": { "INTENSIDAD": "Bajo", "PUNTAJE": 25, "TITULO": "Riesgo por Inundaciones Pluviales", "FENOMENO": "Hidrometeorológico", "FUENTE": "IMPLAN Saltillo — CARTO SALTILLO, Atlas de Riesgos 2024", "FECHA": "2024" }, "geometry": { "type": "Polygon", "coordinates": [ [ [ -100.974415, 25.40777 ], [ -100.974295, 25.407424 ], [ -100.973585, 25.406833 ], [ -100.974476, 25.405499 ], [ -100.974765, 25.40566 ], [ -100.973956, 25.406876 ], [ -100.974551, 25.40743 ], [ -100.97458, 25.407562 ], [ -100.974489, 25.407779 ], [ -100.974415, 25.40777 ] ] ] } },
{ "type": "Feature", "properties": { "INTENSIDAD": "Bajo", "PUNTAJE": 25, "TITULO": "Riesgo por Inundaciones Pluviales", "FENOMENO": "Hidrometeorológico", "FUENTE": "IMPLAN Saltillo — CARTO SALTILLO, Atlas de Riesgos 2024", "FECHA": "2024" }, "geometry": { "type": "Polygon", "coordinates": [ [ [ -100.982843, 25.409808 ], [ -100.982972, 25.408873 ], [ -100.984388, 25.409545 ], [ -100.984173, 25.409899 ], [ -100.983243, 25.409435 ], [ -100.983202, 25.409506 ], [ -100.98413, 25.40997 ], [ -100.98389, 25.410365 ], [ -100.982843, 25.409808 ] ] ] } },
{ "type": "Feature", "properties": { "INTENSIDAD": "Bajo", "PUNTAJE": 25, "TITULO": "Riesgo por Inundaciones Pluviales", "FENOMENO": "Hidrometeorológico", "FUENTE": "IMPLAN Saltillo — CARTO SALTILLO, Atlas de Riesgos 2024", "FECHA": "2024" }, "geometry": { "type": "Polygon", "coordinates": [ [ [ -100.977433, 25.412886 ], [ -100.977371, 25.413126 ], [ -100.976192, 25.412893 ], [ -100.975973, 25.412724 ], [ -100.975714, 25.412779 ], [ -100.975029, 25.412668 ], [ -100.974704, 25.412722 ], [ -100.974404, 25.412957 ], [ -100.974516, 25.412637 ], [ -100.974844, 25.412164 ], [ -100.974908, 25.411746 ], [ -100.97505, 25.411474 ], [ -100.975434, 25.411194 ], [ -100.975968, 25.410636 ], [ -100.976336, 25.410445 ], [ -100.976325, 25.410063 ], [ -100.97771, 25.410208 ], [ -100.977685, 25.410289 ], [ -100.977785, 25.410313 ], [ -100.978017, 25.410123 ], [ -100.978222, 25.410101 ], [ -100.977717, 25.41214 ], [ -100.977412, 25.412417 ], [ -100.97736, 25.412663 ], [ -100.977433, 25.412886 ] ] ] } },
{ "type": "Feature", "properties": { "INTENSIDAD": "Bajo", "PUNTAJE": 25, "TITULO": "Riesgo por Inundaciones Pluviales", "FENOMENO": "Hidrometeorológico", "FUENTE": "IMPLAN Saltillo — CARTO SALTILLO, Atlas de Riesgos 2024", "FECHA": "2024" }, "geometry": { "type": "Polygon", "coordinates": [ [ [ -100.973096, 25.413416 ], [ -100.973085, 25.412552 ], [ -100.973188, 25.412367 ], [ -100.974327, 25.410801 ], [ -100.97432, 25.410442 ], [ -100.973974, 25.410153 ], [ -100.973848, 25.409844 ], [ -100.973944, 25.409379 ], [ -100.974637, 25.409483 ], [ -100.975373, 25.409938 ], [ -100.975534, 25.409877 ], [ -100.975857, 25.41002 ], [ -100.975886, 25.410379 ], [ -100.975983, 25.410521 ], [ -100.975404, 25.41111 ], [ -100.974931, 25.411426 ], [ -100.97476, 25.411667 ], [ -100.9747, 25.412162 ], [ -100.973026, 25.414131 ], [ -100.972862, 25.414138 ], [ -100.973096, 25.413416 ] ] ] } },
{ "type": "Feature", "properties": { "INTENSIDAD": "Bajo", "PUNTAJE": 25, "TITULO": "Riesgo por Inundaciones Pluviales", "FENOMENO": "Hidrometeorológico", "FUENTE": "IMPLAN Saltillo — CARTO SALTILLO, Atlas de Riesgos 2024", "FECHA": "2024" }, "geometry": { "type": "Polygon", "coordinates": [ [ [ -100.973479, 25.413877 ], [ -100.974756, 25.412819 ], [ -100.975091, 25.412762 ], [ -100.977329, 25.413224 ], [ -100.976949, 25.41387 ], [ -100.97667, 25.414136 ], [ -100.976149, 25.414493 ], [ -100.975897, 25.414553 ], [ -100.975478, 25.414534 ], [ -100.974303, 25.414241 ], [ -100.973565, 25.414148 ], [ -100.973479, 25.413877 ] ] ] } },
{ "type": "Feature", "properties": { "INTENSIDAD": "Bajo", "PUNTAJE": 25, "TITULO": "Riesgo por Inundaciones Pluviales", "FENOMENO": "Hidrometeorológico", "FUENTE": "IMPLAN Saltillo — CARTO SALTILLO, Atlas de Riesgos 2024", "FECHA": "2024" }, "geometry": { "type": "Polygon", "coordinates": [ [ [ -100.974305, 25.419281 ], [ -100.973946, 25.420036 ], [ -100.973557, 25.41988 ], [ -100.973908, 25.419123 ], [ -100.974305, 25.419281 ] ] ] } },
{ "type": "Feature", "properties": { "INTENSIDAD": "Bajo", "PUNTAJE": 25, "TITULO": "Riesgo por Inundaciones Pluviales", "FENOMENO": "Hidrometeorológico", "FUENTE": "IMPLAN Saltillo — CARTO SALTILLO, Atlas de Riesgos 2024", "FECHA": "2024" }, "geometry": { "type": "Polygon", "coordinates": [ [ [ -100.976833, 25.419771 ], [ -100.977255, 25.418881 ], [ -100.977662, 25.419037 ], [ -100.97721, 25.419995 ], [ -100.977289, 25.420023 ], [ -100.977737, 25.419066 ], [ -100.978178, 25.419234 ], [ -100.977562, 25.420486 ], [ -100.976786, 25.420179 ], [ -100.976833, 25.419771 ] ] ] } },
{ "type": "Feature", "properties": { "INTENSIDAD": "Bajo", "PUNTAJE": 25, "TITULO": "Riesgo por Inundaciones Pluviales", "FENOMENO": "Hidrometeorológico", "FUENTE": "IMPLAN Saltillo — CARTO SALTILLO, Atlas de Riesgos 2024", "FECHA": "2024" }, "geometry": { "type": "Polygon", "coordinates": [ [ [ -100.97484, 25.419493 ], [ -100.974482, 25.42025 ], [ -100.974023, 25.420067 ], [ -100.974383, 25.419312 ], [ -100.97484, 25.419493 ] ] ] } },
{ "type": "Feature", "properties": { "INTENSIDAD": "Bajo", "PUNTAJE": 25, "TITULO": "Riesgo por Inundaciones Pluviales", "FENOMENO": "Hidrometeorológico", "FUENTE": "IMPLAN Saltillo — CARTO SALTILLO, Atlas de Riesgos 2024", "FECHA": "2024" }, "geometry": { "type": "Polygon", "coordinates": [ [ [ -100.974559, 25.420282 ], [ -100.974918, 25.419524 ], [ -100.975758, 25.419858 ], [ -100.975403, 25.42062 ], [ -100.974559, 25.420282 ] ] ] } },
{ "type": "Feature", "properties": { "INTENSIDAD": "Bajo", "PUNTAJE": 25, "TITULO": "Riesgo por Inundaciones Pluviales", "FENOMENO": "Hidrometeorológico", "FUENTE": "IMPLAN Saltillo — CARTO SALTILLO, Atlas de Riesgos 2024", "FECHA": "2024" }, "geometry": { "type": "Polygon", "coordinates": [ [ [ -100.977723, 25.42055 ], [ -100.978339, 25.419296 ], [ -100.978712, 25.419439 ], [ -100.978353, 25.420194 ], [ -100.978438, 25.42023 ], [ -100.978798, 25.419472 ], [ -100.979188, 25.419622 ], [ -100.978581, 25.420889 ], [ -100.977723, 25.42055 ] ] ] } },
{ "type": "Feature", "properties": { "INTENSIDAD": "Bajo", "PUNTAJE": 25, "TITULO": "Riesgo por Inundaciones Pluviales", "FENOMENO": "Hidrometeorológico", "FUENTE": "IMPLAN Saltillo — CARTO SALTILLO, Atlas de Riesgos 2024", "FECHA": "2024" }, "geometry": { "type": "Polygon", "coordinates": [ [ [ -100.974451, 25.420315 ], [ -100.974091, 25.421078 ], [ -100.973628, 25.420895 ], [ -100.973992, 25.420131 ], [ -100.974451, 25.420315 ] ] ] } },
{ "type": "Feature", "properties": { "INTENSIDAD": "Bajo", "PUNTAJE": 25, "TITULO": "Riesgo por Inundaciones Pluviales", "FENOMENO": "Hidrometeorológico", "FUENTE": "IMPLAN Saltillo — CARTO SALTILLO, Atlas de Riesgos 2024", "FECHA": "2024" }, "geometry": { "type": "Polygon", "coordinates": [ [ [ -100.974529, 25.420346 ], [ -100.975373, 25.420684 ], [ -100.975018, 25.421443 ], [ -100.974168, 25.421108 ], [ -100.974529, 25.420346 ] ] ] } },
{ "type": "Feature", "properties": { "INTENSIDAD": "Bajo", "PUNTAJE": 25, "TITULO": "Riesgo por Inundaciones Pluviales", "FENOMENO": "Hidrometeorológico", "FUENTE": "IMPLAN Saltillo — CARTO SALTILLO, Atlas de Riesgos 2024", "FECHA": "2024" }, "geometry": { "type": "Polygon", "coordinates": [ [ [ -100.975093, 25.421473 ], [ -100.975448, 25.420714 ], [ -100.97584, 25.420872 ], [ -100.975715, 25.421137 ], [ -100.975779, 25.421169 ], [ -100.975909, 25.420899 ], [ -100.976302, 25.421056 ], [ -100.975944, 25.421808 ], [ -100.975093, 25.421473 ] ] ] } },
{ "type": "Feature", "properties": { "INTENSIDAD": "Bajo", "PUNTAJE": 25, "TITULO": "Riesgo por Inundaciones Pluviales", "FENOMENO": "Hidrometeorológico", "FUENTE": "IMPLAN Saltillo — CARTO SALTILLO, Atlas de Riesgos 2024", "FECHA": "2024" }, "geometry": { "type": "Polygon", "coordinates": [ [ [ -100.974983, 25.421518 ], [ -100.974631, 25.42227 ], [ -100.973775, 25.42194 ], [ -100.974133, 25.421183 ], [ -100.974983, 25.421518 ] ] ] } },
{ "type": "Feature", "properties": { "INTENSIDAD": "Bajo", "PUNTAJE": 25, "TITULO": "Riesgo por Inundaciones Pluviales", "FENOMENO": "Hidrometeorológico", "FUENTE": "IMPLAN Saltillo — CARTO SALTILLO, Atlas de Riesgos 2024", "FECHA": "2024" }, "geometry": { "type": "Polygon", "coordinates": [ [ [ -100.975909, 25.421883 ], [ -100.975555, 25.422626 ], [ -100.974706, 25.422299 ], [ -100.975058, 25.421547 ], [ -100.975909, 25.421883 ] ] ] } },
{ "type": "Feature", "properties": { "INTENSIDAD": "Bajo", "PUNTAJE": 25, "TITULO": "Riesgo por Inundaciones Pluviales", "FENOMENO": "Hidrometeorológico", "FUENTE": "IMPLAN Saltillo — CARTO SALTILLO, Atlas de Riesgos 2024", "FECHA": "2024" }, "geometry": { "type": "Polygon", "coordinates": [ [ [ -100.974594, 25.422348 ], [ -100.974229, 25.423117 ], [ -100.973375, 25.422785 ], [ -100.973738, 25.422018 ], [ -100.974594, 25.422348 ] ] ] } },
{ "type": "Feature", "properties": { "INTENSIDAD": "Bajo", "PUNTAJE": 25, "TITULO": "Riesgo por Inundaciones Pluviales", "FENOMENO": "Hidrometeorológico", "FUENTE": "IMPLAN Saltillo — CARTO SALTILLO, Atlas de Riesgos 2024", "FECHA": "2024" }, "geometry": { "type": "Polygon", "coordinates": [ [ [ -100.97467, 25.422378 ], [ -100.975518, 25.422704 ], [ -100.975151, 25.423474 ], [ -100.974305, 25.423146 ], [ -100.97467, 25.422378 ] ] ] } },
{ "type": "Feature", "properties": { "INTENSIDAD": "Bajo", "PUNTAJE": 25, "TITULO": "Riesgo por Inundaciones Pluviales", "FENOMENO": "Hidrometeorológico", "FUENTE": "IMPLAN Saltillo — CARTO SALTILLO, Atlas de Riesgos 2024", "FECHA": "2024" }, "geometry": { "type": "Polygon", "coordinates": [ [ [ -100.975211, 25.423497 ], [ -100.975577, 25.422728 ], [ -100.976399, 25.423058 ], [ -100.976042, 25.423822 ], [ -100.975211, 25.423497 ] ] ] } },
{ "type": "Feature", "properties": { "INTENSIDAD": "Bajo", "PUNTAJE": 25, "TITULO": "Riesgo por Inundaciones Pluviales", "FENOMENO": "Hidrometeorológico", "FUENTE": "IMPLAN Saltillo — CARTO SALTILLO, Atlas de Riesgos 2024", "FECHA": "2024" }, "geometry": { "type": "Polygon", "coordinates": [ [ [ -100.974275, 25.423209 ], [ -100.975121, 25.423537 ], [ -100.974752, 25.424321 ], [ -100.973902, 25.423993 ], [ -100.974275, 25.423209 ] ] ] } },
{ "type": "Feature", "properties": { "INTENSIDAD": "Bajo", "PUNTAJE": 25, "TITULO": "Riesgo por Inundaciones Pluviales", "FENOMENO": "Hidrometeorológico", "FUENTE": "IMPLAN Saltillo — CARTO SALTILLO, Atlas de Riesgos 2024", "FECHA": "2024" }, "geometry": { "type": "Polygon", "coordinates": [ [ [ -100.975654, 25.424676 ], [ -100.974812, 25.424344 ], [ -100.975181, 25.42356 ], [ -100.976028, 25.423891 ], [ -100.975654, 25.424676 ] ] ] } },
{ "type": "Feature", "properties": { "INTENSIDAD": "Bajo", "PUNTAJE": 25, "TITULO": "Riesgo por Inundaciones Pluviales", "FENOMENO": "Hidrometeorológico", "FUENTE": "IMPLAN Saltillo — CARTO SALTILLO, Atlas de Riesgos 2024", "FECHA": "2024" }, "geometry": { "type": "Polygon", "coordinates": [ [ [ -100.974369, 25.425156 ], [ -100.973508, 25.424823 ], [ -100.973872, 25.424056 ], [ -100.974723, 25.424384 ], [ -100.974369, 25.425156 ] ] ] } },
{ "type": "Feature", "properties": { "INTENSIDAD": "Bajo", "PUNTAJE": 25, "TITULO": "Riesgo por Inundaciones Pluviales", "FENOMENO": "Hidrometeorológico", "FUENTE": "IMPLAN Saltillo — CARTO SALTILLO, Atlas de Riesgos 2024", "FECHA": "2024" }, "geometry": { "type": "Polygon", "coordinates": [ [ [ -100.974428, 25.425179 ], [ -100.974784, 25.424408 ], [ -100.975623, 25.42474 ], [ -100.97526, 25.425502 ], [ -100.974428, 25.425179 ] ] ] } },
{ "type": "Feature", "properties": { "INTENSIDAD": "Bajo", "PUNTAJE": 25, "TITULO": "Riesgo por Inundaciones Pluviales", "FENOMENO": "Hidrometeorológico", "FUENTE": "IMPLAN Saltillo — CARTO SALTILLO, Atlas de Riesgos 2024", "FECHA": "2024" }, "geometry": { "type": "Polygon", "coordinates": [ [ [ -100.975302, 25.4256 ], [ -100.976142, 25.425925 ], [ -100.9761, 25.426014 ], [ -100.975032, 25.426166 ], [ -100.975302, 25.4256 ] ] ] } },
{ "type": "Feature", "properties": { "INTENSIDAD": "Bajo", "PUNTAJE": 25, "TITULO": "Riesgo por Inundaciones Pluviales", "FENOMENO": "Hidrometeorológico", "FUENTE": "IMPLAN Saltillo — CARTO SALTILLO, Atlas de Riesgos 2024", "FECHA": "2024" }, "geometry": { "type": "Polygon", "coordinates": [ [ [ -100.981486, 25.433475 ], [ -100.982268, 25.433755 ], [ -100.982289, 25.433702 ], [ -100.98151, 25.433422 ], [ -100.981708, 25.433003 ], [ -100.982755, 25.433396 ], [ -100.982367, 25.434288 ], [ -100.981304, 25.433876 ], [ -100.981486, 25.433475 ] ] ] } },
{ "type": "Feature", "properties": { "INTENSIDAD": "Bajo", "PUNTAJE": 25, "TITULO": "Riesgo por Inundaciones Pluviales", "FENOMENO": "Hidrometeorológico", "FUENTE": "IMPLAN Saltillo — CARTO SALTILLO, Atlas de Riesgos 2024", "FECHA": "2024" }, "geometry": { "type": "Polygon", "coordinates": [ [ [ -100.977997, 25.436003 ], [ -100.978586, 25.436394 ], [ -100.978583, 25.436535 ], [ -100.978643, 25.436535 ], [ -100.978645, 25.436418 ], [ -100.978977, 25.435925 ], [ -100.978842, 25.435662 ], [ -100.97936, 25.435416 ], [ -100.97967, 25.434957 ], [ -100.980551, 25.435219 ], [ -100.979669, 25.437166 ], [ -100.979038, 25.436927 ], [ -100.978966, 25.437012 ], [ -100.978607, 25.436798 ], [ -100.978556, 25.436882 ], [ -100.979007, 25.437126 ], [ -100.979071, 25.43704 ], [ -100.979632, 25.437247 ], [ -100.978781, 25.439134 ], [ -100.978181, 25.437713 ], [ -100.978436, 25.437434 ], [ -100.978039, 25.437163 ], [ -100.977823, 25.437377 ], [ -100.977577, 25.43719 ], [ -100.978009, 25.436744 ], [ -100.977955, 25.436718 ], [ -100.976532, 25.438179 ], [ -100.976138, 25.43788 ], [ -100.976314, 25.437445 ], [ -100.977997, 25.436003 ] ] ] } },
{ "type": "Feature", "properties": { "INTENSIDAD": "Bajo", "PUNTAJE": 25, "TITULO": "Riesgo por Inundaciones Pluviales", "FENOMENO": "Hidrometeorológico", "FUENTE": "IMPLAN Saltillo — CARTO SALTILLO, Atlas de Riesgos 2024", "FECHA": "2024" }, "geometry": { "type": "Polygon", "coordinates": [ [ [ -100.983875, 25.442135 ], [ -100.98413, 25.442218 ], [ -100.983879, 25.44271 ], [ -100.983623, 25.442589 ], [ -100.983875, 25.442135 ] ] ] } },
{ "type": "Feature", "properties": { "INTENSIDAD": "Bajo", "PUNTAJE": 25, "TITULO": "Riesgo por Inundaciones Pluviales", "FENOMENO": "Hidrometeorológico", "FUENTE": "IMPLAN Saltillo — CARTO SALTILLO, Atlas de Riesgos 2024", "FECHA": "2024" }, "geometry": { "type": "Polygon", "coordinates": [ [ [ -100.983567, 25.444543 ], [ -100.981072, 25.443567 ], [ -100.980889, 25.443434 ], [ -100.980842, 25.443251 ], [ -100.98155, 25.441684 ], [ -100.984277, 25.44298 ], [ -100.983567, 25.444543 ] ] ] } },
{ "type": "Feature", "properties": { "INTENSIDAD": "Bajo", "PUNTAJE": 25, "TITULO": "Riesgo por Inundaciones Pluviales", "FENOMENO": "Hidrometeorológico", "FUENTE": "IMPLAN Saltillo — CARTO SALTILLO, Atlas de Riesgos 2024", "FECHA": "2024" }, "geometry": { "type": "Polygon", "coordinates": [ [ [ -100.976037, 25.444362 ], [ -100.975743, 25.444674 ], [ -100.975094, 25.444446 ], [ -100.97521, 25.444074 ], [ -100.976037, 25.444362 ] ] ] } },
{ "type": "Feature", "properties": { "INTENSIDAD": "Bajo", "PUNTAJE": 25, "TITULO": "Riesgo por Inundaciones Pluviales", "FENOMENO": "Hidrometeorológico", "FUENTE": "IMPLAN Saltillo — CARTO SALTILLO, Atlas de Riesgos 2024", "FECHA": "2024" }, "geometry": { "type": "Polygon", "coordinates": [ [ [ -100.975685, 25.444746 ], [ -100.975232, 25.445405 ], [ -100.974828, 25.445319 ], [ -100.975121, 25.444547 ], [ -100.975685, 25.444746 ] ] ] } },
{ "type": "Feature", "properties": { "INTENSIDAD": "Bajo", "PUNTAJE": 25, "TITULO": "Riesgo por Inundaciones Pluviales", "FENOMENO": "Hidrometeorológico", "FUENTE": "IMPLAN Saltillo — CARTO SALTILLO, Atlas de Riesgos 2024", "FECHA": "2024" }, "geometry": { "type": "Polygon", "coordinates": [ [ [ -100.982471, 25.444951 ], [ -100.982506, 25.444886 ], [ -100.982148, 25.444735 ], [ -100.982316, 25.444379 ], [ -100.982932, 25.444619 ], [ -100.982318, 25.445935 ], [ -100.981688, 25.445706 ], [ -100.982116, 25.444797 ], [ -100.982471, 25.444951 ] ] ] } },
{ "type": "Feature", "properties": { "INTENSIDAD": "Bajo", "PUNTAJE": 25, "TITULO": "Riesgo por Inundaciones Pluviales", "FENOMENO": "Hidrometeorológico", "FUENTE": "IMPLAN Saltillo — CARTO SALTILLO, Atlas de Riesgos 2024", "FECHA": "2024" }, "geometry": { "type": "Polygon", "coordinates": [ [ [ -100.98242, 25.445981 ], [ -100.983029, 25.444657 ], [ -100.983651, 25.444899 ], [ -100.983035, 25.446225 ], [ -100.98242, 25.445981 ] ] ] } },
{ "type": "Feature", "properties": { "INTENSIDAD": "Bajo", "PUNTAJE": 25, "TITULO": "Riesgo por Inundaciones Pluviales", "FENOMENO": "Hidrometeorológico", "FUENTE": "IMPLAN Saltillo — CARTO SALTILLO, Atlas de Riesgos 2024", "FECHA": "2024" }, "geometry": { "type": "Polygon", "coordinates": [ [ [ -100.983787, 25.446523 ], [ -100.983133, 25.446264 ], [ -100.983756, 25.44494 ], [ -100.984408, 25.445196 ], [ -100.984178, 25.445686 ], [ -100.983917, 25.445625 ], [ -100.984161, 25.445723 ], [ -100.983787, 25.446523 ] ] ] } },
{ "type": "Feature", "properties": { "INTENSIDAD": "Bajo", "PUNTAJE": 25, "TITULO": "Riesgo por Inundaciones Pluviales", "FENOMENO": "Hidrometeorológico", "FUENTE": "IMPLAN Saltillo — CARTO SALTILLO, Atlas de Riesgos 2024", "FECHA": "2024" }, "geometry": { "type": "Polygon", "coordinates": [ [ [ -100.974064, 25.447418 ], [ -100.974179, 25.447063 ], [ -100.974342, 25.44689 ], [ -100.97437, 25.446677 ], [ -100.974531, 25.446481 ], [ -100.974653, 25.44587 ], [ -100.974418, 25.444998 ], [ -100.97479, 25.444794 ], [ -100.974937, 25.444482 ], [ -100.975069, 25.444529 ], [ -100.974774, 25.445354 ], [ -100.975204, 25.445446 ], [ -100.975001, 25.445747 ], [ -100.974446, 25.447034 ], [ -100.974064, 25.447418 ] ] ] } },
{ "type": "Feature", "properties": { "INTENSIDAD": "Bajo", "PUNTAJE": 25, "TITULO": "Riesgo por Inundaciones Pluviales", "FENOMENO": "Hidrometeorológico", "FUENTE": "IMPLAN Saltillo — CARTO SALTILLO, Atlas de Riesgos 2024", "FECHA": "2024" }, "geometry": { "type": "Polygon", "coordinates": [ [ [ -100.98299, 25.446316 ], [ -100.982334, 25.447726 ], [ -100.981709, 25.447475 ], [ -100.982366, 25.446068 ], [ -100.98299, 25.446316 ] ] ] } },
{ "type": "Feature", "properties": { "INTENSIDAD": "Bajo", "PUNTAJE": 25, "TITULO": "Riesgo por Inundaciones Pluviales", "FENOMENO": "Hidrometeorológico", "FUENTE": "IMPLAN Saltillo — CARTO SALTILLO, Atlas de Riesgos 2024", "FECHA": "2024" }, "geometry": { "type": "Polygon", "coordinates": [ [ [ -100.982432, 25.447766 ], [ -100.98309, 25.446356 ], [ -100.983743, 25.446616 ], [ -100.983085, 25.448027 ], [ -100.982432, 25.447766 ] ] ] } },
{ "type": "Feature", "properties": { "INTENSIDAD": "Bajo", "PUNTAJE": 25, "TITULO": "Riesgo por Inundaciones Pluviales", "FENOMENO": "Hidrometeorológico", "FUENTE": "IMPLAN Saltillo — CARTO SALTILLO, Atlas de Riesgos 2024", "FECHA": "2024" }, "geometry": { "type": "Polygon", "coordinates": [ [ [ -100.983841, 25.446655 ], [ -100.984382, 25.446873 ], [ -100.983723, 25.448281 ], [ -100.983181, 25.448066 ], [ -100.983841, 25.446655 ] ] ] } },
{ "type": "Feature", "properties": { "INTENSIDAD": "Bajo", "PUNTAJE": 25, "TITULO": "Riesgo por Inundaciones Pluviales", "FENOMENO": "Hidrometeorológico", "FUENTE": "IMPLAN Saltillo — CARTO SALTILLO, Atlas de Riesgos 2024", "FECHA": "2024" }, "geometry": { "type": "Polygon", "coordinates": [ [ [ -100.982978, 25.448368 ], [ -100.983028, 25.448392 ], [ -100.983146, 25.448147 ], [ -100.98369, 25.448365 ], [ -100.983581, 25.448589 ], [ -100.983657, 25.448619 ], [ -100.983769, 25.448397 ], [ -100.984146, 25.448548 ], [ -100.983846, 25.449037 ], [ -100.982446, 25.449872 ], [ -100.980971, 25.448647 ], [ -100.980568, 25.449025 ], [ -100.980007, 25.448542 ], [ -100.980861, 25.447231 ], [ -100.982296, 25.447806 ], [ -100.982101, 25.448206 ], [ -100.982207, 25.448252 ], [ -100.982393, 25.447846 ], [ -100.983043, 25.448106 ], [ -100.982978, 25.448368 ] ] ] } },
{ "type": "Feature", "properties": { "INTENSIDAD": "Bajo", "PUNTAJE": 25, "TITULO": "Riesgo por Inundaciones Pluviales", "FENOMENO": "Hidrometeorológico", "FUENTE": "IMPLAN Saltillo — CARTO SALTILLO, Atlas de Riesgos 2024", "FECHA": "2024" }, "geometry": { "type": "Polygon", "coordinates": [ [ [ -100.981459, 25.450606 ], [ -100.98119, 25.450372 ], [ -100.981978, 25.449608 ], [ -100.982269, 25.449854 ], [ -100.981459, 25.450606 ] ] ] } },
{ "type": "Feature", "properties": { "INTENSIDAD": "Bajo", "PUNTAJE": 25, "TITULO": "Riesgo por Inundaciones Pluviales", "FENOMENO": "Hidrometeorológico", "FUENTE": "IMPLAN Saltillo — CARTO SALTILLO, Atlas de Riesgos 2024", "FECHA": "2024" }, "geometry": { "type": "Polygon", "coordinates": [ [ [ -100.982326, 25.449906 ], [ -100.982632, 25.450166 ], [ -100.981826, 25.450927 ], [ -100.981519, 25.450656 ], [ -100.982326, 25.449906 ] ] ] } },
{ "type": "Feature", "properties": { "INTENSIDAD": "Bajo", "PUNTAJE": 25, "TITULO": "Riesgo por Inundaciones Pluviales", "FENOMENO": "Hidrometeorológico", "FUENTE": "IMPLAN Saltillo — CARTO SALTILLO, Atlas de Riesgos 2024", "FECHA": "2024" }, "geometry": { "type": "Polygon", "coordinates": [ [ [ -100.981084, 25.451627 ], [ -100.98114, 25.451679 ], [ -100.981826, 25.451032 ], [ -100.982029, 25.451224 ], [ -100.981442, 25.452091 ], [ -100.980683, 25.451434 ], [ -100.981458, 25.450712 ], [ -100.981769, 25.45098 ], [ -100.981084, 25.451627 ] ] ] } },
{ "type": "Feature", "properties": { "INTENSIDAD": "Bajo", "PUNTAJE": 25, "TITULO": "Riesgo por Inundaciones Pluviales", "FENOMENO": "Hidrometeorológico", "FUENTE": "IMPLAN Saltillo — CARTO SALTILLO, Atlas de Riesgos 2024", "FECHA": "2024" }, "geometry": { "type": "Polygon", "coordinates": [ [ [ -100.97625, 25.461181 ], [ -100.976811, 25.461483 ], [ -100.976101, 25.462154 ], [ -100.975558, 25.461824 ], [ -100.97625, 25.461181 ] ] ] } },
{ "type": "Feature", "properties": { "INTENSIDAD": "Bajo", "PUNTAJE": 25, "TITULO": "Riesgo por Inundaciones Pluviales", "FENOMENO": "Hidrometeorológico", "FUENTE": "IMPLAN Saltillo — CARTO SALTILLO, Atlas de Riesgos 2024", "FECHA": "2024" }, "geometry": { "type": "Polygon", "coordinates": [ [ [ -100.978547, 25.461276 ], [ -100.978854, 25.462301 ], [ -100.978741, 25.462396 ], [ -100.978069, 25.46202 ], [ -100.977909, 25.461433 ], [ -100.978547, 25.461276 ] ] ] } },
{ "type": "Feature", "properties": { "INTENSIDAD": "Bajo", "PUNTAJE": 25, "TITULO": "Riesgo por Inundaciones Pluviales", "FENOMENO": "Hidrometeorológico", "FUENTE": "IMPLAN Saltillo — CARTO SALTILLO, Atlas de Riesgos 2024", "FECHA": "2024" }, "geometry": { "type": "Polygon", "coordinates": [ [ [ -100.97617, 25.462197 ], [ -100.976886, 25.461525 ], [ -100.977418, 25.461822 ], [ -100.97668, 25.462518 ], [ -100.97617, 25.462197 ] ] ] } },
{ "type": "Feature", "properties": { "INTENSIDAD": "Bajo", "PUNTAJE": 25, "TITULO": "Riesgo por Inundaciones Pluviales", "FENOMENO": "Hidrometeorológico", "FUENTE": "IMPLAN Saltillo — CARTO SALTILLO, Atlas de Riesgos 2024", "FECHA": "2024" }, "geometry": { "type": "Polygon", "coordinates": [ [ [ -100.975267, 25.461772 ], [ -100.976026, 25.462232 ], [ -100.97527, 25.462954 ], [ -100.97461, 25.462603 ], [ -100.974918, 25.462215 ], [ -100.97542, 25.462521 ], [ -100.975497, 25.462455 ], [ -100.974975, 25.462143 ], [ -100.975267, 25.461772 ] ] ] } },
{ "type": "Feature", "properties": { "INTENSIDAD": "Bajo", "PUNTAJE": 25, "TITULO": "Riesgo por Inundaciones Pluviales", "FENOMENO": "Hidrometeorológico", "FUENTE": "IMPLAN Saltillo — CARTO SALTILLO, Atlas de Riesgos 2024", "FECHA": "2024" }, "geometry": { "type": "Polygon", "coordinates": [ [ [ -100.976749, 25.462562 ], [ -100.977493, 25.461864 ], [ -100.97799, 25.462142 ], [ -100.977257, 25.462882 ], [ -100.976749, 25.462562 ] ] ] } },
{ "type": "Feature", "properties": { "INTENSIDAD": "Bajo", "PUNTAJE": 25, "TITULO": "Riesgo por Inundaciones Pluviales", "FENOMENO": "Hidrometeorológico", "FUENTE": "IMPLAN Saltillo — CARTO SALTILLO, Atlas de Riesgos 2024", "FECHA": "2024" }, "geometry": { "type": "Polygon", "coordinates": [ [ [ -100.978606, 25.462487 ], [ -100.97785, 25.463253 ], [ -100.977335, 25.46293 ], [ -100.97807, 25.462187 ], [ -100.978606, 25.462487 ] ] ] } },
{ "type": "Feature", "properties": { "INTENSIDAD": "Bajo", "PUNTAJE": 25, "TITULO": "Riesgo por Inundaciones Pluviales", "FENOMENO": "Hidrometeorológico", "FUENTE": "IMPLAN Saltillo — CARTO SALTILLO, Atlas de Riesgos 2024", "FECHA": "2024" }, "geometry": { "type": "Polygon", "coordinates": [ [ [ -100.975332, 25.463004 ], [ -100.976098, 25.462277 ], [ -100.976601, 25.462594 ], [ -100.97579, 25.463374 ], [ -100.975332, 25.463004 ] ] ] } },
{ "type": "Feature", "properties": { "INTENSIDAD": "Bajo", "PUNTAJE": 25, "TITULO": "Riesgo por Inundaciones Pluviales", "FENOMENO": "Hidrometeorológico", "FUENTE": "IMPLAN Saltillo — CARTO SALTILLO, Atlas de Riesgos 2024", "FECHA": "2024" }, "geometry": { "type": "Polygon", "coordinates": [ [ [ -100.977932, 25.463303 ], [ -100.978686, 25.462532 ], [ -100.979049, 25.462735 ], [ -100.979206, 25.463326 ], [ -100.978888, 25.463884 ], [ -100.977932, 25.463303 ] ] ] } },
{ "type": "Feature", "properties": { "INTENSIDAD": "Bajo", "PUNTAJE": 25, "TITULO": "Riesgo por Inundaciones Pluviales", "FENOMENO": "Hidrometeorológico", "FUENTE": "IMPLAN Saltillo — CARTO SALTILLO, Atlas de Riesgos 2024", "FECHA": "2024" }, "geometry": { "type": "Polygon", "coordinates": [ [ [ -100.975857, 25.463429 ], [ -100.976678, 25.462643 ], [ -100.977183, 25.462959 ], [ -100.976319, 25.463811 ], [ -100.975857, 25.463429 ] ] ] } },
{ "type": "Feature", "properties": { "INTENSIDAD": "Bajo", "PUNTAJE": 25, "TITULO": "Riesgo por Inundaciones Pluviales", "FENOMENO": "Hidrometeorológico", "FUENTE": "IMPLAN Saltillo — CARTO SALTILLO, Atlas de Riesgos 2024", "FECHA": "2024" }, "geometry": { "type": "Polygon", "coordinates": [ [ [ -100.976388, 25.463868 ], [ -100.977261, 25.463007 ], [ -100.977775, 25.463332 ], [ -100.976852, 25.464242 ], [ -100.976388, 25.463868 ] ] ] } },
{ "type": "Feature", "properties": { "INTENSIDAD": "Bajo", "PUNTAJE": 25, "TITULO": "Riesgo por Inundaciones Pluviales", "FENOMENO": "Hidrometeorológico", "FUENTE": "IMPLAN Saltillo — CARTO SALTILLO, Atlas de Riesgos 2024", "FECHA": "2024" }, "geometry": { "type": "Polygon", "coordinates": [ [ [ -100.975235, 25.464027 ], [ -100.975797, 25.463487 ], [ -100.97626, 25.463869 ], [ -100.975545, 25.464595 ], [ -100.975145, 25.46428 ], [ -100.975235, 25.464027 ] ] ] } },
{ "type": "Feature", "properties": { "INTENSIDAD": "Bajo", "PUNTAJE": 25, "TITULO": "Riesgo por Inundaciones Pluviales", "FENOMENO": "Hidrometeorológico", "FUENTE": "IMPLAN Saltillo — CARTO SALTILLO, Atlas de Riesgos 2024", "FECHA": "2024" }, "geometry": { "type": "Polygon", "coordinates": [ [ [ -100.975164, 25.463977 ], [ -100.974402, 25.46529 ], [ -100.974186, 25.465466 ], [ -100.973791, 25.465051 ], [ -100.974258, 25.464604 ], [ -100.974693, 25.463855 ], [ -100.974619, 25.463788 ], [ -100.974171, 25.46456 ], [ -100.973654, 25.465046 ], [ -100.974116, 25.465509 ], [ -100.973763, 25.465804 ], [ -100.97262, 25.465313 ], [ -100.972661, 25.465238 ], [ -100.972456, 25.465162 ], [ -100.972823, 25.464546 ], [ -100.97312, 25.464751 ], [ -100.973199, 25.464697 ], [ -100.972645, 25.464374 ], [ -100.974021, 25.46238 ], [ -100.974507, 25.462644 ], [ -100.974045, 25.463239 ], [ -100.974107, 25.463274 ], [ -100.974589, 25.46268 ], [ -100.975217, 25.463017 ], [ -100.97573, 25.463432 ], [ -100.975164, 25.463977 ] ] ] } },
{ "type": "Feature", "properties": { "INTENSIDAD": "Bajo", "PUNTAJE": 25, "TITULO": "Riesgo por Inundaciones Pluviales", "FENOMENO": "Hidrometeorológico", "FUENTE": "IMPLAN Saltillo — CARTO SALTILLO, Atlas de Riesgos 2024", "FECHA": "2024" }, "geometry": { "type": "Polygon", "coordinates": [ [ [ -100.978152, 25.465168 ], [ -100.976924, 25.464295 ], [ -100.977853, 25.463379 ], [ -100.978848, 25.463984 ], [ -100.978152, 25.465168 ] ] ] } },
{ "type": "Feature", "properties": { "INTENSIDAD": "Bajo", "PUNTAJE": 25, "TITULO": "Riesgo por Inundaciones Pluviales", "FENOMENO": "Hidrometeorológico", "FUENTE": "IMPLAN Saltillo — CARTO SALTILLO, Atlas de Riesgos 2024", "FECHA": "2024" }, "geometry": { "type": "Polygon", "coordinates": [ [ [ -100.975612, 25.464637 ], [ -100.976329, 25.463926 ], [ -100.976788, 25.464305 ], [ -100.976073, 25.465014 ], [ -100.975612, 25.464637 ] ] ] } },
{ "type": "Feature", "properties": { "INTENSIDAD": "Bajo", "PUNTAJE": 25, "TITULO": "Riesgo por Inundaciones Pluviales", "FENOMENO": "Hidrometeorológico", "FUENTE": "IMPLAN Saltillo — CARTO SALTILLO, Atlas de Riesgos 2024", "FECHA": "2024" }, "geometry": { "type": "Polygon", "coordinates": [ [ [ -100.976022, 25.465065 ], [ -100.975599, 25.465491 ], [ -100.974767, 25.464845 ], [ -100.975099, 25.464321 ], [ -100.976022, 25.465065 ] ] ] } },
{ "type": "Feature", "properties": { "INTENSIDAD": "Bajo", "PUNTAJE": 25, "TITULO": "Riesgo por Inundaciones Pluviales", "FENOMENO": "Hidrometeorológico", "FUENTE": "IMPLAN Saltillo — CARTO SALTILLO, Atlas de Riesgos 2024", "FECHA": "2024" }, "geometry": { "type": "Polygon", "coordinates": [ [ [ -100.977077, 25.46495 ], [ -100.977271, 25.464701 ], [ -100.978118, 25.465244 ], [ -100.977953, 25.465507 ], [ -100.977077, 25.46495 ] ] ] } },
{ "type": "Feature", "properties": { "INTENSIDAD": "Bajo", "PUNTAJE": 25, "TITULO": "Riesgo por Inundaciones Pluviales", "FENOMENO": "Hidrometeorológico", "FUENTE": "IMPLAN Saltillo — CARTO SALTILLO, Atlas de Riesgos 2024", "FECHA": "2024" }, "geometry": { "type": "Polygon", "coordinates": [ [ [ -100.974397, 25.465403 ], [ -100.974727, 25.464909 ], [ -100.975532, 25.465553 ], [ -100.9751, 25.465981 ], [ -100.974397, 25.465403 ] ] ] } },
{ "type": "Feature", "properties": { "INTENSIDAD": "Bajo", "PUNTAJE": 25, "TITULO": "Riesgo por Inundaciones Pluviales", "FENOMENO": "Hidrometeorológico", "FUENTE": "IMPLAN Saltillo — CARTO SALTILLO, Atlas de Riesgos 2024", "FECHA": "2024" }, "geometry": { "type": "Polygon", "coordinates": [ [ [ -100.979792, 25.465977 ], [ -100.979342, 25.466947 ], [ -100.977901, 25.466154 ], [ -100.977976, 25.465656 ], [ -100.978922, 25.464029 ], [ -100.979452, 25.464355 ], [ -100.979799, 25.465471 ], [ -100.979792, 25.465977 ] ] ] } },
{ "type": "Feature", "properties": { "INTENSIDAD": "Bajo", "PUNTAJE": 25, "TITULO": "Riesgo por Inundaciones Pluviales", "FENOMENO": "Hidrometeorológico", "FUENTE": "IMPLAN Saltillo — CARTO SALTILLO, Atlas de Riesgos 2024", "FECHA": "2024" }, "geometry": { "type": "Polygon", "coordinates": [ [ [ -100.974564, 25.466503 ], [ -100.973885, 25.465822 ], [ -100.974327, 25.465471 ], [ -100.97501, 25.466071 ], [ -100.974564, 25.466503 ] ] ] } },
{ "type": "Feature", "properties": { "INTENSIDAD": "Bajo", "PUNTAJE": 25, "TITULO": "Riesgo por Inundaciones Pluviales", "FENOMENO": "Hidrometeorológico", "FUENTE": "IMPLAN Saltillo — CARTO SALTILLO, Atlas de Riesgos 2024", "FECHA": "2024" }, "geometry": { "type": "Polygon", "coordinates": [ [ [ -100.976856, 25.464362 ], [ -100.977192, 25.464647 ], [ -100.976938, 25.464972 ], [ -100.977906, 25.465594 ], [ -100.977839, 25.466165 ], [ -100.979509, 25.467089 ], [ -100.978544, 25.469094 ], [ -100.976512, 25.468226 ], [ -100.976533, 25.46713 ], [ -100.97637, 25.467129 ], [ -100.976351, 25.468161 ], [ -100.974616, 25.466574 ], [ -100.976856, 25.464362 ] ] ] } },
{ "type": "Feature", "properties": { "INTENSIDAD": "Bajo", "PUNTAJE": 25, "TITULO": "Riesgo por Inundaciones Pluviales", "FENOMENO": "Hidrometeorológico", "FUENTE": "IMPLAN Saltillo — CARTO SALTILLO, Atlas de Riesgos 2024", "FECHA": "2024" }, "geometry": { "type": "Polygon", "coordinates": [ [ [ -100.974381, 25.466503 ], [ -100.974734, 25.466865 ], [ -100.9744, 25.467402 ], [ -100.973818, 25.466883 ], [ -100.974381, 25.466503 ] ] ] } },
{ "type": "Feature", "properties": { "INTENSIDAD": "Bajo", "PUNTAJE": 25, "TITULO": "Riesgo por Inundaciones Pluviales", "FENOMENO": "Hidrometeorológico", "FUENTE": "IMPLAN Saltillo — CARTO SALTILLO, Atlas de Riesgos 2024", "FECHA": "2024" }, "geometry": { "type": "Polygon", "coordinates": [ [ [ -100.974836, 25.467588 ], [ -100.975237, 25.467965 ], [ -100.975035, 25.468078 ], [ -100.974708, 25.46782 ], [ -100.974836, 25.467588 ] ] ] } },
{ "type": "Feature", "properties": { "INTENSIDAD": "Bajo", "PUNTAJE": 25, "TITULO": "Riesgo por Inundaciones Pluviales", "FENOMENO": "Hidrometeorológico", "FUENTE": "IMPLAN Saltillo — CARTO SALTILLO, Atlas de Riesgos 2024", "FECHA": "2024" }, "geometry": { "type": "Polygon", "coordinates": [ [ [ -100.97584, 25.468533 ], [ -100.974871, 25.468422 ], [ -100.975026, 25.468181 ], [ -100.975296, 25.468024 ], [ -100.97584, 25.468533 ] ] ] } },
{ "type": "Feature", "properties": { "INTENSIDAD": "Bajo", "PUNTAJE": 25, "TITULO": "Riesgo por Inundaciones Pluviales", "FENOMENO": "Hidrometeorológico", "FUENTE": "IMPLAN Saltillo — CARTO SALTILLO, Atlas de Riesgos 2024", "FECHA": "2024" }, "geometry": { "type": "Polygon", "coordinates": [ [ [ -100.974805, 25.46693 ], [ -100.975563, 25.467633 ], [ -100.975281, 25.467864 ], [ -100.974857, 25.467441 ], [ -100.974614, 25.467863 ], [ -100.974968, 25.46813 ], [ -100.974232, 25.469442 ], [ -100.974306, 25.469461 ], [ -100.974411, 25.469212 ], [ -100.975419, 25.469356 ], [ -100.975931, 25.468513 ], [ -100.975396, 25.467978 ], [ -100.975683, 25.467744 ], [ -100.9762, 25.468223 ], [ -100.976393, 25.468305 ], [ -100.975281, 25.470342 ], [ -100.973284, 25.469375 ], [ -100.973645, 25.468793 ], [ -100.973837, 25.46892 ], [ -100.973885, 25.468853 ], [ -100.973688, 25.468725 ], [ -100.97376, 25.46861 ], [ -100.973944, 25.468733 ], [ -100.973997, 25.468666 ], [ -100.973805, 25.468536 ], [ -100.974805, 25.46693 ] ] ] } },
{ "type": "Feature", "properties": { "INTENSIDAD": "Bajo", "PUNTAJE": 25, "TITULO": "Riesgo por Inundaciones Pluviales", "FENOMENO": "Hidrometeorológico", "FUENTE": "IMPLAN Saltillo — CARTO SALTILLO, Atlas de Riesgos 2024", "FECHA": "2024" }, "geometry": { "type": "Polygon", "coordinates": [ [ [ -100.974453, 25.469111 ], [ -100.974827, 25.468507 ], [ -100.975766, 25.468654 ], [ -100.975392, 25.469258 ], [ -100.974453, 25.469111 ] ] ] } },
{ "type": "Feature", "properties": { "INTENSIDAD": "Bajo", "PUNTAJE": 25, "TITULO": "Riesgo por Inundaciones Pluviales", "FENOMENO": "Hidrometeorológico", "FUENTE": "IMPLAN Saltillo — CARTO SALTILLO, Atlas de Riesgos 2024", "FECHA": "2024" }, "geometry": { "type": "Polygon", "coordinates": [ [ [ -100.974014, 25.471807 ], [ -100.974906, 25.470394 ], [ -100.975184, 25.470518 ], [ -100.974331, 25.472081 ], [ -100.974014, 25.471807 ] ] ] } },
{ "type": "Feature", "properties": { "INTENSIDAD": "Bajo", "PUNTAJE": 25, "TITULO": "Riesgo por Inundaciones Pluviales", "FENOMENO": "Hidrometeorológico", "FUENTE": "IMPLAN Saltillo — CARTO SALTILLO, Atlas de Riesgos 2024", "FECHA": "2024" }, "geometry": { "type": "Polygon", "coordinates": [ [ [ -100.976532, 25.472254 ], [ -100.975301, 25.471731 ], [ -100.97551, 25.471429 ], [ -100.975456, 25.4714 ], [ -100.975127, 25.471763 ], [ -100.975487, 25.471913 ], [ -100.975274, 25.472327 ], [ -100.974878, 25.472094 ], [ -100.97482, 25.47217 ], [ -100.975226, 25.47242 ], [ -100.975071, 25.472719 ], [ -100.974416, 25.472154 ], [ -100.975285, 25.470563 ], [ -100.976912, 25.47129 ], [ -100.976532, 25.472254 ] ] ] } },
{ "type": "Feature", "properties": { "INTENSIDAD": "Bajo", "PUNTAJE": 25, "TITULO": "Riesgo por Inundaciones Pluviales", "FENOMENO": "Hidrometeorológico", "FUENTE": "IMPLAN Saltillo — CARTO SALTILLO, Atlas de Riesgos 2024", "FECHA": "2024" }, "geometry": { "type": "Polygon", "coordinates": [ [ [ -100.973678, 25.4724 ], [ -100.973956, 25.471904 ], [ -100.974646, 25.4725 ], [ -100.974537, 25.472737 ], [ -100.973678, 25.4724 ] ] ] } },
{ "type": "Feature", "properties": { "INTENSIDAD": "Bajo", "PUNTAJE": 25, "TITULO": "Riesgo por Inundaciones Pluviales", "FENOMENO": "Hidrometeorológico", "FUENTE": "IMPLAN Saltillo — CARTO SALTILLO, Atlas de Riesgos 2024", "FECHA": "2024" }, "geometry": { "type": "Polygon", "coordinates": [ [ [ -100.983737, 25.472586 ], [ -100.983709, 25.472486 ], [ -100.983584, 25.47251 ], [ -100.982923, 25.473767 ], [ -100.982761, 25.473767 ], [ -100.983727, 25.471878 ], [ -100.984366, 25.472178 ], [ -100.983955, 25.472869 ], [ -100.983636, 25.472722 ], [ -100.983737, 25.472586 ] ] ] } },
{ "type": "Feature", "properties": { "INTENSIDAD": "Bajo", "PUNTAJE": 25, "TITULO": "Riesgo por Inundaciones Pluviales", "FENOMENO": "Hidrometeorológico", "FUENTE": "IMPLAN Saltillo — CARTO SALTILLO, Atlas de Riesgos 2024", "FECHA": "2024" }, "geometry": { "type": "Polygon", "coordinates": [ [ [ -100.975709, 25.474692 ], [ -100.974051, 25.474051 ], [ -100.974731, 25.472582 ], [ -100.976238, 25.473873 ], [ -100.975913, 25.474558 ], [ -100.975709, 25.474692 ] ] ] } },
{ "type": "Feature", "properties": { "INTENSIDAD": "Bajo", "PUNTAJE": 25, "TITULO": "Riesgo por Inundaciones Pluviales", "FENOMENO": "Hidrometeorológico", "FUENTE": "IMPLAN Saltillo — CARTO SALTILLO, Atlas de Riesgos 2024", "FECHA": "2024" }, "geometry": { "type": "Polygon", "coordinates": [ [ [ -100.97653, 25.475778 ], [ -100.976228, 25.475675 ], [ -100.97608, 25.475784 ], [ -100.976127, 25.475879 ], [ -100.977851, 25.476488 ], [ -100.977676, 25.476873 ], [ -100.977721, 25.476971 ], [ -100.977858, 25.476994 ], [ -100.978558, 25.475565 ], [ -100.97935, 25.47588 ], [ -100.979727, 25.475234 ], [ -100.9797, 25.475155 ], [ -100.979591, 25.475173 ], [ -100.979292, 25.475787 ], [ -100.97886, 25.475612 ], [ -100.97919, 25.475052 ], [ -100.979163, 25.474972 ], [ -100.979053, 25.47499 ], [ -100.978771, 25.475576 ], [ -100.978312, 25.475393 ], [ -100.978635, 25.474846 ], [ -100.978608, 25.474766 ], [ -100.978499, 25.474784 ], [ -100.978219, 25.475356 ], [ -100.977745, 25.475167 ], [ -100.978065, 25.474626 ], [ -100.978037, 25.474546 ], [ -100.977928, 25.474564 ], [ -100.977651, 25.475129 ], [ -100.977237, 25.474964 ], [ -100.977558, 25.474419 ], [ -100.977531, 25.47434 ], [ -100.977421, 25.474358 ], [ -100.977144, 25.474927 ], [ -100.976245, 25.474594 ], [ -100.976987, 25.473046 ], [ -100.978422, 25.473632 ], [ -100.978051, 25.47441 ], [ -100.978405, 25.474538 ], [ -100.978254, 25.474435 ], [ -100.978343, 25.474236 ], [ -100.979065, 25.474513 ], [ -100.978953, 25.474769 ], [ -100.979412, 25.47495 ], [ -100.979143, 25.474781 ], [ -100.980193, 25.472528 ], [ -100.979563, 25.472307 ], [ -100.979641, 25.472136 ], [ -100.980618, 25.472514 ], [ -100.979819, 25.474124 ], [ -100.979899, 25.474159 ], [ -100.9807, 25.472545 ], [ -100.981887, 25.473004 ], [ -100.980856, 25.474733 ], [ -100.980335, 25.474433 ], [ -100.980306, 25.474489 ], [ -100.981096, 25.474989 ], [ -100.97913, 25.47863 ], [ -100.975258, 25.477099 ], [ -100.975167, 25.476846 ], [ -100.976208, 25.474672 ], [ -100.97692, 25.474934 ], [ -100.97653, 25.475778 ] ] ] } },
{ "type": "Feature", "properties": { "INTENSIDAD": "Bajo", "PUNTAJE": 25, "TITULO": "Riesgo por Inundaciones Pluviales", "FENOMENO": "Hidrometeorológico", "FUENTE": "IMPLAN Saltillo — CARTO SALTILLO, Atlas de Riesgos 2024", "FECHA": "2024" }, "geometry": { "type": "Polygon", "coordinates": [ [ [ -100.974012, 25.474151 ], [ -100.97575, 25.474857 ], [ -100.974783, 25.476697 ], [ -100.973205, 25.475948 ], [ -100.974012, 25.474151 ] ] ] } },
{ "type": "Feature", "properties": { "INTENSIDAD": "Bajo", "PUNTAJE": 25, "TITULO": "Riesgo por Inundaciones Pluviales", "FENOMENO": "Hidrometeorológico", "FUENTE": "IMPLAN Saltillo — CARTO SALTILLO, Atlas de Riesgos 2024", "FECHA": "2024" }, "geometry": { "type": "Polygon", "coordinates": [ [ [ -100.981714, 25.477303 ], [ -100.982229, 25.476267 ], [ -100.982416, 25.476365 ], [ -100.982022, 25.477261 ], [ -100.982738, 25.477603 ], [ -100.982671, 25.477741 ], [ -100.981714, 25.477303 ] ] ] } },
{ "type": "Feature", "properties": { "INTENSIDAD": "Bajo", "PUNTAJE": 25, "TITULO": "Riesgo por Inundaciones Pluviales", "FENOMENO": "Hidrometeorológico", "FUENTE": "IMPLAN Saltillo — CARTO SALTILLO, Atlas de Riesgos 2024", "FECHA": "2024" }, "geometry": { "type": "Polygon", "coordinates": [ [ [ -100.981424, 25.477743 ], [ -100.981346, 25.477903 ], [ -100.980732, 25.477678 ], [ -100.981268, 25.476617 ], [ -100.981418, 25.47668 ], [ -100.980984, 25.477574 ], [ -100.981424, 25.477743 ] ] ] } },
{ "type": "Feature", "properties": { "INTENSIDAD": "Bajo", "PUNTAJE": 25, "TITULO": "Riesgo por Inundaciones Pluviales", "FENOMENO": "Hidrometeorológico", "FUENTE": "IMPLAN Saltillo — CARTO SALTILLO, Atlas de Riesgos 2024", "FECHA": "2024" }, "geometry": { "type": "Polygon", "coordinates": [ [ [ -100.97521, 25.477231 ], [ -100.979067, 25.478833 ], [ -100.977757, 25.481388 ], [ -100.974823, 25.480182 ], [ -100.975218, 25.47942 ], [ -100.975411, 25.479505 ], [ -100.975462, 25.47941 ], [ -100.974197, 25.478897 ], [ -100.974885, 25.47736 ], [ -100.97504, 25.477256 ], [ -100.97521, 25.477231 ] ] ] } },
{ "type": "Feature", "properties": { "INTENSIDAD": "Bajo", "PUNTAJE": 25, "TITULO": "Riesgo por Inundaciones Pluviales", "FENOMENO": "Hidrometeorológico", "FUENTE": "IMPLAN Saltillo — CARTO SALTILLO, Atlas de Riesgos 2024", "FECHA": "2024" }, "geometry": { "type": "Polygon", "coordinates": [ [ [ -100.979246, 25.478908 ], [ -100.982842, 25.480402 ], [ -100.982869, 25.480499 ], [ -100.981753, 25.482755 ], [ -100.98154, 25.482942 ], [ -100.977964, 25.481473 ], [ -100.979246, 25.478908 ] ] ] } },
{ "type": "Feature", "properties": { "INTENSIDAD": "Bajo", "PUNTAJE": 25, "TITULO": "Riesgo por Inundaciones Pluviales", "FENOMENO": "Hidrometeorológico", "FUENTE": "IMPLAN Saltillo — CARTO SALTILLO, Atlas de Riesgos 2024", "FECHA": "2024" }, "geometry": { "type": "Polygon", "coordinates": [ [ [ -100.977276, 25.482047 ], [ -100.977408, 25.481529 ], [ -100.977336, 25.481549 ], [ -100.977126, 25.481977 ], [ -100.976817, 25.481805 ], [ -100.976998, 25.481363 ], [ -100.976905, 25.48136 ], [ -100.976763, 25.481652 ], [ -100.976436, 25.481527 ], [ -100.976554, 25.481185 ], [ -100.976454, 25.481183 ], [ -100.976302, 25.481472 ], [ -100.975974, 25.481323 ], [ -100.976125, 25.481052 ], [ -100.976044, 25.480979 ], [ -100.975845, 25.481379 ], [ -100.975758, 25.481411 ], [ -100.975471, 25.481259 ], [ -100.975703, 25.480772 ], [ -100.975628, 25.480742 ], [ -100.975512, 25.480858 ], [ -100.974886, 25.480595 ], [ -100.974872, 25.480707 ], [ -100.975491, 25.480957 ], [ -100.97537, 25.481255 ], [ -100.974662, 25.481023 ], [ -100.974646, 25.481122 ], [ -100.975287, 25.48142 ], [ -100.975119, 25.481701 ], [ -100.974499, 25.481436 ], [ -100.974421, 25.481524 ], [ -100.975048, 25.481774 ], [ -100.975037, 25.481944 ], [ -100.975113, 25.481971 ], [ -100.975361, 25.481484 ], [ -100.975683, 25.481562 ], [ -100.975714, 25.481649 ], [ -100.975511, 25.482065 ], [ -100.975628, 25.482065 ], [ -100.975782, 25.481771 ], [ -100.976108, 25.481918 ], [ -100.975976, 25.482265 ], [ -100.976074, 25.482235 ], [ -100.976193, 25.481954 ], [ -100.976531, 25.482074 ], [ -100.976394, 25.482378 ], [ -100.97643, 25.482447 ], [ -100.976522, 25.48241 ], [ -100.976698, 25.482023 ], [ -100.977044, 25.48212 ], [ -100.976835, 25.482578 ], [ -100.976892, 25.482635 ], [ -100.977121, 25.482237 ], [ -100.977259, 25.482201 ], [ -100.977326, 25.482288 ], [ -100.977103, 25.482802 ], [ -100.974234, 25.481661 ], [ -100.974846, 25.480371 ], [ -100.977724, 25.481546 ], [ -100.977428, 25.482063 ], [ -100.977276, 25.482047 ] ] ] } },
{ "type": "Feature", "properties": { "INTENSIDAD": "Bajo", "PUNTAJE": 25, "TITULO": "Riesgo por Inundaciones Pluviales", "FENOMENO": "Hidrometeorológico", "FUENTE": "IMPLAN Saltillo — CARTO SALTILLO, Atlas de Riesgos 2024", "FECHA": "2024" }, "geometry": { "type": "Polygon", "coordinates": [ [ [ -100.975919, 25.481465 ], [ -100.976047, 25.481441 ], [ -100.976621, 25.481674 ], [ -100.976686, 25.48189 ], [ -100.976467, 25.481993 ], [ -100.975917, 25.481766 ], [ -100.975824, 25.481622 ], [ -100.975919, 25.481465 ] ] ] } },
{ "type": "Feature", "properties": { "INTENSIDAD": "Bajo", "PUNTAJE": 25, "TITULO": "Riesgo por Inundaciones Pluviales", "FENOMENO": "Hidrometeorológico", "FUENTE": "IMPLAN Saltillo — CARTO SALTILLO, Atlas de Riesgos 2024", "FECHA": "2024" }, "geometry": { "type": "Polygon", "coordinates": [ [ [ -100.974824, 25.482 ], [ -100.975184, 25.482143 ], [ -100.974576, 25.483387 ], [ -100.974216, 25.483247 ], [ -100.974824, 25.482 ] ] ] } },
{ "type": "Feature", "properties": { "INTENSIDAD": "Bajo", "PUNTAJE": 25, "TITULO": "Riesgo por Inundaciones Pluviales", "FENOMENO": "Hidrometeorológico", "FUENTE": "IMPLAN Saltillo — CARTO SALTILLO, Atlas de Riesgos 2024", "FECHA": "2024" }, "geometry": { "type": "Polygon", "coordinates": [ [ [ -100.979829, 25.482996 ], [ -100.979656, 25.483354 ], [ -100.978204, 25.482752 ], [ -100.978378, 25.482401 ], [ -100.979829, 25.482996 ] ] ] } },
{ "type": "Feature", "properties": { "INTENSIDAD": "Bajo", "PUNTAJE": 25, "TITULO": "Riesgo por Inundaciones Pluviales", "FENOMENO": "Hidrometeorológico", "FUENTE": "IMPLAN Saltillo — CARTO SALTILLO, Atlas de Riesgos 2024", "FECHA": "2024" }, "geometry": { "type": "Polygon", "coordinates": [ [ [ -100.975008, 25.48359 ], [ -100.974658, 25.48342 ], [ -100.975268, 25.482176 ], [ -100.975629, 25.482323 ], [ -100.975008, 25.48359 ] ] ] } },
{ "type": "Feature", "properties": { "INTENSIDAD": "Bajo", "PUNTAJE": 25, "TITULO": "Riesgo por Inundaciones Pluviales", "FENOMENO": "Hidrometeorológico", "FUENTE": "IMPLAN Saltillo — CARTO SALTILLO, Atlas de Riesgos 2024", "FECHA": "2024" }, "geometry": { "type": "Polygon", "coordinates": [ [ [ -100.977498, 25.482903 ], [ -100.977613, 25.482884 ], [ -100.977837, 25.48237 ], [ -100.97822, 25.482538 ], [ -100.97796, 25.48309 ], [ -100.97806, 25.483094 ], [ -100.978179, 25.482803 ], [ -100.97871, 25.483023 ], [ -100.97853, 25.483361 ], [ -100.978648, 25.483413 ], [ -100.978787, 25.483055 ], [ -100.979044, 25.483162 ], [ -100.978822, 25.483495 ], [ -100.978936, 25.483544 ], [ -100.979121, 25.483194 ], [ -100.979631, 25.483406 ], [ -100.979467, 25.483685 ], [ -100.979505, 25.483774 ], [ -100.979588, 25.483737 ], [ -100.979708, 25.483437 ], [ -100.980234, 25.483656 ], [ -100.980018, 25.483998 ], [ -100.980137, 25.484047 ], [ -100.98021, 25.483892 ], [ -100.980887, 25.484175 ], [ -100.980927, 25.484068 ], [ -100.980245, 25.483822 ], [ -100.98041, 25.483485 ], [ -100.981134, 25.483733 ], [ -100.981099, 25.483644 ], [ -100.980446, 25.48341 ], [ -100.980612, 25.483074 ], [ -100.981275, 25.483356 ], [ -100.981338, 25.483319 ], [ -100.981304, 25.483241 ], [ -100.980646, 25.483003 ], [ -100.980718, 25.482848 ], [ -100.980592, 25.482797 ], [ -100.980434, 25.483243 ], [ -100.979906, 25.483027 ], [ -100.980114, 25.482599 ], [ -100.979995, 25.482551 ], [ -100.979854, 25.482946 ], [ -100.979595, 25.48284 ], [ -100.979817, 25.482475 ], [ -100.979701, 25.482429 ], [ -100.979518, 25.482808 ], [ -100.978828, 25.482526 ], [ -100.979009, 25.482206 ], [ -100.978981, 25.482136 ], [ -100.978887, 25.482159 ], [ -100.978751, 25.482494 ], [ -100.978402, 25.482351 ], [ -100.97858, 25.482037 ], [ -100.978553, 25.481967 ], [ -100.978458, 25.48199 ], [ -100.978249, 25.482475 ], [ -100.977874, 25.482312 ], [ -100.978125, 25.481847 ], [ -100.978097, 25.481777 ], [ -100.978003, 25.4818 ], [ -100.977797, 25.482278 ], [ -100.977624, 25.482202 ], [ -100.977869, 25.481613 ], [ -100.981523, 25.483099 ], [ -100.981626, 25.483072 ], [ -100.981031, 25.484316 ], [ -100.980879, 25.484417 ], [ -100.977232, 25.482862 ], [ -100.97757, 25.482252 ], [ -100.977764, 25.482338 ], [ -100.977498, 25.482903 ] ] ] } },
{ "type": "Feature", "properties": { "INTENSIDAD": "Bajo", "PUNTAJE": 25, "TITULO": "Riesgo por Inundaciones Pluviales", "FENOMENO": "Hidrometeorológico", "FUENTE": "IMPLAN Saltillo — CARTO SALTILLO, Atlas de Riesgos 2024", "FECHA": "2024" }, "geometry": { "type": "Polygon", "coordinates": [ [ [ -100.975713, 25.482358 ], [ -100.976073, 25.482504 ], [ -100.975424, 25.483826 ], [ -100.975088, 25.483633 ], [ -100.975713, 25.482358 ] ] ] } },
{ "type": "Feature", "properties": { "INTENSIDAD": "Bajo", "PUNTAJE": 25, "TITULO": "Riesgo por Inundaciones Pluviales", "FENOMENO": "Hidrometeorológico", "FUENTE": "IMPLAN Saltillo — CARTO SALTILLO, Atlas de Riesgos 2024", "FECHA": "2024" }, "geometry": { "type": "Polygon", "coordinates": [ [ [ -100.97616, 25.482541 ], [ -100.976583, 25.482709 ], [ -100.975898, 25.484104 ], [ -100.975501, 25.483875 ], [ -100.97616, 25.482541 ] ] ] } },
{ "type": "Feature", "properties": { "INTENSIDAD": "Bajo", "PUNTAJE": 25, "TITULO": "Riesgo por Inundaciones Pluviales", "FENOMENO": "Hidrometeorológico", "FUENTE": "IMPLAN Saltillo — CARTO SALTILLO, Atlas de Riesgos 2024", "FECHA": "2024" }, "geometry": { "type": "Polygon", "coordinates": [ [ [ -100.977029, 25.482887 ], [ -100.976317, 25.484345 ], [ -100.975977, 25.484152 ], [ -100.976669, 25.482743 ], [ -100.977029, 25.482887 ] ] ] } },
{ "type": "Feature", "properties": { "INTENSIDAD": "Bajo", "PUNTAJE": 25, "TITULO": "Riesgo por Inundaciones Pluviales", "FENOMENO": "Hidrometeorológico", "FUENTE": "IMPLAN Saltillo — CARTO SALTILLO, Atlas de Riesgos 2024", "FECHA": "2024" }, "geometry": { "type": "Polygon", "coordinates": [ [ [ -100.976471, 25.484442 ], [ -100.977194, 25.482956 ], [ -100.977552, 25.483096 ], [ -100.976808, 25.48464 ], [ -100.976471, 25.484442 ] ] ] } },
{ "type": "Feature", "properties": { "INTENSIDAD": "Bajo", "PUNTAJE": 25, "TITULO": "Riesgo por Inundaciones Pluviales", "FENOMENO": "Hidrometeorológico", "FUENTE": "IMPLAN Saltillo — CARTO SALTILLO, Atlas de Riesgos 2024", "FECHA": "2024" }, "geometry": { "type": "Polygon", "coordinates": [ [ [ -100.977639, 25.483134 ], [ -100.978109, 25.483326 ], [ -100.977325, 25.484943 ], [ -100.976884, 25.484685 ], [ -100.977639, 25.483134 ] ] ] } },
{ "type": "Feature", "properties": { "INTENSIDAD": "Bajo", "PUNTAJE": 25, "TITULO": "Riesgo por Inundaciones Pluviales", "FENOMENO": "Hidrometeorológico", "FUENTE": "IMPLAN Saltillo — CARTO SALTILLO, Atlas de Riesgos 2024", "FECHA": "2024" }, "geometry": { "type": "Polygon", "coordinates": [ [ [ -100.97793, 25.484723 ], [ -100.978469, 25.483432 ], [ -100.978705, 25.483551 ], [ -100.978208, 25.48483 ], [ -100.97793, 25.484723 ] ] ] } },
{ "type": "Feature", "properties": { "INTENSIDAD": "Bajo", "PUNTAJE": 25, "TITULO": "Riesgo por Inundaciones Pluviales", "FENOMENO": "Hidrometeorológico", "FUENTE": "IMPLAN Saltillo — CARTO SALTILLO, Atlas de Riesgos 2024", "FECHA": "2024" }, "geometry": { "type": "Polygon", "coordinates": [ [ [ -100.978448, 25.483415 ], [ -100.977714, 25.485256 ], [ -100.977354, 25.485073 ], [ -100.978219, 25.483308 ], [ -100.978448, 25.483415 ] ] ] } },
{ "type": "Feature", "properties": { "INTENSIDAD": "Bajo", "PUNTAJE": 25, "TITULO": "Riesgo por Inundaciones Pluviales", "FENOMENO": "Hidrometeorológico", "FUENTE": "IMPLAN Saltillo — CARTO SALTILLO, Atlas de Riesgos 2024", "FECHA": "2024" }, "geometry": { "type": "Polygon", "coordinates": [ [ [ -100.980422, 25.48532 ], [ -100.980288, 25.485635 ], [ -100.978282, 25.484859 ], [ -100.978406, 25.48454 ], [ -100.980422, 25.48532 ] ] ] } },
{ "type": "Feature", "properties": { "INTENSIDAD": "Bajo", "PUNTAJE": 25, "TITULO": "Riesgo por Inundaciones Pluviales", "FENOMENO": "Hidrometeorológico", "FUENTE": "IMPLAN Saltillo — CARTO SALTILLO, Atlas de Riesgos 2024", "FECHA": "2024" }, "geometry": { "type": "Polygon", "coordinates": [ [ [ -100.97747, 25.485936 ], [ -100.977903, 25.484803 ], [ -100.978178, 25.484907 ], [ -100.977738, 25.486037 ], [ -100.97747, 25.485936 ] ] ] } },
{ "type": "Feature", "properties": { "INTENSIDAD": "Bajo", "PUNTAJE": 25, "TITULO": "Riesgo por Inundaciones Pluviales", "FENOMENO": "Hidrometeorológico", "FUENTE": "IMPLAN Saltillo — CARTO SALTILLO, Atlas de Riesgos 2024", "FECHA": "2024" }, "geometry": { "type": "Polygon", "coordinates": [ [ [ -100.980254, 25.485711 ], [ -100.980121, 25.486012 ], [ -100.978132, 25.485244 ], [ -100.978252, 25.484935 ], [ -100.980254, 25.485711 ] ] ] } },
{ "type": "Feature", "properties": { "INTENSIDAD": "Bajo", "PUNTAJE": 25, "TITULO": "Riesgo por Inundaciones Pluviales", "FENOMENO": "Hidrometeorológico", "FUENTE": "IMPLAN Saltillo — CARTO SALTILLO, Atlas de Riesgos 2024", "FECHA": "2024" }, "geometry": { "type": "Polygon", "coordinates": [ [ [ -100.973518, 25.487814 ], [ -100.973534, 25.487937 ], [ -100.973059, 25.488816 ], [ -100.973069, 25.488921 ], [ -100.973209, 25.488911 ], [ -100.973628, 25.487949 ], [ -100.973989, 25.488066 ], [ -100.973513, 25.489073 ], [ -100.973603, 25.48913 ], [ -100.973683, 25.489076 ], [ -100.974071, 25.488182 ], [ -100.974424, 25.488312 ], [ -100.973958, 25.489281 ], [ -100.974028, 25.489347 ], [ -100.974118, 25.489314 ], [ -100.974507, 25.488423 ], [ -100.974712, 25.488478 ], [ -100.974797, 25.488726 ], [ -100.974396, 25.489506 ], [ -100.974633, 25.489603 ], [ -100.974887, 25.489837 ], [ -100.974916, 25.489707 ], [ -100.974552, 25.489429 ], [ -100.974803, 25.488918 ], [ -100.975157, 25.488998 ], [ -100.975195, 25.489052 ], [ -100.975015, 25.489364 ], [ -100.975375, 25.489591 ], [ -100.975425, 25.489471 ], [ -100.975164, 25.48931 ], [ -100.975273, 25.489088 ], [ -100.975689, 25.489237 ], [ -100.975771, 25.489176 ], [ -100.975722, 25.489089 ], [ -100.975381, 25.488963 ], [ -100.975495, 25.488684 ], [ -100.97555, 25.488648 ], [ -100.975915, 25.488806 ], [ -100.976001, 25.488707 ], [ -100.97545, 25.488498 ], [ -100.975305, 25.48892 ], [ -100.974922, 25.488837 ], [ -100.974853, 25.488464 ], [ -100.974175, 25.488014 ], [ -100.97436, 25.487795 ], [ -100.974411, 25.487535 ], [ -100.97504, 25.487812 ], [ -100.975295, 25.487783 ], [ -100.975515, 25.487636 ], [ -100.975744, 25.487718 ], [ -100.975776, 25.487787 ], [ -100.975561, 25.488178 ], [ -100.976101, 25.488385 ], [ -100.976167, 25.488251 ], [ -100.975746, 25.488084 ], [ -100.975859, 25.487819 ], [ -100.975939, 25.487791 ], [ -100.976265, 25.48796 ], [ -100.976351, 25.487836 ], [ -100.975505, 25.487488 ], [ -100.975766, 25.487105 ], [ -100.976431, 25.487518 ], [ -100.976547, 25.487445 ], [ -100.975676, 25.486926 ], [ -100.975361, 25.487621 ], [ -100.975173, 25.487715 ], [ -100.974961, 25.487666 ], [ -100.974929, 25.487588 ], [ -100.975368, 25.486773 ], [ -100.975297, 25.486683 ], [ -100.975201, 25.486741 ], [ -100.974847, 25.487525 ], [ -100.974495, 25.487397 ], [ -100.974919, 25.486546 ], [ -100.974834, 25.486451 ], [ -100.974397, 25.487334 ], [ -100.974046, 25.487206 ], [ -100.974489, 25.486301 ], [ -100.974399, 25.486198 ], [ -100.973955, 25.487105 ], [ -100.973837, 25.487213 ], [ -100.974301, 25.48741 ], [ -100.974244, 25.487593 ], [ -100.973605, 25.487374 ], [ -100.974309, 25.485976 ], [ -100.976795, 25.487383 ], [ -100.976077, 25.489002 ], [ -100.975788, 25.489447 ], [ -100.974906, 25.490028 ], [ -100.974814, 25.489871 ], [ -100.972862, 25.488907 ], [ -100.973524, 25.487541 ], [ -100.974138, 25.487819 ], [ -100.974006, 25.487979 ], [ -100.973626, 25.487779 ], [ -100.973518, 25.487814 ] ] ] } },
{ "type": "Feature", "properties": { "INTENSIDAD": "Bajo", "PUNTAJE": 25, "TITULO": "Riesgo por Inundaciones Pluviales", "FENOMENO": "Hidrometeorológico", "FUENTE": "IMPLAN Saltillo — CARTO SALTILLO, Atlas de Riesgos 2024", "FECHA": "2024" }, "geometry": { "type": "Polygon", "coordinates": [ [ [ -100.983629, 25.49236 ], [ -100.983528, 25.492617 ], [ -100.982254, 25.492117 ], [ -100.982361, 25.491884 ], [ -100.983629, 25.49236 ] ] ] } },
{ "type": "Feature", "properties": { "INTENSIDAD": "Bajo", "PUNTAJE": 25, "TITULO": "Riesgo por Inundaciones Pluviales", "FENOMENO": "Hidrometeorológico", "FUENTE": "IMPLAN Saltillo — CARTO SALTILLO, Atlas de Riesgos 2024", "FECHA": "2024" }, "geometry": { "type": "Polygon", "coordinates": [ [ [ -100.98208, 25.492484 ], [ -100.982209, 25.492197 ], [ -100.983598, 25.492723 ], [ -100.983502, 25.492979 ], [ -100.98208, 25.492484 ] ] ] } },
{ "type": "Feature", "properties": { "INTENSIDAD": "Bajo", "PUNTAJE": 25, "TITULO": "Riesgo por Inundaciones Pluviales", "FENOMENO": "Hidrometeorológico", "FUENTE": "IMPLAN Saltillo — CARTO SALTILLO, Atlas de Riesgos 2024", "FECHA": "2024" }, "geometry": { "type": "Polygon", "coordinates": [ [ [ -100.982473, 25.493344 ], [ -100.982725, 25.49344 ], [ -100.982658, 25.493608 ], [ -100.982352, 25.493651 ], [ -100.982473, 25.493344 ] ] ] } },
{ "type": "Feature", "properties": { "INTENSIDAD": "Bajo", "PUNTAJE": 25, "TITULO": "Riesgo por Inundaciones Pluviales", "FENOMENO": "Hidrometeorológico", "FUENTE": "IMPLAN Saltillo — CARTO SALTILLO, Atlas de Riesgos 2024", "FECHA": "2024" }, "geometry": { "type": "Polygon", "coordinates": [ [ [ -100.972104, 25.409681 ], [ -100.972924, 25.409408 ], [ -100.973006, 25.409565 ], [ -100.972229, 25.40991 ], [ -100.972104, 25.409681 ] ] ] } },
{ "type": "Feature", "properties": { "INTENSIDAD": "Bajo", "PUNTAJE": 25, "TITULO": "Riesgo por Inundaciones Pluviales", "FENOMENO": "Hidrometeorológico", "FUENTE": "IMPLAN Saltillo — CARTO SALTILLO, Atlas de Riesgos 2024", "FECHA": "2024" }, "geometry": { "type": "Polygon", "coordinates": [ [ [ -100.973203, 25.409947 ], [ -100.972437, 25.410287 ], [ -100.972269, 25.409982 ], [ -100.973043, 25.409638 ], [ -100.973203, 25.409947 ] ] ] } },
{ "type": "Feature", "properties": { "INTENSIDAD": "Bajo", "PUNTAJE": 25, "TITULO": "Riesgo por Inundaciones Pluviales", "FENOMENO": "Hidrometeorológico", "FUENTE": "IMPLAN Saltillo — CARTO SALTILLO, Atlas de Riesgos 2024", "FECHA": "2024" }, "geometry": { "type": "Polygon", "coordinates": [ [ [ -100.972166, 25.409939 ], [ -100.971435, 25.410263 ], [ -100.971315, 25.410031 ], [ -100.97204, 25.409709 ], [ -100.972166, 25.409939 ] ] ] } },
{ "type": "Feature", "properties": { "INTENSIDAD": "Bajo", "PUNTAJE": 25, "TITULO": "Riesgo por Inundaciones Pluviales", "FENOMENO": "Hidrometeorológico", "FUENTE": "IMPLAN Saltillo — CARTO SALTILLO, Atlas de Riesgos 2024", "FECHA": "2024" }, "geometry": { "type": "Polygon", "coordinates": [ [ [ -100.972476, 25.410359 ], [ -100.97324, 25.41002 ], [ -100.97338, 25.410289 ], [ -100.972623, 25.410626 ], [ -100.972476, 25.410359 ] ] ] } },
{ "type": "Feature", "properties": { "INTENSIDAD": "Bajo", "PUNTAJE": 25, "TITULO": "Riesgo por Inundaciones Pluviales", "FENOMENO": "Hidrometeorológico", "FUENTE": "IMPLAN Saltillo — CARTO SALTILLO, Atlas de Riesgos 2024", "FECHA": "2024" }, "geometry": { "type": "Polygon", "coordinates": [ [ [ -100.971473, 25.410336 ], [ -100.972205, 25.41001 ], [ -100.972373, 25.410316 ], [ -100.971636, 25.410643 ], [ -100.971473, 25.410336 ] ] ] } },
{ "type": "Feature", "properties": { "INTENSIDAD": "Bajo", "PUNTAJE": 25, "TITULO": "Riesgo por Inundaciones Pluviales", "FENOMENO": "Hidrometeorológico", "FUENTE": "IMPLAN Saltillo — CARTO SALTILLO, Atlas de Riesgos 2024", "FECHA": "2024" }, "geometry": { "type": "Polygon", "coordinates": [ [ [ -100.973876, 25.410997 ], [ -100.973492, 25.410281 ], [ -100.973029, 25.409407 ], [ -100.973784, 25.409366 ], [ -100.973706, 25.409806 ], [ -100.973759, 25.410131 ], [ -100.974204, 25.410561 ], [ -100.973968, 25.411231 ], [ -100.973647, 25.411624 ], [ -100.973325, 25.411875 ], [ -100.973233, 25.4117 ], [ -100.973382, 25.411587 ], [ -100.973208, 25.411656 ], [ -100.97306, 25.411352 ], [ -100.973876, 25.410997 ] ] ] } },
{ "type": "Feature", "properties": { "INTENSIDAD": "Bajo", "PUNTAJE": 25, "TITULO": "Riesgo por Inundaciones Pluviales", "FENOMENO": "Hidrometeorológico", "FUENTE": "IMPLAN Saltillo — CARTO SALTILLO, Atlas de Riesgos 2024", "FECHA": "2024" }, "geometry": { "type": "Polygon", "coordinates": [ [ [ -100.973559, 25.410637 ], [ -100.972811, 25.410968 ], [ -100.972662, 25.410698 ], [ -100.973417, 25.410362 ], [ -100.973559, 25.410637 ] ] ] } },
{ "type": "Feature", "properties": { "INTENSIDAD": "Bajo", "PUNTAJE": 25, "TITULO": "Riesgo por Inundaciones Pluviales", "FENOMENO": "Hidrometeorológico", "FUENTE": "IMPLAN Saltillo — CARTO SALTILLO, Atlas de Riesgos 2024", "FECHA": "2024" }, "geometry": { "type": "Polygon", "coordinates": [ [ [ -100.971816, 25.410984 ], [ -100.971674, 25.410716 ], [ -100.972412, 25.410388 ], [ -100.972559, 25.410654 ], [ -100.971816, 25.410984 ] ] ] } },
{ "type": "Feature", "properties": { "INTENSIDAD": "Bajo", "PUNTAJE": 25, "TITULO": "Riesgo por Inundaciones Pluviales", "FENOMENO": "Hidrometeorológico", "FUENTE": "IMPLAN Saltillo — CARTO SALTILLO, Atlas de Riesgos 2024", "FECHA": "2024" }, "geometry": { "type": "Polygon", "coordinates": [ [ [ -100.972844, 25.411029 ], [ -100.97359, 25.410698 ], [ -100.973734, 25.410975 ], [ -100.972992, 25.411305 ], [ -100.972844, 25.411029 ] ] ] } },
{ "type": "Feature", "properties": { "INTENSIDAD": "Bajo", "PUNTAJE": 25, "TITULO": "Riesgo por Inundaciones Pluviales", "FENOMENO": "Hidrometeorológico", "FUENTE": "IMPLAN Saltillo — CARTO SALTILLO, Atlas de Riesgos 2024", "FECHA": "2024" }, "geometry": { "type": "Polygon", "coordinates": [ [ [ -100.971854, 25.411057 ], [ -100.972598, 25.410726 ], [ -100.972747, 25.410997 ], [ -100.971998, 25.411329 ], [ -100.971854, 25.411057 ] ] ] } },
{ "type": "Feature", "properties": { "INTENSIDAD": "Bajo", "PUNTAJE": 25, "TITULO": "Riesgo por Inundaciones Pluviales", "FENOMENO": "Hidrometeorológico", "FUENTE": "IMPLAN Saltillo — CARTO SALTILLO, Atlas de Riesgos 2024", "FECHA": "2024" }, "geometry": { "type": "Polygon", "coordinates": [ [ [ -100.97203, 25.41139 ], [ -100.97278, 25.411057 ], [ -100.972931, 25.411332 ], [ -100.972176, 25.411666 ], [ -100.97203, 25.41139 ] ] ] } },
{ "type": "Feature", "properties": { "INTENSIDAD": "Bajo", "PUNTAJE": 25, "TITULO": "Riesgo por Inundaciones Pluviales", "FENOMENO": "Hidrometeorológico", "FUENTE": "IMPLAN Saltillo — CARTO SALTILLO, Atlas de Riesgos 2024", "FECHA": "2024" }, "geometry": { "type": "Polygon", "coordinates": [ [ [ -100.971257, 25.411656 ], [ -100.971036, 25.41142 ], [ -100.971774, 25.411092 ], [ -100.971919, 25.411365 ], [ -100.971257, 25.411656 ] ] ] } },
{ "type": "Feature", "properties": { "INTENSIDAD": "Bajo", "PUNTAJE": 25, "TITULO": "Riesgo por Inundaciones Pluviales", "FENOMENO": "Hidrometeorológico", "FUENTE": "IMPLAN Saltillo — CARTO SALTILLO, Atlas de Riesgos 2024", "FECHA": "2024" }, "geometry": { "type": "Polygon", "coordinates": [ [ [ -100.972105, 25.411704 ], [ -100.971676, 25.411896 ], [ -100.971314, 25.41171 ], [ -100.971957, 25.411424 ], [ -100.972105, 25.411704 ] ] ] } },
{ "type": "Feature", "properties": { "INTENSIDAD": "Bajo", "PUNTAJE": 25, "TITULO": "Riesgo por Inundaciones Pluviales", "FENOMENO": "Hidrometeorológico", "FUENTE": "IMPLAN Saltillo — CARTO SALTILLO, Atlas de Riesgos 2024", "FECHA": "2024" }, "geometry": { "type": "Polygon", "coordinates": [ [ [ -100.972949, 25.411395 ], [ -100.973105, 25.411687 ], [ -100.972367, 25.412005 ], [ -100.972219, 25.411734 ], [ -100.972949, 25.411395 ] ] ] } },
{ "type": "Feature", "properties": { "INTENSIDAD": "Bajo", "PUNTAJE": 25, "TITULO": "Riesgo por Inundaciones Pluviales", "FENOMENO": "Hidrometeorológico", "FUENTE": "IMPLAN Saltillo — CARTO SALTILLO, Atlas de Riesgos 2024", "FECHA": "2024" }, "geometry": { "type": "Polygon", "coordinates": [ [ [ -100.972144, 25.411773 ], [ -100.972287, 25.412042 ], [ -100.972091, 25.412119 ], [ -100.971805, 25.41193 ], [ -100.972144, 25.411773 ] ] ] } },
{ "type": "Feature", "properties": { "INTENSIDAD": "Bajo", "PUNTAJE": 25, "TITULO": "Riesgo por Inundaciones Pluviales", "FENOMENO": "Hidrometeorológico", "FUENTE": "IMPLAN Saltillo — CARTO SALTILLO, Atlas de Riesgos 2024", "FECHA": "2024" }, "geometry": { "type": "Polygon", "coordinates": [ [ [ -100.972436, 25.412063 ], [ -100.973192, 25.411736 ], [ -100.973277, 25.411905 ], [ -100.973238, 25.412049 ], [ -100.972578, 25.412339 ], [ -100.972436, 25.412063 ] ] ] } },
{ "type": "Feature", "properties": { "INTENSIDAD": "Bajo", "PUNTAJE": 25, "TITULO": "Riesgo por Inundaciones Pluviales", "FENOMENO": "Hidrometeorológico", "FUENTE": "IMPLAN Saltillo — CARTO SALTILLO, Atlas de Riesgos 2024", "FECHA": "2024" }, "geometry": { "type": "Polygon", "coordinates": [ [ [ -100.972218, 25.412168 ], [ -100.972359, 25.412099 ], [ -100.972509, 25.412374 ], [ -100.972376, 25.412424 ], [ -100.972218, 25.412168 ] ] ] } },
{ "type": "Feature", "properties": { "INTENSIDAD": "Bajo", "PUNTAJE": 25, "TITULO": "Riesgo por Inundaciones Pluviales", "FENOMENO": "Hidrometeorológico", "FUENTE": "IMPLAN Saltillo — CARTO SALTILLO, Atlas de Riesgos 2024", "FECHA": "2024" }, "geometry": { "type": "Polygon", "coordinates": [ [ [ -100.972463, 25.414151 ], [ -100.972166, 25.41419 ], [ -100.971898, 25.413158 ], [ -100.972302, 25.412544 ], [ -100.973248, 25.412131 ], [ -100.973007, 25.412534 ], [ -100.972999, 25.413466 ], [ -100.972463, 25.414151 ] ] ] } },
{ "type": "Feature", "properties": { "INTENSIDAD": "Bajo", "PUNTAJE": 25, "TITULO": "Riesgo por Inundaciones Pluviales", "FENOMENO": "Hidrometeorológico", "FUENTE": "IMPLAN Saltillo — CARTO SALTILLO, Atlas de Riesgos 2024", "FECHA": "2024" }, "geometry": { "type": "Polygon", "coordinates": [ [ [ -100.969261, 25.414968 ], [ -100.96916, 25.415708 ], [ -100.968297, 25.416975 ], [ -100.966633, 25.416178 ], [ -100.966608, 25.416044 ], [ -100.967084, 25.41522 ], [ -100.967407, 25.41444 ], [ -100.968808, 25.414702 ], [ -100.969261, 25.414968 ] ] ] } },
{ "type": "Feature", "properties": { "INTENSIDAD": "Bajo", "PUNTAJE": 25, "TITULO": "Riesgo por Inundaciones Pluviales", "FENOMENO": "Hidrometeorológico", "FUENTE": "IMPLAN Saltillo — CARTO SALTILLO, Atlas de Riesgos 2024", "FECHA": "2024" }, "geometry": { "type": "Polygon", "coordinates": [ [ [ -100.973834, 25.419094 ], [ -100.973483, 25.41985 ], [ -100.973023, 25.41967 ], [ -100.973376, 25.418912 ], [ -100.973834, 25.419094 ] ] ] } },
{ "type": "Feature", "properties": { "INTENSIDAD": "Bajo", "PUNTAJE": 25, "TITULO": "Riesgo por Inundaciones Pluviales", "FENOMENO": "Hidrometeorológico", "FUENTE": "IMPLAN Saltillo — CARTO SALTILLO, Atlas de Riesgos 2024", "FECHA": "2024" }, "geometry": { "type": "Polygon", "coordinates": [ [ [ -100.97209, 25.420289 ], [ -100.971545, 25.420074 ], [ -100.972172, 25.419413 ], [ -100.972452, 25.419523 ], [ -100.97209, 25.420289 ] ] ] } },
{ "type": "Feature", "properties": { "INTENSIDAD": "Bajo", "PUNTAJE": 25, "TITULO": "Riesgo por Inundaciones Pluviales", "FENOMENO": "Hidrometeorológico", "FUENTE": "IMPLAN Saltillo — CARTO SALTILLO, Atlas de Riesgos 2024", "FECHA": "2024" }, "geometry": { "type": "Polygon", "coordinates": [ [ [ -100.972362, 25.419918 ], [ -100.97253, 25.419554 ], [ -100.973453, 25.419915 ], [ -100.973285, 25.420276 ], [ -100.972362, 25.419918 ] ] ] } },
{ "type": "Feature", "properties": { "INTENSIDAD": "Bajo", "PUNTAJE": 25, "TITULO": "Riesgo por Inundaciones Pluviales", "FENOMENO": "Hidrometeorológico", "FUENTE": "IMPLAN Saltillo — CARTO SALTILLO, Atlas de Riesgos 2024", "FECHA": "2024" }, "geometry": { "type": "Polygon", "coordinates": [ [ [ -100.972168, 25.42032 ], [ -100.972334, 25.419969 ], [ -100.973258, 25.42033 ], [ -100.973095, 25.420685 ], [ -100.972168, 25.42032 ] ] ] } },
{ "type": "Feature", "properties": { "INTENSIDAD": "Bajo", "PUNTAJE": 25, "TITULO": "Riesgo por Inundaciones Pluviales", "FENOMENO": "Hidrometeorológico", "FUENTE": "IMPLAN Saltillo — CARTO SALTILLO, Atlas de Riesgos 2024", "FECHA": "2024" }, "geometry": { "type": "Polygon", "coordinates": [ [ [ -100.973169, 25.420714 ], [ -100.973527, 25.419945 ], [ -100.973915, 25.4201 ], [ -100.97355, 25.420865 ], [ -100.973169, 25.420714 ] ] ] } },
{ "type": "Feature", "properties": { "INTENSIDAD": "Bajo", "PUNTAJE": 25, "TITULO": "Riesgo por Inundaciones Pluviales", "FENOMENO": "Hidrometeorológico", "FUENTE": "IMPLAN Saltillo — CARTO SALTILLO, Atlas de Riesgos 2024", "FECHA": "2024" }, "geometry": { "type": "Polygon", "coordinates": [ [ [ -100.97169, 25.421133 ], [ -100.970859, 25.420795 ], [ -100.971484, 25.420138 ], [ -100.972055, 25.420363 ], [ -100.97169, 25.421133 ] ] ] } },
{ "type": "Feature", "properties": { "INTENSIDAD": "Bajo", "PUNTAJE": 25, "TITULO": "Riesgo por Inundaciones Pluviales", "FENOMENO": "Hidrometeorológico", "FUENTE": "IMPLAN Saltillo — CARTO SALTILLO, Atlas de Riesgos 2024", "FECHA": "2024" }, "geometry": { "type": "Polygon", "coordinates": [ [ [ -100.971768, 25.421165 ], [ -100.972132, 25.420394 ], [ -100.972333, 25.420473 ], [ -100.971976, 25.421246 ], [ -100.971768, 25.421165 ] ] ] } },
{ "type": "Feature", "properties": { "INTENSIDAD": "Bajo", "PUNTAJE": 25, "TITULO": "Riesgo por Inundaciones Pluviales", "FENOMENO": "Hidrometeorológico", "FUENTE": "IMPLAN Saltillo — CARTO SALTILLO, Atlas de Riesgos 2024", "FECHA": "2024" }, "geometry": { "type": "Polygon", "coordinates": [ [ [ -100.972384, 25.420493 ], [ -100.973061, 25.42076 ], [ -100.972704, 25.421527 ], [ -100.972024, 25.421265 ], [ -100.972384, 25.420493 ] ] ] } },
{ "type": "Feature", "properties": { "INTENSIDAD": "Bajo", "PUNTAJE": 25, "TITULO": "Riesgo por Inundaciones Pluviales", "FENOMENO": "Hidrometeorológico", "FUENTE": "IMPLAN Saltillo — CARTO SALTILLO, Atlas de Riesgos 2024", "FECHA": "2024" }, "geometry": { "type": "Polygon", "coordinates": [ [ [ -100.973638, 25.421394 ], [ -100.97299, 25.421101 ], [ -100.973135, 25.420789 ], [ -100.974055, 25.421152 ], [ -100.973697, 25.42191 ], [ -100.973124, 25.421688 ], [ -100.97334, 25.421285 ], [ -100.973638, 25.421394 ] ] ] } },
{ "type": "Feature", "properties": { "INTENSIDAD": "Bajo", "PUNTAJE": 25, "TITULO": "Riesgo por Inundaciones Pluviales", "FENOMENO": "Hidrometeorológico", "FUENTE": "IMPLAN Saltillo — CARTO SALTILLO, Atlas de Riesgos 2024", "FECHA": "2024" }, "geometry": { "type": "Polygon", "coordinates": [ [ [ -100.973305, 25.421271 ], [ -100.973088, 25.421675 ], [ -100.972779, 25.421556 ], [ -100.972974, 25.421135 ], [ -100.973305, 25.421271 ] ] ] } },
{ "type": "Feature", "properties": { "INTENSIDAD": "Bajo", "PUNTAJE": 25, "TITULO": "Riesgo por Inundaciones Pluviales", "FENOMENO": "Hidrometeorológico", "FUENTE": "IMPLAN Saltillo — CARTO SALTILLO, Atlas de Riesgos 2024", "FECHA": "2024" }, "geometry": { "type": "Polygon", "coordinates": [ [ [ -100.972511, 25.421944 ], [ -100.971574, 25.421593 ], [ -100.971731, 25.421243 ], [ -100.972668, 25.421606 ], [ -100.972511, 25.421944 ] ] ] } },
{ "type": "Feature", "properties": { "INTENSIDAD": "Bajo", "PUNTAJE": 25, "TITULO": "Riesgo por Inundaciones Pluviales", "FENOMENO": "Hidrometeorológico", "FUENTE": "IMPLAN Saltillo — CARTO SALTILLO, Atlas de Riesgos 2024", "FECHA": "2024" }, "geometry": { "type": "Polygon", "coordinates": [ [ [ -100.971372, 25.422001 ], [ -100.971548, 25.421651 ], [ -100.972481, 25.422008 ], [ -100.972312, 25.422372 ], [ -100.971372, 25.422001 ] ] ] } },
{ "type": "Feature", "properties": { "INTENSIDAD": "Bajo", "PUNTAJE": 25, "TITULO": "Riesgo por Inundaciones Pluviales", "FENOMENO": "Hidrometeorológico", "FUENTE": "IMPLAN Saltillo — CARTO SALTILLO, Atlas de Riesgos 2024", "FECHA": "2024" }, "geometry": { "type": "Polygon", "coordinates": [ [ [ -100.972386, 25.422401 ], [ -100.972556, 25.422036 ], [ -100.972896, 25.422167 ], [ -100.97292, 25.422097 ], [ -100.972587, 25.42197 ], [ -100.972742, 25.421635 ], [ -100.97366, 25.421988 ], [ -100.973297, 25.422755 ], [ -100.972386, 25.422401 ] ] ] } },
{ "type": "Feature", "properties": { "INTENSIDAD": "Bajo", "PUNTAJE": 25, "TITULO": "Riesgo por Inundaciones Pluviales", "FENOMENO": "Hidrometeorológico", "FUENTE": "IMPLAN Saltillo — CARTO SALTILLO, Atlas de Riesgos 2024", "FECHA": "2024" }, "geometry": { "type": "Polygon", "coordinates": [ [ [ -100.971167, 25.422434 ], [ -100.971342, 25.422064 ], [ -100.972283, 25.422435 ], [ -100.972114, 25.4228 ], [ -100.971167, 25.422434 ] ] ] } },
{ "type": "Feature", "properties": { "INTENSIDAD": "Bajo", "PUNTAJE": 25, "TITULO": "Riesgo por Inundaciones Pluviales", "FENOMENO": "Hidrometeorológico", "FUENTE": "IMPLAN Saltillo — CARTO SALTILLO, Atlas de Riesgos 2024", "FECHA": "2024" }, "geometry": { "type": "Polygon", "coordinates": [ [ [ -100.971916, 25.423225 ], [ -100.970969, 25.422853 ], [ -100.971143, 25.422485 ], [ -100.97209, 25.42285 ], [ -100.971916, 25.423225 ] ] ] } },
{ "type": "Feature", "properties": { "INTENSIDAD": "Bajo", "PUNTAJE": 25, "TITULO": "Riesgo por Inundaciones Pluviales", "FENOMENO": "Hidrometeorológico", "FUENTE": "IMPLAN Saltillo — CARTO SALTILLO, Atlas de Riesgos 2024", "FECHA": "2024" }, "geometry": { "type": "Polygon", "coordinates": [ [ [ -100.972454, 25.422969 ], [ -100.972188, 25.422848 ], [ -100.972357, 25.422464 ], [ -100.973267, 25.422818 ], [ -100.972895, 25.423604 ], [ -100.971991, 25.423254 ], [ -100.972161, 25.422901 ], [ -100.972454, 25.422969 ] ] ] } },
{ "type": "Feature", "properties": { "INTENSIDAD": "Bajo", "PUNTAJE": 25, "TITULO": "Riesgo por Inundaciones Pluviales", "FENOMENO": "Hidrometeorológico", "FUENTE": "IMPLAN Saltillo — CARTO SALTILLO, Atlas de Riesgos 2024", "FECHA": "2024" }, "geometry": { "type": "Polygon", "coordinates": [ [ [ -100.972973, 25.423634 ], [ -100.973345, 25.422848 ], [ -100.973956, 25.423102 ], [ -100.973829, 25.423343 ], [ -100.974021, 25.42312 ], [ -100.974199, 25.42318 ], [ -100.973827, 25.423963 ], [ -100.972973, 25.423634 ] ] ] } },
{ "type": "Feature", "properties": { "INTENSIDAD": "Bajo", "PUNTAJE": 25, "TITULO": "Riesgo por Inundaciones Pluviales", "FENOMENO": "Hidrometeorológico", "FUENTE": "IMPLAN Saltillo — CARTO SALTILLO, Atlas de Riesgos 2024", "FECHA": "2024" }, "geometry": { "type": "Polygon", "coordinates": [ [ [ -100.971258, 25.4235 ], [ -100.970754, 25.423306 ], [ -100.970939, 25.422917 ], [ -100.971887, 25.423289 ], [ -100.971521, 25.424076 ], [ -100.97056, 25.423718 ], [ -100.970728, 25.423363 ], [ -100.971231, 25.423557 ], [ -100.971258, 25.4235 ] ] ] } },
{ "type": "Feature", "properties": { "INTENSIDAD": "Bajo", "PUNTAJE": 25, "TITULO": "Riesgo por Inundaciones Pluviales", "FENOMENO": "Hidrometeorológico", "FUENTE": "IMPLAN Saltillo — CARTO SALTILLO, Atlas de Riesgos 2024", "FECHA": "2024" }, "geometry": { "type": "Polygon", "coordinates": [ [ [ -100.972699, 25.424018 ], [ -100.971794, 25.423677 ], [ -100.971961, 25.423318 ], [ -100.972865, 25.423667 ], [ -100.972699, 25.424018 ] ] ] } },
{ "type": "Feature", "properties": { "INTENSIDAD": "Bajo", "PUNTAJE": 25, "TITULO": "Riesgo por Inundaciones Pluviales", "FENOMENO": "Hidrometeorológico", "FUENTE": "IMPLAN Saltillo — CARTO SALTILLO, Atlas de Riesgos 2024", "FECHA": "2024" }, "geometry": { "type": "Polygon", "coordinates": [ [ [ -100.972663, 25.424094 ], [ -100.972499, 25.424441 ], [ -100.971596, 25.424104 ], [ -100.971759, 25.423754 ], [ -100.972663, 25.424094 ] ] ] } },
{ "type": "Feature", "properties": { "INTENSIDAD": "Bajo", "PUNTAJE": 25, "TITULO": "Riesgo por Inundaciones Pluviales", "FENOMENO": "Hidrometeorológico", "FUENTE": "IMPLAN Saltillo — CARTO SALTILLO, Atlas de Riesgos 2024", "FECHA": "2024" }, "geometry": { "type": "Polygon", "coordinates": [ [ [ -100.973329, 25.423846 ], [ -100.972972, 25.424617 ], [ -100.972578, 25.42447 ], [ -100.972943, 25.423697 ], [ -100.973329, 25.423846 ] ] ] } },
{ "type": "Feature", "properties": { "INTENSIDAD": "Bajo", "PUNTAJE": 25, "TITULO": "Riesgo por Inundaciones Pluviales", "FENOMENO": "Hidrometeorológico", "FUENTE": "IMPLAN Saltillo — CARTO SALTILLO, Atlas de Riesgos 2024", "FECHA": "2024" }, "geometry": { "type": "Polygon", "coordinates": [ [ [ -100.9738, 25.424028 ], [ -100.973432, 25.424793 ], [ -100.973066, 25.424651 ], [ -100.973419, 25.423881 ], [ -100.9738, 25.424028 ] ] ] } },
{ "type": "Feature", "properties": { "INTENSIDAD": "Bajo", "PUNTAJE": 25, "TITULO": "Riesgo por Inundaciones Pluviales", "FENOMENO": "Hidrometeorológico", "FUENTE": "IMPLAN Saltillo — CARTO SALTILLO, Atlas de Riesgos 2024", "FECHA": "2024" }, "geometry": { "type": "Polygon", "coordinates": [ [ [ -100.971551, 25.4242 ], [ -100.972467, 25.42451 ], [ -100.972117, 25.425248 ], [ -100.971228, 25.424897 ], [ -100.971551, 25.4242 ] ] ] } },
{ "type": "Feature", "properties": { "INTENSIDAD": "Bajo", "PUNTAJE": 25, "TITULO": "Riesgo por Inundaciones Pluviales", "FENOMENO": "Hidrometeorológico", "FUENTE": "IMPLAN Saltillo — CARTO SALTILLO, Atlas de Riesgos 2024", "FECHA": "2024" }, "geometry": { "type": "Polygon", "coordinates": [ [ [ -100.972545, 25.424539 ], [ -100.9734, 25.424862 ], [ -100.973043, 25.425613 ], [ -100.972195, 25.425279 ], [ -100.972545, 25.424539 ] ] ] } },
{ "type": "Feature", "properties": { "INTENSIDAD": "Bajo", "PUNTAJE": 25, "TITULO": "Riesgo por Inundaciones Pluviales", "FENOMENO": "Hidrometeorológico", "FUENTE": "IMPLAN Saltillo — CARTO SALTILLO, Atlas de Riesgos 2024", "FECHA": "2024" }, "geometry": { "type": "Polygon", "coordinates": [ [ [ -100.973475, 25.424892 ], [ -100.974337, 25.425226 ], [ -100.973988, 25.425985 ], [ -100.973118, 25.425643 ], [ -100.973475, 25.424892 ] ] ] } },
{ "type": "Feature", "properties": { "INTENSIDAD": "Bajo", "PUNTAJE": 25, "TITULO": "Riesgo por Inundaciones Pluviales", "FENOMENO": "Hidrometeorológico", "FUENTE": "IMPLAN Saltillo — CARTO SALTILLO, Atlas de Riesgos 2024", "FECHA": "2024" }, "geometry": { "type": "Polygon", "coordinates": [ [ [ -100.969161, 25.4399 ], [ -100.969565, 25.440727 ], [ -100.969369, 25.440881 ], [ -100.96856, 25.439185 ], [ -100.968741, 25.43904 ], [ -100.969139, 25.439855 ], [ -100.969054, 25.439985 ], [ -100.969161, 25.4399 ] ] ] } },
{ "type": "Feature", "properties": { "INTENSIDAD": "Bajo", "PUNTAJE": 25, "TITULO": "Riesgo por Inundaciones Pluviales", "FENOMENO": "Hidrometeorológico", "FUENTE": "IMPLAN Saltillo — CARTO SALTILLO, Atlas de Riesgos 2024", "FECHA": "2024" }, "geometry": { "type": "Polygon", "coordinates": [ [ [ -100.969284, 25.441038 ], [ -100.969562, 25.441725 ], [ -100.96971, 25.441759 ], [ -100.969806, 25.441628 ], [ -100.9694, 25.440947 ], [ -100.969597, 25.440791 ], [ -100.970029, 25.441662 ], [ -100.969698, 25.442339 ], [ -100.969565, 25.442203 ], [ -100.96966, 25.442123 ], [ -100.969538, 25.442169 ], [ -100.969076, 25.441202 ], [ -100.969284, 25.441038 ] ] ] } },
{ "type": "Feature", "properties": { "INTENSIDAD": "Bajo", "PUNTAJE": 25, "TITULO": "Riesgo por Inundaciones Pluviales", "FENOMENO": "Hidrometeorológico", "FUENTE": "IMPLAN Saltillo — CARTO SALTILLO, Atlas de Riesgos 2024", "FECHA": "2024" }, "geometry": { "type": "Polygon", "coordinates": [ [ [ -100.975247, 25.442443 ], [ -100.974882, 25.443901 ], [ -100.974786, 25.44453 ], [ -100.974286, 25.444837 ], [ -100.974126, 25.445075 ], [ -100.974244, 25.445559 ], [ -100.974398, 25.445706 ], [ -100.974382, 25.446342 ], [ -100.973923, 25.446759 ], [ -100.973666, 25.447577 ], [ -100.971492, 25.448385 ], [ -100.97123, 25.448342 ], [ -100.970995, 25.447599 ], [ -100.970875, 25.4462 ], [ -100.972345, 25.440274 ], [ -100.973777, 25.441535 ], [ -100.973844, 25.441761 ], [ -100.974049, 25.441857 ], [ -100.97414, 25.442002 ], [ -100.975247, 25.442443 ] ] ] } },
{ "type": "Feature", "properties": { "INTENSIDAD": "Bajo", "PUNTAJE": 25, "TITULO": "Riesgo por Inundaciones Pluviales", "FENOMENO": "Hidrometeorológico", "FUENTE": "IMPLAN Saltillo — CARTO SALTILLO, Atlas de Riesgos 2024", "FECHA": "2024" }, "geometry": { "type": "Polygon", "coordinates": [ [ [ -100.970831, 25.450039 ], [ -100.969381, 25.452415 ], [ -100.969181, 25.452347 ], [ -100.97118, 25.449004 ], [ -100.972569, 25.450983 ], [ -100.971771, 25.452434 ], [ -100.972084, 25.452961 ], [ -100.97205, 25.453041 ], [ -100.971271, 25.452628 ], [ -100.972022, 25.451283 ], [ -100.971142, 25.450102 ], [ -100.970988, 25.450008 ], [ -100.970831, 25.450039 ] ] ] } },
{ "type": "Feature", "properties": { "INTENSIDAD": "Bajo", "PUNTAJE": 25, "TITULO": "Riesgo por Inundaciones Pluviales", "FENOMENO": "Hidrometeorológico", "FUENTE": "IMPLAN Saltillo — CARTO SALTILLO, Atlas de Riesgos 2024", "FECHA": "2024" }, "geometry": { "type": "Polygon", "coordinates": [ [ [ -100.969016, 25.454506 ], [ -100.969304, 25.455326 ], [ -100.969418, 25.455463 ], [ -100.971125, 25.456523 ], [ -100.971096, 25.456723 ], [ -100.970668, 25.457389 ], [ -100.970549, 25.457231 ], [ -100.970391, 25.45651 ], [ -100.970113, 25.456152 ], [ -100.969303, 25.455615 ], [ -100.969107, 25.455353 ], [ -100.968679, 25.45439 ], [ -100.968162, 25.45407 ], [ -100.969047, 25.452554 ], [ -100.969125, 25.452546 ], [ -100.969236, 25.452648 ], [ -100.968467, 25.453961 ], [ -100.968305, 25.454053 ], [ -100.968491, 25.454014 ], [ -100.968774, 25.454205 ], [ -100.969016, 25.454506 ] ] ] } },
{ "type": "Feature", "properties": { "INTENSIDAD": "Bajo", "PUNTAJE": 25, "TITULO": "Riesgo por Inundaciones Pluviales", "FENOMENO": "Hidrometeorológico", "FUENTE": "IMPLAN Saltillo — CARTO SALTILLO, Atlas de Riesgos 2024", "FECHA": "2024" }, "geometry": { "type": "Polygon", "coordinates": [ [ [ -100.971774, 25.465686 ], [ -100.972106, 25.465911 ], [ -100.971852, 25.466267 ], [ -100.971915, 25.466322 ], [ -100.972593, 25.465391 ], [ -100.973155, 25.465643 ], [ -100.972533, 25.466422 ], [ -100.972144, 25.467171 ], [ -100.971783, 25.467053 ], [ -100.971398, 25.465821 ], [ -100.970635, 25.46534 ], [ -100.971399, 25.46491 ], [ -100.97251, 25.465354 ], [ -100.972168, 25.465827 ], [ -100.971818, 25.465596 ], [ -100.971774, 25.465686 ] ] ] } },
{ "type": "Feature", "properties": { "INTENSIDAD": "Bajo", "PUNTAJE": 25, "TITULO": "Riesgo por Inundaciones Pluviales", "FENOMENO": "Hidrometeorológico", "FUENTE": "IMPLAN Saltillo — CARTO SALTILLO, Atlas de Riesgos 2024", "FECHA": "2024" }, "geometry": { "type": "Polygon", "coordinates": [ [ [ -100.972941, 25.46608 ], [ -100.973258, 25.465686 ], [ -100.973781, 25.465906 ], [ -100.974316, 25.466437 ], [ -100.973746, 25.46682 ], [ -100.972941, 25.46608 ] ] ] } },
{ "type": "Feature", "properties": { "INTENSIDAD": "Bajo", "PUNTAJE": 25, "TITULO": "Riesgo por Inundaciones Pluviales", "FENOMENO": "Hidrometeorológico", "FUENTE": "IMPLAN Saltillo — CARTO SALTILLO, Atlas de Riesgos 2024", "FECHA": "2024" }, "geometry": { "type": "Polygon", "coordinates": [ [ [ -100.971067, 25.465757 ], [ -100.97137, 25.465956 ], [ -100.971624, 25.466796 ], [ -100.971579, 25.466933 ], [ -100.971451, 25.466993 ], [ -100.970531, 25.46645 ], [ -100.971067, 25.465757 ] ] ] } },
{ "type": "Feature", "properties": { "INTENSIDAD": "Bajo", "PUNTAJE": 25, "TITULO": "Riesgo por Inundaciones Pluviales", "FENOMENO": "Hidrometeorológico", "FUENTE": "IMPLAN Saltillo — CARTO SALTILLO, Atlas de Riesgos 2024", "FECHA": "2024" }, "geometry": { "type": "Polygon", "coordinates": [ [ [ -100.973688, 25.466887 ], [ -100.973476, 25.467141 ], [ -100.973395, 25.467432 ], [ -100.972511, 25.46669 ], [ -100.972884, 25.466161 ], [ -100.973688, 25.466887 ] ] ] } },
{ "type": "Feature", "properties": { "INTENSIDAD": "Bajo", "PUNTAJE": 25, "TITULO": "Riesgo por Inundaciones Pluviales", "FENOMENO": "Hidrometeorológico", "FUENTE": "IMPLAN Saltillo — CARTO SALTILLO, Atlas de Riesgos 2024", "FECHA": "2024" }, "geometry": { "type": "Polygon", "coordinates": [ [ [ -100.971441, 25.467096 ], [ -100.970834, 25.467815 ], [ -100.970363, 25.467594 ], [ -100.97095, 25.466817 ], [ -100.971441, 25.467096 ] ] ] } },
{ "type": "Feature", "properties": { "INTENSIDAD": "Bajo", "PUNTAJE": 25, "TITULO": "Riesgo por Inundaciones Pluviales", "FENOMENO": "Hidrometeorológico", "FUENTE": "IMPLAN Saltillo — CARTO SALTILLO, Atlas de Riesgos 2024", "FECHA": "2024" }, "geometry": { "type": "Polygon", "coordinates": [ [ [ -100.972119, 25.467267 ], [ -100.972005, 25.46766 ], [ -100.971315, 25.467347 ], [ -100.971411, 25.467225 ], [ -100.971703, 25.46712 ], [ -100.972119, 25.467267 ] ] ] } },
{ "type": "Feature", "properties": { "INTENSIDAD": "Bajo", "PUNTAJE": 25, "TITULO": "Riesgo por Inundaciones Pluviales", "FENOMENO": "Hidrometeorológico", "FUENTE": "IMPLAN Saltillo — CARTO SALTILLO, Atlas de Riesgos 2024", "FECHA": "2024" }, "geometry": { "type": "Polygon", "coordinates": [ [ [ -100.973464, 25.467494 ], [ -100.973556, 25.46718 ], [ -100.973758, 25.466949 ], [ -100.974353, 25.467478 ], [ -100.974031, 25.467996 ], [ -100.973464, 25.467494 ] ] ] } },
{ "type": "Feature", "properties": { "INTENSIDAD": "Bajo", "PUNTAJE": 25, "TITULO": "Riesgo por Inundaciones Pluviales", "FENOMENO": "Hidrometeorológico", "FUENTE": "IMPLAN Saltillo — CARTO SALTILLO, Atlas de Riesgos 2024", "FECHA": "2024" }, "geometry": { "type": "Polygon", "coordinates": [ [ [ -100.972188, 25.467421 ], [ -100.97246, 25.466768 ], [ -100.973366, 25.467525 ], [ -100.973064, 25.468196 ], [ -100.972188, 25.467421 ] ] ] } },
{ "type": "Feature", "properties": { "INTENSIDAD": "Bajo", "PUNTAJE": 25, "TITULO": "Riesgo por Inundaciones Pluviales", "FENOMENO": "Hidrometeorológico", "FUENTE": "IMPLAN Saltillo — CARTO SALTILLO, Atlas de Riesgos 2024", "FECHA": "2024" }, "geometry": { "type": "Polygon", "coordinates": [ [ [ -100.971859, 25.468292 ], [ -100.970941, 25.467864 ], [ -100.97127, 25.467405 ], [ -100.971981, 25.467743 ], [ -100.971859, 25.468292 ] ] ] } },
{ "type": "Feature", "properties": { "INTENSIDAD": "Bajo", "PUNTAJE": 25, "TITULO": "Riesgo por Inundaciones Pluviales", "FENOMENO": "Hidrometeorológico", "FUENTE": "IMPLAN Saltillo — CARTO SALTILLO, Atlas de Riesgos 2024", "FECHA": "2024" }, "geometry": { "type": "Polygon", "coordinates": [ [ [ -100.97313, 25.468255 ], [ -100.973433, 25.467584 ], [ -100.973982, 25.468074 ], [ -100.97361, 25.468673 ], [ -100.97313, 25.468255 ] ] ] } },
{ "type": "Feature", "properties": { "INTENSIDAD": "Bajo", "PUNTAJE": 25, "TITULO": "Riesgo por Inundaciones Pluviales", "FENOMENO": "Hidrometeorológico", "FUENTE": "IMPLAN Saltillo — CARTO SALTILLO, Atlas de Riesgos 2024", "FECHA": "2024" }, "geometry": { "type": "Polygon", "coordinates": [ [ [ -100.972609, 25.46887 ], [ -100.971962, 25.468339 ], [ -100.972157, 25.467511 ], [ -100.973021, 25.468276 ], [ -100.972609, 25.46887 ] ] ] } },
{ "type": "Feature", "properties": { "INTENSIDAD": "Bajo", "PUNTAJE": 25, "TITULO": "Riesgo por Inundaciones Pluviales", "FENOMENO": "Hidrometeorológico", "FUENTE": "IMPLAN Saltillo — CARTO SALTILLO, Atlas de Riesgos 2024", "FECHA": "2024" }, "geometry": { "type": "Polygon", "coordinates": [ [ [ -100.970858, 25.468002 ], [ -100.971326, 25.468223 ], [ -100.970762, 25.469224 ], [ -100.970315, 25.469022 ], [ -100.970858, 25.468002 ] ] ] } },
{ "type": "Feature", "properties": { "INTENSIDAD": "Bajo", "PUNTAJE": 25, "TITULO": "Riesgo por Inundaciones Pluviales", "FENOMENO": "Hidrometeorológico", "FUENTE": "IMPLAN Saltillo — CARTO SALTILLO, Atlas de Riesgos 2024", "FECHA": "2024" }, "geometry": { "type": "Polygon", "coordinates": [ [ [ -100.973209, 25.469317 ], [ -100.972681, 25.468924 ], [ -100.973095, 25.468334 ], [ -100.973566, 25.468743 ], [ -100.973209, 25.469317 ] ] ] } },
{ "type": "Feature", "properties": { "INTENSIDAD": "Bajo", "PUNTAJE": 25, "TITULO": "Riesgo por Inundaciones Pluviales", "FENOMENO": "Hidrometeorológico", "FUENTE": "IMPLAN Saltillo — CARTO SALTILLO, Atlas de Riesgos 2024", "FECHA": "2024" }, "geometry": { "type": "Polygon", "coordinates": [ [ [ -100.970841, 25.469259 ], [ -100.971402, 25.468262 ], [ -100.971913, 25.46855 ], [ -100.972018, 25.469276 ], [ -100.971328, 25.468948 ], [ -100.971279, 25.469019 ], [ -100.972033, 25.469412 ], [ -100.971883, 25.469794 ], [ -100.970841, 25.469259 ] ] ] } },
{ "type": "Feature", "properties": { "INTENSIDAD": "Bajo", "PUNTAJE": 25, "TITULO": "Riesgo por Inundaciones Pluviales", "FENOMENO": "Hidrometeorológico", "FUENTE": "IMPLAN Saltillo — CARTO SALTILLO, Atlas de Riesgos 2024", "FECHA": "2024" }, "geometry": { "type": "Polygon", "coordinates": [ [ [ -100.971851, 25.471796 ], [ -100.973031, 25.471859 ], [ -100.972609, 25.472451 ], [ -100.971828, 25.471854 ], [ -100.971851, 25.471796 ] ] ] } },
{ "type": "Feature", "properties": { "INTENSIDAD": "Bajo", "PUNTAJE": 25, "TITULO": "Riesgo por Inundaciones Pluviales", "FENOMENO": "Hidrometeorológico", "FUENTE": "IMPLAN Saltillo — CARTO SALTILLO, Atlas de Riesgos 2024", "FECHA": "2024" }, "geometry": { "type": "Polygon", "coordinates": [ [ [ -100.971626, 25.471729 ], [ -100.97168, 25.471809 ], [ -100.971167, 25.4729 ], [ -100.970671, 25.472587 ], [ -100.971232, 25.471652 ], [ -100.971626, 25.471729 ] ] ] } },
{ "type": "Feature", "properties": { "INTENSIDAD": "Bajo", "PUNTAJE": 25, "TITULO": "Riesgo por Inundaciones Pluviales", "FENOMENO": "Hidrometeorológico", "FUENTE": "IMPLAN Saltillo — CARTO SALTILLO, Atlas de Riesgos 2024", "FECHA": "2024" }, "geometry": { "type": "Polygon", "coordinates": [ [ [ -100.973862, 25.471888 ], [ -100.973219, 25.472898 ], [ -100.972691, 25.472501 ], [ -100.973126, 25.471865 ], [ -100.973862, 25.471888 ] ] ] } },
{ "type": "Feature", "properties": { "INTENSIDAD": "Bajo", "PUNTAJE": 25, "TITULO": "Riesgo por Inundaciones Pluviales", "FENOMENO": "Hidrometeorológico", "FUENTE": "IMPLAN Saltillo — CARTO SALTILLO, Atlas de Riesgos 2024", "FECHA": "2024" }, "geometry": { "type": "Polygon", "coordinates": [ [ [ -100.971229, 25.472928 ], [ -100.971727, 25.471888 ], [ -100.972265, 25.472328 ], [ -100.971858, 25.473174 ], [ -100.971229, 25.472928 ] ] ] } },
{ "type": "Feature", "properties": { "INTENSIDAD": "Bajo", "PUNTAJE": 25, "TITULO": "Riesgo por Inundaciones Pluviales", "FENOMENO": "Hidrometeorológico", "FUENTE": "IMPLAN Saltillo — CARTO SALTILLO, Atlas de Riesgos 2024", "FECHA": "2024" }, "geometry": { "type": "Polygon", "coordinates": [ [ [ -100.972345, 25.472387 ], [ -100.973091, 25.472926 ], [ -100.972695, 25.473119 ], [ -100.972545, 25.473446 ], [ -100.97195, 25.47321 ], [ -100.972345, 25.472387 ] ] ] } },
{ "type": "Feature", "properties": { "INTENSIDAD": "Bajo", "PUNTAJE": 25, "TITULO": "Riesgo por Inundaciones Pluviales", "FENOMENO": "Hidrometeorológico", "FUENTE": "IMPLAN Saltillo — CARTO SALTILLO, Atlas de Riesgos 2024", "FECHA": "2024" }, "geometry": { "type": "Polygon", "coordinates": [ [ [ -100.974484, 25.472851 ], [ -100.974231, 25.473408 ], [ -100.973297, 25.472946 ], [ -100.973618, 25.472512 ], [ -100.974484, 25.472851 ] ] ] } },
{ "type": "Feature", "properties": { "INTENSIDAD": "Bajo", "PUNTAJE": 25, "TITULO": "Riesgo por Inundaciones Pluviales", "FENOMENO": "Hidrometeorológico", "FUENTE": "IMPLAN Saltillo — CARTO SALTILLO, Atlas de Riesgos 2024", "FECHA": "2024" }, "geometry": { "type": "Polygon", "coordinates": [ [ [ -100.972833, 25.473136 ], [ -100.973188, 25.472993 ], [ -100.974189, 25.473492 ], [ -100.973954, 25.474009 ], [ -100.97264, 25.473485 ], [ -100.972833, 25.473136 ] ] ] } },
{ "type": "Feature", "properties": { "INTENSIDAD": "Bajo", "PUNTAJE": 25, "TITULO": "Riesgo por Inundaciones Pluviales", "FENOMENO": "Hidrometeorológico", "FUENTE": "IMPLAN Saltillo — CARTO SALTILLO, Atlas de Riesgos 2024", "FECHA": "2024" }, "geometry": { "type": "Polygon", "coordinates": [ [ [ -100.971802, 25.473291 ], [ -100.971191, 25.47462 ], [ -100.970589, 25.474259 ], [ -100.971175, 25.473041 ], [ -100.971802, 25.473291 ] ] ] } },
{ "type": "Feature", "properties": { "INTENSIDAD": "Bajo", "PUNTAJE": 25, "TITULO": "Riesgo por Inundaciones Pluviales", "FENOMENO": "Hidrometeorológico", "FUENTE": "IMPLAN Saltillo — CARTO SALTILLO, Atlas de Riesgos 2024", "FECHA": "2024" }, "geometry": { "type": "Polygon", "coordinates": [ [ [ -100.973654, 25.474644 ], [ -100.972364, 25.474157 ], [ -100.972593, 25.47361 ], [ -100.973889, 25.474122 ], [ -100.973654, 25.474644 ] ] ] } },
{ "type": "Feature", "properties": { "INTENSIDAD": "Bajo", "PUNTAJE": 25, "TITULO": "Riesgo por Inundaciones Pluviales", "FENOMENO": "Hidrometeorológico", "FUENTE": "IMPLAN Saltillo — CARTO SALTILLO, Atlas de Riesgos 2024", "FECHA": "2024" }, "geometry": { "type": "Polygon", "coordinates": [ [ [ -100.971854, 25.475048 ], [ -100.971281, 25.4747 ], [ -100.971935, 25.473335 ], [ -100.972532, 25.47358 ], [ -100.971854, 25.475048 ] ] ] } },
{ "type": "Feature", "properties": { "INTENSIDAD": "Bajo", "PUNTAJE": 25, "TITULO": "Riesgo por Inundaciones Pluviales", "FENOMENO": "Hidrometeorológico", "FUENTE": "IMPLAN Saltillo — CARTO SALTILLO, Atlas de Riesgos 2024", "FECHA": "2024" }, "geometry": { "type": "Polygon", "coordinates": [ [ [ -100.969783, 25.47386 ], [ -100.971314, 25.474812 ], [ -100.970846, 25.475663 ], [ -100.970289, 25.47555 ], [ -100.969604, 25.475295 ], [ -100.969075, 25.47499 ], [ -100.969783, 25.47386 ] ] ] } },
{ "type": "Feature", "properties": { "INTENSIDAD": "Bajo", "PUNTAJE": 25, "TITULO": "Riesgo por Inundaciones Pluviales", "FENOMENO": "Hidrometeorológico", "FUENTE": "IMPLAN Saltillo — CARTO SALTILLO, Atlas de Riesgos 2024", "FECHA": "2024" }, "geometry": { "type": "Polygon", "coordinates": [ [ [ -100.971912, 25.475087 ], [ -100.97233, 25.474253 ], [ -100.972912, 25.474482 ], [ -100.972486, 25.475438 ], [ -100.971912, 25.475087 ] ] ] } },
{ "type": "Feature", "properties": { "INTENSIDAD": "Bajo", "PUNTAJE": 25, "TITULO": "Riesgo por Inundaciones Pluviales", "FENOMENO": "Hidrometeorológico", "FUENTE": "IMPLAN Saltillo — CARTO SALTILLO, Atlas de Riesgos 2024", "FECHA": "2024" }, "geometry": { "type": "Polygon", "coordinates": [ [ [ -100.973635, 25.474742 ], [ -100.973138, 25.475843 ], [ -100.972567, 25.475496 ], [ -100.973002, 25.474514 ], [ -100.973635, 25.474742 ] ] ] } },
{ "type": "Feature", "properties": { "INTENSIDAD": "Bajo", "PUNTAJE": 25, "TITULO": "Riesgo por Inundaciones Pluviales", "FENOMENO": "Hidrometeorológico", "FUENTE": "IMPLAN Saltillo — CARTO SALTILLO, Atlas de Riesgos 2024", "FECHA": "2024" }, "geometry": { "type": "Polygon", "coordinates": [ [ [ -100.971392, 25.474865 ], [ -100.973041, 25.47591 ], [ -100.970945, 25.475676 ], [ -100.971392, 25.474865 ] ] ] } },
{ "type": "Feature", "properties": { "INTENSIDAD": "Bajo", "PUNTAJE": 25, "TITULO": "Riesgo por Inundaciones Pluviales", "FENOMENO": "Hidrometeorológico", "FUENTE": "IMPLAN Saltillo — CARTO SALTILLO, Atlas de Riesgos 2024", "FECHA": "2024" }, "geometry": { "type": "Polygon", "coordinates": [ [ [ -100.967982, 25.477899 ], [ -100.9675, 25.477547 ], [ -100.967693, 25.477243 ], [ -100.968177, 25.477535 ], [ -100.967982, 25.477899 ] ] ] } },
{ "type": "Feature", "properties": { "INTENSIDAD": "Bajo", "PUNTAJE": 25, "TITULO": "Riesgo por Inundaciones Pluviales", "FENOMENO": "Hidrometeorológico", "FUENTE": "IMPLAN Saltillo — CARTO SALTILLO, Atlas de Riesgos 2024", "FECHA": "2024" }, "geometry": { "type": "Polygon", "coordinates": [ [ [ -100.970125, 25.478724 ], [ -100.970037, 25.478609 ], [ -100.970397, 25.477953 ], [ -100.97022, 25.477966 ], [ -100.968917, 25.477132 ], [ -100.968838, 25.477128 ], [ -100.96883, 25.477234 ], [ -100.969239, 25.477548 ], [ -100.969016, 25.477847 ], [ -100.968683, 25.477692 ], [ -100.968645, 25.477758 ], [ -100.968754, 25.477873 ], [ -100.968514, 25.478235 ], [ -100.968361, 25.478148 ], [ -100.968682, 25.477524 ], [ -100.968677, 25.477266 ], [ -100.968495, 25.476677 ], [ -100.970606, 25.478024 ], [ -100.970031, 25.478967 ], [ -100.969943, 25.478932 ], [ -100.970125, 25.478724 ] ] ] } },
{ "type": "Feature", "properties": { "INTENSIDAD": "Bajo", "PUNTAJE": 25, "TITULO": "Riesgo por Inundaciones Pluviales", "FENOMENO": "Hidrometeorológico", "FUENTE": "IMPLAN Saltillo — CARTO SALTILLO, Atlas de Riesgos 2024", "FECHA": "2024" }, "geometry": { "type": "Polygon", "coordinates": [ [ [ -100.9688, 25.479143 ], [ -100.968201, 25.478792 ], [ -100.968372, 25.478587 ], [ -100.968277, 25.478499 ], [ -100.967664, 25.479402 ], [ -100.967756, 25.479449 ], [ -100.967828, 25.47936 ], [ -100.969181, 25.480148 ], [ -100.969526, 25.479509 ], [ -100.968959, 25.479241 ], [ -100.969166, 25.478926 ], [ -100.969615, 25.479229 ], [ -100.969517, 25.479372 ], [ -100.969724, 25.479485 ], [ -100.969228, 25.480358 ], [ -100.967439, 25.479385 ], [ -100.968202, 25.478245 ], [ -100.968423, 25.478361 ], [ -100.9685, 25.478521 ], [ -100.969006, 25.478822 ], [ -100.9688, 25.479143 ] ] ] } },
{ "type": "Feature", "properties": { "INTENSIDAD": "Bajo", "PUNTAJE": 25, "TITULO": "Riesgo por Inundaciones Pluviales", "FENOMENO": "Hidrometeorológico", "FUENTE": "IMPLAN Saltillo — CARTO SALTILLO, Atlas de Riesgos 2024", "FECHA": "2024" }, "geometry": { "type": "Polygon", "coordinates": [ [ [ -100.967346, 25.480977 ], [ -100.968654, 25.481054 ], [ -100.96835, 25.481955 ], [ -100.968143, 25.481887 ], [ -100.968289, 25.481455 ], [ -100.96825, 25.481381 ], [ -100.968153, 25.481415 ], [ -100.968014, 25.481841 ], [ -100.967488, 25.481651 ], [ -100.967595, 25.481392 ], [ -100.967554, 25.481311 ], [ -100.967461, 25.481343 ], [ -100.967364, 25.481605 ], [ -100.967147, 25.481527 ], [ -100.967346, 25.480977 ] ] ] } },
{ "type": "Feature", "properties": { "INTENSIDAD": "Bajo", "PUNTAJE": 25, "TITULO": "Riesgo por Inundaciones Pluviales", "FENOMENO": "Hidrometeorológico", "FUENTE": "IMPLAN Saltillo — CARTO SALTILLO, Atlas de Riesgos 2024", "FECHA": "2024" }, "geometry": { "type": "Polygon", "coordinates": [ [ [ -100.968717, 25.486802 ], [ -100.968627, 25.48678 ], [ -100.968458, 25.487145 ], [ -100.968341, 25.4871 ], [ -100.968545, 25.486716 ], [ -100.968466, 25.486691 ], [ -100.968258, 25.487057 ], [ -100.967792, 25.486863 ], [ -100.968041, 25.486428 ], [ -100.967958, 25.48643 ], [ -100.967711, 25.486829 ], [ -100.967275, 25.486644 ], [ -100.968201, 25.485706 ], [ -100.968011, 25.485768 ], [ -100.967224, 25.486622 ], [ -100.964956, 25.485611 ], [ -100.965502, 25.485319 ], [ -100.965548, 25.484516 ], [ -100.965911, 25.48463 ], [ -100.96587, 25.484809 ], [ -100.965937, 25.484825 ], [ -100.966011, 25.484447 ], [ -100.965948, 25.484434 ], [ -100.965924, 25.484557 ], [ -100.965548, 25.484453 ], [ -100.965735, 25.483445 ], [ -100.965911, 25.483068 ], [ -100.967131, 25.483448 ], [ -100.966664, 25.485164 ], [ -100.96718, 25.485319 ], [ -100.967496, 25.485184 ], [ -100.967904, 25.484208 ], [ -100.968685, 25.484506 ], [ -100.968751, 25.484914 ], [ -100.96881, 25.484906 ], [ -100.968724, 25.484462 ], [ -100.967071, 25.483892 ], [ -100.967189, 25.483458 ], [ -100.970165, 25.483964 ], [ -100.970113, 25.484143 ], [ -100.970251, 25.484172 ], [ -100.970303, 25.483988 ], [ -100.971398, 25.484174 ], [ -100.971294, 25.484395 ], [ -100.971078, 25.484339 ], [ -100.971039, 25.48445 ], [ -100.971251, 25.484503 ], [ -100.970823, 25.485398 ], [ -100.969472, 25.484804 ], [ -100.969107, 25.485383 ], [ -100.968825, 25.48548 ], [ -100.968269, 25.486587 ], [ -100.969026, 25.486926 ], [ -100.968877, 25.48733 ], [ -100.968544, 25.487186 ], [ -100.968717, 25.486802 ] ] ] } },
{ "type": "Feature", "properties": { "INTENSIDAD": "Bajo", "PUNTAJE": 25, "TITULO": "Riesgo por Inundaciones Pluviales", "FENOMENO": "Hidrometeorológico", "FUENTE": "IMPLAN Saltillo — CARTO SALTILLO, Atlas de Riesgos 2024", "FECHA": "2024" }, "geometry": { "type": "Polygon", "coordinates": [ [ [ -100.973594, 25.487371 ], [ -100.972724, 25.48719 ], [ -100.972088, 25.486899 ], [ -100.970932, 25.485986 ], [ -100.971968, 25.48375 ], [ -100.973048, 25.484228 ], [ -100.973155, 25.484057 ], [ -100.972111, 25.483559 ], [ -100.972441, 25.482705 ], [ -100.973703, 25.48314 ], [ -100.974656, 25.483575 ], [ -100.976448, 25.484582 ], [ -100.97764, 25.485449 ], [ -100.975956, 25.48962 ], [ -100.975817, 25.490504 ], [ -100.975477, 25.491297 ], [ -100.974238, 25.489718 ], [ -100.972372, 25.488854 ], [ -100.971634, 25.488281 ], [ -100.970874, 25.487853 ], [ -100.970164, 25.487558 ], [ -100.970875, 25.486181 ], [ -100.972161, 25.487144 ], [ -100.972674, 25.487361 ], [ -100.973508, 25.487536 ], [ -100.972842, 25.488911 ], [ -100.974809, 25.489877 ], [ -100.974904, 25.49004 ], [ -100.975798, 25.489464 ], [ -100.976101, 25.489017 ], [ -100.976828, 25.487372 ], [ -100.974305, 25.485959 ], [ -100.973594, 25.487371 ] ] ] } },
{ "type": "Feature", "properties": { "INTENSIDAD": "Bajo", "PUNTAJE": 25, "TITULO": "Riesgo por Inundaciones Pluviales", "FENOMENO": "Hidrometeorológico", "FUENTE": "IMPLAN Saltillo — CARTO SALTILLO, Atlas de Riesgos 2024", "FECHA": "2024" }, "geometry": { "type": "Polygon", "coordinates": [ [ [ -100.975422, 25.491443 ], [ -100.976845, 25.4932 ], [ -100.976623, 25.493655 ], [ -100.973028, 25.491711 ], [ -100.969046, 25.489758 ], [ -100.969984, 25.487782 ], [ -100.970202, 25.487658 ], [ -100.970844, 25.48789 ], [ -100.971602, 25.488326 ], [ -100.972334, 25.4889 ], [ -100.974231, 25.489805 ], [ -100.975422, 25.491443 ] ] ] } },
{ "type": "Feature", "properties": { "INTENSIDAD": "Bajo", "PUNTAJE": 25, "TITULO": "Riesgo por Inundaciones Pluviales", "FENOMENO": "Hidrometeorológico", "FUENTE": "IMPLAN Saltillo — CARTO SALTILLO, Atlas de Riesgos 2024", "FECHA": "2024" }, "geometry": { "type": "Polygon", "coordinates": [ [ [ -100.968105, 25.494759 ], [ -100.967706, 25.494505 ], [ -100.967013, 25.493922 ], [ -100.968241, 25.491709 ], [ -100.96882, 25.49196 ], [ -100.968089, 25.493429 ], [ -100.968176, 25.493494 ], [ -100.96825, 25.49336 ], [ -100.969323, 25.494232 ], [ -100.969042, 25.494528 ], [ -100.968646, 25.494214 ], [ -100.968105, 25.494759 ] ] ] } },
{ "type": "Feature", "properties": { "INTENSIDAD": "Bajo", "PUNTAJE": 25, "TITULO": "Riesgo por Inundaciones Pluviales", "FENOMENO": "Hidrometeorológico", "FUENTE": "IMPLAN Saltillo — CARTO SALTILLO, Atlas de Riesgos 2024", "FECHA": "2024" }, "geometry": { "type": "Polygon", "coordinates": [ [ [ -100.971116, 25.494368 ], [ -100.970603, 25.495082 ], [ -100.970262, 25.494819 ], [ -100.970507, 25.494558 ], [ -100.970924, 25.493814 ], [ -100.971304, 25.493973 ], [ -100.971116, 25.494368 ] ] ] } },
{ "type": "Feature", "properties": { "INTENSIDAD": "Bajo", "PUNTAJE": 25, "TITULO": "Riesgo por Inundaciones Pluviales", "FENOMENO": "Hidrometeorológico", "FUENTE": "IMPLAN Saltillo — CARTO SALTILLO, Atlas de Riesgos 2024", "FECHA": "2024" }, "geometry": { "type": "Polygon", "coordinates": [ [ [ -100.971389, 25.494014 ], [ -100.971755, 25.494167 ], [ -100.971479, 25.494729 ], [ -100.971001, 25.495385 ], [ -100.970688, 25.49515 ], [ -100.97111, 25.494603 ], [ -100.971389, 25.494014 ] ] ] } },
{ "type": "Feature", "properties": { "INTENSIDAD": "Bajo", "PUNTAJE": 25, "TITULO": "Riesgo por Inundaciones Pluviales", "FENOMENO": "Hidrometeorológico", "FUENTE": "IMPLAN Saltillo — CARTO SALTILLO, Atlas de Riesgos 2024", "FECHA": "2024" }, "geometry": { "type": "Polygon", "coordinates": [ [ [ -100.968982, 25.494582 ], [ -100.968447, 25.495129 ], [ -100.968146, 25.494844 ], [ -100.968658, 25.494325 ], [ -100.968982, 25.494582 ] ] ] } },
{ "type": "Feature", "properties": { "INTENSIDAD": "Bajo", "PUNTAJE": 25, "TITULO": "Riesgo por Inundaciones Pluviales", "FENOMENO": "Hidrometeorológico", "FUENTE": "IMPLAN Saltillo — CARTO SALTILLO, Atlas de Riesgos 2024", "FECHA": "2024" }, "geometry": { "type": "Polygon", "coordinates": [ [ [ -100.9694, 25.494289 ], [ -100.970511, 25.49518 ], [ -100.97021, 25.495461 ], [ -100.96911, 25.494577 ], [ -100.9694, 25.494289 ] ] ] } },
{ "type": "Feature", "properties": { "INTENSIDAD": "Bajo", "PUNTAJE": 25, "TITULO": "Riesgo por Inundaciones Pluviales", "FENOMENO": "Hidrometeorológico", "FUENTE": "IMPLAN Saltillo — CARTO SALTILLO, Atlas de Riesgos 2024", "FECHA": "2024" }, "geometry": { "type": "Polygon", "coordinates": [ [ [ -100.972279, 25.49438 ], [ -100.972017, 25.494918 ], [ -100.971422, 25.495705 ], [ -100.971073, 25.495439 ], [ -100.971544, 25.494773 ], [ -100.971826, 25.494201 ], [ -100.972279, 25.49438 ] ] ] } },
{ "type": "Feature", "properties": { "INTENSIDAD": "Bajo", "PUNTAJE": 25, "TITULO": "Riesgo por Inundaciones Pluviales", "FENOMENO": "Hidrometeorológico", "FUENTE": "IMPLAN Saltillo — CARTO SALTILLO, Atlas de Riesgos 2024", "FECHA": "2024" }, "geometry": { "type": "Polygon", "coordinates": [ [ [ -100.967669, 25.49463 ], [ -100.96787, 25.494725 ], [ -100.968376, 25.495209 ], [ -100.968233, 25.495334 ], [ -100.967594, 25.494727 ], [ -100.967669, 25.49463 ] ] ] } },
{ "type": "Feature", "properties": { "INTENSIDAD": "Bajo", "PUNTAJE": 25, "TITULO": "Riesgo por Inundaciones Pluviales", "FENOMENO": "Hidrometeorológico", "FUENTE": "IMPLAN Saltillo — CARTO SALTILLO, Atlas de Riesgos 2024", "FECHA": "2024" }, "geometry": { "type": "Polygon", "coordinates": [ [ [ -100.969377, 25.494903 ], [ -100.968815, 25.49548 ], [ -100.968511, 25.495191 ], [ -100.969052, 25.49464 ], [ -100.969377, 25.494903 ] ] ] } },
{ "type": "Feature", "properties": { "INTENSIDAD": "Bajo", "PUNTAJE": 25, "TITULO": "Riesgo por Inundaciones Pluviales", "FENOMENO": "Hidrometeorológico", "FUENTE": "IMPLAN Saltillo — CARTO SALTILLO, Atlas de Riesgos 2024", "FECHA": "2024" }, "geometry": { "type": "Polygon", "coordinates": [ [ [ -100.969768, 25.495221 ], [ -100.969177, 25.495827 ], [ -100.968877, 25.495541 ], [ -100.969443, 25.494959 ], [ -100.969768, 25.495221 ] ] ] } },
{ "type": "Feature", "properties": { "INTENSIDAD": "Bajo", "PUNTAJE": 25, "TITULO": "Riesgo por Inundaciones Pluviales", "FENOMENO": "Hidrometeorológico", "FUENTE": "IMPLAN Saltillo — CARTO SALTILLO, Atlas de Riesgos 2024", "FECHA": "2024" }, "geometry": { "type": "Polygon", "coordinates": [ [ [ -100.970289, 25.495526 ], [ -100.97058, 25.495234 ], [ -100.971307, 25.495808 ], [ -100.971067, 25.496143 ], [ -100.970289, 25.495526 ] ] ] } },
{ "type": "Feature", "properties": { "INTENSIDAD": "Bajo", "PUNTAJE": 25, "TITULO": "Riesgo por Inundaciones Pluviales", "FENOMENO": "Hidrometeorológico", "FUENTE": "IMPLAN Saltillo — CARTO SALTILLO, Atlas de Riesgos 2024", "FECHA": "2024" }, "geometry": { "type": "Polygon", "coordinates": [ [ [ -100.970166, 25.495537 ], [ -100.969543, 25.496174 ], [ -100.969238, 25.495884 ], [ -100.969838, 25.495275 ], [ -100.970166, 25.495537 ] ] ] } },
{ "type": "Feature", "properties": { "INTENSIDAD": "Bajo", "PUNTAJE": 25, "TITULO": "Riesgo por Inundaciones Pluviales", "FENOMENO": "Hidrometeorológico", "FUENTE": "IMPLAN Saltillo — CARTO SALTILLO, Atlas de Riesgos 2024", "FECHA": "2024" }, "geometry": { "type": "Polygon", "coordinates": [ [ [ -100.969472, 25.496249 ], [ -100.969332, 25.496386 ], [ -100.968296, 25.495394 ], [ -100.968439, 25.49527 ], [ -100.969472, 25.496249 ] ] ] } },
{ "type": "Feature", "properties": { "INTENSIDAD": "Bajo", "PUNTAJE": 25, "TITULO": "Riesgo por Inundaciones Pluviales", "FENOMENO": "Hidrometeorológico", "FUENTE": "IMPLAN Saltillo — CARTO SALTILLO, Atlas de Riesgos 2024", "FECHA": "2024" }, "geometry": { "type": "Polygon", "coordinates": [ [ [ -100.970706, 25.495971 ], [ -100.969998, 25.49661 ], [ -100.969604, 25.496234 ], [ -100.970234, 25.495591 ], [ -100.970706, 25.495971 ] ] ] } },
{ "type": "Feature", "properties": { "INTENSIDAD": "Bajo", "PUNTAJE": 25, "TITULO": "Riesgo por Inundaciones Pluviales", "FENOMENO": "Hidrometeorológico", "FUENTE": "IMPLAN Saltillo — CARTO SALTILLO, Atlas de Riesgos 2024", "FECHA": "2024" }, "geometry": { "type": "Polygon", "coordinates": [ [ [ -100.970325, 25.496921 ], [ -100.970061, 25.496671 ], [ -100.970776, 25.496028 ], [ -100.971066, 25.496264 ], [ -100.97063, 25.496747 ], [ -100.970325, 25.496921 ] ] ] } },
{ "type": "Feature", "properties": { "INTENSIDAD": "Bajo", "PUNTAJE": 25, "TITULO": "Riesgo por Inundaciones Pluviales", "FENOMENO": "Hidrometeorológico", "FUENTE": "IMPLAN Saltillo — CARTO SALTILLO, Atlas de Riesgos 2024", "FECHA": "2024" }, "geometry": { "type": "Polygon", "coordinates": [ [ [ -100.970055, 25.497075 ], [ -100.969386, 25.496436 ], [ -100.969531, 25.496313 ], [ -100.970222, 25.49698 ], [ -100.970055, 25.497075 ] ] ] } },
{ "type": "Feature", "properties": { "INTENSIDAD": "Bajo", "PUNTAJE": 25, "TITULO": "Riesgo por Inundaciones Pluviales", "FENOMENO": "Hidrometeorológico", "FUENTE": "IMPLAN Saltillo — CARTO SALTILLO, Atlas de Riesgos 2024", "FECHA": "2024" }, "geometry": { "type": "Polygon", "coordinates": [ [ [ -100.967663, 25.494627 ], [ -100.967584, 25.494726 ], [ -100.970115, 25.497154 ], [ -100.970656, 25.496863 ], [ -100.971009, 25.496554 ], [ -100.97125, 25.496035 ], [ -100.9714, 25.495893 ], [ -100.971627, 25.496064 ], [ -100.971542, 25.496166 ], [ -100.971674, 25.496097 ], [ -100.971882, 25.49625 ], [ -100.971949, 25.496184 ], [ -100.971753, 25.496032 ], [ -100.973434, 25.494512 ], [ -100.976099, 25.494496 ], [ -100.976498, 25.493719 ], [ -100.976607, 25.493776 ], [ -100.975482, 25.495846 ], [ -100.974724, 25.496499 ], [ -100.97334, 25.497337 ], [ -100.972795, 25.497897 ], [ -100.969388, 25.502765 ], [ -100.968392, 25.504516 ], [ -100.968243, 25.504499 ], [ -100.964265, 25.502431 ], [ -100.964107, 25.502298 ], [ -100.964062, 25.50215 ], [ -100.965851, 25.495881 ], [ -100.966871, 25.493972 ], [ -100.967663, 25.494627 ] ] ] } },
{ "type": "Feature", "properties": { "INTENSIDAD": "Bajo", "PUNTAJE": 25, "TITULO": "Riesgo por Inundaciones Pluviales", "FENOMENO": "Hidrometeorológico", "FUENTE": "IMPLAN Saltillo — CARTO SALTILLO, Atlas de Riesgos 2024", "FECHA": "2024" }, "geometry": { "type": "Polygon", "coordinates": [ [ [ -100.96804, 25.393262 ], [ -100.967844, 25.394548 ], [ -100.967476, 25.394492 ], [ -100.96766, 25.393508 ], [ -100.966923, 25.393376 ], [ -100.96698, 25.393094 ], [ -100.96804, 25.393262 ] ] ] } },
{ "type": "Feature", "properties": { "INTENSIDAD": "Bajo", "PUNTAJE": 25, "TITULO": "Riesgo por Inundaciones Pluviales", "FENOMENO": "Hidrometeorológico", "FUENTE": "IMPLAN Saltillo — CARTO SALTILLO, Atlas de Riesgos 2024", "FECHA": "2024" }, "geometry": { "type": "Polygon", "coordinates": [ [ [ -100.966542, 25.394428 ], [ -100.966486, 25.394706 ], [ -100.965526, 25.394558 ], [ -100.965778, 25.393277 ], [ -100.965951, 25.393307 ], [ -100.965761, 25.394293 ], [ -100.966542, 25.394428 ] ] ] } },
{ "type": "Feature", "properties": { "INTENSIDAD": "Bajo", "PUNTAJE": 25, "TITULO": "Riesgo por Inundaciones Pluviales", "FENOMENO": "Hidrometeorológico", "FUENTE": "IMPLAN Saltillo — CARTO SALTILLO, Atlas de Riesgos 2024", "FECHA": "2024" }, "geometry": { "type": "Polygon", "coordinates": [ [ [ -100.967217, 25.393507 ], [ -100.967038, 25.394501 ], [ -100.967887, 25.394641 ], [ -100.967952, 25.394943 ], [ -100.966656, 25.394739 ], [ -100.966904, 25.393461 ], [ -100.967217, 25.393507 ] ] ] } },
{ "type": "Feature", "properties": { "INTENSIDAD": "Bajo", "PUNTAJE": 25, "TITULO": "Riesgo por Inundaciones Pluviales", "FENOMENO": "Hidrometeorológico", "FUENTE": "IMPLAN Saltillo — CARTO SALTILLO, Atlas de Riesgos 2024", "FECHA": "2024" }, "geometry": { "type": "Polygon", "coordinates": [ [ [ -100.965452, 25.394941 ], [ -100.965512, 25.394637 ], [ -100.966468, 25.394792 ], [ -100.966233, 25.395854 ], [ -100.965917, 25.395746 ], [ -100.966074, 25.395047 ], [ -100.965452, 25.394941 ] ] ] } },
{ "type": "Feature", "properties": { "INTENSIDAD": "Bajo", "PUNTAJE": 25, "TITULO": "Riesgo por Inundaciones Pluviales", "FENOMENO": "Hidrometeorológico", "FUENTE": "IMPLAN Saltillo — CARTO SALTILLO, Atlas de Riesgos 2024", "FECHA": "2024" }, "geometry": { "type": "Polygon", "coordinates": [ [ [ -100.96698, 25.394877 ], [ -100.966843, 25.3956 ], [ -100.967955, 25.395935 ], [ -100.967934, 25.396265 ], [ -100.967334, 25.396003 ], [ -100.966447, 25.395862 ], [ -100.966636, 25.394824 ], [ -100.96698, 25.394877 ] ] ] } },
{ "type": "Feature", "properties": { "INTENSIDAD": "Bajo", "PUNTAJE": 25, "TITULO": "Riesgo por Inundaciones Pluviales", "FENOMENO": "Hidrometeorológico", "FUENTE": "IMPLAN Saltillo — CARTO SALTILLO, Atlas de Riesgos 2024", "FECHA": "2024" }, "geometry": { "type": "Polygon", "coordinates": [ [ [ -100.961939, 25.398309 ], [ -100.961886, 25.397836 ], [ -100.96229, 25.397762 ], [ -100.962422, 25.398291 ], [ -100.96255, 25.398298 ], [ -100.962563, 25.398514 ], [ -100.961451, 25.398479 ], [ -100.961342, 25.397934 ], [ -100.961787, 25.397854 ], [ -100.961939, 25.398309 ] ] ] } },
{ "type": "Feature", "properties": { "INTENSIDAD": "Bajo", "PUNTAJE": 25, "TITULO": "Riesgo por Inundaciones Pluviales", "FENOMENO": "Hidrometeorológico", "FUENTE": "IMPLAN Saltillo — CARTO SALTILLO, Atlas de Riesgos 2024", "FECHA": "2024" }, "geometry": { "type": "Polygon", "coordinates": [ [ [ -100.966086, 25.403423 ], [ -100.965891, 25.404373 ], [ -100.964957, 25.404222 ], [ -100.965244, 25.40389 ], [ -100.965702, 25.403964 ], [ -100.965718, 25.403903 ], [ -100.965297, 25.403836 ], [ -100.965618, 25.403344 ], [ -100.966086, 25.403423 ] ] ] } },
{ "type": "Feature", "properties": { "INTENSIDAD": "Bajo", "PUNTAJE": 25, "TITULO": "Riesgo por Inundaciones Pluviales", "FENOMENO": "Hidrometeorológico", "FUENTE": "IMPLAN Saltillo — CARTO SALTILLO, Atlas de Riesgos 2024", "FECHA": "2024" }, "geometry": { "type": "Polygon", "coordinates": [ [ [ -100.964659, 25.407124 ], [ -100.964958, 25.407671 ], [ -100.963585, 25.410048 ], [ -100.960611, 25.408641 ], [ -100.961238, 25.407498 ], [ -100.961402, 25.407573 ], [ -100.960857, 25.408526 ], [ -100.963456, 25.409726 ], [ -100.964602, 25.407699 ], [ -100.961995, 25.406444 ], [ -100.961488, 25.407421 ], [ -100.961327, 25.407351 ], [ -100.962075, 25.406014 ], [ -100.964659, 25.407124 ] ] ] } },
{ "type": "Feature", "properties": { "INTENSIDAD": "Bajo", "PUNTAJE": 25, "TITULO": "Riesgo por Inundaciones Pluviales", "FENOMENO": "Hidrometeorológico", "FUENTE": "IMPLAN Saltillo — CARTO SALTILLO, Atlas de Riesgos 2024", "FECHA": "2024" }, "geometry": { "type": "Polygon", "coordinates": [ [ [ -100.956807, 25.405884 ], [ -100.961664, 25.405928 ], [ -100.961966, 25.405993 ], [ -100.960444, 25.408757 ], [ -100.960473, 25.410595 ], [ -100.960381, 25.410771 ], [ -100.958349, 25.411088 ], [ -100.958168, 25.410384 ], [ -100.958563, 25.410289 ], [ -100.958302, 25.409398 ], [ -100.957911, 25.408354 ], [ -100.957515, 25.408405 ], [ -100.956807, 25.405884 ] ] ] } },
{ "type": "Feature", "properties": { "INTENSIDAD": "Bajo", "PUNTAJE": 25, "TITULO": "Riesgo por Inundaciones Pluviales", "FENOMENO": "Hidrometeorológico", "FUENTE": "IMPLAN Saltillo — CARTO SALTILLO, Atlas de Riesgos 2024", "FECHA": "2024" }, "geometry": { "type": "Polygon", "coordinates": [ [ [ -100.961661, 25.410716 ], [ -100.960543, 25.410557 ], [ -100.960581, 25.408693 ], [ -100.96356, 25.410119 ], [ -100.963415, 25.410499 ], [ -100.963124, 25.410732 ], [ -100.963008, 25.410999 ], [ -100.962732, 25.410949 ], [ -100.962626, 25.411002 ], [ -100.961661, 25.410716 ] ] ] } },
{ "type": "Feature", "properties": { "INTENSIDAD": "Bajo", "PUNTAJE": 25, "TITULO": "Riesgo por Inundaciones Pluviales", "FENOMENO": "Hidrometeorológico", "FUENTE": "IMPLAN Saltillo — CARTO SALTILLO, Atlas de Riesgos 2024", "FECHA": "2024" }, "geometry": { "type": "Polygon", "coordinates": [ [ [ -100.965378, 25.4113 ], [ -100.965982, 25.411024 ], [ -100.966044, 25.411117 ], [ -100.967311, 25.410546 ], [ -100.967483, 25.410864 ], [ -100.968125, 25.410589 ], [ -100.968482, 25.411285 ], [ -100.96861, 25.411295 ], [ -100.969492, 25.412975 ], [ -100.970836, 25.413682 ], [ -100.970836, 25.414213 ], [ -100.970605, 25.414307 ], [ -100.969606, 25.414412 ], [ -100.969344, 25.414209 ], [ -100.969147, 25.414207 ], [ -100.968878, 25.414404 ], [ -100.967655, 25.414143 ], [ -100.967148, 25.413952 ], [ -100.965304, 25.412954 ], [ -100.964366, 25.412231 ], [ -100.963771, 25.411659 ], [ -100.963177, 25.411286 ], [ -100.963058, 25.411031 ], [ -100.963178, 25.410758 ], [ -100.963414, 25.410564 ], [ -100.963688, 25.411034 ], [ -100.963898, 25.410942 ], [ -100.964015, 25.411139 ], [ -100.964644, 25.410761 ], [ -100.964769, 25.410982 ], [ -100.965116, 25.410832 ], [ -100.965378, 25.4113 ] ] ] } },
{ "type": "Feature", "properties": { "INTENSIDAD": "Bajo", "PUNTAJE": 25, "TITULO": "Riesgo por Inundaciones Pluviales", "FENOMENO": "Hidrometeorológico", "FUENTE": "IMPLAN Saltillo — CARTO SALTILLO, Atlas de Riesgos 2024", "FECHA": "2024" }, "geometry": { "type": "Polygon", "coordinates": [ [ [ -100.962576, 25.411475 ], [ -100.963012, 25.411539 ], [ -100.963486, 25.411842 ], [ -100.965053, 25.413145 ], [ -100.967198, 25.414292 ], [ -100.967244, 25.414398 ], [ -100.966998, 25.41504 ], [ -100.966456, 25.415954 ], [ -100.966194, 25.416122 ], [ -100.966234, 25.41634 ], [ -100.965889, 25.417136 ], [ -100.965539, 25.417554 ], [ -100.96512, 25.417727 ], [ -100.96405, 25.417861 ], [ -100.962521, 25.417634 ], [ -100.962309, 25.417545 ], [ -100.962095, 25.417319 ], [ -100.96141, 25.415546 ], [ -100.960311, 25.414059 ], [ -100.960066, 25.412944 ], [ -100.960076, 25.412084 ], [ -100.960427, 25.411252 ], [ -100.960674, 25.411058 ], [ -100.961027, 25.410934 ], [ -100.961565, 25.410989 ], [ -100.962464, 25.411264 ], [ -100.962576, 25.411475 ] ] ] } },
{ "type": "Feature", "properties": { "INTENSIDAD": "Bajo", "PUNTAJE": 25, "TITULO": "Riesgo por Inundaciones Pluviales", "FENOMENO": "Hidrometeorológico", "FUENTE": "IMPLAN Saltillo — CARTO SALTILLO, Atlas de Riesgos 2024", "FECHA": "2024" }, "geometry": { "type": "Polygon", "coordinates": [ [ [ -100.966911, 25.422894 ], [ -100.966066, 25.423508 ], [ -100.964972, 25.424683 ], [ -100.964497, 25.424073 ], [ -100.964648, 25.423036 ], [ -100.964314, 25.422126 ], [ -100.964042, 25.421655 ], [ -100.964045, 25.421233 ], [ -100.9634, 25.41947 ], [ -100.963335, 25.419081 ], [ -100.961801, 25.417244 ], [ -100.961154, 25.415496 ], [ -100.960443, 25.414573 ], [ -100.959987, 25.413827 ], [ -100.959711, 25.412666 ], [ -100.959705, 25.412302 ], [ -100.960075, 25.410911 ], [ -100.960385, 25.410892 ], [ -100.960507, 25.410988 ], [ -100.960151, 25.411402 ], [ -100.959909, 25.412198 ], [ -100.959881, 25.412624 ], [ -100.96007, 25.413811 ], [ -100.960584, 25.414677 ], [ -100.961274, 25.415498 ], [ -100.961934, 25.417194 ], [ -100.962084, 25.417408 ], [ -100.962283, 25.417639 ], [ -100.963388, 25.417965 ], [ -100.964084, 25.418011 ], [ -100.965169, 25.417877 ], [ -100.965299, 25.41796 ], [ -100.965781, 25.419151 ], [ -100.966618, 25.419356 ], [ -100.965807, 25.420704 ], [ -100.967589, 25.421609 ], [ -100.967518, 25.421808 ], [ -100.967184, 25.421617 ], [ -100.966213, 25.422788 ], [ -100.966384, 25.422969 ], [ -100.966689, 25.422693 ], [ -100.966911, 25.422894 ] ] ] } },
{ "type": "Feature", "properties": { "INTENSIDAD": "Bajo", "PUNTAJE": 25, "TITULO": "Riesgo por Inundaciones Pluviales", "FENOMENO": "Hidrometeorológico", "FUENTE": "IMPLAN Saltillo — CARTO SALTILLO, Atlas de Riesgos 2024", "FECHA": "2024" }, "geometry": { "type": "Polygon", "coordinates": [ [ [ -100.962283, 25.421866 ], [ -100.962109, 25.421823 ], [ -100.962201, 25.421278 ], [ -100.960579, 25.421693 ], [ -100.960526, 25.421535 ], [ -100.96229, 25.421075 ], [ -100.962361, 25.421133 ], [ -100.962384, 25.421531 ], [ -100.962283, 25.421866 ] ] ] } },
{ "type": "Feature", "properties": { "INTENSIDAD": "Bajo", "PUNTAJE": 25, "TITULO": "Riesgo por Inundaciones Pluviales", "FENOMENO": "Hidrometeorológico", "FUENTE": "IMPLAN Saltillo — CARTO SALTILLO, Atlas de Riesgos 2024", "FECHA": "2024" }, "geometry": { "type": "Polygon", "coordinates": [ [ [ -100.960927, 25.422488 ], [ -100.961937, 25.422374 ], [ -100.961997, 25.422427 ], [ -100.962075, 25.421923 ], [ -100.962246, 25.421953 ], [ -100.962199, 25.42226 ], [ -100.96226, 25.422479 ], [ -100.960876, 25.422687 ], [ -100.960592, 25.421769 ], [ -100.960762, 25.421733 ], [ -100.960991, 25.422425 ], [ -100.960927, 25.422488 ] ] ] } },
{ "type": "Feature", "properties": { "INTENSIDAD": "Bajo", "PUNTAJE": 25, "TITULO": "Riesgo por Inundaciones Pluviales", "FENOMENO": "Hidrometeorológico", "FUENTE": "IMPLAN Saltillo — CARTO SALTILLO, Atlas de Riesgos 2024", "FECHA": "2024" }, "geometry": { "type": "Polygon", "coordinates": [ [ [ -100.959353, 25.422997 ], [ -100.960853, 25.422698 ], [ -100.962263, 25.422487 ], [ -100.963, 25.424676 ], [ -100.963434, 25.425248 ], [ -100.963928, 25.427463 ], [ -100.963872, 25.427645 ], [ -100.963463, 25.427768 ], [ -100.961076, 25.428106 ], [ -100.959353, 25.422997 ] ] ] } },
{ "type": "Feature", "properties": { "INTENSIDAD": "Bajo", "PUNTAJE": 25, "TITULO": "Riesgo por Inundaciones Pluviales", "FENOMENO": "Hidrometeorológico", "FUENTE": "IMPLAN Saltillo — CARTO SALTILLO, Atlas de Riesgos 2024", "FECHA": "2024" }, "geometry": { "type": "Polygon", "coordinates": [ [ [ -100.959501, 25.424603 ], [ -100.959882, 25.425727 ], [ -100.959489, 25.425831 ], [ -100.959069, 25.424493 ], [ -100.958935, 25.424494 ], [ -100.95983, 25.42717 ], [ -100.960039, 25.427141 ], [ -100.960087, 25.427278 ], [ -100.959741, 25.427341 ], [ -100.959605, 25.426873 ], [ -100.959402, 25.426499 ], [ -100.958678, 25.424315 ], [ -100.959124, 25.424195 ], [ -100.959214, 25.424445 ], [ -100.959501, 25.424603 ] ] ] } },
{ "type": "Feature", "properties": { "INTENSIDAD": "Bajo", "PUNTAJE": 25, "TITULO": "Riesgo por Inundaciones Pluviales", "FENOMENO": "Hidrometeorológico", "FUENTE": "IMPLAN Saltillo — CARTO SALTILLO, Atlas de Riesgos 2024", "FECHA": "2024" }, "geometry": { "type": "Polygon", "coordinates": [ [ [ -100.960118, 25.426559 ], [ -100.959734, 25.426673 ], [ -100.95949, 25.425959 ], [ -100.959877, 25.425844 ], [ -100.960118, 25.426559 ] ] ] } },
{ "type": "Feature", "properties": { "INTENSIDAD": "Bajo", "PUNTAJE": 25, "TITULO": "Riesgo por Inundaciones Pluviales", "FENOMENO": "Hidrometeorológico", "FUENTE": "IMPLAN Saltillo — CARTO SALTILLO, Atlas de Riesgos 2024", "FECHA": "2024" }, "geometry": { "type": "Polygon", "coordinates": [ [ [ -100.960444, 25.427071 ], [ -100.959645, 25.424626 ], [ -100.959859, 25.424703 ], [ -100.961002, 25.428098 ], [ -100.960501, 25.428175 ], [ -100.960204, 25.42711 ], [ -100.960444, 25.427071 ] ] ] } },
{ "type": "Feature", "properties": { "INTENSIDAD": "Bajo", "PUNTAJE": 25, "TITULO": "Riesgo por Inundaciones Pluviales", "FENOMENO": "Hidrometeorológico", "FUENTE": "IMPLAN Saltillo — CARTO SALTILLO, Atlas de Riesgos 2024", "FECHA": "2024" }, "geometry": { "type": "Polygon", "coordinates": [ [ [ -100.959761, 25.426745 ], [ -100.960148, 25.426634 ], [ -100.96027, 25.426988 ], [ -100.959884, 25.427102 ], [ -100.959761, 25.426745 ] ] ] } },
{ "type": "Feature", "properties": { "INTENSIDAD": "Bajo", "PUNTAJE": 25, "TITULO": "Riesgo por Inundaciones Pluviales", "FENOMENO": "Hidrometeorológico", "FUENTE": "IMPLAN Saltillo — CARTO SALTILLO, Atlas de Riesgos 2024", "FECHA": "2024" }, "geometry": { "type": "Polygon", "coordinates": [ [ [ -100.958523, 25.429227 ], [ -100.959839, 25.429048 ], [ -100.959926, 25.429551 ], [ -100.958615, 25.429744 ], [ -100.958523, 25.429227 ] ] ] } },
{ "type": "Feature", "properties": { "INTENSIDAD": "Bajo", "PUNTAJE": 25, "TITULO": "Riesgo por Inundaciones Pluviales", "FENOMENO": "Hidrometeorológico", "FUENTE": "IMPLAN Saltillo — CARTO SALTILLO, Atlas de Riesgos 2024", "FECHA": "2024" }, "geometry": { "type": "Polygon", "coordinates": [ [ [ -100.959944, 25.429035 ], [ -100.961844, 25.42878 ], [ -100.9619, 25.429176 ], [ -100.962179, 25.42943 ], [ -100.963276, 25.429365 ], [ -100.963304, 25.429804 ], [ -100.963875, 25.429864 ], [ -100.963787, 25.43009 ], [ -100.962491, 25.429999 ], [ -100.961808, 25.42936 ], [ -100.960036, 25.429565 ], [ -100.959944, 25.429035 ] ] ] } },
{ "type": "Feature", "properties": { "INTENSIDAD": "Bajo", "PUNTAJE": 25, "TITULO": "Riesgo por Inundaciones Pluviales", "FENOMENO": "Hidrometeorológico", "FUENTE": "IMPLAN Saltillo — CARTO SALTILLO, Atlas de Riesgos 2024", "FECHA": "2024" }, "geometry": { "type": "Polygon", "coordinates": [ [ [ -100.96311, 25.443213 ], [ -100.963371, 25.4446 ], [ -100.963467, 25.445852 ], [ -100.957641, 25.447149 ], [ -100.959579, 25.441599 ], [ -100.959951, 25.441265 ], [ -100.961683, 25.440985 ], [ -100.961965, 25.441818 ], [ -100.96311, 25.443213 ] ] ] } },
{ "type": "Feature", "properties": { "INTENSIDAD": "Bajo", "PUNTAJE": 25, "TITULO": "Riesgo por Inundaciones Pluviales", "FENOMENO": "Hidrometeorológico", "FUENTE": "IMPLAN Saltillo — CARTO SALTILLO, Atlas de Riesgos 2024", "FECHA": "2024" }, "geometry": { "type": "Polygon", "coordinates": [ [ [ -100.959161, 25.447027 ], [ -100.959231, 25.446821 ], [ -100.961264, 25.446367 ], [ -100.961201, 25.44657 ], [ -100.959161, 25.447027 ] ] ] } },
{ "type": "Feature", "properties": { "INTENSIDAD": "Bajo", "PUNTAJE": 25, "TITULO": "Riesgo por Inundaciones Pluviales", "FENOMENO": "Hidrometeorológico", "FUENTE": "IMPLAN Saltillo — CARTO SALTILLO, Atlas de Riesgos 2024", "FECHA": "2024" }, "geometry": { "type": "Polygon", "coordinates": [ [ [ -100.960334, 25.446833 ], [ -100.961111, 25.446656 ], [ -100.960744, 25.447863 ], [ -100.95993, 25.448065 ], [ -100.960334, 25.446833 ] ] ] } },
{ "type": "Feature", "properties": { "INTENSIDAD": "Bajo", "PUNTAJE": 25, "TITULO": "Riesgo por Inundaciones Pluviales", "FENOMENO": "Hidrometeorológico", "FUENTE": "IMPLAN Saltillo — CARTO SALTILLO, Atlas de Riesgos 2024", "FECHA": "2024" }, "geometry": { "type": "Polygon", "coordinates": [ [ [ -100.959634, 25.446992 ], [ -100.960175, 25.446869 ], [ -100.959786, 25.4481 ], [ -100.959272, 25.448227 ], [ -100.959634, 25.446992 ] ] ] } },
{ "type": "Feature", "properties": { "INTENSIDAD": "Bajo", "PUNTAJE": 25, "TITULO": "Riesgo por Inundaciones Pluviales", "FENOMENO": "Hidrometeorológico", "FUENTE": "IMPLAN Saltillo — CARTO SALTILLO, Atlas de Riesgos 2024", "FECHA": "2024" }, "geometry": { "type": "Polygon", "coordinates": [ [ [ -100.95906, 25.447123 ], [ -100.959502, 25.447022 ], [ -100.959163, 25.448254 ], [ -100.958734, 25.448361 ], [ -100.95906, 25.447123 ] ] ] } },
{ "type": "Feature", "properties": { "INTENSIDAD": "Bajo", "PUNTAJE": 25, "TITULO": "Riesgo por Inundaciones Pluviales", "FENOMENO": "Hidrometeorológico", "FUENTE": "IMPLAN Saltillo — CARTO SALTILLO, Atlas de Riesgos 2024", "FECHA": "2024" }, "geometry": { "type": "Polygon", "coordinates": [ [ [ -100.960631, 25.448525 ], [ -100.960848, 25.447933 ], [ -100.96261, 25.44749 ], [ -100.962306, 25.448068 ], [ -100.960631, 25.448525 ] ] ] } },
{ "type": "Feature", "properties": { "INTENSIDAD": "Bajo", "PUNTAJE": 25, "TITULO": "Riesgo por Inundaciones Pluviales", "FENOMENO": "Hidrometeorológico", "FUENTE": "IMPLAN Saltillo — CARTO SALTILLO, Atlas de Riesgos 2024", "FECHA": "2024" }, "geometry": { "type": "Polygon", "coordinates": [ [ [ -100.958409, 25.449084 ], [ -100.95866, 25.448484 ], [ -100.96072, 25.447966 ], [ -100.960465, 25.448574 ], [ -100.958666, 25.448993 ], [ -100.958535, 25.449154 ], [ -100.958409, 25.449084 ] ] ] } },
{ "type": "Feature", "properties": { "INTENSIDAD": "Bajo", "PUNTAJE": 25, "TITULO": "Riesgo por Inundaciones Pluviales", "FENOMENO": "Hidrometeorológico", "FUENTE": "IMPLAN Saltillo — CARTO SALTILLO, Atlas de Riesgos 2024", "FECHA": "2024" }, "geometry": { "type": "Polygon", "coordinates": [ [ [ -100.962276, 25.448141 ], [ -100.962169, 25.448427 ], [ -100.962187, 25.448612 ], [ -100.960477, 25.449064 ], [ -100.960609, 25.448606 ], [ -100.962276, 25.448141 ] ] ] } },
{ "type": "Feature", "properties": { "INTENSIDAD": "Bajo", "PUNTAJE": 25, "TITULO": "Riesgo por Inundaciones Pluviales", "FENOMENO": "Hidrometeorológico", "FUENTE": "IMPLAN Saltillo — CARTO SALTILLO, Atlas de Riesgos 2024", "FECHA": "2024" }, "geometry": { "type": "Polygon", "coordinates": [ [ [ -100.960276, 25.44912 ], [ -100.95908, 25.449447 ], [ -100.958666, 25.449223 ], [ -100.958817, 25.449024 ], [ -100.960434, 25.448663 ], [ -100.960276, 25.44912 ] ] ] } },
{ "type": "Feature", "properties": { "INTENSIDAD": "Bajo", "PUNTAJE": 25, "TITULO": "Riesgo por Inundaciones Pluviales", "FENOMENO": "Hidrometeorológico", "FUENTE": "IMPLAN Saltillo — CARTO SALTILLO, Atlas de Riesgos 2024", "FECHA": "2024" }, "geometry": { "type": "Polygon", "coordinates": [ [ [ -100.963133, 25.449465 ], [ -100.962913, 25.44954 ], [ -100.962907, 25.449727 ], [ -100.963109, 25.449799 ], [ -100.963912, 25.450636 ], [ -100.963039, 25.451098 ], [ -100.963075, 25.451424 ], [ -100.96266, 25.450346 ], [ -100.962553, 25.449861 ], [ -100.962704, 25.449105 ], [ -100.962723, 25.448168 ], [ -100.962788, 25.447978 ], [ -100.963884, 25.446772 ], [ -100.963949, 25.446885 ], [ -100.962831, 25.448133 ], [ -100.962856, 25.448254 ], [ -100.963613, 25.449088 ], [ -100.963133, 25.449465 ] ] ] } },
{ "type": "Feature", "properties": { "INTENSIDAD": "Bajo", "PUNTAJE": 25, "TITULO": "Riesgo por Inundaciones Pluviales", "FENOMENO": "Hidrometeorológico", "FUENTE": "IMPLAN Saltillo — CARTO SALTILLO, Atlas de Riesgos 2024", "FECHA": "2024" }, "geometry": { "type": "Polygon", "coordinates": [ [ [ -100.960009, 25.460537 ], [ -100.960043, 25.460492 ], [ -100.95958, 25.460202 ], [ -100.959648, 25.460006 ], [ -100.960154, 25.460331 ], [ -100.959809, 25.461373 ], [ -100.959014, 25.460959 ], [ -100.959152, 25.460557 ], [ -100.959374, 25.460617 ], [ -100.959247, 25.461062 ], [ -100.959306, 25.461069 ], [ -100.95935, 25.460916 ], [ -100.959836, 25.461156 ], [ -100.959865, 25.461109 ], [ -100.95972, 25.461037 ], [ -100.95988, 25.460456 ], [ -100.960009, 25.460537 ] ] ] } },
{ "type": "Feature", "properties": { "INTENSIDAD": "Bajo", "PUNTAJE": 25, "TITULO": "Riesgo por Inundaciones Pluviales", "FENOMENO": "Hidrometeorológico", "FUENTE": "IMPLAN Saltillo — CARTO SALTILLO, Atlas de Riesgos 2024", "FECHA": "2024" }, "geometry": { "type": "Polygon", "coordinates": [ [ [ -100.960219, 25.46032 ], [ -100.959632, 25.459935 ], [ -100.959583, 25.460013 ], [ -100.959358, 25.459948 ], [ -100.959548, 25.459587 ], [ -100.960603, 25.460276 ], [ -100.96084, 25.461107 ], [ -100.960091, 25.461796 ], [ -100.960054, 25.462245 ], [ -100.958795, 25.461599 ], [ -100.958996, 25.461012 ], [ -100.959855, 25.461422 ], [ -100.960219, 25.46032 ] ] ] } },
{ "type": "Feature", "properties": { "INTENSIDAD": "Bajo", "PUNTAJE": 25, "TITULO": "Riesgo por Inundaciones Pluviales", "FENOMENO": "Hidrometeorológico", "FUENTE": "IMPLAN Saltillo — CARTO SALTILLO, Atlas de Riesgos 2024", "FECHA": "2024" }, "geometry": { "type": "Polygon", "coordinates": [ [ [ -100.960763, 25.463541 ], [ -100.961249, 25.463763 ], [ -100.960455, 25.466107 ], [ -100.960008, 25.465918 ], [ -100.960763, 25.463541 ] ] ] } },
{ "type": "Feature", "properties": { "INTENSIDAD": "Bajo", "PUNTAJE": 25, "TITULO": "Riesgo por Inundaciones Pluviales", "FENOMENO": "Hidrometeorológico", "FUENTE": "IMPLAN Saltillo — CARTO SALTILLO, Atlas de Riesgos 2024", "FECHA": "2024" }, "geometry": { "type": "Polygon", "coordinates": [ [ [ -100.963546, 25.464335 ], [ -100.96509, 25.465149 ], [ -100.964916, 25.465771 ], [ -100.96352, 25.46506 ], [ -100.963546, 25.464335 ] ] ] } },
{ "type": "Feature", "properties": { "INTENSIDAD": "Bajo", "PUNTAJE": 25, "TITULO": "Riesgo por Inundaciones Pluviales", "FENOMENO": "Hidrometeorológico", "FUENTE": "IMPLAN Saltillo — CARTO SALTILLO, Atlas de Riesgos 2024", "FECHA": "2024" }, "geometry": { "type": "Polygon", "coordinates": [ [ [ -100.960536, 25.466143 ], [ -100.96133, 25.463808 ], [ -100.961685, 25.463995 ], [ -100.961018, 25.466345 ], [ -100.960536, 25.466143 ] ] ] } },
{ "type": "Feature", "properties": { "INTENSIDAD": "Bajo", "PUNTAJE": 25, "TITULO": "Riesgo por Inundaciones Pluviales", "FENOMENO": "Hidrometeorológico", "FUENTE": "IMPLAN Saltillo — CARTO SALTILLO, Atlas de Riesgos 2024", "FECHA": "2024" }, "geometry": { "type": "Polygon", "coordinates": [ [ [ -100.961099, 25.466382 ], [ -100.961766, 25.464041 ], [ -100.962248, 25.464297 ], [ -100.961597, 25.46659 ], [ -100.961099, 25.466382 ] ] ] } },
{ "type": "Feature", "properties": { "INTENSIDAD": "Bajo", "PUNTAJE": 25, "TITULO": "Riesgo por Inundaciones Pluviales", "FENOMENO": "Hidrometeorológico", "FUENTE": "IMPLAN Saltillo — CARTO SALTILLO, Atlas de Riesgos 2024", "FECHA": "2024" }, "geometry": { "type": "Polygon", "coordinates": [ [ [ -100.963298, 25.465081 ], [ -100.962749, 25.467081 ], [ -100.962251, 25.466871 ], [ -100.96275, 25.465034 ], [ -100.962688, 25.463875 ], [ -100.963322, 25.464234 ], [ -100.963298, 25.465081 ] ] ] } },
{ "type": "Feature", "properties": { "INTENSIDAD": "Bajo", "PUNTAJE": 25, "TITULO": "Riesgo por Inundaciones Pluviales", "FENOMENO": "Hidrometeorológico", "FUENTE": "IMPLAN Saltillo — CARTO SALTILLO, Atlas de Riesgos 2024", "FECHA": "2024" }, "geometry": { "type": "Polygon", "coordinates": [ [ [ -100.962649, 25.464511 ], [ -100.962622, 25.465239 ], [ -100.962169, 25.466832 ], [ -100.96168, 25.466625 ], [ -100.96233, 25.464341 ], [ -100.962649, 25.464511 ] ] ] } },
{ "type": "Feature", "properties": { "INTENSIDAD": "Bajo", "PUNTAJE": 25, "TITULO": "Riesgo por Inundaciones Pluviales", "FENOMENO": "Hidrometeorológico", "FUENTE": "IMPLAN Saltillo — CARTO SALTILLO, Atlas de Riesgos 2024", "FECHA": "2024" }, "geometry": { "type": "Polygon", "coordinates": [ [ [ -100.964876, 25.465875 ], [ -100.964631, 25.466399 ], [ -100.963344, 25.465765 ], [ -100.963493, 25.465157 ], [ -100.964876, 25.465875 ] ] ] } },
{ "type": "Feature", "properties": { "INTENSIDAD": "Bajo", "PUNTAJE": 25, "TITULO": "Riesgo por Inundaciones Pluviales", "FENOMENO": "Hidrometeorológico", "FUENTE": "IMPLAN Saltillo — CARTO SALTILLO, Atlas de Riesgos 2024", "FECHA": "2024" }, "geometry": { "type": "Polygon", "coordinates": [ [ [ -100.963317, 25.465889 ], [ -100.964582, 25.466505 ], [ -100.964339, 25.467022 ], [ -100.963145, 25.46651 ], [ -100.963317, 25.465889 ] ] ] } },
{ "type": "Feature", "properties": { "INTENSIDAD": "Bajo", "PUNTAJE": 25, "TITULO": "Riesgo por Inundaciones Pluviales", "FENOMENO": "Hidrometeorológico", "FUENTE": "IMPLAN Saltillo — CARTO SALTILLO, Atlas de Riesgos 2024", "FECHA": "2024" }, "geometry": { "type": "Polygon", "coordinates": [ [ [ -100.961929, 25.467377 ], [ -100.960341, 25.466709 ], [ -100.960507, 25.46622 ], [ -100.962146, 25.466916 ], [ -100.961929, 25.467377 ] ] ] } },
{ "type": "Feature", "properties": { "INTENSIDAD": "Bajo", "PUNTAJE": 25, "TITULO": "Riesgo por Inundaciones Pluviales", "FENOMENO": "Hidrometeorológico", "FUENTE": "IMPLAN Saltillo — CARTO SALTILLO, Atlas de Riesgos 2024", "FECHA": "2024" }, "geometry": { "type": "Polygon", "coordinates": [ [ [ -100.96404, 25.467659 ], [ -100.962978, 25.467172 ], [ -100.963117, 25.466622 ], [ -100.96429, 25.467127 ], [ -100.96404, 25.467659 ] ] ] } },
{ "type": "Feature", "properties": { "INTENSIDAD": "Bajo", "PUNTAJE": 25, "TITULO": "Riesgo por Inundaciones Pluviales", "FENOMENO": "Hidrometeorológico", "FUENTE": "IMPLAN Saltillo — CARTO SALTILLO, Atlas de Riesgos 2024", "FECHA": "2024" }, "geometry": { "type": "Polygon", "coordinates": [ [ [ -100.960098, 25.46741 ], [ -100.960314, 25.466786 ], [ -100.961882, 25.46745 ], [ -100.961475, 25.468047 ], [ -100.960098, 25.46741 ] ] ] } },
{ "type": "Feature", "properties": { "INTENSIDAD": "Bajo", "PUNTAJE": 25, "TITULO": "Riesgo por Inundaciones Pluviales", "FENOMENO": "Hidrometeorológico", "FUENTE": "IMPLAN Saltillo — CARTO SALTILLO, Atlas de Riesgos 2024", "FECHA": "2024" }, "geometry": { "type": "Polygon", "coordinates": [ [ [ -100.962725, 25.467162 ], [ -100.962034, 25.468304 ], [ -100.961553, 25.468083 ], [ -100.962234, 25.466953 ], [ -100.962725, 25.467162 ] ] ] } },
{ "type": "Feature", "properties": { "INTENSIDAD": "Bajo", "PUNTAJE": 25, "TITULO": "Riesgo por Inundaciones Pluviales", "FENOMENO": "Hidrometeorológico", "FUENTE": "IMPLAN Saltillo — CARTO SALTILLO, Atlas de Riesgos 2024", "FECHA": "2024" }, "geometry": { "type": "Polygon", "coordinates": [ [ [ -100.963997, 25.467741 ], [ -100.963739, 25.468236 ], [ -100.962684, 25.467779 ], [ -100.962898, 25.46749 ], [ -100.962954, 25.467265 ], [ -100.963997, 25.467741 ] ] ] } },
{ "type": "Feature", "properties": { "INTENSIDAD": "Bajo", "PUNTAJE": 25, "TITULO": "Riesgo por Inundaciones Pluviales", "FENOMENO": "Hidrometeorológico", "FUENTE": "IMPLAN Saltillo — CARTO SALTILLO, Atlas de Riesgos 2024", "FECHA": "2024" }, "geometry": { "type": "Polygon", "coordinates": [ [ [ -100.959536, 25.467244 ], [ -100.959944, 25.467432 ], [ -100.961987, 25.468376 ], [ -100.96162, 25.468914 ], [ -100.960495, 25.468446 ], [ -100.959256, 25.467827 ], [ -100.959536, 25.467244 ] ] ] } },
{ "type": "Feature", "properties": { "INTENSIDAD": "Bajo", "PUNTAJE": 25, "TITULO": "Riesgo por Inundaciones Pluviales", "FENOMENO": "Hidrometeorológico", "FUENTE": "IMPLAN Saltillo — CARTO SALTILLO, Atlas de Riesgos 2024", "FECHA": "2024" }, "geometry": { "type": "Polygon", "coordinates": [ [ [ -100.964953, 25.467411 ], [ -100.964068, 25.469143 ], [ -100.963523, 25.468921 ], [ -100.964403, 25.467176 ], [ -100.964953, 25.467411 ] ] ] } },
{ "type": "Feature", "properties": { "INTENSIDAD": "Bajo", "PUNTAJE": 25, "TITULO": "Riesgo por Inundaciones Pluviales", "FENOMENO": "Hidrometeorológico", "FUENTE": "IMPLAN Saltillo — CARTO SALTILLO, Atlas de Riesgos 2024", "FECHA": "2024" }, "geometry": { "type": "Polygon", "coordinates": [ [ [ -100.96369, 25.468332 ], [ -100.963409, 25.468874 ], [ -100.962235, 25.468389 ], [ -100.962612, 25.467862 ], [ -100.96369, 25.468332 ] ] ] } },
{ "type": "Feature", "properties": { "INTENSIDAD": "Bajo", "PUNTAJE": 25, "TITULO": "Riesgo por Inundaciones Pluviales", "FENOMENO": "Hidrometeorológico", "FUENTE": "IMPLAN Saltillo — CARTO SALTILLO, Atlas de Riesgos 2024", "FECHA": "2024" }, "geometry": { "type": "Polygon", "coordinates": [ [ [ -100.95922, 25.467901 ], [ -100.96157, 25.468983 ], [ -100.96125, 25.469481 ], [ -100.960401, 25.469061 ], [ -100.960072, 25.469035 ], [ -100.959942, 25.469115 ], [ -100.95945, 25.469799 ], [ -100.958478, 25.468942 ], [ -100.95887, 25.468594 ], [ -100.95922, 25.467901 ] ] ] } },
{ "type": "Feature", "properties": { "INTENSIDAD": "Bajo", "PUNTAJE": 25, "TITULO": "Riesgo por Inundaciones Pluviales", "FENOMENO": "Hidrometeorológico", "FUENTE": "IMPLAN Saltillo — CARTO SALTILLO, Atlas de Riesgos 2024", "FECHA": "2024" }, "geometry": { "type": "Polygon", "coordinates": [ [ [ -100.963362, 25.468966 ], [ -100.963082, 25.469517 ], [ -100.96185, 25.468987 ], [ -100.962174, 25.468484 ], [ -100.963362, 25.468966 ] ] ] } },
{ "type": "Feature", "properties": { "INTENSIDAD": "Bajo", "PUNTAJE": 25, "TITULO": "Riesgo por Inundaciones Pluviales", "FENOMENO": "Hidrometeorológico", "FUENTE": "IMPLAN Saltillo — CARTO SALTILLO, Atlas de Riesgos 2024", "FECHA": "2024" }, "geometry": { "type": "Polygon", "coordinates": [ [ [ -100.961217, 25.477175 ], [ -100.960298, 25.476565 ], [ -100.959064, 25.475892 ], [ -100.959352, 25.475597 ], [ -100.959723, 25.475008 ], [ -100.960037, 25.474002 ], [ -100.960611, 25.473997 ], [ -100.960421, 25.474517 ], [ -100.961725, 25.474927 ], [ -100.961556, 25.475386 ], [ -100.96024, 25.474981 ], [ -100.960012, 25.475597 ], [ -100.960661, 25.475802 ], [ -100.960225, 25.476269 ], [ -100.961343, 25.476936 ], [ -100.961217, 25.477175 ] ] ] } },
{ "type": "Feature", "properties": { "INTENSIDAD": "Bajo", "PUNTAJE": 25, "TITULO": "Riesgo por Inundaciones Pluviales", "FENOMENO": "Hidrometeorológico", "FUENTE": "IMPLAN Saltillo — CARTO SALTILLO, Atlas de Riesgos 2024", "FECHA": "2024" }, "geometry": { "type": "Polygon", "coordinates": [ [ [ -100.96397, 25.475394 ], [ -100.96411, 25.475049 ], [ -100.964477, 25.474538 ], [ -100.965389, 25.473698 ], [ -100.966899, 25.473976 ], [ -100.968922, 25.475187 ], [ -100.968305, 25.476325 ], [ -100.968295, 25.476468 ], [ -100.96731, 25.475999 ], [ -100.965695, 25.478537 ], [ -100.964359, 25.477882 ], [ -100.963933, 25.476653 ], [ -100.96397, 25.475394 ] ] ] } },
{ "type": "Feature", "properties": { "INTENSIDAD": "Bajo", "PUNTAJE": 25, "TITULO": "Riesgo por Inundaciones Pluviales", "FENOMENO": "Hidrometeorológico", "FUENTE": "IMPLAN Saltillo — CARTO SALTILLO, Atlas de Riesgos 2024", "FECHA": "2024" }, "geometry": { "type": "Polygon", "coordinates": [ [ [ -100.961112, 25.476704 ], [ -100.961615, 25.475496 ], [ -100.963636, 25.476114 ], [ -100.963594, 25.476415 ], [ -100.961902, 25.475896 ], [ -100.96138, 25.476864 ], [ -100.961112, 25.476704 ] ] ] } },
{ "type": "Feature", "properties": { "INTENSIDAD": "Bajo", "PUNTAJE": 25, "TITULO": "Riesgo por Inundaciones Pluviales", "FENOMENO": "Hidrometeorológico", "FUENTE": "IMPLAN Saltillo — CARTO SALTILLO, Atlas de Riesgos 2024", "FECHA": "2024" }, "geometry": { "type": "Polygon", "coordinates": [ [ [ -100.959306, 25.47746 ], [ -100.959944, 25.476778 ], [ -100.959935, 25.47666 ], [ -100.959827, 25.476666 ], [ -100.959147, 25.476173 ], [ -100.958484, 25.476867 ], [ -100.958295, 25.47675 ], [ -100.958318, 25.476643 ], [ -100.959044, 25.475912 ], [ -100.960596, 25.476797 ], [ -100.959758, 25.477759 ], [ -100.959306, 25.47746 ] ] ] } },
{ "type": "Feature", "properties": { "INTENSIDAD": "Bajo", "PUNTAJE": 25, "TITULO": "Riesgo por Inundaciones Pluviales", "FENOMENO": "Hidrometeorológico", "FUENTE": "IMPLAN Saltillo — CARTO SALTILLO, Atlas de Riesgos 2024", "FECHA": "2024" }, "geometry": { "type": "Polygon", "coordinates": [ [ [ -100.967278, 25.476959 ], [ -100.967507, 25.476579 ], [ -100.967907, 25.476798 ], [ -100.967671, 25.477169 ], [ -100.967278, 25.476959 ] ] ] } },
{ "type": "Feature", "properties": { "INTENSIDAD": "Bajo", "PUNTAJE": 25, "TITULO": "Riesgo por Inundaciones Pluviales", "FENOMENO": "Hidrometeorológico", "FUENTE": "IMPLAN Saltillo — CARTO SALTILLO, Atlas de Riesgos 2024", "FECHA": "2024" }, "geometry": { "type": "Polygon", "coordinates": [ [ [ -100.967451, 25.477515 ], [ -100.967078, 25.477273 ], [ -100.967249, 25.477006 ], [ -100.967643, 25.477213 ], [ -100.967451, 25.477515 ] ] ] } },
{ "type": "Feature", "properties": { "INTENSIDAD": "Bajo", "PUNTAJE": 25, "TITULO": "Riesgo por Inundaciones Pluviales", "FENOMENO": "Hidrometeorológico", "FUENTE": "IMPLAN Saltillo — CARTO SALTILLO, Atlas de Riesgos 2024", "FECHA": "2024" }, "geometry": { "type": "Polygon", "coordinates": [ [ [ -100.968466, 25.477642 ], [ -100.968158, 25.478024 ], [ -100.968022, 25.477949 ], [ -100.968279, 25.477346 ], [ -100.968125, 25.476862 ], [ -100.96754, 25.476538 ], [ -100.967475, 25.476425 ], [ -100.96703, 25.477241 ], [ -100.966628, 25.477193 ], [ -100.966623, 25.477402 ], [ -100.966811, 25.477571 ], [ -100.966207, 25.478461 ], [ -100.967307, 25.479056 ], [ -100.967909, 25.478132 ], [ -100.968035, 25.478198 ], [ -100.967307, 25.479327 ], [ -100.965711, 25.478544 ], [ -100.967345, 25.476021 ], [ -100.968296, 25.476493 ], [ -100.968525, 25.477342 ], [ -100.968466, 25.477642 ] ] ] } },
{ "type": "Feature", "properties": { "INTENSIDAD": "Bajo", "PUNTAJE": 25, "TITULO": "Riesgo por Inundaciones Pluviales", "FENOMENO": "Hidrometeorológico", "FUENTE": "IMPLAN Saltillo — CARTO SALTILLO, Atlas de Riesgos 2024", "FECHA": "2024" }, "geometry": { "type": "Polygon", "coordinates": [ [ [ -100.967039, 25.478183 ], [ -100.966621, 25.47795 ], [ -100.96686, 25.477602 ], [ -100.967256, 25.477845 ], [ -100.967039, 25.478183 ] ] ] } },
{ "type": "Feature", "properties": { "INTENSIDAD": "Bajo", "PUNTAJE": 25, "TITULO": "Riesgo por Inundaciones Pluviales", "FENOMENO": "Hidrometeorológico", "FUENTE": "IMPLAN Saltillo — CARTO SALTILLO, Atlas de Riesgos 2024", "FECHA": "2024" }, "geometry": { "type": "Polygon", "coordinates": [ [ [ -100.962733, 25.479268 ], [ -100.963239, 25.478522 ], [ -100.962302, 25.477965 ], [ -100.961222, 25.477182 ], [ -100.961918, 25.475929 ], [ -100.96359, 25.476442 ], [ -100.963703, 25.476442 ], [ -100.963795, 25.477076 ], [ -100.96403, 25.477612 ], [ -100.964047, 25.477942 ], [ -100.963929, 25.478221 ], [ -100.963365, 25.478708 ], [ -100.962733, 25.480023 ], [ -100.961456, 25.479103 ], [ -100.961683, 25.478664 ], [ -100.962733, 25.479268 ] ] ] } },
{ "type": "Feature", "properties": { "INTENSIDAD": "Bajo", "PUNTAJE": 25, "TITULO": "Riesgo por Inundaciones Pluviales", "FENOMENO": "Hidrometeorológico", "FUENTE": "IMPLAN Saltillo — CARTO SALTILLO, Atlas de Riesgos 2024", "FECHA": "2024" }, "geometry": { "type": "Polygon", "coordinates": [ [ [ -100.967849, 25.478117 ], [ -100.967614, 25.478489 ], [ -100.96709, 25.478211 ], [ -100.967305, 25.477876 ], [ -100.967849, 25.478117 ] ] ] } },
{ "type": "Feature", "properties": { "INTENSIDAD": "Bajo", "PUNTAJE": 25, "TITULO": "Riesgo por Inundaciones Pluviales", "FENOMENO": "Hidrometeorológico", "FUENTE": "IMPLAN Saltillo — CARTO SALTILLO, Atlas de Riesgos 2024", "FECHA": "2024" }, "geometry": { "type": "Polygon", "coordinates": [ [ [ -100.967297, 25.478992 ], [ -100.966279, 25.478451 ], [ -100.96659, 25.477996 ], [ -100.967586, 25.478533 ], [ -100.967297, 25.478992 ] ] ] } },
{ "type": "Feature", "properties": { "INTENSIDAD": "Bajo", "PUNTAJE": 25, "TITULO": "Riesgo por Inundaciones Pluviales", "FENOMENO": "Hidrometeorológico", "FUENTE": "IMPLAN Saltillo — CARTO SALTILLO, Atlas de Riesgos 2024", "FECHA": "2024" }, "geometry": { "type": "Polygon", "coordinates": [ [ [ -100.961104, 25.478489 ], [ -100.961164, 25.478638 ], [ -100.960934, 25.478915 ], [ -100.960762, 25.47896 ], [ -100.960161, 25.478331 ], [ -100.960346, 25.478161 ], [ -100.961104, 25.478489 ] ] ] } },
{ "type": "Feature", "properties": { "INTENSIDAD": "Bajo", "PUNTAJE": 25, "TITULO": "Riesgo por Inundaciones Pluviales", "FENOMENO": "Hidrometeorológico", "FUENTE": "IMPLAN Saltillo — CARTO SALTILLO, Atlas de Riesgos 2024", "FECHA": "2024" }, "geometry": { "type": "Polygon", "coordinates": [ [ [ -100.959785, 25.478282 ], [ -100.958942, 25.479213 ], [ -100.958518, 25.478903 ], [ -100.95929, 25.477992 ], [ -100.959777, 25.478206 ], [ -100.959785, 25.478282 ] ] ] } },
{ "type": "Feature", "properties": { "INTENSIDAD": "Bajo", "PUNTAJE": 25, "TITULO": "Riesgo por Inundaciones Pluviales", "FENOMENO": "Hidrometeorológico", "FUENTE": "IMPLAN Saltillo — CARTO SALTILLO, Atlas de Riesgos 2024", "FECHA": "2024" }, "geometry": { "type": "Polygon", "coordinates": [ [ [ -100.962291, 25.478189 ], [ -100.962349, 25.478011 ], [ -100.963218, 25.478523 ], [ -100.962728, 25.479258 ], [ -100.96249, 25.479097 ], [ -100.962605, 25.479082 ], [ -100.962905, 25.478744 ], [ -100.962908, 25.478649 ], [ -100.962291, 25.478189 ] ] ] } },
{ "type": "Feature", "properties": { "INTENSIDAD": "Bajo", "PUNTAJE": 25, "TITULO": "Riesgo por Inundaciones Pluviales", "FENOMENO": "Hidrometeorológico", "FUENTE": "IMPLAN Saltillo — CARTO SALTILLO, Atlas de Riesgos 2024", "FECHA": "2024" }, "geometry": { "type": "Polygon", "coordinates": [ [ [ -100.966944, 25.479262 ], [ -100.96675, 25.479378 ], [ -100.964828, 25.478366 ], [ -100.964666, 25.4784 ], [ -100.96482, 25.47814 ], [ -100.966944, 25.479262 ] ] ] } },
{ "type": "Feature", "properties": { "INTENSIDAD": "Bajo", "PUNTAJE": 25, "TITULO": "Riesgo por Inundaciones Pluviales", "FENOMENO": "Hidrometeorológico", "FUENTE": "IMPLAN Saltillo — CARTO SALTILLO, Atlas de Riesgos 2024", "FECHA": "2024" }, "geometry": { "type": "Polygon", "coordinates": [ [ [ -100.960323, 25.478659 ], [ -100.959473, 25.479591 ], [ -100.959055, 25.479293 ], [ -100.959857, 25.478325 ], [ -100.959955, 25.478314 ], [ -100.960323, 25.478659 ] ] ] } },
{ "type": "Feature", "properties": { "INTENSIDAD": "Bajo", "PUNTAJE": 25, "TITULO": "Riesgo por Inundaciones Pluviales", "FENOMENO": "Hidrometeorológico", "FUENTE": "IMPLAN Saltillo — CARTO SALTILLO, Atlas de Riesgos 2024", "FECHA": "2024" }, "geometry": { "type": "Polygon", "coordinates": [ [ [ -100.960708, 25.479207 ], [ -100.96002, 25.479981 ], [ -100.959591, 25.479675 ], [ -100.960411, 25.478754 ], [ -100.960708, 25.479207 ] ] ] } },
{ "type": "Feature", "properties": { "INTENSIDAD": "Bajo", "PUNTAJE": 25, "TITULO": "Riesgo por Inundaciones Pluviales", "FENOMENO": "Hidrometeorológico", "FUENTE": "IMPLAN Saltillo — CARTO SALTILLO, Atlas de Riesgos 2024", "FECHA": "2024" }, "geometry": { "type": "Polygon", "coordinates": [ [ [ -100.961134, 25.479718 ], [ -100.960563, 25.48033 ], [ -100.960137, 25.48006 ], [ -100.960751, 25.479375 ], [ -100.961134, 25.479718 ] ] ] } },
{ "type": "Feature", "properties": { "INTENSIDAD": "Bajo", "PUNTAJE": 25, "TITULO": "Riesgo por Inundaciones Pluviales", "FENOMENO": "Hidrometeorológico", "FUENTE": "IMPLAN Saltillo — CARTO SALTILLO, Atlas de Riesgos 2024", "FECHA": "2024" }, "geometry": { "type": "Polygon", "coordinates": [ [ [ -100.964552, 25.4786 ], [ -100.964657, 25.478409 ], [ -100.965311, 25.478732 ], [ -100.96539, 25.478953 ], [ -100.965219, 25.480546 ], [ -100.96628, 25.481174 ], [ -100.966382, 25.481155 ], [ -100.966273, 25.481395 ], [ -100.964971, 25.480643 ], [ -100.965175, 25.47891 ], [ -100.964552, 25.4786 ] ] ] } },
{ "type": "Feature", "properties": { "INTENSIDAD": "Bajo", "PUNTAJE": 25, "TITULO": "Riesgo por Inundaciones Pluviales", "FENOMENO": "Hidrometeorológico", "FUENTE": "IMPLAN Saltillo — CARTO SALTILLO, Atlas de Riesgos 2024", "FECHA": "2024" }, "geometry": { "type": "Polygon", "coordinates": [ [ [ -100.96429, 25.479699 ], [ -100.964578, 25.480473 ], [ -100.964116, 25.481361 ], [ -100.963768, 25.481201 ], [ -100.964094, 25.481401 ], [ -100.964042, 25.481497 ], [ -100.964074, 25.48184 ], [ -100.963208, 25.481371 ], [ -100.964122, 25.481914 ], [ -100.963993, 25.482186 ], [ -100.962895, 25.481654 ], [ -100.962917, 25.481412 ], [ -100.963152, 25.481062 ], [ -100.963372, 25.480986 ], [ -100.963686, 25.481053 ], [ -100.963742, 25.480899 ], [ -100.964068, 25.480755 ], [ -100.964018, 25.479463 ], [ -100.963824, 25.479329 ], [ -100.964213, 25.479008 ], [ -100.964358, 25.47857 ], [ -100.965104, 25.478927 ], [ -100.964914, 25.480669 ], [ -100.966299, 25.481444 ], [ -100.9662, 25.481789 ], [ -100.965773, 25.481644 ], [ -100.965875, 25.481278 ], [ -100.965797, 25.481251 ], [ -100.965539, 25.482105 ], [ -100.965375, 25.482077 ], [ -100.965357, 25.482133 ], [ -100.965613, 25.482192 ], [ -100.965749, 25.481726 ], [ -100.966163, 25.481859 ], [ -100.966035, 25.482459 ], [ -100.96519, 25.482257 ], [ -100.965184, 25.482314 ], [ -100.966026, 25.482513 ], [ -100.96594, 25.482965 ], [ -100.965427, 25.482796 ], [ -100.965644, 25.482656 ], [ -100.965377, 25.482777 ], [ -100.964753, 25.482547 ], [ -100.964924, 25.481854 ], [ -100.96531, 25.481926 ], [ -100.96532, 25.481855 ], [ -100.964934, 25.481774 ], [ -100.964977, 25.481617 ], [ -100.964164, 25.481376 ], [ -100.964649, 25.480514 ], [ -100.964534, 25.480003 ], [ -100.964365, 25.479688 ], [ -100.96429, 25.479699 ] ] ] } },
{ "type": "Feature", "properties": { "INTENSIDAD": "Bajo", "PUNTAJE": 25, "TITULO": "Riesgo por Inundaciones Pluviales", "FENOMENO": "Hidrometeorológico", "FUENTE": "IMPLAN Saltillo — CARTO SALTILLO, Atlas de Riesgos 2024", "FECHA": "2024" }, "geometry": { "type": "Polygon", "coordinates": [ [ [ -100.966085, 25.482517 ], [ -100.966409, 25.481397 ], [ -100.967248, 25.479474 ], [ -100.967763, 25.479723 ], [ -100.967063, 25.481493 ], [ -100.96686, 25.481424 ], [ -100.966834, 25.481497 ], [ -100.967037, 25.481575 ], [ -100.966659, 25.482794 ], [ -100.966193, 25.48261 ], [ -100.966204, 25.482496 ], [ -100.966085, 25.482517 ] ] ] } },
{ "type": "Feature", "properties": { "INTENSIDAD": "Bajo", "PUNTAJE": 25, "TITULO": "Riesgo por Inundaciones Pluviales", "FENOMENO": "Hidrometeorológico", "FUENTE": "IMPLAN Saltillo — CARTO SALTILLO, Atlas de Riesgos 2024", "FECHA": "2024" }, "geometry": { "type": "Polygon", "coordinates": [ [ [ -100.959304, 25.482394 ], [ -100.959174, 25.482276 ], [ -100.959847, 25.480868 ], [ -100.960015, 25.480937 ], [ -100.959304, 25.482394 ] ] ] } },
{ "type": "Feature", "properties": { "INTENSIDAD": "Bajo", "PUNTAJE": 25, "TITULO": "Riesgo por Inundaciones Pluviales", "FENOMENO": "Hidrometeorológico", "FUENTE": "IMPLAN Saltillo — CARTO SALTILLO, Atlas de Riesgos 2024", "FECHA": "2024" }, "geometry": { "type": "Polygon", "coordinates": [ [ [ -100.96467, 25.482506 ], [ -100.96405, 25.482211 ], [ -100.964198, 25.481907 ], [ -100.964089, 25.481505 ], [ -100.964141, 25.48142 ], [ -100.964887, 25.481634 ], [ -100.964865, 25.481724 ], [ -100.964725, 25.481727 ], [ -100.964857, 25.481756 ], [ -100.964792, 25.48202 ], [ -100.96467, 25.481874 ], [ -100.964611, 25.481905 ], [ -100.964764, 25.482099 ], [ -100.96467, 25.482506 ] ] ] } },
{ "type": "Feature", "properties": { "INTENSIDAD": "Bajo", "PUNTAJE": 25, "TITULO": "Riesgo por Inundaciones Pluviales", "FENOMENO": "Hidrometeorológico", "FUENTE": "IMPLAN Saltillo — CARTO SALTILLO, Atlas de Riesgos 2024", "FECHA": "2024" }, "geometry": { "type": "Polygon", "coordinates": [ [ [ -100.967363, 25.48205 ], [ -100.967469, 25.481726 ], [ -100.967986, 25.481922 ], [ -100.967871, 25.482238 ], [ -100.967363, 25.48205 ] ] ] } },
{ "type": "Feature", "properties": { "INTENSIDAD": "Bajo", "PUNTAJE": 25, "TITULO": "Riesgo por Inundaciones Pluviales", "FENOMENO": "Hidrometeorológico", "FUENTE": "IMPLAN Saltillo — CARTO SALTILLO, Atlas de Riesgos 2024", "FECHA": "2024" }, "geometry": { "type": "Polygon", "coordinates": [ [ [ -100.96781, 25.482709 ], [ -100.967831, 25.482659 ], [ -100.96715, 25.482424 ], [ -100.966855, 25.483243 ], [ -100.966866, 25.483145 ], [ -100.966666, 25.483073 ], [ -100.967131, 25.481598 ], [ -100.96734, 25.481677 ], [ -100.967201, 25.482092 ], [ -100.967973, 25.482381 ], [ -100.968116, 25.481972 ], [ -100.968324, 25.482042 ], [ -100.967894, 25.483334 ], [ -100.967677, 25.4833 ], [ -100.967649, 25.483413 ], [ -100.966924, 25.483257 ], [ -100.96717, 25.482487 ], [ -100.96781, 25.482709 ] ] ] } },
{ "type": "Feature", "properties": { "INTENSIDAD": "Bajo", "PUNTAJE": 25, "TITULO": "Riesgo por Inundaciones Pluviales", "FENOMENO": "Hidrometeorológico", "FUENTE": "IMPLAN Saltillo — CARTO SALTILLO, Atlas de Riesgos 2024", "FECHA": "2024" }, "geometry": { "type": "Polygon", "coordinates": [ [ [ -100.966621, 25.482883 ], [ -100.966566, 25.483048 ], [ -100.966141, 25.482898 ], [ -100.966173, 25.482716 ], [ -100.966621, 25.482883 ] ] ] } },
{ "type": "Feature", "properties": { "INTENSIDAD": "Bajo", "PUNTAJE": 25, "TITULO": "Riesgo por Inundaciones Pluviales", "FENOMENO": "Hidrometeorológico", "FUENTE": "IMPLAN Saltillo — CARTO SALTILLO, Atlas de Riesgos 2024", "FECHA": "2024" }, "geometry": { "type": "Polygon", "coordinates": [ [ [ -100.962798, 25.483973 ], [ -100.962364, 25.483536 ], [ -100.963885, 25.482276 ], [ -100.964493, 25.482551 ], [ -100.962798, 25.483973 ] ] ] } },
{ "type": "Feature", "properties": { "INTENSIDAD": "Bajo", "PUNTAJE": 25, "TITULO": "Riesgo por Inundaciones Pluviales", "FENOMENO": "Hidrometeorológico", "FUENTE": "IMPLAN Saltillo — CARTO SALTILLO, Atlas de Riesgos 2024", "FECHA": "2024" }, "geometry": { "type": "Polygon", "coordinates": [ [ [ -100.96354, 25.484449 ], [ -100.963141, 25.484417 ], [ -100.963099, 25.484495 ], [ -100.96266, 25.484234 ], [ -100.963712, 25.483301 ], [ -100.964101, 25.483688 ], [ -100.963833, 25.484028 ], [ -100.963772, 25.484342 ], [ -100.96354, 25.484449 ] ] ] } },
{ "type": "Feature", "properties": { "INTENSIDAD": "Bajo", "PUNTAJE": 25, "TITULO": "Riesgo por Inundaciones Pluviales", "FENOMENO": "Hidrometeorológico", "FUENTE": "IMPLAN Saltillo — CARTO SALTILLO, Atlas de Riesgos 2024", "FECHA": "2024" }, "geometry": { "type": "Polygon", "coordinates": [ [ [ -100.964366, 25.482773 ], [ -100.964623, 25.48302 ], [ -100.964673, 25.482907 ], [ -100.964428, 25.48272 ], [ -100.964611, 25.482588 ], [ -100.965829, 25.483031 ], [ -100.96566, 25.483444 ], [ -100.965548, 25.483445 ], [ -100.965652, 25.483483 ], [ -100.965469, 25.484372 ], [ -100.965002, 25.484272 ], [ -100.964992, 25.484113 ], [ -100.964933, 25.484113 ], [ -100.964958, 25.484289 ], [ -100.964833, 25.484238 ], [ -100.96495, 25.484314 ], [ -100.965462, 25.484429 ], [ -100.965442, 25.485281 ], [ -100.964943, 25.485517 ], [ -100.96429, 25.485163 ], [ -100.963959, 25.48511 ], [ -100.963873, 25.484349 ], [ -100.963938, 25.484095 ], [ -100.964203, 25.483793 ], [ -100.964311, 25.483894 ], [ -100.964375, 25.483854 ], [ -100.963794, 25.48328 ], [ -100.964366, 25.482773 ] ] ] } },
{ "type": "Feature", "properties": { "INTENSIDAD": "Bajo", "PUNTAJE": 25, "TITULO": "Riesgo por Inundaciones Pluviales", "FENOMENO": "Hidrometeorológico", "FUENTE": "IMPLAN Saltillo — CARTO SALTILLO, Atlas de Riesgos 2024", "FECHA": "2024" }, "geometry": { "type": "Polygon", "coordinates": [ [ [ -100.958315, 25.483707 ], [ -100.958915, 25.483444 ], [ -100.960113, 25.480935 ], [ -100.95981, 25.480776 ], [ -100.959109, 25.482229 ], [ -100.957946, 25.481419 ], [ -100.957756, 25.480538 ], [ -100.958049, 25.480181 ], [ -100.958625, 25.480283 ], [ -100.95879, 25.480001 ], [ -100.958423, 25.47974 ], [ -100.958633, 25.479571 ], [ -100.958864, 25.479521 ], [ -100.960606, 25.480671 ], [ -100.962331, 25.481514 ], [ -100.961681, 25.482609 ], [ -100.960836, 25.483114 ], [ -100.960462, 25.483584 ], [ -100.960783, 25.484081 ], [ -100.960669, 25.484466 ], [ -100.960843, 25.485299 ], [ -100.960949, 25.485571 ], [ -100.961526, 25.486356 ], [ -100.961834, 25.487191 ], [ -100.961284, 25.487977 ], [ -100.960858, 25.488376 ], [ -100.960234, 25.48861 ], [ -100.958952, 25.489398 ], [ -100.958769, 25.489032 ], [ -100.958802, 25.488938 ], [ -100.960969, 25.487723 ], [ -100.961065, 25.486854 ], [ -100.960473, 25.485464 ], [ -100.959394, 25.484155 ], [ -100.959192, 25.484133 ], [ -100.958574, 25.4844 ], [ -100.958079, 25.483998 ], [ -100.958315, 25.483707 ] ] ] } },
{ "type": "Feature", "properties": { "INTENSIDAD": "Bajo", "PUNTAJE": 25, "TITULO": "Riesgo por Inundaciones Pluviales", "FENOMENO": "Hidrometeorológico", "FUENTE": "IMPLAN Saltillo — CARTO SALTILLO, Atlas de Riesgos 2024", "FECHA": "2024" }, "geometry": { "type": "Polygon", "coordinates": [ [ [ -100.96785, 25.48419 ], [ -100.967444, 25.485154 ], [ -100.967178, 25.485263 ], [ -100.96673, 25.485145 ], [ -100.967057, 25.483945 ], [ -100.96785, 25.48419 ] ] ] } },
{ "type": "Feature", "properties": { "INTENSIDAD": "Bajo", "PUNTAJE": 25, "TITULO": "Riesgo por Inundaciones Pluviales", "FENOMENO": "Hidrometeorológico", "FUENTE": "IMPLAN Saltillo — CARTO SALTILLO, Atlas de Riesgos 2024", "FECHA": "2024" }, "geometry": { "type": "Polygon", "coordinates": [ [ [ -100.965444, 25.486468 ], [ -100.965553, 25.486014 ], [ -100.966516, 25.48641 ], [ -100.966535, 25.486585 ], [ -100.966464, 25.486768 ], [ -100.966327, 25.486831 ], [ -100.965367, 25.486484 ], [ -100.965444, 25.486468 ] ] ] } },
{ "type": "Feature", "properties": { "INTENSIDAD": "Bajo", "PUNTAJE": 25, "TITULO": "Riesgo por Inundaciones Pluviales", "FENOMENO": "Hidrometeorológico", "FUENTE": "IMPLAN Saltillo — CARTO SALTILLO, Atlas de Riesgos 2024", "FECHA": "2024" }, "geometry": { "type": "Polygon", "coordinates": [ [ [ -100.967395, 25.487277 ], [ -100.966666, 25.486962 ], [ -100.966591, 25.486823 ], [ -100.966653, 25.48666 ], [ -100.966849, 25.486558 ], [ -100.967577, 25.486876 ], [ -100.967395, 25.487277 ] ] ] } },
{ "type": "Feature", "properties": { "INTENSIDAD": "Bajo", "PUNTAJE": 25, "TITULO": "Riesgo por Inundaciones Pluviales", "FENOMENO": "Hidrometeorológico", "FUENTE": "IMPLAN Saltillo — CARTO SALTILLO, Atlas de Riesgos 2024", "FECHA": "2024" }, "geometry": { "type": "Polygon", "coordinates": [ [ [ -100.96496, 25.48747 ], [ -100.965329, 25.486562 ], [ -100.966422, 25.486952 ], [ -100.966068, 25.487877 ], [ -100.96496, 25.48747 ] ] ] } },
{ "type": "Feature", "properties": { "INTENSIDAD": "Bajo", "PUNTAJE": 25, "TITULO": "Riesgo por Inundaciones Pluviales", "FENOMENO": "Hidrometeorológico", "FUENTE": "IMPLAN Saltillo — CARTO SALTILLO, Atlas de Riesgos 2024", "FECHA": "2024" }, "geometry": { "type": "Polygon", "coordinates": [ [ [ -100.96114, 25.484982 ], [ -100.961225, 25.484115 ], [ -100.960934, 25.483599 ], [ -100.96099, 25.48337 ], [ -100.961189, 25.483619 ], [ -100.961467, 25.484511 ], [ -100.961701, 25.484708 ], [ -100.963238, 25.485351 ], [ -100.963673, 25.485419 ], [ -100.963853, 25.485339 ], [ -100.963512, 25.486141 ], [ -100.964042, 25.485251 ], [ -100.964684, 25.485454 ], [ -100.964864, 25.485647 ], [ -100.965389, 25.485913 ], [ -100.964342, 25.488447 ], [ -100.964396, 25.48864 ], [ -100.964095, 25.488741 ], [ -100.963489, 25.487244 ], [ -100.963427, 25.487269 ], [ -100.964156, 25.489084 ], [ -100.964231, 25.489055 ], [ -100.964137, 25.48882 ], [ -100.96442, 25.488721 ], [ -100.964855, 25.48975 ], [ -100.963666, 25.49118 ], [ -100.963508, 25.490966 ], [ -100.964046, 25.490336 ], [ -100.963539, 25.489027 ], [ -100.963685, 25.488977 ], [ -100.963649, 25.48889 ], [ -100.963199, 25.489031 ], [ -100.962877, 25.488223 ], [ -100.962804, 25.487815 ], [ -100.962667, 25.487734 ], [ -100.962369, 25.486969 ], [ -100.961353, 25.485636 ], [ -100.961186, 25.485319 ], [ -100.96114, 25.484982 ] ] ] } },
{ "type": "Feature", "properties": { "INTENSIDAD": "Bajo", "PUNTAJE": 25, "TITULO": "Riesgo por Inundaciones Pluviales", "FENOMENO": "Hidrometeorológico", "FUENTE": "IMPLAN Saltillo — CARTO SALTILLO, Atlas de Riesgos 2024", "FECHA": "2024" }, "geometry": { "type": "Polygon", "coordinates": [ [ [ -100.960113, 25.486966 ], [ -100.960161, 25.488089 ], [ -100.959581, 25.488364 ], [ -100.959511, 25.488295 ], [ -100.95946, 25.486644 ], [ -100.959537, 25.486615 ], [ -100.960113, 25.486966 ] ] ] } },
{ "type": "Feature", "properties": { "INTENSIDAD": "Bajo", "PUNTAJE": 25, "TITULO": "Riesgo por Inundaciones Pluviales", "FENOMENO": "Hidrometeorológico", "FUENTE": "IMPLAN Saltillo — CARTO SALTILLO, Atlas de Riesgos 2024", "FECHA": "2024" }, "geometry": { "type": "Polygon", "coordinates": [ [ [ -100.967073, 25.488123 ], [ -100.966175, 25.487907 ], [ -100.966526, 25.486994 ], [ -100.967302, 25.487381 ], [ -100.967401, 25.487356 ], [ -100.967073, 25.488123 ] ] ] } },
{ "type": "Feature", "properties": { "INTENSIDAD": "Bajo", "PUNTAJE": 25, "TITULO": "Riesgo por Inundaciones Pluviales", "FENOMENO": "Hidrometeorológico", "FUENTE": "IMPLAN Saltillo — CARTO SALTILLO, Atlas de Riesgos 2024", "FECHA": "2024" }, "geometry": { "type": "Polygon", "coordinates": [ [ [ -100.958742, 25.48879 ], [ -100.958661, 25.487021 ], [ -100.959218, 25.486623 ], [ -100.959331, 25.488523 ], [ -100.95886, 25.488819 ], [ -100.958742, 25.48879 ] ] ] } },
{ "type": "Feature", "properties": { "INTENSIDAD": "Bajo", "PUNTAJE": 25, "TITULO": "Riesgo por Inundaciones Pluviales", "FENOMENO": "Hidrometeorológico", "FUENTE": "IMPLAN Saltillo — CARTO SALTILLO, Atlas de Riesgos 2024", "FECHA": "2024" }, "geometry": { "type": "Polygon", "coordinates": [ [ [ -100.964925, 25.487549 ], [ -100.967045, 25.488214 ], [ -100.966915, 25.488592 ], [ -100.964697, 25.488054 ], [ -100.964925, 25.487549 ] ] ] } },
{ "type": "Feature", "properties": { "INTENSIDAD": "Bajo", "PUNTAJE": 25, "TITULO": "Riesgo por Inundaciones Pluviales", "FENOMENO": "Hidrometeorológico", "FUENTE": "IMPLAN Saltillo — CARTO SALTILLO, Atlas de Riesgos 2024", "FECHA": "2024" }, "geometry": { "type": "Polygon", "coordinates": [ [ [ -100.961021, 25.490226 ], [ -100.96101, 25.490121 ], [ -100.960148, 25.489624 ], [ -100.960121, 25.489543 ], [ -100.960245, 25.489443 ], [ -100.960636, 25.489354 ], [ -100.961324, 25.489853 ], [ -100.961362, 25.489703 ], [ -100.960753, 25.489333 ], [ -100.961028, 25.489228 ], [ -100.961679, 25.488776 ], [ -100.961964, 25.489141 ], [ -100.961568, 25.489419 ], [ -100.96187, 25.48992 ], [ -100.961267, 25.490073 ], [ -100.96015, 25.491615 ], [ -100.959561, 25.491207 ], [ -100.959614, 25.490822 ], [ -100.96023, 25.491178 ], [ -100.960329, 25.491108 ], [ -100.959612, 25.490715 ], [ -100.959674, 25.490532 ], [ -100.959585, 25.490139 ], [ -100.960516, 25.490639 ], [ -100.960539, 25.490716 ], [ -100.960668, 25.490681 ], [ -100.960663, 25.490599 ], [ -100.959726, 25.490092 ], [ -100.960003, 25.489674 ], [ -100.96088, 25.490166 ], [ -100.960901, 25.49025 ], [ -100.961021, 25.490226 ] ] ] } },
{ "type": "Feature", "properties": { "INTENSIDAD": "Bajo", "PUNTAJE": 25, "TITULO": "Riesgo por Inundaciones Pluviales", "FENOMENO": "Hidrometeorológico", "FUENTE": "IMPLAN Saltillo — CARTO SALTILLO, Atlas de Riesgos 2024", "FECHA": "2024" }, "geometry": { "type": "Polygon", "coordinates": [ [ [ -100.969669, 25.487777 ], [ -100.968468, 25.490497 ], [ -100.966942, 25.489892 ], [ -100.966908, 25.489967 ], [ -100.96844, 25.490556 ], [ -100.966537, 25.494152 ], [ -100.964525, 25.4923 ], [ -100.963719, 25.491272 ], [ -100.964924, 25.489755 ], [ -100.96556, 25.489915 ], [ -100.965589, 25.489814 ], [ -100.964897, 25.489668 ], [ -100.964468, 25.488434 ], [ -100.964671, 25.488097 ], [ -100.96693, 25.488643 ], [ -100.967617, 25.486893 ], [ -100.969669, 25.487777 ] ] ] } },
{ "type": "Feature", "properties": { "INTENSIDAD": "Bajo", "PUNTAJE": 25, "TITULO": "Riesgo por Inundaciones Pluviales", "FENOMENO": "Hidrometeorológico", "FUENTE": "IMPLAN Saltillo — CARTO SALTILLO, Atlas de Riesgos 2024", "FECHA": "2024" }, "geometry": { "type": "Polygon", "coordinates": [ [ [ -100.961866, 25.49299 ], [ -100.961977, 25.492907 ], [ -100.961969, 25.492739 ], [ -100.961757, 25.49267 ], [ -100.960515, 25.491175 ], [ -100.961084, 25.490396 ], [ -100.961318, 25.490677 ], [ -100.961422, 25.490601 ], [ -100.961172, 25.490279 ], [ -100.961303, 25.490118 ], [ -100.961943, 25.489968 ], [ -100.962291, 25.489568 ], [ -100.962752, 25.490211 ], [ -100.962449, 25.490427 ], [ -100.962508, 25.490493 ], [ -100.962807, 25.490263 ], [ -100.963143, 25.49069 ], [ -100.962864, 25.491029 ], [ -100.962275, 25.491376 ], [ -100.962232, 25.491485 ], [ -100.962361, 25.491489 ], [ -100.963005, 25.491031 ], [ -100.963174, 25.490731 ], [ -100.964086, 25.49189 ], [ -100.962952, 25.492301 ], [ -100.962987, 25.492378 ], [ -100.963185, 25.492312 ], [ -100.963298, 25.492595 ], [ -100.963369, 25.492571 ], [ -100.963258, 25.492275 ], [ -100.964154, 25.491978 ], [ -100.964442, 25.49235 ], [ -100.966445, 25.494219 ], [ -100.966283, 25.494537 ], [ -100.966002, 25.494407 ], [ -100.965931, 25.494534 ], [ -100.966213, 25.494676 ], [ -100.965498, 25.496115 ], [ -100.965386, 25.496279 ], [ -100.96524, 25.49617 ], [ -100.965168, 25.496242 ], [ -100.965323, 25.49637 ], [ -100.964765, 25.497182 ], [ -100.962244, 25.492889 ], [ -100.961468, 25.493731 ], [ -100.960654, 25.492062 ], [ -100.960188, 25.491645 ], [ -100.96039, 25.491355 ], [ -100.961638, 25.492782 ], [ -100.961667, 25.492929 ], [ -100.961866, 25.49299 ] ] ] } },
{ "type": "Feature", "properties": { "INTENSIDAD": "Bajo", "PUNTAJE": 25, "TITULO": "Riesgo por Inundaciones Pluviales", "FENOMENO": "Hidrometeorológico", "FUENTE": "IMPLAN Saltillo — CARTO SALTILLO, Atlas de Riesgos 2024", "FECHA": "2024" }, "geometry": { "type": "Polygon", "coordinates": [ [ [ -100.958993, 25.494389 ], [ -100.958842, 25.493911 ], [ -100.958958, 25.493654 ], [ -100.958907, 25.493456 ], [ -100.958595, 25.493157 ], [ -100.958581, 25.492775 ], [ -100.958857, 25.491941 ], [ -100.959211, 25.491489 ], [ -100.959345, 25.491077 ], [ -100.960633, 25.492076 ], [ -100.961432, 25.49377 ], [ -100.960902, 25.493644 ], [ -100.959718, 25.491787 ], [ -100.959618, 25.491711 ], [ -100.959411, 25.491772 ], [ -100.959372, 25.491959 ], [ -100.959238, 25.492012 ], [ -100.959369, 25.492016 ], [ -100.959213, 25.495572 ], [ -100.959367, 25.495629 ], [ -100.959463, 25.495582 ], [ -100.960802, 25.493825 ], [ -100.960949, 25.493774 ], [ -100.961475, 25.493882 ], [ -100.962035, 25.494661 ], [ -100.962545, 25.495168 ], [ -100.963279, 25.496395 ], [ -100.963305, 25.496815 ], [ -100.964121, 25.498161 ], [ -100.963842, 25.498632 ], [ -100.961134, 25.494234 ], [ -100.960211, 25.495624 ], [ -100.959826, 25.496694 ], [ -100.959586, 25.496747 ], [ -100.959385, 25.496296 ], [ -100.958988, 25.495931 ], [ -100.958947, 25.495653 ], [ -100.958547, 25.495219 ], [ -100.958761, 25.494949 ], [ -100.958993, 25.494389 ] ] ] } },
{ "type": "Feature", "properties": { "INTENSIDAD": "Bajo", "PUNTAJE": 25, "TITULO": "Riesgo por Inundaciones Pluviales", "FENOMENO": "Hidrometeorológico", "FUENTE": "IMPLAN Saltillo — CARTO SALTILLO, Atlas de Riesgos 2024", "FECHA": "2024" }, "geometry": { "type": "Polygon", "coordinates": [ [ [ -100.964335, 25.497795 ], [ -100.964186, 25.498083 ], [ -100.96341, 25.49678 ], [ -100.963406, 25.49664 ], [ -100.96355, 25.496568 ], [ -100.963685, 25.49665 ], [ -100.964335, 25.497795 ] ] ] } },
{ "type": "Feature", "properties": { "INTENSIDAD": "Bajo", "PUNTAJE": 25, "TITULO": "Riesgo por Inundaciones Pluviales", "FENOMENO": "Hidrometeorológico", "FUENTE": "IMPLAN Saltillo — CARTO SALTILLO, Atlas de Riesgos 2024", "FECHA": "2024" }, "geometry": { "type": "Polygon", "coordinates": [ [ [ -100.96145, 25.501502 ], [ -100.961438, 25.501282 ], [ -100.960605, 25.500995 ], [ -100.960194, 25.500705 ], [ -100.959919, 25.50024 ], [ -100.959882, 25.499768 ], [ -100.959646, 25.499061 ], [ -100.960056, 25.498114 ], [ -100.959901, 25.497687 ], [ -100.959915, 25.497027 ], [ -100.959607, 25.496764 ], [ -100.959833, 25.496746 ], [ -100.960238, 25.495675 ], [ -100.961128, 25.494366 ], [ -100.963811, 25.498662 ], [ -100.961537, 25.50218 ], [ -100.961337, 25.502039 ], [ -100.961277, 25.501822 ], [ -100.961281, 25.501705 ], [ -100.96145, 25.501502 ] ] ] } },
{ "type": "Feature", "properties": { "INTENSIDAD": "Bajo", "PUNTAJE": 25, "TITULO": "Riesgo por Inundaciones Pluviales", "FENOMENO": "Hidrometeorológico", "FUENTE": "IMPLAN Saltillo — CARTO SALTILLO, Atlas de Riesgos 2024", "FECHA": "2024" }, "geometry": { "type": "Polygon", "coordinates": [ [ [ -100.962892, 25.503311 ], [ -100.962143, 25.502429 ], [ -100.961796, 25.502238 ], [ -100.964171, 25.498478 ], [ -100.964356, 25.498366 ], [ -100.964616, 25.498403 ], [ -100.964776, 25.498572 ], [ -100.964789, 25.498821 ], [ -100.963428, 25.503672 ], [ -100.962892, 25.503311 ] ] ] } },
{ "type": "Feature", "properties": { "INTENSIDAD": "Bajo", "PUNTAJE": 25, "TITULO": "Riesgo por Inundaciones Pluviales", "FENOMENO": "Hidrometeorológico", "FUENTE": "IMPLAN Saltillo — CARTO SALTILLO, Atlas de Riesgos 2024", "FECHA": "2024" }, "geometry": { "type": "Polygon", "coordinates": [ [ [ -100.959586, 25.50116 ], [ -100.959269, 25.501647 ], [ -100.958628, 25.501624 ], [ -100.958549, 25.501549 ], [ -100.958934, 25.501153 ], [ -100.959059, 25.500883 ], [ -100.959414, 25.500923 ], [ -100.959586, 25.50116 ] ] ] } },
{ "type": "Feature", "properties": { "INTENSIDAD": "Bajo", "PUNTAJE": 25, "TITULO": "Riesgo por Inundaciones Pluviales", "FENOMENO": "Hidrometeorológico", "FUENTE": "IMPLAN Saltillo — CARTO SALTILLO, Atlas de Riesgos 2024", "FECHA": "2024" }, "geometry": { "type": "Polygon", "coordinates": [ [ [ -100.96118, 25.509328 ], [ -100.961254, 25.508344 ], [ -100.961471, 25.508277 ], [ -100.961648, 25.508407 ], [ -100.9617, 25.508584 ], [ -100.960844, 25.510113 ], [ -100.96118, 25.509328 ] ] ] } },
{ "type": "Feature", "properties": { "INTENSIDAD": "Bajo", "PUNTAJE": 25, "TITULO": "Riesgo por Inundaciones Pluviales", "FENOMENO": "Hidrometeorológico", "FUENTE": "IMPLAN Saltillo — CARTO SALTILLO, Atlas de Riesgos 2024", "FECHA": "2024" }, "geometry": { "type": "Polygon", "coordinates": [ [ [ -100.954867, 25.396836 ], [ -100.954743, 25.397011 ], [ -100.954587, 25.395906 ], [ -100.954024, 25.39604 ], [ -100.953871, 25.395601 ], [ -100.954605, 25.39537 ], [ -100.954679, 25.395883 ], [ -100.954899, 25.396372 ], [ -100.954867, 25.396836 ] ] ] } },
{ "type": "Feature", "properties": { "INTENSIDAD": "Bajo", "PUNTAJE": 25, "TITULO": "Riesgo por Inundaciones Pluviales", "FENOMENO": "Hidrometeorológico", "FUENTE": "IMPLAN Saltillo — CARTO SALTILLO, Atlas de Riesgos 2024", "FECHA": "2024" }, "geometry": { "type": "Polygon", "coordinates": [ [ [ -100.958527, 25.410268 ], [ -100.958159, 25.410357 ], [ -100.957877, 25.409503 ], [ -100.958275, 25.409405 ], [ -100.958527, 25.410268 ] ] ] } },
{ "type": "Feature", "properties": { "INTENSIDAD": "Bajo", "PUNTAJE": 25, "TITULO": "Riesgo por Inundaciones Pluviales", "FENOMENO": "Hidrometeorológico", "FUENTE": "IMPLAN Saltillo — CARTO SALTILLO, Atlas de Riesgos 2024", "FECHA": "2024" }, "geometry": { "type": "Polygon", "coordinates": [ [ [ -100.95709, 25.410651 ], [ -100.956806, 25.409768 ], [ -100.957783, 25.409526 ], [ -100.958076, 25.410413 ], [ -100.95709, 25.410651 ] ] ] } },
{ "type": "Feature", "properties": { "INTENSIDAD": "Bajo", "PUNTAJE": 25, "TITULO": "Riesgo por Inundaciones Pluviales", "FENOMENO": "Hidrometeorológico", "FUENTE": "IMPLAN Saltillo — CARTO SALTILLO, Atlas de Riesgos 2024", "FECHA": "2024" }, "geometry": { "type": "Polygon", "coordinates": [ [ [ -100.956573, 25.410924 ], [ -100.958132, 25.410556 ], [ -100.95829, 25.411095 ], [ -100.957946, 25.411089 ], [ -100.956573, 25.410924 ] ] ] } },
{ "type": "Feature", "properties": { "INTENSIDAD": "Bajo", "PUNTAJE": 25, "TITULO": "Riesgo por Inundaciones Pluviales", "FENOMENO": "Hidrometeorológico", "FUENTE": "IMPLAN Saltillo — CARTO SALTILLO, Atlas de Riesgos 2024", "FECHA": "2024" }, "geometry": { "type": "Polygon", "coordinates": [ [ [ -100.959493, 25.410972 ], [ -100.959434, 25.411432 ], [ -100.959174, 25.411796 ], [ -100.958999, 25.411609 ], [ -100.958562, 25.411364 ], [ -100.958305, 25.411339 ], [ -100.958373, 25.411159 ], [ -100.959493, 25.410972 ] ] ] } },
{ "type": "Feature", "properties": { "INTENSIDAD": "Bajo", "PUNTAJE": 25, "TITULO": "Riesgo por Inundaciones Pluviales", "FENOMENO": "Hidrometeorológico", "FUENTE": "IMPLAN Saltillo — CARTO SALTILLO, Atlas de Riesgos 2024", "FECHA": "2024" }, "geometry": { "type": "Polygon", "coordinates": [ [ [ -100.95666, 25.412789 ], [ -100.956396, 25.411972 ], [ -100.956889, 25.411841 ], [ -100.956855, 25.41174 ], [ -100.956362, 25.411867 ], [ -100.956127, 25.411153 ], [ -100.956501, 25.411081 ], [ -100.956912, 25.411116 ], [ -100.957142, 25.411323 ], [ -100.957508, 25.411281 ], [ -100.958051, 25.41135 ], [ -100.958464, 25.411435 ], [ -100.95891, 25.411648 ], [ -100.959588, 25.412187 ], [ -100.959638, 25.41327 ], [ -100.958079, 25.413726 ], [ -100.957671, 25.412474 ], [ -100.95666, 25.412789 ] ] ] } },
{ "type": "Feature", "properties": { "INTENSIDAD": "Bajo", "PUNTAJE": 25, "TITULO": "Riesgo por Inundaciones Pluviales", "FENOMENO": "Hidrometeorológico", "FUENTE": "IMPLAN Saltillo — CARTO SALTILLO, Atlas de Riesgos 2024", "FECHA": "2024" }, "geometry": { "type": "Polygon", "coordinates": [ [ [ -100.954289, 25.411917 ], [ -100.954395, 25.412237 ], [ -100.953163, 25.412591 ], [ -100.954412, 25.412288 ], [ -100.95451, 25.412584 ], [ -100.953066, 25.412951 ], [ -100.952929, 25.412257 ], [ -100.954289, 25.411917 ] ] ] } },
{ "type": "Feature", "properties": { "INTENSIDAD": "Bajo", "PUNTAJE": 25, "TITULO": "Riesgo por Inundaciones Pluviales", "FENOMENO": "Hidrometeorológico", "FUENTE": "IMPLAN Saltillo — CARTO SALTILLO, Atlas de Riesgos 2024", "FECHA": "2024" }, "geometry": { "type": "Polygon", "coordinates": [ [ [ -100.957903, 25.413393 ], [ -100.956932, 25.413653 ], [ -100.956682, 25.41287 ], [ -100.957648, 25.412628 ], [ -100.957903, 25.413393 ] ] ] } },
{ "type": "Feature", "properties": { "INTENSIDAD": "Bajo", "PUNTAJE": 25, "TITULO": "Riesgo por Inundaciones Pluviales", "FENOMENO": "Hidrometeorológico", "FUENTE": "IMPLAN Saltillo — CARTO SALTILLO, Atlas de Riesgos 2024", "FECHA": "2024" }, "geometry": { "type": "Polygon", "coordinates": [ [ [ -100.951026, 25.422378 ], [ -100.951518, 25.422246 ], [ -100.951498, 25.422169 ], [ -100.950965, 25.42231 ], [ -100.950839, 25.42193 ], [ -100.951661, 25.421707 ], [ -100.951782, 25.422086 ], [ -100.951641, 25.422124 ], [ -100.951673, 25.422221 ], [ -100.951813, 25.422185 ], [ -100.951913, 25.422497 ], [ -100.9511, 25.422716 ], [ -100.951026, 25.422378 ] ] ] } },
{ "type": "Feature", "properties": { "INTENSIDAD": "Bajo", "PUNTAJE": 25, "TITULO": "Riesgo por Inundaciones Pluviales", "FENOMENO": "Hidrometeorológico", "FUENTE": "IMPLAN Saltillo — CARTO SALTILLO, Atlas de Riesgos 2024", "FECHA": "2024" }, "geometry": { "type": "Polygon", "coordinates": [ [ [ -100.950717, 25.422318 ], [ -100.950205, 25.422451 ], [ -100.950102, 25.42213 ], [ -100.950746, 25.421955 ], [ -100.951007, 25.422741 ], [ -100.950357, 25.422916 ], [ -100.950245, 25.422576 ], [ -100.950751, 25.422449 ], [ -100.950717, 25.422318 ] ] ] } },
{ "type": "Feature", "properties": { "INTENSIDAD": "Bajo", "PUNTAJE": 25, "TITULO": "Riesgo por Inundaciones Pluviales", "FENOMENO": "Hidrometeorológico", "FUENTE": "IMPLAN Saltillo — CARTO SALTILLO, Atlas de Riesgos 2024", "FECHA": "2024" }, "geometry": { "type": "Polygon", "coordinates": [ [ [ -100.951258, 25.423191 ], [ -100.951129, 25.422803 ], [ -100.951941, 25.422585 ], [ -100.952195, 25.423382 ], [ -100.951392, 25.423597 ], [ -100.951285, 25.423273 ], [ -100.951807, 25.42313 ], [ -100.951782, 25.423054 ], [ -100.951258, 25.423191 ] ] ] } },
{ "type": "Feature", "properties": { "INTENSIDAD": "Bajo", "PUNTAJE": 25, "TITULO": "Riesgo por Inundaciones Pluviales", "FENOMENO": "Hidrometeorológico", "FUENTE": "IMPLAN Saltillo — CARTO SALTILLO, Atlas de Riesgos 2024", "FECHA": "2024" }, "geometry": { "type": "Polygon", "coordinates": [ [ [ -100.950959, 25.423189 ], [ -100.9505, 25.423344 ], [ -100.950385, 25.423003 ], [ -100.951036, 25.422828 ], [ -100.951299, 25.423622 ], [ -100.950644, 25.423798 ], [ -100.950534, 25.423462 ], [ -100.95108, 25.423334 ], [ -100.951058, 25.423214 ], [ -100.950959, 25.423189 ] ] ] } },
{ "type": "Feature", "properties": { "INTENSIDAD": "Bajo", "PUNTAJE": 25, "TITULO": "Riesgo por Inundaciones Pluviales", "FENOMENO": "Hidrometeorológico", "FUENTE": "IMPLAN Saltillo — CARTO SALTILLO, Atlas de Riesgos 2024", "FECHA": "2024" }, "geometry": { "type": "Polygon", "coordinates": [ [ [ -100.950964, 25.424803 ], [ -100.951622, 25.42462 ], [ -100.951892, 25.425419 ], [ -100.951236, 25.425604 ], [ -100.951115, 25.425241 ], [ -100.951617, 25.425123 ], [ -100.951642, 25.425008 ], [ -100.951086, 25.425161 ], [ -100.950964, 25.424803 ] ] ] } },
{ "type": "Feature", "properties": { "INTENSIDAD": "Bajo", "PUNTAJE": 25, "TITULO": "Riesgo por Inundaciones Pluviales", "FENOMENO": "Hidrometeorológico", "FUENTE": "IMPLAN Saltillo — CARTO SALTILLO, Atlas de Riesgos 2024", "FECHA": "2024" }, "geometry": { "type": "Polygon", "coordinates": [ [ [ -100.958428, 25.423775 ], [ -100.958648, 25.424286 ], [ -100.959476, 25.426807 ], [ -100.959353, 25.426834 ], [ -100.958363, 25.423792 ], [ -100.958428, 25.423775 ] ] ] } },
{ "type": "Feature", "properties": { "INTENSIDAD": "Bajo", "PUNTAJE": 25, "TITULO": "Riesgo por Inundaciones Pluviales", "FENOMENO": "Hidrometeorológico", "FUENTE": "IMPLAN Saltillo — CARTO SALTILLO, Atlas de Riesgos 2024", "FECHA": "2024" }, "geometry": { "type": "Polygon", "coordinates": [ [ [ -100.958187, 25.426499 ], [ -100.958004, 25.426542 ], [ -100.957294, 25.424212 ], [ -100.957425, 25.424101 ], [ -100.958187, 25.426499 ] ] ] } },
{ "type": "Feature", "properties": { "INTENSIDAD": "Bajo", "PUNTAJE": 25, "TITULO": "Riesgo por Inundaciones Pluviales", "FENOMENO": "Hidrometeorológico", "FUENTE": "IMPLAN Saltillo — CARTO SALTILLO, Atlas de Riesgos 2024", "FECHA": "2024" }, "geometry": { "type": "Polygon", "coordinates": [ [ [ -100.957281, 25.424212 ], [ -100.957896, 25.426257 ], [ -100.958003, 25.426611 ], [ -100.95781, 25.426631 ], [ -100.957184, 25.424786 ], [ -100.957045, 25.424229 ], [ -100.957281, 25.424212 ] ] ] } },
{ "type": "Feature", "properties": { "INTENSIDAD": "Bajo", "PUNTAJE": 25, "TITULO": "Riesgo por Inundaciones Pluviales", "FENOMENO": "Hidrometeorológico", "FUENTE": "IMPLAN Saltillo — CARTO SALTILLO, Atlas de Riesgos 2024", "FECHA": "2024" }, "geometry": { "type": "Polygon", "coordinates": [ [ [ -100.957353, 25.426771 ], [ -100.956768, 25.424846 ], [ -100.957003, 25.424804 ], [ -100.957622, 25.426705 ], [ -100.957353, 25.426771 ] ] ] } },
{ "type": "Feature", "properties": { "INTENSIDAD": "Bajo", "PUNTAJE": 25, "TITULO": "Riesgo por Inundaciones Pluviales", "FENOMENO": "Hidrometeorológico", "FUENTE": "IMPLAN Saltillo — CARTO SALTILLO, Atlas de Riesgos 2024", "FECHA": "2024" }, "geometry": { "type": "Polygon", "coordinates": [ [ [ -100.958859, 25.425694 ], [ -100.958953, 25.42599 ], [ -100.95821, 25.426179 ], [ -100.958113, 25.425886 ], [ -100.958859, 25.425694 ] ] ] } },
{ "type": "Feature", "properties": { "INTENSIDAD": "Bajo", "PUNTAJE": 25, "TITULO": "Riesgo por Inundaciones Pluviales", "FENOMENO": "Hidrometeorológico", "FUENTE": "IMPLAN Saltillo — CARTO SALTILLO, Atlas de Riesgos 2024", "FECHA": "2024" }, "geometry": { "type": "Polygon", "coordinates": [ [ [ -100.951912, 25.426008 ], [ -100.951883, 25.425881 ], [ -100.951381, 25.426047 ], [ -100.951258, 25.425684 ], [ -100.951911, 25.425476 ], [ -100.952184, 25.426308 ], [ -100.952459, 25.427164 ], [ -100.951803, 25.427351 ], [ -100.951694, 25.427009 ], [ -100.952197, 25.426894 ], [ -100.95222, 25.426769 ], [ -100.951668, 25.426932 ], [ -100.951551, 25.426574 ], [ -100.952136, 25.426447 ], [ -100.952071, 25.426292 ], [ -100.951525, 25.426497 ], [ -100.951408, 25.426128 ], [ -100.951912, 25.426008 ] ] ] } },
{ "type": "Feature", "properties": { "INTENSIDAD": "Bajo", "PUNTAJE": 25, "TITULO": "Riesgo por Inundaciones Pluviales", "FENOMENO": "Hidrometeorológico", "FUENTE": "IMPLAN Saltillo — CARTO SALTILLO, Atlas de Riesgos 2024", "FECHA": "2024" }, "geometry": { "type": "Polygon", "coordinates": [ [ [ -100.959234, 25.426862 ], [ -100.959054, 25.426905 ], [ -100.958899, 25.426409 ], [ -100.958311, 25.426549 ], [ -100.958231, 25.426259 ], [ -100.958982, 25.42607 ], [ -100.959234, 25.426862 ] ] ] } },
{ "type": "Feature", "properties": { "INTENSIDAD": "Bajo", "PUNTAJE": 25, "TITULO": "Riesgo por Inundaciones Pluviales", "FENOMENO": "Hidrometeorológico", "FUENTE": "IMPLAN Saltillo — CARTO SALTILLO, Atlas de Riesgos 2024", "FECHA": "2024" }, "geometry": { "type": "Polygon", "coordinates": [ [ [ -100.95973, 25.42737 ], [ -100.960103, 25.427287 ], [ -100.960392, 25.428189 ], [ -100.957854, 25.428519 ], [ -100.957393, 25.426872 ], [ -100.958825, 25.426523 ], [ -100.958981, 25.426998 ], [ -100.959583, 25.426872 ], [ -100.95973, 25.42737 ] ] ] } },
{ "type": "Feature", "properties": { "INTENSIDAD": "Bajo", "PUNTAJE": 25, "TITULO": "Riesgo por Inundaciones Pluviales", "FENOMENO": "Hidrometeorológico", "FUENTE": "IMPLAN Saltillo — CARTO SALTILLO, Atlas de Riesgos 2024", "FECHA": "2024" }, "geometry": { "type": "Polygon", "coordinates": [ [ [ -100.955609, 25.428175 ], [ -100.955459, 25.427713 ], [ -100.95723, 25.427233 ], [ -100.957378, 25.427696 ], [ -100.955609, 25.428175 ] ] ] } },
{ "type": "Feature", "properties": { "INTENSIDAD": "Bajo", "PUNTAJE": 25, "TITULO": "Riesgo por Inundaciones Pluviales", "FENOMENO": "Hidrometeorológico", "FUENTE": "IMPLAN Saltillo — CARTO SALTILLO, Atlas de Riesgos 2024", "FECHA": "2024" }, "geometry": { "type": "Polygon", "coordinates": [ [ [ -100.957652, 25.428542 ], [ -100.955808, 25.428789 ], [ -100.955638, 25.428265 ], [ -100.957406, 25.427785 ], [ -100.957652, 25.428542 ] ] ] } },
{ "type": "Feature", "properties": { "INTENSIDAD": "Bajo", "PUNTAJE": 25, "TITULO": "Riesgo por Inundaciones Pluviales", "FENOMENO": "Hidrometeorológico", "FUENTE": "IMPLAN Saltillo — CARTO SALTILLO, Atlas de Riesgos 2024", "FECHA": "2024" }, "geometry": { "type": "Polygon", "coordinates": [ [ [ -100.957944, 25.429842 ], [ -100.958254, 25.431886 ], [ -100.958096, 25.431907 ], [ -100.958127, 25.432136 ], [ -100.957638, 25.432206 ], [ -100.957597, 25.431957 ], [ -100.957674, 25.431947 ], [ -100.957311, 25.429391 ], [ -100.958417, 25.429246 ], [ -100.958505, 25.429774 ], [ -100.957944, 25.429842 ] ] ] } },
{ "type": "Feature", "properties": { "INTENSIDAD": "Bajo", "PUNTAJE": 25, "TITULO": "Riesgo por Inundaciones Pluviales", "FENOMENO": "Hidrometeorológico", "FUENTE": "IMPLAN Saltillo — CARTO SALTILLO, Atlas de Riesgos 2024", "FECHA": "2024" }, "geometry": { "type": "Polygon", "coordinates": [ [ [ -100.950317, 25.431298 ], [ -100.950171, 25.430368 ], [ -100.951687, 25.430178 ], [ -100.951562, 25.430423 ], [ -100.950415, 25.430589 ], [ -100.950522, 25.431276 ], [ -100.950317, 25.431298 ] ] ] } },
{ "type": "Feature", "properties": { "INTENSIDAD": "Bajo", "PUNTAJE": 25, "TITULO": "Riesgo por Inundaciones Pluviales", "FENOMENO": "Hidrometeorológico", "FUENTE": "IMPLAN Saltillo — CARTO SALTILLO, Atlas de Riesgos 2024", "FECHA": "2024" }, "geometry": { "type": "Polygon", "coordinates": [ [ [ -100.956808, 25.432556 ], [ -100.956261, 25.431183 ], [ -100.956608, 25.431103 ], [ -100.95695, 25.43215 ], [ -100.957605, 25.432061 ], [ -100.957633, 25.432218 ], [ -100.958145, 25.432147 ], [ -100.958119, 25.431991 ], [ -100.9603, 25.431688 ], [ -100.960355, 25.432017 ], [ -100.956808, 25.432556 ] ] ] } },
{ "type": "Feature", "properties": { "INTENSIDAD": "Bajo", "PUNTAJE": 25, "TITULO": "Riesgo por Inundaciones Pluviales", "FENOMENO": "Hidrometeorológico", "FUENTE": "IMPLAN Saltillo — CARTO SALTILLO, Atlas de Riesgos 2024", "FECHA": "2024" }, "geometry": { "type": "Polygon", "coordinates": [ [ [ -100.955524, 25.438414 ], [ -100.955626, 25.438418 ], [ -100.955631, 25.438341 ], [ -100.953444, 25.438206 ], [ -100.953487, 25.437801 ], [ -100.956022, 25.43799 ], [ -100.955944, 25.438193 ], [ -100.955786, 25.439754 ], [ -100.955401, 25.439754 ], [ -100.955524, 25.438414 ] ] ] } },
{ "type": "Feature", "properties": { "INTENSIDAD": "Bajo", "PUNTAJE": 25, "TITULO": "Riesgo por Inundaciones Pluviales", "FENOMENO": "Hidrometeorológico", "FUENTE": "IMPLAN Saltillo — CARTO SALTILLO, Atlas de Riesgos 2024", "FECHA": "2024" }, "geometry": { "type": "Polygon", "coordinates": [ [ [ -100.958098, 25.44531 ], [ -100.957878, 25.445798 ], [ -100.95742, 25.445885 ], [ -100.957323, 25.445468 ], [ -100.958098, 25.44531 ] ] ] } },
{ "type": "Feature", "properties": { "INTENSIDAD": "Bajo", "PUNTAJE": 25, "TITULO": "Riesgo por Inundaciones Pluviales", "FENOMENO": "Hidrometeorológico", "FUENTE": "IMPLAN Saltillo — CARTO SALTILLO, Atlas de Riesgos 2024", "FECHA": "2024" }, "geometry": { "type": "Polygon", "coordinates": [ [ [ -100.956403, 25.445647 ], [ -100.957231, 25.445486 ], [ -100.957322, 25.445904 ], [ -100.956493, 25.446059 ], [ -100.956403, 25.445647 ] ] ] } },
{ "type": "Feature", "properties": { "INTENSIDAD": "Bajo", "PUNTAJE": 25, "TITULO": "Riesgo por Inundaciones Pluviales", "FENOMENO": "Hidrometeorológico", "FUENTE": "IMPLAN Saltillo — CARTO SALTILLO, Atlas de Riesgos 2024", "FECHA": "2024" }, "geometry": { "type": "Polygon", "coordinates": [ [ [ -100.956514, 25.446146 ], [ -100.957854, 25.445882 ], [ -100.957754, 25.446262 ], [ -100.956589, 25.446496 ], [ -100.956514, 25.446146 ] ] ] } },
{ "type": "Feature", "properties": { "INTENSIDAD": "Bajo", "PUNTAJE": 25, "TITULO": "Riesgo por Inundaciones Pluviales", "FENOMENO": "Hidrometeorológico", "FUENTE": "IMPLAN Saltillo — CARTO SALTILLO, Atlas de Riesgos 2024", "FECHA": "2024" }, "geometry": { "type": "Polygon", "coordinates": [ [ [ -100.957654, 25.446403 ], [ -100.957243, 25.447609 ], [ -100.95646, 25.447786 ], [ -100.956365, 25.44666 ], [ -100.957654, 25.446403 ] ] ] } },
{ "type": "Feature", "properties": { "INTENSIDAD": "Bajo", "PUNTAJE": 25, "TITULO": "Riesgo por Inundaciones Pluviales", "FENOMENO": "Hidrometeorológico", "FUENTE": "IMPLAN Saltillo — CARTO SALTILLO, Atlas de Riesgos 2024", "FECHA": "2024" }, "geometry": { "type": "Polygon", "coordinates": [ [ [ -100.957747, 25.447345 ], [ -100.957821, 25.447142 ], [ -100.959128, 25.446847 ], [ -100.959062, 25.447052 ], [ -100.957747, 25.447345 ] ] ] } },
{ "type": "Feature", "properties": { "INTENSIDAD": "Bajo", "PUNTAJE": 25, "TITULO": "Riesgo por Inundaciones Pluviales", "FENOMENO": "Hidrometeorológico", "FUENTE": "IMPLAN Saltillo — CARTO SALTILLO, Atlas de Riesgos 2024", "FECHA": "2024" }, "geometry": { "type": "Polygon", "coordinates": [ [ [ -100.958528, 25.447243 ], [ -100.958944, 25.447149 ], [ -100.958619, 25.448389 ], [ -100.958149, 25.448506 ], [ -100.958528, 25.447243 ] ] ] } },
{ "type": "Feature", "properties": { "INTENSIDAD": "Bajo", "PUNTAJE": 25, "TITULO": "Riesgo por Inundaciones Pluviales", "FENOMENO": "Hidrometeorológico", "FUENTE": "IMPLAN Saltillo — CARTO SALTILLO, Atlas de Riesgos 2024", "FECHA": "2024" }, "geometry": { "type": "Polygon", "coordinates": [ [ [ -100.958074, 25.448524 ], [ -100.957576, 25.448647 ], [ -100.958038, 25.447355 ], [ -100.958427, 25.447267 ], [ -100.958074, 25.448524 ] ] ] } },
{ "type": "Feature", "properties": { "INTENSIDAD": "Bajo", "PUNTAJE": 25, "TITULO": "Riesgo por Inundaciones Pluviales", "FENOMENO": "Hidrometeorológico", "FUENTE": "IMPLAN Saltillo — CARTO SALTILLO, Atlas de Riesgos 2024", "FECHA": "2024" }, "geometry": { "type": "Polygon", "coordinates": [ [ [ -100.957525, 25.447472 ], [ -100.957935, 25.447378 ], [ -100.957502, 25.448608 ], [ -100.957188, 25.448442 ], [ -100.957525, 25.447472 ] ] ] } },
{ "type": "Feature", "properties": { "INTENSIDAD": "Bajo", "PUNTAJE": 25, "TITULO": "Riesgo por Inundaciones Pluviales", "FENOMENO": "Hidrometeorológico", "FUENTE": "IMPLAN Saltillo — CARTO SALTILLO, Atlas de Riesgos 2024", "FECHA": "2024" }, "geometry": { "type": "Polygon", "coordinates": [ [ [ -100.956577, 25.448077 ], [ -100.956406, 25.448635 ], [ -100.955908, 25.448729 ], [ -100.956103, 25.448286 ], [ -100.956006, 25.448212 ], [ -100.955921, 25.448296 ], [ -100.955806, 25.448752 ], [ -100.955401, 25.44883 ], [ -100.955513, 25.44849 ], [ -100.955455, 25.4481 ], [ -100.957209, 25.447703 ], [ -100.956925, 25.448539 ], [ -100.95651, 25.448614 ], [ -100.956708, 25.448126 ], [ -100.956577, 25.448077 ] ] ] } },
{ "type": "Feature", "properties": { "INTENSIDAD": "Bajo", "PUNTAJE": 25, "TITULO": "Riesgo por Inundaciones Pluviales", "FENOMENO": "Hidrometeorológico", "FUENTE": "IMPLAN Saltillo — CARTO SALTILLO, Atlas de Riesgos 2024", "FECHA": "2024" }, "geometry": { "type": "Polygon", "coordinates": [ [ [ -100.958324, 25.449055 ], [ -100.958004, 25.448872 ], [ -100.957716, 25.448721 ], [ -100.958554, 25.44851 ], [ -100.958324, 25.449055 ] ] ] } },
{ "type": "Feature", "properties": { "INTENSIDAD": "Bajo", "PUNTAJE": 25, "TITULO": "Riesgo por Inundaciones Pluviales", "FENOMENO": "Hidrometeorológico", "FUENTE": "IMPLAN Saltillo — CARTO SALTILLO, Atlas de Riesgos 2024", "FECHA": "2024" }, "geometry": { "type": "Polygon", "coordinates": [ [ [ -100.957784, 25.448928 ], [ -100.956969, 25.449135 ], [ -100.957147, 25.448604 ], [ -100.957784, 25.448928 ] ] ] } },
{ "type": "Feature", "properties": { "INTENSIDAD": "Bajo", "PUNTAJE": 25, "TITULO": "Riesgo por Inundaciones Pluviales", "FENOMENO": "Hidrometeorológico", "FUENTE": "IMPLAN Saltillo — CARTO SALTILLO, Atlas de Riesgos 2024", "FECHA": "2024" }, "geometry": { "type": "Polygon", "coordinates": [ [ [ -100.956287, 25.449497 ], [ -100.95619, 25.449525 ], [ -100.95623, 25.449323 ], [ -100.954854, 25.449691 ], [ -100.954471, 25.449194 ], [ -100.955225, 25.449052 ], [ -100.955112, 25.449436 ], [ -100.956042, 25.449216 ], [ -100.956166, 25.448865 ], [ -100.956852, 25.44874 ], [ -100.956557, 25.449578 ], [ -100.956287, 25.449497 ] ] ] } },
{ "type": "Feature", "properties": { "INTENSIDAD": "Bajo", "PUNTAJE": 25, "TITULO": "Riesgo por Inundaciones Pluviales", "FENOMENO": "Hidrometeorológico", "FUENTE": "IMPLAN Saltillo — CARTO SALTILLO, Atlas de Riesgos 2024", "FECHA": "2024" }, "geometry": { "type": "Polygon", "coordinates": [ [ [ -100.957506, 25.449466 ], [ -100.957854, 25.449376 ], [ -100.958057, 25.449508 ], [ -100.956732, 25.449859 ], [ -100.956969, 25.449136 ], [ -100.957689, 25.448965 ], [ -100.958186, 25.449233 ], [ -100.958122, 25.449418 ], [ -100.957527, 25.449107 ], [ -100.957338, 25.449641 ], [ -100.957443, 25.449649 ], [ -100.957506, 25.449466 ] ] ] } },
{ "type": "Feature", "properties": { "INTENSIDAD": "Bajo", "PUNTAJE": 25, "TITULO": "Riesgo por Inundaciones Pluviales", "FENOMENO": "Hidrometeorológico", "FUENTE": "IMPLAN Saltillo — CARTO SALTILLO, Atlas de Riesgos 2024", "FECHA": "2024" }, "geometry": { "type": "Polygon", "coordinates": [ [ [ -100.954726, 25.449949 ], [ -100.954365, 25.449453 ], [ -100.953956, 25.449533 ], [ -100.954093, 25.450113 ], [ -100.953655, 25.450227 ], [ -100.953503, 25.44962 ], [ -100.952886, 25.449742 ], [ -100.953039, 25.450389 ], [ -100.9528, 25.450452 ], [ -100.952587, 25.449564 ], [ -100.954448, 25.449197 ], [ -100.954853, 25.449713 ], [ -100.956202, 25.449348 ], [ -100.95617, 25.449545 ], [ -100.956558, 25.449599 ], [ -100.956538, 25.449659 ], [ -100.956155, 25.449575 ], [ -100.954726, 25.449949 ] ] ] } },
{ "type": "Feature", "properties": { "INTENSIDAD": "Bajo", "PUNTAJE": 25, "TITULO": "Riesgo por Inundaciones Pluviales", "FENOMENO": "Hidrometeorológico", "FUENTE": "IMPLAN Saltillo — CARTO SALTILLO, Atlas de Riesgos 2024", "FECHA": "2024" }, "geometry": { "type": "Polygon", "coordinates": [ [ [ -100.956193, 25.449713 ], [ -100.956489, 25.449798 ], [ -100.956226, 25.450565 ], [ -100.953148, 25.451493 ], [ -100.952835, 25.450596 ], [ -100.953064, 25.450534 ], [ -100.953317, 25.451215 ], [ -100.953914, 25.451036 ], [ -100.953679, 25.450376 ], [ -100.954116, 25.450261 ], [ -100.954354, 25.450905 ], [ -100.955574, 25.450543 ], [ -100.955825, 25.449809 ], [ -100.956193, 25.449713 ] ] ] } },
{ "type": "Feature", "properties": { "INTENSIDAD": "Bajo", "PUNTAJE": 25, "TITULO": "Riesgo por Inundaciones Pluviales", "FENOMENO": "Hidrometeorológico", "FUENTE": "IMPLAN Saltillo — CARTO SALTILLO, Atlas de Riesgos 2024", "FECHA": "2024" }, "geometry": { "type": "Polygon", "coordinates": [ [ [ -100.950322, 25.452545 ], [ -100.950166, 25.452124 ], [ -100.951628, 25.451683 ], [ -100.951791, 25.452104 ], [ -100.950322, 25.452545 ] ] ] } },
{ "type": "Feature", "properties": { "INTENSIDAD": "Bajo", "PUNTAJE": 25, "TITULO": "Riesgo por Inundaciones Pluviales", "FENOMENO": "Hidrometeorológico", "FUENTE": "IMPLAN Saltillo — CARTO SALTILLO, Atlas de Riesgos 2024", "FECHA": "2024" }, "geometry": { "type": "Polygon", "coordinates": [ [ [ -100.952436, 25.452026 ], [ -100.953187, 25.45186 ], [ -100.953283, 25.452107 ], [ -100.953752, 25.452317 ], [ -100.955867, 25.451626 ], [ -100.955655, 25.452255 ], [ -100.952868, 25.453202 ], [ -100.952436, 25.452026 ] ] ] } },
{ "type": "Feature", "properties": { "INTENSIDAD": "Bajo", "PUNTAJE": 25, "TITULO": "Riesgo por Inundaciones Pluviales", "FENOMENO": "Hidrometeorológico", "FUENTE": "IMPLAN Saltillo — CARTO SALTILLO, Atlas de Riesgos 2024", "FECHA": "2024" }, "geometry": { "type": "Polygon", "coordinates": [ [ [ -100.952318, 25.452063 ], [ -100.952608, 25.452903 ], [ -100.952186, 25.453027 ], [ -100.951889, 25.452189 ], [ -100.952318, 25.452063 ] ] ] } },
{ "type": "Feature", "properties": { "INTENSIDAD": "Bajo", "PUNTAJE": 25, "TITULO": "Riesgo por Inundaciones Pluviales", "FENOMENO": "Hidrometeorológico", "FUENTE": "IMPLAN Saltillo — CARTO SALTILLO, Atlas de Riesgos 2024", "FECHA": "2024" }, "geometry": { "type": "Polygon", "coordinates": [ [ [ -100.950828, 25.452511 ], [ -100.951782, 25.45222 ], [ -100.951917, 25.452595 ], [ -100.950961, 25.452882 ], [ -100.950828, 25.452511 ] ] ] } },
{ "type": "Feature", "properties": { "INTENSIDAD": "Bajo", "PUNTAJE": 25, "TITULO": "Riesgo por Inundaciones Pluviales", "FENOMENO": "Hidrometeorológico", "FUENTE": "IMPLAN Saltillo — CARTO SALTILLO, Atlas de Riesgos 2024", "FECHA": "2024" }, "geometry": { "type": "Polygon", "coordinates": [ [ [ -100.95099, 25.452965 ], [ -100.951946, 25.452676 ], [ -100.952082, 25.453057 ], [ -100.951123, 25.453337 ], [ -100.95099, 25.452965 ] ] ] } },
{ "type": "Feature", "properties": { "INTENSIDAD": "Bajo", "PUNTAJE": 25, "TITULO": "Riesgo por Inundaciones Pluviales", "FENOMENO": "Hidrometeorológico", "FUENTE": "IMPLAN Saltillo — CARTO SALTILLO, Atlas de Riesgos 2024", "FECHA": "2024" }, "geometry": { "type": "Polygon", "coordinates": [ [ [ -100.950347, 25.452653 ], [ -100.950733, 25.452539 ], [ -100.951024, 25.453366 ], [ -100.950643, 25.453478 ], [ -100.950347, 25.452653 ] ] ] } },
{ "type": "Feature", "properties": { "INTENSIDAD": "Bajo", "PUNTAJE": 25, "TITULO": "Riesgo por Inundaciones Pluviales", "FENOMENO": "Hidrometeorológico", "FUENTE": "IMPLAN Saltillo — CARTO SALTILLO, Atlas de Riesgos 2024", "FECHA": "2024" }, "geometry": { "type": "Polygon", "coordinates": [ [ [ -100.952376, 25.453371 ], [ -100.952243, 25.453095 ], [ -100.952676, 25.452964 ], [ -100.952781, 25.453233 ], [ -100.952376, 25.453371 ] ] ] } },
{ "type": "Feature", "properties": { "INTENSIDAD": "Bajo", "PUNTAJE": 25, "TITULO": "Riesgo por Inundaciones Pluviales", "FENOMENO": "Hidrometeorológico", "FUENTE": "IMPLAN Saltillo — CARTO SALTILLO, Atlas de Riesgos 2024", "FECHA": "2024" }, "geometry": { "type": "Polygon", "coordinates": [ [ [ -100.953046, 25.453653 ], [ -100.952892, 25.45328 ], [ -100.95393, 25.452924 ], [ -100.954091, 25.45325 ], [ -100.953046, 25.453653 ] ] ] } },
{ "type": "Feature", "properties": { "INTENSIDAD": "Bajo", "PUNTAJE": 25, "TITULO": "Riesgo por Inundaciones Pluviales", "FENOMENO": "Hidrometeorológico", "FUENTE": "IMPLAN Saltillo — CARTO SALTILLO, Atlas de Riesgos 2024", "FECHA": "2024" }, "geometry": { "type": "Polygon", "coordinates": [ [ [ -100.950825, 25.453901 ], [ -100.950688, 25.453563 ], [ -100.952152, 25.453122 ], [ -100.952289, 25.453401 ], [ -100.950825, 25.453901 ] ] ] } },
{ "type": "Feature", "properties": { "INTENSIDAD": "Bajo", "PUNTAJE": 25, "TITULO": "Riesgo por Inundaciones Pluviales", "FENOMENO": "Hidrometeorológico", "FUENTE": "IMPLAN Saltillo — CARTO SALTILLO, Atlas de Riesgos 2024", "FECHA": "2024" }, "geometry": { "type": "Polygon", "coordinates": [ [ [ -100.952405, 25.453447 ], [ -100.952805, 25.453306 ], [ -100.952965, 25.453684 ], [ -100.952602, 25.453815 ], [ -100.952405, 25.453447 ] ] ] } },
{ "type": "Feature", "properties": { "INTENSIDAD": "Bajo", "PUNTAJE": 25, "TITULO": "Riesgo por Inundaciones Pluviales", "FENOMENO": "Hidrometeorológico", "FUENTE": "IMPLAN Saltillo — CARTO SALTILLO, Atlas de Riesgos 2024", "FECHA": "2024" }, "geometry": { "type": "Polygon", "coordinates": [ [ [ -100.953073, 25.453731 ], [ -100.954124, 25.453325 ], [ -100.954208, 25.453496 ], [ -100.953152, 25.453919 ], [ -100.953073, 25.453731 ] ] ] } },
{ "type": "Feature", "properties": { "INTENSIDAD": "Bajo", "PUNTAJE": 25, "TITULO": "Riesgo por Inundaciones Pluviales", "FENOMENO": "Hidrometeorológico", "FUENTE": "IMPLAN Saltillo — CARTO SALTILLO, Atlas de Riesgos 2024", "FECHA": "2024" }, "geometry": { "type": "Polygon", "coordinates": [ [ [ -100.951029, 25.454342 ], [ -100.950855, 25.453971 ], [ -100.952321, 25.453473 ], [ -100.952519, 25.45384 ], [ -100.951029, 25.454342 ] ] ] } },
{ "type": "Feature", "properties": { "INTENSIDAD": "Bajo", "PUNTAJE": 25, "TITULO": "Riesgo por Inundaciones Pluviales", "FENOMENO": "Hidrometeorológico", "FUENTE": "IMPLAN Saltillo — CARTO SALTILLO, Atlas de Riesgos 2024", "FECHA": "2024" }, "geometry": { "type": "Polygon", "coordinates": [ [ [ -100.952739, 25.454083 ], [ -100.952639, 25.453885 ], [ -100.952992, 25.453761 ], [ -100.953072, 25.45395 ], [ -100.952739, 25.454083 ] ] ] } },
{ "type": "Feature", "properties": { "INTENSIDAD": "Bajo", "PUNTAJE": 25, "TITULO": "Riesgo por Inundaciones Pluviales", "FENOMENO": "Hidrometeorológico", "FUENTE": "IMPLAN Saltillo — CARTO SALTILLO, Atlas de Riesgos 2024", "FECHA": "2024" }, "geometry": { "type": "Polygon", "coordinates": [ [ [ -100.95315, 25.453983 ], [ -100.9542, 25.453566 ], [ -100.954342, 25.453872 ], [ -100.953291, 25.454283 ], [ -100.95315, 25.453983 ] ] ] } },
{ "type": "Feature", "properties": { "INTENSIDAD": "Bajo", "PUNTAJE": 25, "TITULO": "Riesgo por Inundaciones Pluviales", "FENOMENO": "Hidrometeorológico", "FUENTE": "IMPLAN Saltillo — CARTO SALTILLO, Atlas de Riesgos 2024", "FECHA": "2024" }, "geometry": { "type": "Polygon", "coordinates": [ [ [ -100.952551, 25.453909 ], [ -100.952657, 25.454114 ], [ -100.951183, 25.454694 ], [ -100.951053, 25.454416 ], [ -100.952551, 25.453909 ] ] ] } },
{ "type": "Feature", "properties": { "INTENSIDAD": "Bajo", "PUNTAJE": 25, "TITULO": "Riesgo por Inundaciones Pluviales", "FENOMENO": "Hidrometeorológico", "FUENTE": "IMPLAN Saltillo — CARTO SALTILLO, Atlas de Riesgos 2024", "FECHA": "2024" }, "geometry": { "type": "Polygon", "coordinates": [ [ [ -100.954538, 25.454248 ], [ -100.953483, 25.45466 ], [ -100.953341, 25.454364 ], [ -100.954394, 25.453959 ], [ -100.954538, 25.454248 ] ] ] } },
{ "type": "Feature", "properties": { "INTENSIDAD": "Bajo", "PUNTAJE": 25, "TITULO": "Riesgo por Inundaciones Pluviales", "FENOMENO": "Hidrometeorológico", "FUENTE": "IMPLAN Saltillo — CARTO SALTILLO, Atlas de Riesgos 2024", "FECHA": "2024" }, "geometry": { "type": "Polygon", "coordinates": [ [ [ -100.953398, 25.454693 ], [ -100.953086, 25.454815 ], [ -100.952745, 25.454144 ], [ -100.953058, 25.454019 ], [ -100.953398, 25.454693 ] ] ] } },
{ "type": "Feature", "properties": { "INTENSIDAD": "Bajo", "PUNTAJE": 25, "TITULO": "Riesgo por Inundaciones Pluviales", "FENOMENO": "Hidrometeorológico", "FUENTE": "IMPLAN Saltillo — CARTO SALTILLO, Atlas de Riesgos 2024", "FECHA": "2024" }, "geometry": { "type": "Polygon", "coordinates": [ [ [ -100.952642, 25.454184 ], [ -100.952803, 25.454511 ], [ -100.951339, 25.455092 ], [ -100.951175, 25.454766 ], [ -100.952642, 25.454184 ] ] ] } },
{ "type": "Feature", "properties": { "INTENSIDAD": "Bajo", "PUNTAJE": 25, "TITULO": "Riesgo por Inundaciones Pluviales", "FENOMENO": "Hidrometeorológico", "FUENTE": "IMPLAN Saltillo — CARTO SALTILLO, Atlas de Riesgos 2024", "FECHA": "2024" }, "geometry": { "type": "Polygon", "coordinates": [ [ [ -100.954683, 25.455291 ], [ -100.953695, 25.455653 ], [ -100.953238, 25.454859 ], [ -100.955082, 25.45413 ], [ -100.954683, 25.455291 ] ] ] } },
{ "type": "Feature", "properties": { "INTENSIDAD": "Bajo", "PUNTAJE": 25, "TITULO": "Riesgo por Inundaciones Pluviales", "FENOMENO": "Hidrometeorológico", "FUENTE": "IMPLAN Saltillo — CARTO SALTILLO, Atlas de Riesgos 2024", "FECHA": "2024" }, "geometry": { "type": "Polygon", "coordinates": [ [ [ -100.951374, 25.45516 ], [ -100.952837, 25.454577 ], [ -100.952974, 25.45486 ], [ -100.951516, 25.455439 ], [ -100.951374, 25.45516 ] ] ] } },
{ "type": "Feature", "properties": { "INTENSIDAD": "Bajo", "PUNTAJE": 25, "TITULO": "Riesgo por Inundaciones Pluviales", "FENOMENO": "Hidrometeorológico", "FUENTE": "IMPLAN Saltillo — CARTO SALTILLO, Atlas de Riesgos 2024", "FECHA": "2024" }, "geometry": { "type": "Polygon", "coordinates": [ [ [ -100.952727, 25.455968 ], [ -100.952456, 25.455478 ], [ -100.952347, 25.455522 ], [ -100.952645, 25.455997 ], [ -100.95229, 25.456115 ], [ -100.952043, 25.455665 ], [ -100.95194, 25.455725 ], [ -100.952203, 25.456144 ], [ -100.952001, 25.45621 ], [ -100.95159, 25.455497 ], [ -100.953064, 25.454929 ], [ -100.953524, 25.4557 ], [ -100.953168, 25.455822 ], [ -100.952878, 25.455268 ], [ -100.952764, 25.455326 ], [ -100.953085, 25.455848 ], [ -100.952727, 25.455968 ] ] ] } },
{ "type": "Feature", "properties": { "INTENSIDAD": "Bajo", "PUNTAJE": 25, "TITULO": "Riesgo por Inundaciones Pluviales", "FENOMENO": "Hidrometeorológico", "FUENTE": "IMPLAN Saltillo — CARTO SALTILLO, Atlas de Riesgos 2024", "FECHA": "2024" }, "geometry": { "type": "Polygon", "coordinates": [ [ [ -100.951413, 25.45548 ], [ -100.95007, 25.456014 ], [ -100.949818, 25.455775 ], [ -100.951269, 25.455199 ], [ -100.951413, 25.45548 ] ] ] } },
{ "type": "Feature", "properties": { "INTENSIDAD": "Bajo", "PUNTAJE": 25, "TITULO": "Riesgo por Inundaciones Pluviales", "FENOMENO": "Hidrometeorológico", "FUENTE": "IMPLAN Saltillo — CARTO SALTILLO, Atlas de Riesgos 2024", "FECHA": "2024" }, "geometry": { "type": "Polygon", "coordinates": [ [ [ -100.95462, 25.457438 ], [ -100.954867, 25.457496 ], [ -100.95484, 25.457722 ], [ -100.954446, 25.457622 ], [ -100.954714, 25.45683 ], [ -100.955398, 25.456821 ], [ -100.955335, 25.456997 ], [ -100.954851, 25.457011 ], [ -100.954724, 25.457415 ], [ -100.95462, 25.457438 ] ] ] } },
{ "type": "Feature", "properties": { "INTENSIDAD": "Bajo", "PUNTAJE": 25, "TITULO": "Riesgo por Inundaciones Pluviales", "FENOMENO": "Hidrometeorológico", "FUENTE": "IMPLAN Saltillo — CARTO SALTILLO, Atlas de Riesgos 2024", "FECHA": "2024" }, "geometry": { "type": "Polygon", "coordinates": [ [ [ -100.956438, 25.466996 ], [ -100.95817, 25.468484 ], [ -100.959388, 25.466062 ], [ -100.959316, 25.465889 ], [ -100.958255, 25.465197 ], [ -100.959133, 25.462377 ], [ -100.957539, 25.461471 ], [ -100.957521, 25.461374 ], [ -100.957684, 25.461242 ], [ -100.960101, 25.462498 ], [ -100.960149, 25.46282 ], [ -100.960107, 25.463262 ], [ -100.95925, 25.463024 ], [ -100.959219, 25.463096 ], [ -100.959485, 25.463174 ], [ -100.958772, 25.46525 ], [ -100.959912, 25.465961 ], [ -100.95949, 25.467128 ], [ -100.959261, 25.467028 ], [ -100.959231, 25.4671 ], [ -100.95945, 25.467204 ], [ -100.95889, 25.468422 ], [ -100.958667, 25.468684 ], [ -100.958409, 25.468876 ], [ -100.95619, 25.46684 ], [ -100.956186, 25.466764 ], [ -100.956249, 25.466715 ], [ -100.956334, 25.466768 ], [ -100.956438, 25.466996 ] ] ] } },
{ "type": "Feature", "properties": { "INTENSIDAD": "Bajo", "PUNTAJE": 25, "TITULO": "Riesgo por Inundaciones Pluviales", "FENOMENO": "Hidrometeorológico", "FUENTE": "IMPLAN Saltillo — CARTO SALTILLO, Atlas de Riesgos 2024", "FECHA": "2024" }, "geometry": { "type": "Polygon", "coordinates": [ [ [ -100.952779, 25.465598 ], [ -100.95355, 25.464593 ], [ -100.953654, 25.464651 ], [ -100.956545, 25.467407 ], [ -100.959167, 25.469748 ], [ -100.958895, 25.470092 ], [ -100.955167, 25.466618 ], [ -100.953541, 25.465229 ], [ -100.953212, 25.467754 ], [ -100.952689, 25.467559 ], [ -100.952779, 25.465598 ] ] ] } },
{ "type": "Feature", "properties": { "INTENSIDAD": "Bajo", "PUNTAJE": 25, "TITULO": "Riesgo por Inundaciones Pluviales", "FENOMENO": "Hidrometeorológico", "FUENTE": "IMPLAN Saltillo — CARTO SALTILLO, Atlas de Riesgos 2024", "FECHA": "2024" }, "geometry": { "type": "Polygon", "coordinates": [ [ [ -100.955673, 25.473523 ], [ -100.954792, 25.472914 ], [ -100.954502, 25.473151 ], [ -100.954497, 25.473228 ], [ -100.955283, 25.473808 ], [ -100.955468, 25.473813 ], [ -100.955516, 25.474065 ], [ -100.955399, 25.474201 ], [ -100.954081, 25.473259 ], [ -100.954548, 25.472755 ], [ -100.953509, 25.471906 ], [ -100.951484, 25.473934 ], [ -100.952303, 25.474503 ], [ -100.952241, 25.474594 ], [ -100.951075, 25.473758 ], [ -100.953395, 25.471434 ], [ -100.9533, 25.471439 ], [ -100.952992, 25.471203 ], [ -100.952944, 25.471256 ], [ -100.953252, 25.471488 ], [ -100.951039, 25.473732 ], [ -100.94939, 25.47234 ], [ -100.952197, 25.469591 ], [ -100.952853, 25.469876 ], [ -100.95321, 25.470658 ], [ -100.953378, 25.470774 ], [ -100.954023, 25.47096 ], [ -100.95413, 25.470688 ], [ -100.954312, 25.470527 ], [ -100.954471, 25.470504 ], [ -100.955627, 25.470956 ], [ -100.95596, 25.471416 ], [ -100.956367, 25.471633 ], [ -100.95654, 25.471994 ], [ -100.95673, 25.472735 ], [ -100.957027, 25.472852 ], [ -100.957941, 25.471366 ], [ -100.959068, 25.469915 ], [ -100.960593, 25.471374 ], [ -100.959329, 25.475097 ], [ -100.956833, 25.477878 ], [ -100.955576, 25.476975 ], [ -100.95762, 25.4748 ], [ -100.957491, 25.474684 ], [ -100.955441, 25.476882 ], [ -100.953915, 25.475791 ], [ -100.956344, 25.473447 ], [ -100.956201, 25.473342 ], [ -100.956134, 25.473408 ], [ -100.955663, 25.473052 ], [ -100.955616, 25.473118 ], [ -100.956074, 25.47348 ], [ -100.955747, 25.473835 ], [ -100.955673, 25.473775 ], [ -100.955673, 25.473523 ] ] ] } },
{ "type": "Feature", "properties": { "INTENSIDAD": "Bajo", "PUNTAJE": 25, "TITULO": "Riesgo por Inundaciones Pluviales", "FENOMENO": "Hidrometeorológico", "FUENTE": "IMPLAN Saltillo — CARTO SALTILLO, Atlas de Riesgos 2024", "FECHA": "2024" }, "geometry": { "type": "Polygon", "coordinates": [ [ [ -100.954183, 25.475339 ], [ -100.954213, 25.474941 ], [ -100.954849, 25.474425 ], [ -100.954866, 25.474208 ], [ -100.95375, 25.473422 ], [ -100.954163, 25.473036 ], [ -100.954185, 25.472935 ], [ -100.953397, 25.472209 ], [ -100.953279, 25.472255 ], [ -100.953302, 25.472319 ], [ -100.953927, 25.472821 ], [ -100.953501, 25.473246 ], [ -100.952818, 25.472702 ], [ -100.952776, 25.472784 ], [ -100.953429, 25.473318 ], [ -100.952993, 25.473751 ], [ -100.952396, 25.473229 ], [ -100.952282, 25.473252 ], [ -100.95229, 25.473325 ], [ -100.952934, 25.473824 ], [ -100.952503, 25.474259 ], [ -100.951902, 25.473732 ], [ -100.951774, 25.473767 ], [ -100.952476, 25.474339 ], [ -100.95232, 25.474486 ], [ -100.951525, 25.473931 ], [ -100.953512, 25.471951 ], [ -100.954511, 25.472754 ], [ -100.954018, 25.473259 ], [ -100.955382, 25.474216 ], [ -100.953951, 25.47561 ], [ -100.952563, 25.474653 ], [ -100.952728, 25.47445 ], [ -100.953916, 25.475316 ], [ -100.954061, 25.475386 ], [ -100.954183, 25.475339 ] ] ] } },
{ "type": "Feature", "properties": { "INTENSIDAD": "Bajo", "PUNTAJE": 25, "TITULO": "Riesgo por Inundaciones Pluviales", "FENOMENO": "Hidrometeorológico", "FUENTE": "IMPLAN Saltillo — CARTO SALTILLO, Atlas de Riesgos 2024", "FECHA": "2024" }, "geometry": { "type": "Polygon", "coordinates": [ [ [ -100.957863, 25.47843 ], [ -100.957434, 25.478122 ], [ -100.958281, 25.477228 ], [ -100.958628, 25.477601 ], [ -100.957863, 25.47843 ] ] ] } },
{ "type": "Feature", "properties": { "INTENSIDAD": "Bajo", "PUNTAJE": 25, "TITULO": "Riesgo por Inundaciones Pluviales", "FENOMENO": "Hidrometeorológico", "FUENTE": "IMPLAN Saltillo — CARTO SALTILLO, Atlas de Riesgos 2024", "FECHA": "2024" }, "geometry": { "type": "Polygon", "coordinates": [ [ [ -100.955056, 25.479119 ], [ -100.954998, 25.47924 ], [ -100.954669, 25.479088 ], [ -100.954584, 25.478972 ], [ -100.954353, 25.478591 ], [ -100.954288, 25.478013 ], [ -100.954319, 25.477666 ], [ -100.955127, 25.476922 ], [ -100.955366, 25.477126 ], [ -100.954631, 25.477899 ], [ -100.954582, 25.478353 ], [ -100.954849, 25.478887 ], [ -100.955056, 25.479119 ] ] ] } },
{ "type": "Feature", "properties": { "INTENSIDAD": "Bajo", "PUNTAJE": 25, "TITULO": "Riesgo por Inundaciones Pluviales", "FENOMENO": "Hidrometeorológico", "FUENTE": "IMPLAN Saltillo — CARTO SALTILLO, Atlas de Riesgos 2024", "FECHA": "2024" }, "geometry": { "type": "Polygon", "coordinates": [ [ [ -100.959177, 25.477938 ], [ -100.958404, 25.47882 ], [ -100.957981, 25.478515 ], [ -100.958686, 25.477664 ], [ -100.959177, 25.477938 ] ] ] } },
{ "type": "Feature", "properties": { "INTENSIDAD": "Bajo", "PUNTAJE": 25, "TITULO": "Riesgo por Inundaciones Pluviales", "FENOMENO": "Hidrometeorológico", "FUENTE": "IMPLAN Saltillo — CARTO SALTILLO, Atlas de Riesgos 2024", "FECHA": "2024" }, "geometry": { "type": "Polygon", "coordinates": [ [ [ -100.95704, 25.478925 ], [ -100.957582, 25.479225 ], [ -100.957234, 25.479619 ], [ -100.95685, 25.479687 ], [ -100.956348, 25.479361 ], [ -100.956742, 25.478987 ], [ -100.95704, 25.478925 ] ] ] } },
{ "type": "Feature", "properties": { "INTENSIDAD": "Bajo", "PUNTAJE": 25, "TITULO": "Riesgo por Inundaciones Pluviales", "FENOMENO": "Hidrometeorológico", "FUENTE": "IMPLAN Saltillo — CARTO SALTILLO, Atlas de Riesgos 2024", "FECHA": "2024" }, "geometry": { "type": "Polygon", "coordinates": [ [ [ -100.956795, 25.479744 ], [ -100.957201, 25.479719 ], [ -100.957646, 25.479272 ], [ -100.95824, 25.479698 ], [ -100.95768, 25.480341 ], [ -100.957536, 25.480404 ], [ -100.956566, 25.480455 ], [ -100.955796, 25.47993 ], [ -100.956297, 25.479415 ], [ -100.956795, 25.479744 ] ] ] } },
{ "type": "Feature", "properties": { "INTENSIDAD": "Bajo", "PUNTAJE": 25, "TITULO": "Riesgo por Inundaciones Pluviales", "FENOMENO": "Hidrometeorológico", "FUENTE": "IMPLAN Saltillo — CARTO SALTILLO, Atlas de Riesgos 2024", "FECHA": "2024" }, "geometry": { "type": "Polygon", "coordinates": [ [ [ -100.958104, 25.480117 ], [ -100.958379, 25.479801 ], [ -100.958686, 25.480022 ], [ -100.958575, 25.480205 ], [ -100.958104, 25.480117 ] ] ] } },
{ "type": "Feature", "properties": { "INTENSIDAD": "Bajo", "PUNTAJE": 25, "TITULO": "Riesgo por Inundaciones Pluviales", "FENOMENO": "Hidrometeorológico", "FUENTE": "IMPLAN Saltillo — CARTO SALTILLO, Atlas de Riesgos 2024", "FECHA": "2024" }, "geometry": { "type": "Polygon", "coordinates": [ [ [ -100.957182, 25.478881 ], [ -100.956867, 25.478865 ], [ -100.956597, 25.479 ], [ -100.955579, 25.480042 ], [ -100.955533, 25.480274 ], [ -100.955784, 25.481831 ], [ -100.955455, 25.482164 ], [ -100.955153, 25.48005 ], [ -100.955238, 25.479881 ], [ -100.956983, 25.478147 ], [ -100.958499, 25.479261 ], [ -100.958467, 25.479441 ], [ -100.958292, 25.479646 ], [ -100.957182, 25.478881 ] ] ] } },
{ "type": "Feature", "properties": { "INTENSIDAD": "Bajo", "PUNTAJE": 25, "TITULO": "Riesgo por Inundaciones Pluviales", "FENOMENO": "Hidrometeorológico", "FUENTE": "IMPLAN Saltillo — CARTO SALTILLO, Atlas de Riesgos 2024", "FECHA": "2024" }, "geometry": { "type": "Polygon", "coordinates": [ [ [ -100.956063, 25.481041 ], [ -100.956535, 25.480541 ], [ -100.957475, 25.480522 ], [ -100.956719, 25.481442 ], [ -100.956323, 25.481689 ], [ -100.955929, 25.481754 ], [ -100.955822, 25.481684 ], [ -100.955728, 25.481069 ], [ -100.956063, 25.481041 ] ] ] } },
{ "type": "Feature", "properties": { "INTENSIDAD": "Bajo", "PUNTAJE": 25, "TITULO": "Riesgo por Inundaciones Pluviales", "FENOMENO": "Hidrometeorológico", "FUENTE": "IMPLAN Saltillo — CARTO SALTILLO, Atlas de Riesgos 2024", "FECHA": "2024" }, "geometry": { "type": "Polygon", "coordinates": [ [ [ -100.957601, 25.480693 ], [ -100.957704, 25.480705 ], [ -100.957874, 25.481504 ], [ -100.957483, 25.482021 ], [ -100.956679, 25.482107 ], [ -100.956801, 25.481633 ], [ -100.957601, 25.480693 ] ] ] } },
{ "type": "Feature", "properties": { "INTENSIDAD": "Bajo", "PUNTAJE": 25, "TITULO": "Riesgo por Inundaciones Pluviales", "FENOMENO": "Hidrometeorológico", "FUENTE": "IMPLAN Saltillo — CARTO SALTILLO, Atlas de Riesgos 2024", "FECHA": "2024" }, "geometry": { "type": "Polygon", "coordinates": [ [ [ -100.957561, 25.482012 ], [ -100.957951, 25.481529 ], [ -100.958475, 25.481903 ], [ -100.957561, 25.482012 ] ] ] } },
{ "type": "Feature", "properties": { "INTENSIDAD": "Bajo", "PUNTAJE": 25, "TITULO": "Riesgo por Inundaciones Pluviales", "FENOMENO": "Hidrometeorológico", "FUENTE": "IMPLAN Saltillo — CARTO SALTILLO, Atlas de Riesgos 2024", "FECHA": "2024" }, "geometry": { "type": "Polygon", "coordinates": [ [ [ -100.955983, 25.481825 ], [ -100.956661, 25.481656 ], [ -100.956582, 25.48233 ], [ -100.955963, 25.48193 ], [ -100.955983, 25.481825 ] ] ] } },
{ "type": "Feature", "properties": { "INTENSIDAD": "Bajo", "PUNTAJE": 25, "TITULO": "Riesgo por Inundaciones Pluviales", "FENOMENO": "Hidrometeorológico", "FUENTE": "IMPLAN Saltillo — CARTO SALTILLO, Atlas de Riesgos 2024", "FECHA": "2024" }, "geometry": { "type": "Polygon", "coordinates": [ [ [ -100.956795, 25.482526 ], [ -100.956685, 25.482177 ], [ -100.957491, 25.482091 ], [ -100.958761, 25.483099 ], [ -100.95828, 25.483596 ], [ -100.956795, 25.482526 ] ] ] } },
{ "type": "Feature", "properties": { "INTENSIDAD": "Bajo", "PUNTAJE": 25, "TITULO": "Riesgo por Inundaciones Pluviales", "FENOMENO": "Hidrometeorológico", "FUENTE": "IMPLAN Saltillo — CARTO SALTILLO, Atlas de Riesgos 2024", "FECHA": "2024" }, "geometry": { "type": "Polygon", "coordinates": [ [ [ -100.957561, 25.484305 ], [ -100.957192, 25.483839 ], [ -100.957081, 25.483475 ], [ -100.956885, 25.483177 ], [ -100.955581, 25.482248 ], [ -100.955867, 25.481952 ], [ -100.958247, 25.483656 ], [ -100.957801, 25.484169 ], [ -100.957561, 25.484305 ] ] ] } },
{ "type": "Feature", "properties": { "INTENSIDAD": "Bajo", "PUNTAJE": 25, "TITULO": "Riesgo por Inundaciones Pluviales", "FENOMENO": "Hidrometeorológico", "FUENTE": "IMPLAN Saltillo — CARTO SALTILLO, Atlas de Riesgos 2024", "FECHA": "2024" }, "geometry": { "type": "Polygon", "coordinates": [ [ [ -100.955039, 25.479947 ], [ -100.95526, 25.481823 ], [ -100.955232, 25.482231 ], [ -100.956474, 25.483121 ], [ -100.956843, 25.484528 ], [ -100.955103, 25.485083 ], [ -100.955047, 25.485232 ], [ -100.954923, 25.485261 ], [ -100.955004, 25.48564 ], [ -100.955069, 25.485627 ], [ -100.955011, 25.48531 ], [ -100.955253, 25.485223 ], [ -100.955224, 25.485114 ], [ -100.955357, 25.485074 ], [ -100.955837, 25.486789 ], [ -100.955741, 25.486898 ], [ -100.954646, 25.487308 ], [ -100.954499, 25.486976 ], [ -100.95442, 25.487011 ], [ -100.954557, 25.487339 ], [ -100.9537, 25.487691 ], [ -100.953549, 25.487411 ], [ -100.952564, 25.487847 ], [ -100.952601, 25.487895 ], [ -100.953507, 25.487501 ], [ -100.953661, 25.487732 ], [ -100.950975, 25.488952 ], [ -100.950456, 25.489988 ], [ -100.950257, 25.48943 ], [ -100.949955, 25.489006 ], [ -100.949729, 25.488513 ], [ -100.949607, 25.487983 ], [ -100.949238, 25.487705 ], [ -100.94845, 25.486752 ], [ -100.948357, 25.486005 ], [ -100.95363, 25.481318 ], [ -100.953828, 25.481042 ], [ -100.954681, 25.480469 ], [ -100.955039, 25.479947 ] ] ] } },
{ "type": "Feature", "properties": { "INTENSIDAD": "Bajo", "PUNTAJE": 25, "TITULO": "Riesgo por Inundaciones Pluviales", "FENOMENO": "Hidrometeorológico", "FUENTE": "IMPLAN Saltillo — CARTO SALTILLO, Atlas de Riesgos 2024", "FECHA": "2024" }, "geometry": { "type": "Polygon", "coordinates": [ [ [ -100.955349, 25.482216 ], [ -100.955393, 25.48218 ], [ -100.956687, 25.483168 ], [ -100.957113, 25.484096 ], [ -100.958515, 25.48563 ], [ -100.958246, 25.485898 ], [ -100.95833, 25.488461 ], [ -100.958905, 25.489509 ], [ -100.958772, 25.489832 ], [ -100.958002, 25.488549 ], [ -100.957951, 25.485873 ], [ -100.958097, 25.485668 ], [ -100.957079, 25.484504 ], [ -100.956971, 25.484533 ], [ -100.956625, 25.483195 ], [ -100.955349, 25.482216 ] ] ] } },
{ "type": "Feature", "properties": { "INTENSIDAD": "Bajo", "PUNTAJE": 25, "TITULO": "Riesgo por Inundaciones Pluviales", "FENOMENO": "Hidrometeorológico", "FUENTE": "IMPLAN Saltillo — CARTO SALTILLO, Atlas de Riesgos 2024", "FECHA": "2024" }, "geometry": { "type": "Polygon", "coordinates": [ [ [ -100.955456, 25.485034 ], [ -100.957072, 25.484522 ], [ -100.958036, 25.485682 ], [ -100.957908, 25.485868 ], [ -100.957971, 25.488552 ], [ -100.958748, 25.48987 ], [ -100.958378, 25.490904 ], [ -100.958269, 25.492219 ], [ -100.958095, 25.492045 ], [ -100.956991, 25.489143 ], [ -100.956257, 25.488211 ], [ -100.955628, 25.487023 ], [ -100.955867, 25.486924 ], [ -100.955953, 25.486717 ], [ -100.955456, 25.485034 ] ] ] } },
{ "type": "Feature", "properties": { "INTENSIDAD": "Bajo", "PUNTAJE": 25, "TITULO": "Riesgo por Inundaciones Pluviales", "FENOMENO": "Hidrometeorológico", "FUENTE": "IMPLAN Saltillo — CARTO SALTILLO, Atlas de Riesgos 2024", "FECHA": "2024" }, "geometry": { "type": "Polygon", "coordinates": [ [ [ -100.949823, 25.492592 ], [ -100.949737, 25.492458 ], [ -100.949875, 25.49177 ], [ -100.950505, 25.490044 ], [ -100.951003, 25.488984 ], [ -100.953313, 25.487918 ], [ -100.955036, 25.4872 ], [ -100.955111, 25.487256 ], [ -100.955576, 25.487066 ], [ -100.956189, 25.488251 ], [ -100.953606, 25.490688 ], [ -100.953022, 25.490907 ], [ -100.952213, 25.490959 ], [ -100.951637, 25.492882 ], [ -100.95042, 25.493105 ], [ -100.950662, 25.492652 ], [ -100.951303, 25.492522 ], [ -100.951802, 25.49057 ], [ -100.953331, 25.490363 ], [ -100.955736, 25.488144 ], [ -100.955271, 25.487504 ], [ -100.955167, 25.487469 ], [ -100.954862, 25.487584 ], [ -100.951295, 25.489211 ], [ -100.949905, 25.49233 ], [ -100.950607, 25.492545 ], [ -100.950452, 25.492855 ], [ -100.949823, 25.492592 ] ] ] } },
{ "type": "Feature", "properties": { "INTENSIDAD": "Bajo", "PUNTAJE": 25, "TITULO": "Riesgo por Inundaciones Pluviales", "FENOMENO": "Hidrometeorológico", "FUENTE": "IMPLAN Saltillo — CARTO SALTILLO, Atlas de Riesgos 2024", "FECHA": "2024" }, "geometry": { "type": "Polygon", "coordinates": [ [ [ -100.954603, 25.496948 ], [ -100.954143, 25.497666 ], [ -100.954031, 25.498198 ], [ -100.954668, 25.500506 ], [ -100.954337, 25.500469 ], [ -100.953176, 25.49925 ], [ -100.952412, 25.498657 ], [ -100.952522, 25.498263 ], [ -100.952355, 25.498218 ], [ -100.952263, 25.498553 ], [ -100.949625, 25.496948 ], [ -100.949483, 25.495387 ], [ -100.949641, 25.494207 ], [ -100.949923, 25.493582 ], [ -100.950383, 25.49314 ], [ -100.951662, 25.492891 ], [ -100.952236, 25.490988 ], [ -100.953022, 25.490928 ], [ -100.953627, 25.490725 ], [ -100.95621, 25.488293 ], [ -100.95691, 25.489162 ], [ -100.958078, 25.492274 ], [ -100.954603, 25.496948 ] ] ] } },
{ "type": "Feature", "properties": { "INTENSIDAD": "Bajo", "PUNTAJE": 25, "TITULO": "Riesgo por Inundaciones Pluviales", "FENOMENO": "Hidrometeorológico", "FUENTE": "IMPLAN Saltillo — CARTO SALTILLO, Atlas de Riesgos 2024", "FECHA": "2024" }, "geometry": { "type": "Polygon", "coordinates": [ [ [ -100.957112, 25.495624 ], [ -100.956914, 25.495417 ], [ -100.957125, 25.495129 ], [ -100.957616, 25.49539 ], [ -100.957657, 25.495322 ], [ -100.957224, 25.494983 ], [ -100.957896, 25.494038 ], [ -100.957247, 25.49361 ], [ -100.958131, 25.492368 ], [ -100.958213, 25.492454 ], [ -100.957869, 25.495102 ], [ -100.958256, 25.495555 ], [ -100.958642, 25.49625 ], [ -100.959312, 25.496858 ], [ -100.959356, 25.497776 ], [ -100.959284, 25.498052 ], [ -100.959368, 25.498475 ], [ -100.959231, 25.498951 ], [ -100.959248, 25.499148 ], [ -100.959658, 25.499801 ], [ -100.959998, 25.50078 ], [ -100.960711, 25.501178 ], [ -100.961163, 25.501264 ], [ -100.961339, 25.501399 ], [ -100.961198, 25.501623 ], [ -100.961192, 25.502027 ], [ -100.960583, 25.501996 ], [ -100.96045, 25.501867 ], [ -100.959951, 25.501793 ], [ -100.959587, 25.500996 ], [ -100.95768, 25.498823 ], [ -100.956482, 25.496403 ], [ -100.957003, 25.495723 ], [ -100.95712, 25.495725 ], [ -100.957112, 25.495624 ] ] ] } },
{ "type": "Feature", "properties": { "INTENSIDAD": "Bajo", "PUNTAJE": 25, "TITULO": "Riesgo por Inundaciones Pluviales", "FENOMENO": "Hidrometeorológico", "FUENTE": "IMPLAN Saltillo — CARTO SALTILLO, Atlas de Riesgos 2024", "FECHA": "2024" }, "geometry": { "type": "Polygon", "coordinates": [ [ [ -100.95489, 25.498816 ], [ -100.954327, 25.498913 ], [ -100.954153, 25.498207 ], [ -100.95425, 25.497699 ], [ -100.955854, 25.495606 ], [ -100.956003, 25.495675 ], [ -100.956271, 25.496304 ], [ -100.955906, 25.496468 ], [ -100.954871, 25.49786 ], [ -100.954812, 25.498249 ], [ -100.954941, 25.498738 ], [ -100.95489, 25.498816 ] ] ] } },
{ "type": "Feature", "properties": { "INTENSIDAD": "Bajo", "PUNTAJE": 25, "TITULO": "Riesgo por Inundaciones Pluviales", "FENOMENO": "Hidrometeorológico", "FUENTE": "IMPLAN Saltillo — CARTO SALTILLO, Atlas de Riesgos 2024", "FECHA": "2024" }, "geometry": { "type": "Polygon", "coordinates": [ [ [ -100.955828, 25.496692 ], [ -100.955951, 25.496526 ], [ -100.956266, 25.49639 ], [ -100.956375, 25.496433 ], [ -100.957365, 25.49844 ], [ -100.956988, 25.498488 ], [ -100.956573, 25.498254 ], [ -100.955828, 25.496692 ] ] ] } },
{ "type": "Feature", "properties": { "INTENSIDAD": "Bajo", "PUNTAJE": 25, "TITULO": "Riesgo por Inundaciones Pluviales", "FENOMENO": "Hidrometeorológico", "FUENTE": "IMPLAN Saltillo — CARTO SALTILLO, Atlas de Riesgos 2024", "FECHA": "2024" }, "geometry": { "type": "Polygon", "coordinates": [ [ [ -100.956203, 25.498977 ], [ -100.955436, 25.497574 ], [ -100.955466, 25.497489 ], [ -100.955928, 25.4973 ], [ -100.956023, 25.49733 ], [ -100.956461, 25.498214 ], [ -100.956771, 25.4985 ], [ -100.957001, 25.498594 ], [ -100.956829, 25.499179 ], [ -100.956487, 25.499347 ], [ -100.956203, 25.498977 ] ] ] } },
{ "type": "Feature", "properties": { "INTENSIDAD": "Bajo", "PUNTAJE": 25, "TITULO": "Riesgo por Inundaciones Pluviales", "FENOMENO": "Hidrometeorológico", "FUENTE": "IMPLAN Saltillo — CARTO SALTILLO, Atlas de Riesgos 2024", "FECHA": "2024" }, "geometry": { "type": "Polygon", "coordinates": [ [ [ -100.95523, 25.499395 ], [ -100.954921, 25.498118 ], [ -100.954963, 25.497906 ], [ -100.955224, 25.497567 ], [ -100.955322, 25.497595 ], [ -100.955564, 25.498086 ], [ -100.955535, 25.498289 ], [ -100.95579, 25.499168 ], [ -100.95523, 25.499395 ] ] ] } },
{ "type": "Feature", "properties": { "INTENSIDAD": "Bajo", "PUNTAJE": 25, "TITULO": "Riesgo por Inundaciones Pluviales", "FENOMENO": "Hidrometeorológico", "FUENTE": "IMPLAN Saltillo — CARTO SALTILLO, Atlas de Riesgos 2024", "FECHA": "2024" }, "geometry": { "type": "Polygon", "coordinates": [ [ [ -100.951839, 25.499165 ], [ -100.950175, 25.498147 ], [ -100.950108, 25.498244 ], [ -100.95203, 25.49939 ], [ -100.952137, 25.499545 ], [ -100.951533, 25.500159 ], [ -100.952052, 25.500541 ], [ -100.952788, 25.500001 ], [ -100.952109, 25.49928 ], [ -100.952673, 25.4991 ], [ -100.953257, 25.499764 ], [ -100.951981, 25.500657 ], [ -100.951296, 25.500134 ], [ -100.95186, 25.499554 ], [ -100.95145, 25.499253 ], [ -100.949809, 25.498318 ], [ -100.950116, 25.497941 ], [ -100.950378, 25.497905 ], [ -100.950643, 25.498042 ], [ -100.950853, 25.497927 ], [ -100.952549, 25.498992 ], [ -100.951839, 25.499165 ] ] ] } },
{ "type": "Feature", "properties": { "INTENSIDAD": "Bajo", "PUNTAJE": 25, "TITULO": "Riesgo por Inundaciones Pluviales", "FENOMENO": "Hidrometeorológico", "FUENTE": "IMPLAN Saltillo — CARTO SALTILLO, Atlas de Riesgos 2024", "FECHA": "2024" }, "geometry": { "type": "Polygon", "coordinates": [ [ [ -100.956559, 25.499418 ], [ -100.957492, 25.498853 ], [ -100.957565, 25.498852 ], [ -100.957845, 25.499217 ], [ -100.957312, 25.499721 ], [ -100.956851, 25.49994 ], [ -100.956748, 25.499904 ], [ -100.956559, 25.499418 ] ] ] } },
{ "type": "Feature", "properties": { "INTENSIDAD": "Bajo", "PUNTAJE": 25, "TITULO": "Riesgo por Inundaciones Pluviales", "FENOMENO": "Hidrometeorológico", "FUENTE": "IMPLAN Saltillo — CARTO SALTILLO, Atlas de Riesgos 2024", "FECHA": "2024" }, "geometry": { "type": "Polygon", "coordinates": [ [ [ -100.955266, 25.499528 ], [ -100.956091, 25.499152 ], [ -100.956429, 25.499664 ], [ -100.955463, 25.500091 ], [ -100.955266, 25.499528 ] ] ] } },
{ "type": "Feature", "properties": { "INTENSIDAD": "Bajo", "PUNTAJE": 25, "TITULO": "Riesgo por Inundaciones Pluviales", "FENOMENO": "Hidrometeorológico", "FUENTE": "IMPLAN Saltillo — CARTO SALTILLO, Atlas de Riesgos 2024", "FECHA": "2024" }, "geometry": { "type": "Polygon", "coordinates": [ [ [ -100.955794, 25.501483 ], [ -100.95534, 25.50123 ], [ -100.954858, 25.500726 ], [ -100.954353, 25.499101 ], [ -100.95439, 25.499022 ], [ -100.954894, 25.498894 ], [ -100.95497, 25.498939 ], [ -100.955423, 25.500277 ], [ -100.95602, 25.500939 ], [ -100.955794, 25.501483 ] ] ] } },
{ "type": "Feature", "properties": { "INTENSIDAD": "Bajo", "PUNTAJE": 25, "TITULO": "Riesgo por Inundaciones Pluviales", "FENOMENO": "Hidrometeorológico", "FUENTE": "IMPLAN Saltillo — CARTO SALTILLO, Atlas de Riesgos 2024", "FECHA": "2024" }, "geometry": { "type": "Polygon", "coordinates": [ [ [ -100.957886, 25.501052 ], [ -100.958111, 25.500953 ], [ -100.958276, 25.500656 ], [ -100.957486, 25.499701 ], [ -100.95794, 25.499331 ], [ -100.958826, 25.500336 ], [ -100.958902, 25.500625 ], [ -100.958792, 25.501086 ], [ -100.958585, 25.501301 ], [ -100.95789, 25.501641 ], [ -100.957829, 25.501572 ], [ -100.957886, 25.501052 ] ] ] } },
{ "type": "Feature", "properties": { "INTENSIDAD": "Bajo", "PUNTAJE": 25, "TITULO": "Riesgo por Inundaciones Pluviales", "FENOMENO": "Hidrometeorológico", "FUENTE": "IMPLAN Saltillo — CARTO SALTILLO, Atlas de Riesgos 2024", "FECHA": "2024" }, "geometry": { "type": "Polygon", "coordinates": [ [ [ -100.95594, 25.501534 ], [ -100.956143, 25.500864 ], [ -100.956066, 25.500355 ], [ -100.955893, 25.499954 ], [ -100.956473, 25.499753 ], [ -100.956752, 25.500546 ], [ -100.956765, 25.501378 ], [ -100.956382, 25.501673 ], [ -100.95594, 25.501534 ] ] ] } },
{ "type": "Feature", "properties": { "INTENSIDAD": "Bajo", "PUNTAJE": 25, "TITULO": "Riesgo por Inundaciones Pluviales", "FENOMENO": "Hidrometeorológico", "FUENTE": "IMPLAN Saltillo — CARTO SALTILLO, Atlas de Riesgos 2024", "FECHA": "2024" }, "geometry": { "type": "Polygon", "coordinates": [ [ [ -100.957177, 25.501629 ], [ -100.956937, 25.501354 ], [ -100.956946, 25.500773 ], [ -100.956802, 25.50004 ], [ -100.957394, 25.49978 ], [ -100.957727, 25.500143 ], [ -100.957646, 25.500425 ], [ -100.957808, 25.500958 ], [ -100.957741, 25.501646 ], [ -100.957419, 25.501732 ], [ -100.957177, 25.501629 ] ] ] } },
{ "type": "Feature", "properties": { "INTENSIDAD": "Bajo", "PUNTAJE": 25, "TITULO": "Riesgo por Inundaciones Pluviales", "FENOMENO": "Hidrometeorológico", "FUENTE": "IMPLAN Saltillo — CARTO SALTILLO, Atlas de Riesgos 2024", "FECHA": "2024" }, "geometry": { "type": "Polygon", "coordinates": [ [ [ -100.952558, 25.501401 ], [ -100.954133, 25.500615 ], [ -100.955293, 25.501551 ], [ -100.955962, 25.50194 ], [ -100.956407, 25.50209 ], [ -100.955935, 25.50221 ], [ -100.953495, 25.503277 ], [ -100.951843, 25.504784 ], [ -100.950457, 25.503508 ], [ -100.952558, 25.501401 ] ] ] } },
{ "type": "Feature", "properties": { "INTENSIDAD": "Bajo", "PUNTAJE": 25, "TITULO": "Riesgo por Inundaciones Pluviales", "FENOMENO": "Hidrometeorológico", "FUENTE": "IMPLAN Saltillo — CARTO SALTILLO, Atlas de Riesgos 2024", "FECHA": "2024" }, "geometry": { "type": "Polygon", "coordinates": [ [ [ -100.939999, 25.392036 ], [ -100.939868, 25.391635 ], [ -100.940235, 25.391538 ], [ -100.940209, 25.391453 ], [ -100.939839, 25.391551 ], [ -100.939737, 25.391234 ], [ -100.940375, 25.391058 ], [ -100.940353, 25.39099 ], [ -100.939713, 25.391162 ], [ -100.939507, 25.39053 ], [ -100.940705, 25.390231 ], [ -100.940891, 25.390852 ], [ -100.940609, 25.390927 ], [ -100.940786, 25.391484 ], [ -100.941011, 25.391564 ], [ -100.941071, 25.391745 ], [ -100.940811, 25.391815 ], [ -100.940755, 25.391639 ], [ -100.940611, 25.391677 ], [ -100.940667, 25.391855 ], [ -100.94036, 25.391938 ], [ -100.940303, 25.391757 ], [ -100.940172, 25.391792 ], [ -100.940229, 25.391974 ], [ -100.939999, 25.392036 ] ] ] } },
{ "type": "Feature", "properties": { "INTENSIDAD": "Bajo", "PUNTAJE": 25, "TITULO": "Riesgo por Inundaciones Pluviales", "FENOMENO": "Hidrometeorológico", "FUENTE": "IMPLAN Saltillo — CARTO SALTILLO, Atlas de Riesgos 2024", "FECHA": "2024" }, "geometry": { "type": "Polygon", "coordinates": [ [ [ -100.942594, 25.391016 ], [ -100.941995, 25.391182 ], [ -100.942023, 25.391245 ], [ -100.942618, 25.391088 ], [ -100.942745, 25.391474 ], [ -100.9421, 25.39167 ], [ -100.941737, 25.390892 ], [ -100.942491, 25.390693 ], [ -100.942594, 25.391016 ] ] ] } },
{ "type": "Feature", "properties": { "INTENSIDAD": "Bajo", "PUNTAJE": 25, "TITULO": "Riesgo por Inundaciones Pluviales", "FENOMENO": "Hidrometeorológico", "FUENTE": "IMPLAN Saltillo — CARTO SALTILLO, Atlas de Riesgos 2024", "FECHA": "2024" }, "geometry": { "type": "Polygon", "coordinates": [ [ [ -100.947026, 25.39391 ], [ -100.947004, 25.394247 ], [ -100.947094, 25.39447 ], [ -100.9472, 25.394531 ], [ -100.947142, 25.394856 ], [ -100.947284, 25.394991 ], [ -100.947402, 25.395451 ], [ -100.947587, 25.395687 ], [ -100.947818, 25.396459 ], [ -100.947393, 25.395963 ], [ -100.946378, 25.392914 ], [ -100.947163, 25.392655 ], [ -100.947268, 25.392949 ], [ -100.947157, 25.392933 ], [ -100.94724, 25.393424 ], [ -100.947026, 25.39391 ] ] ] } },
{ "type": "Feature", "properties": { "INTENSIDAD": "Bajo", "PUNTAJE": 25, "TITULO": "Riesgo por Inundaciones Pluviales", "FENOMENO": "Hidrometeorológico", "FUENTE": "IMPLAN Saltillo — CARTO SALTILLO, Atlas de Riesgos 2024", "FECHA": "2024" }, "geometry": { "type": "Polygon", "coordinates": [ [ [ -100.940781, 25.415342 ], [ -100.941203, 25.416735 ], [ -100.940879, 25.416814 ], [ -100.940353, 25.415128 ], [ -100.941661, 25.414798 ], [ -100.941772, 25.415089 ], [ -100.940781, 25.415342 ] ] ] } },
{ "type": "Feature", "properties": { "INTENSIDAD": "Bajo", "PUNTAJE": 25, "TITULO": "Riesgo por Inundaciones Pluviales", "FENOMENO": "Hidrometeorológico", "FUENTE": "IMPLAN Saltillo — CARTO SALTILLO, Atlas de Riesgos 2024", "FECHA": "2024" }, "geometry": { "type": "Polygon", "coordinates": [ [ [ -100.942331, 25.416842 ], [ -100.941324, 25.417088 ], [ -100.941729, 25.41846 ], [ -100.941424, 25.418568 ], [ -100.940903, 25.416887 ], [ -100.942243, 25.416558 ], [ -100.942331, 25.416842 ] ] ] } },
{ "type": "Feature", "properties": { "INTENSIDAD": "Bajo", "PUNTAJE": 25, "TITULO": "Riesgo por Inundaciones Pluviales", "FENOMENO": "Hidrometeorológico", "FUENTE": "IMPLAN Saltillo — CARTO SALTILLO, Atlas de Riesgos 2024", "FECHA": "2024" }, "geometry": { "type": "Polygon", "coordinates": [ [ [ -100.941871, 25.418897 ], [ -100.942304, 25.420295 ], [ -100.941977, 25.420378 ], [ -100.941451, 25.418681 ], [ -100.942809, 25.418334 ], [ -100.942903, 25.418629 ], [ -100.941871, 25.418897 ] ] ] } },
{ "type": "Feature", "properties": { "INTENSIDAD": "Bajo", "PUNTAJE": 25, "TITULO": "Riesgo por Inundaciones Pluviales", "FENOMENO": "Hidrometeorológico", "FUENTE": "IMPLAN Saltillo — CARTO SALTILLO, Atlas de Riesgos 2024", "FECHA": "2024" }, "geometry": { "type": "Polygon", "coordinates": [ [ [ -100.947886, 25.425912 ], [ -100.948122, 25.426444 ], [ -100.94796, 25.426487 ], [ -100.94782, 25.426075 ], [ -100.947269, 25.426168 ], [ -100.947375, 25.426605 ], [ -100.947206, 25.426638 ], [ -100.946997, 25.426035 ], [ -100.947886, 25.425912 ] ] ] } },
{ "type": "Feature", "properties": { "INTENSIDAD": "Bajo", "PUNTAJE": 25, "TITULO": "Riesgo por Inundaciones Pluviales", "FENOMENO": "Hidrometeorológico", "FUENTE": "IMPLAN Saltillo — CARTO SALTILLO, Atlas de Riesgos 2024", "FECHA": "2024" }, "geometry": { "type": "Polygon", "coordinates": [ [ [ -100.946216, 25.432318 ], [ -100.945315, 25.432466 ], [ -100.945, 25.431217 ], [ -100.945272, 25.431186 ], [ -100.945549, 25.43221 ], [ -100.945871, 25.432142 ], [ -100.945601, 25.431117 ], [ -100.946084, 25.431056 ], [ -100.946216, 25.432318 ] ] ] } },
{ "type": "Feature", "properties": { "INTENSIDAD": "Bajo", "PUNTAJE": 25, "TITULO": "Riesgo por Inundaciones Pluviales", "FENOMENO": "Hidrometeorológico", "FUENTE": "IMPLAN Saltillo — CARTO SALTILLO, Atlas de Riesgos 2024", "FECHA": "2024" }, "geometry": { "type": "Polygon", "coordinates": [ [ [ -100.950525, 25.432507 ], [ -100.950332, 25.431365 ], [ -100.95053, 25.431335 ], [ -100.950754, 25.432655 ], [ -100.949765, 25.432796 ], [ -100.949725, 25.432606 ], [ -100.950525, 25.432507 ] ] ] } },
{ "type": "Feature", "properties": { "INTENSIDAD": "Bajo", "PUNTAJE": 25, "TITULO": "Riesgo por Inundaciones Pluviales", "FENOMENO": "Hidrometeorológico", "FUENTE": "IMPLAN Saltillo — CARTO SALTILLO, Atlas de Riesgos 2024", "FECHA": "2024" }, "geometry": { "type": "Polygon", "coordinates": [ [ [ -100.949594, 25.439061 ], [ -100.949245, 25.437249 ], [ -100.949297, 25.436696 ], [ -100.949546, 25.436709 ], [ -100.949445, 25.43781 ], [ -100.949746, 25.439255 ], [ -100.949594, 25.439061 ] ] ] } },
{ "type": "Feature", "properties": { "INTENSIDAD": "Bajo", "PUNTAJE": 25, "TITULO": "Riesgo por Inundaciones Pluviales", "FENOMENO": "Hidrometeorológico", "FUENTE": "IMPLAN Saltillo — CARTO SALTILLO, Atlas de Riesgos 2024", "FECHA": "2024" }, "geometry": { "type": "Polygon", "coordinates": [ [ [ -100.948527, 25.442311 ], [ -100.947839, 25.442773 ], [ -100.947638, 25.44249 ], [ -100.947888, 25.441749 ], [ -100.947841, 25.441274 ], [ -100.947927, 25.440928 ], [ -100.947681, 25.440741 ], [ -100.947605, 25.440489 ], [ -100.949054, 25.440491 ], [ -100.949045, 25.440709 ], [ -100.949182, 25.44071 ], [ -100.949222, 25.439568 ], [ -100.949514, 25.439582 ], [ -100.94947, 25.440441 ], [ -100.949202, 25.441066 ], [ -100.948803, 25.441523 ], [ -100.948527, 25.442311 ] ] ] } },
{ "type": "Feature", "properties": { "INTENSIDAD": "Bajo", "PUNTAJE": 25, "TITULO": "Riesgo por Inundaciones Pluviales", "FENOMENO": "Hidrometeorológico", "FUENTE": "IMPLAN Saltillo — CARTO SALTILLO, Atlas de Riesgos 2024", "FECHA": "2024" }, "geometry": { "type": "Polygon", "coordinates": [ [ [ -100.947365, 25.442336 ], [ -100.947313, 25.443036 ], [ -100.946841, 25.44311 ], [ -100.946937, 25.442092 ], [ -100.946867, 25.442083 ], [ -100.946767, 25.443121 ], [ -100.945896, 25.443257 ], [ -100.946149, 25.441387 ], [ -100.947099, 25.44111 ], [ -100.947792, 25.441029 ], [ -100.947639, 25.441252 ], [ -100.94772, 25.441798 ], [ -100.947493, 25.442184 ], [ -100.947497, 25.442467 ], [ -100.947587, 25.442724 ], [ -100.947833, 25.442956 ], [ -100.947379, 25.443026 ], [ -100.947365, 25.442336 ] ] ] } },
{ "type": "Feature", "properties": { "INTENSIDAD": "Bajo", "PUNTAJE": 25, "TITULO": "Riesgo por Inundaciones Pluviales", "FENOMENO": "Hidrometeorológico", "FUENTE": "IMPLAN Saltillo — CARTO SALTILLO, Atlas de Riesgos 2024", "FECHA": "2024" }, "geometry": { "type": "Polygon", "coordinates": [ [ [ -100.949023, 25.44194 ], [ -100.949486, 25.441871 ], [ -100.949646, 25.442233 ], [ -100.950139, 25.442606 ], [ -100.949947, 25.44264 ], [ -100.949023, 25.44194 ] ] ] } },
{ "type": "Feature", "properties": { "INTENSIDAD": "Bajo", "PUNTAJE": 25, "TITULO": "Riesgo por Inundaciones Pluviales", "FENOMENO": "Hidrometeorológico", "FUENTE": "IMPLAN Saltillo — CARTO SALTILLO, Atlas de Riesgos 2024", "FECHA": "2024" }, "geometry": { "type": "Polygon", "coordinates": [ [ [ -100.94819, 25.442675 ], [ -100.948724, 25.442409 ], [ -100.948927, 25.441893 ], [ -100.949946, 25.442641 ], [ -100.94798, 25.442947 ], [ -100.94819, 25.442675 ] ] ] } },
{ "type": "Feature", "properties": { "INTENSIDAD": "Bajo", "PUNTAJE": 25, "TITULO": "Riesgo por Inundaciones Pluviales", "FENOMENO": "Hidrometeorológico", "FUENTE": "IMPLAN Saltillo — CARTO SALTILLO, Atlas de Riesgos 2024", "FECHA": "2024" }, "geometry": { "type": "Polygon", "coordinates": [ [ [ -100.941887, 25.442331 ], [ -100.941767, 25.442728 ], [ -100.941309, 25.442596 ], [ -100.94116, 25.442973 ], [ -100.941619, 25.443105 ], [ -100.94124, 25.44355 ], [ -100.940766, 25.443357 ], [ -100.94064, 25.443226 ], [ -100.941145, 25.442332 ], [ -100.941378, 25.442462 ], [ -100.941887, 25.442331 ] ] ] } },
{ "type": "Feature", "properties": { "INTENSIDAD": "Bajo", "PUNTAJE": 25, "TITULO": "Riesgo por Inundaciones Pluviales", "FENOMENO": "Hidrometeorológico", "FUENTE": "IMPLAN Saltillo — CARTO SALTILLO, Atlas de Riesgos 2024", "FECHA": "2024" }, "geometry": { "type": "Polygon", "coordinates": [ [ [ -100.947441, 25.44411 ], [ -100.947, 25.444098 ], [ -100.947074, 25.443255 ], [ -100.947739, 25.44315 ], [ -100.947441, 25.44411 ] ] ] } },
{ "type": "Feature", "properties": { "INTENSIDAD": "Bajo", "PUNTAJE": 25, "TITULO": "Riesgo por Inundaciones Pluviales", "FENOMENO": "Hidrometeorológico", "FUENTE": "IMPLAN Saltillo — CARTO SALTILLO, Atlas de Riesgos 2024", "FECHA": "2024" }, "geometry": { "type": "Polygon", "coordinates": [ [ [ -100.950049, 25.443633 ], [ -100.948246, 25.444875 ], [ -100.948159, 25.444755 ], [ -100.947538, 25.444463 ], [ -100.947976, 25.443164 ], [ -100.949948, 25.442849 ], [ -100.950049, 25.443633 ] ] ] } },
{ "type": "Feature", "properties": { "INTENSIDAD": "Bajo", "PUNTAJE": 25, "TITULO": "Riesgo por Inundaciones Pluviales", "FENOMENO": "Hidrometeorológico", "FUENTE": "IMPLAN Saltillo — CARTO SALTILLO, Atlas de Riesgos 2024", "FECHA": "2024" }, "geometry": { "type": "Polygon", "coordinates": [ [ [ -100.950448, 25.444646 ], [ -100.950193, 25.444794 ], [ -100.949605, 25.444077 ], [ -100.949875, 25.443882 ], [ -100.950448, 25.444646 ] ] ] } },
{ "type": "Feature", "properties": { "INTENSIDAD": "Bajo", "PUNTAJE": 25, "TITULO": "Riesgo por Inundaciones Pluviales", "FENOMENO": "Hidrometeorológico", "FUENTE": "IMPLAN Saltillo — CARTO SALTILLO, Atlas de Riesgos 2024", "FECHA": "2024" }, "geometry": { "type": "Polygon", "coordinates": [ [ [ -100.946375, 25.444634 ], [ -100.946639, 25.444643 ], [ -100.946533, 25.445028 ], [ -100.946368, 25.445025 ], [ -100.946359, 25.445091 ], [ -100.946514, 25.445093 ], [ -100.946416, 25.445701 ], [ -100.945842, 25.445688 ], [ -100.945898, 25.443432 ], [ -100.946977, 25.443266 ], [ -100.946986, 25.443821 ], [ -100.946902, 25.444096 ], [ -100.946413, 25.444087 ], [ -100.946409, 25.44416 ], [ -100.94682, 25.44417 ], [ -100.946717, 25.444566 ], [ -100.946383, 25.444561 ], [ -100.946375, 25.444634 ] ] ] } },
{ "type": "Feature", "properties": { "INTENSIDAD": "Bajo", "PUNTAJE": 25, "TITULO": "Riesgo por Inundaciones Pluviales", "FENOMENO": "Hidrometeorológico", "FUENTE": "IMPLAN Saltillo — CARTO SALTILLO, Atlas de Riesgos 2024", "FECHA": "2024" }, "geometry": { "type": "Polygon", "coordinates": [ [ [ -100.949247, 25.444308 ], [ -100.949524, 25.44413 ], [ -100.950103, 25.44487 ], [ -100.949838, 25.445043 ], [ -100.949247, 25.444308 ] ] ] } },
{ "type": "Feature", "properties": { "INTENSIDAD": "Bajo", "PUNTAJE": 25, "TITULO": "Riesgo por Inundaciones Pluviales", "FENOMENO": "Hidrometeorológico", "FUENTE": "IMPLAN Saltillo — CARTO SALTILLO, Atlas de Riesgos 2024", "FECHA": "2024" }, "geometry": { "type": "Polygon", "coordinates": [ [ [ -100.94916, 25.444364 ], [ -100.949756, 25.445096 ], [ -100.949461, 25.445287 ], [ -100.948897, 25.444533 ], [ -100.94916, 25.444364 ] ] ] } },
{ "type": "Feature", "properties": { "INTENSIDAD": "Bajo", "PUNTAJE": 25, "TITULO": "Riesgo por Inundaciones Pluviales", "FENOMENO": "Hidrometeorológico", "FUENTE": "IMPLAN Saltillo — CARTO SALTILLO, Atlas de Riesgos 2024", "FECHA": "2024" }, "geometry": { "type": "Polygon", "coordinates": [ [ [ -100.947048, 25.444909 ], [ -100.946716, 25.445739 ], [ -100.946526, 25.445689 ], [ -100.946585, 25.445243 ], [ -100.946937, 25.444167 ], [ -100.947398, 25.444185 ], [ -100.94715, 25.444424 ], [ -100.947048, 25.444909 ] ] ] } },
{ "type": "Feature", "properties": { "INTENSIDAD": "Bajo", "PUNTAJE": 25, "TITULO": "Riesgo por Inundaciones Pluviales", "FENOMENO": "Hidrometeorológico", "FUENTE": "IMPLAN Saltillo — CARTO SALTILLO, Atlas de Riesgos 2024", "FECHA": "2024" }, "geometry": { "type": "Polygon", "coordinates": [ [ [ -100.94728, 25.445157 ], [ -100.947429, 25.44536 ], [ -100.947134, 25.44554 ], [ -100.946993, 25.445453 ], [ -100.947363, 25.444637 ], [ -100.947495, 25.444528 ], [ -100.948078, 25.444811 ], [ -100.948165, 25.444933 ], [ -100.947532, 25.445306 ], [ -100.947441, 25.445189 ], [ -100.947679, 25.444823 ], [ -100.947599, 25.444776 ], [ -100.947431, 25.445067 ], [ -100.947333, 25.445051 ], [ -100.94728, 25.445157 ] ] ] } },
{ "type": "Feature", "properties": { "INTENSIDAD": "Bajo", "PUNTAJE": 25, "TITULO": "Riesgo por Inundaciones Pluviales", "FENOMENO": "Hidrometeorológico", "FUENTE": "IMPLAN Saltillo — CARTO SALTILLO, Atlas de Riesgos 2024", "FECHA": "2024" }, "geometry": { "type": "Polygon", "coordinates": [ [ [ -100.948559, 25.444749 ], [ -100.948826, 25.444579 ], [ -100.94939, 25.445333 ], [ -100.949125, 25.445506 ], [ -100.948559, 25.444749 ] ] ] } },
{ "type": "Feature", "properties": { "INTENSIDAD": "Bajo", "PUNTAJE": 25, "TITULO": "Riesgo por Inundaciones Pluviales", "FENOMENO": "Hidrometeorológico", "FUENTE": "IMPLAN Saltillo — CARTO SALTILLO, Atlas de Riesgos 2024", "FECHA": "2024" }, "geometry": { "type": "Polygon", "coordinates": [ [ [ -100.948199, 25.444963 ], [ -100.948486, 25.444792 ], [ -100.949054, 25.445552 ], [ -100.948775, 25.445733 ], [ -100.948199, 25.444963 ] ] ] } },
{ "type": "Feature", "properties": { "INTENSIDAD": "Bajo", "PUNTAJE": 25, "TITULO": "Riesgo por Inundaciones Pluviales", "FENOMENO": "Hidrometeorológico", "FUENTE": "IMPLAN Saltillo — CARTO SALTILLO, Atlas de Riesgos 2024", "FECHA": "2024" }, "geometry": { "type": "Polygon", "coordinates": [ [ [ -100.949225, 25.445567 ], [ -100.950151, 25.444966 ], [ -100.95047, 25.445381 ], [ -100.949225, 25.445567 ] ] ] } },
{ "type": "Feature", "properties": { "INTENSIDAD": "Bajo", "PUNTAJE": 25, "TITULO": "Riesgo por Inundaciones Pluviales", "FENOMENO": "Hidrometeorológico", "FUENTE": "IMPLAN Saltillo — CARTO SALTILLO, Atlas de Riesgos 2024", "FECHA": "2024" }, "geometry": { "type": "Polygon", "coordinates": [ [ [ -100.948704, 25.445779 ], [ -100.948422, 25.445962 ], [ -100.947841, 25.445186 ], [ -100.948126, 25.445007 ], [ -100.948704, 25.445779 ] ] ] } },
{ "type": "Feature", "properties": { "INTENSIDAD": "Bajo", "PUNTAJE": 25, "TITULO": "Riesgo por Inundaciones Pluviales", "FENOMENO": "Hidrometeorológico", "FUENTE": "IMPLAN Saltillo — CARTO SALTILLO, Atlas de Riesgos 2024", "FECHA": "2024" }, "geometry": { "type": "Polygon", "coordinates": [ [ [ -100.947768, 25.44523 ], [ -100.948349, 25.446006 ], [ -100.948078, 25.446171 ], [ -100.947493, 25.445388 ], [ -100.947768, 25.44523 ] ] ] } },
{ "type": "Feature", "properties": { "INTENSIDAD": "Bajo", "PUNTAJE": 25, "TITULO": "Riesgo por Inundaciones Pluviales", "FENOMENO": "Hidrometeorológico", "FUENTE": "IMPLAN Saltillo — CARTO SALTILLO, Atlas de Riesgos 2024", "FECHA": "2024" }, "geometry": { "type": "Polygon", "coordinates": [ [ [ -100.94715, 25.445592 ], [ -100.947415, 25.445429 ], [ -100.948006, 25.446215 ], [ -100.947735, 25.446379 ], [ -100.94715, 25.445592 ] ] ] } },
{ "type": "Feature", "properties": { "INTENSIDAD": "Bajo", "PUNTAJE": 25, "TITULO": "Riesgo por Inundaciones Pluviales", "FENOMENO": "Hidrometeorológico", "FUENTE": "IMPLAN Saltillo — CARTO SALTILLO, Atlas de Riesgos 2024", "FECHA": "2024" }, "geometry": { "type": "Polygon", "coordinates": [ [ [ -100.94977, 25.445585 ], [ -100.950106, 25.445529 ], [ -100.950329, 25.44655 ], [ -100.949993, 25.446608 ], [ -100.94977, 25.445585 ] ] ] } },
{ "type": "Feature", "properties": { "INTENSIDAD": "Bajo", "PUNTAJE": 25, "TITULO": "Riesgo por Inundaciones Pluviales", "FENOMENO": "Hidrometeorológico", "FUENTE": "IMPLAN Saltillo — CARTO SALTILLO, Atlas de Riesgos 2024", "FECHA": "2024" }, "geometry": { "type": "Polygon", "coordinates": [ [ [ -100.949906, 25.446624 ], [ -100.949568, 25.446682 ], [ -100.949344, 25.445657 ], [ -100.949683, 25.4456 ], [ -100.949906, 25.446624 ] ] ] } },
{ "type": "Feature", "properties": { "INTENSIDAD": "Bajo", "PUNTAJE": 25, "TITULO": "Riesgo por Inundaciones Pluviales", "FENOMENO": "Hidrometeorológico", "FUENTE": "IMPLAN Saltillo — CARTO SALTILLO, Atlas de Riesgos 2024", "FECHA": "2024" }, "geometry": { "type": "Polygon", "coordinates": [ [ [ -100.946101, 25.447477 ], [ -100.94703, 25.446925 ], [ -100.947113, 25.447532 ], [ -100.945755, 25.447783 ], [ -100.946023, 25.446799 ], [ -100.946756, 25.44587 ], [ -100.946784, 25.445957 ], [ -100.946178, 25.446961 ], [ -100.946057, 25.447399 ], [ -100.946101, 25.447477 ] ] ] } },
{ "type": "Feature", "properties": { "INTENSIDAD": "Bajo", "PUNTAJE": 25, "TITULO": "Riesgo por Inundaciones Pluviales", "FENOMENO": "Hidrometeorológico", "FUENTE": "IMPLAN Saltillo — CARTO SALTILLO, Atlas de Riesgos 2024", "FECHA": "2024" }, "geometry": { "type": "Polygon", "coordinates": [ [ [ -100.940317, 25.444979 ], [ -100.94078, 25.445118 ], [ -100.94067, 25.445769 ], [ -100.94041, 25.445776 ], [ -100.940666, 25.44581 ], [ -100.940836, 25.446495 ], [ -100.94012, 25.447533 ], [ -100.940181, 25.447571 ], [ -100.940891, 25.446577 ], [ -100.94163, 25.447704 ], [ -100.942153, 25.448961 ], [ -100.941447, 25.449292 ], [ -100.941469, 25.449342 ], [ -100.942174, 25.449009 ], [ -100.942314, 25.449347 ], [ -100.941868, 25.44957 ], [ -100.941776, 25.449321 ], [ -100.941719, 25.449339 ], [ -100.941816, 25.449596 ], [ -100.940858, 25.450075 ], [ -100.941093, 25.449121 ], [ -100.941177, 25.449116 ], [ -100.941211, 25.448986 ], [ -100.941061, 25.448953 ], [ -100.940922, 25.449724 ], [ -100.94082, 25.449822 ], [ -100.940756, 25.450129 ], [ -100.940289, 25.450353 ], [ -100.940201, 25.450331 ], [ -100.94035, 25.449674 ], [ -100.938023, 25.446946 ], [ -100.938674, 25.446634 ], [ -100.937996, 25.446902 ], [ -100.937939, 25.446822 ], [ -100.938215, 25.446656 ], [ -100.938279, 25.446194 ], [ -100.938867, 25.44547 ], [ -100.938885, 25.444674 ], [ -100.939124, 25.444481 ], [ -100.939173, 25.445224 ], [ -100.939326, 25.445221 ], [ -100.939283, 25.444456 ], [ -100.941002, 25.444181 ], [ -100.940797, 25.445044 ], [ -100.940317, 25.444979 ] ] ] } },
{ "type": "Feature", "properties": { "INTENSIDAD": "Bajo", "PUNTAJE": 25, "TITULO": "Riesgo por Inundaciones Pluviales", "FENOMENO": "Hidrometeorológico", "FUENTE": "IMPLAN Saltillo — CARTO SALTILLO, Atlas de Riesgos 2024", "FECHA": "2024" }, "geometry": { "type": "Polygon", "coordinates": [ [ [ -100.94861, 25.453059 ], [ -100.948475, 25.452684 ], [ -100.9501, 25.452206 ], [ -100.950233, 25.452575 ], [ -100.94861, 25.453059 ] ] ] } },
{ "type": "Feature", "properties": { "INTENSIDAD": "Bajo", "PUNTAJE": 25, "TITULO": "Riesgo por Inundaciones Pluviales", "FENOMENO": "Hidrometeorológico", "FUENTE": "IMPLAN Saltillo — CARTO SALTILLO, Atlas de Riesgos 2024", "FECHA": "2024" }, "geometry": { "type": "Polygon", "coordinates": [ [ [ -100.948182, 25.452053 ], [ -100.948363, 25.452636 ], [ -100.948023, 25.452742 ], [ -100.947918, 25.452459 ], [ -100.945015, 25.453119 ], [ -100.944929, 25.453517 ], [ -100.945235, 25.453659 ], [ -100.946366, 25.453327 ], [ -100.946503, 25.453695 ], [ -100.945175, 25.454107 ], [ -100.944431, 25.45374 ], [ -100.94399, 25.453023 ], [ -100.944113, 25.452846 ], [ -100.944579, 25.452971 ], [ -100.944909, 25.452773 ], [ -100.946518, 25.452418 ], [ -100.946558, 25.45256 ], [ -100.946647, 25.452541 ], [ -100.946599, 25.452402 ], [ -100.948182, 25.452053 ] ] ] } },
{ "type": "Feature", "properties": { "INTENSIDAD": "Bajo", "PUNTAJE": 25, "TITULO": "Riesgo por Inundaciones Pluviales", "FENOMENO": "Hidrometeorológico", "FUENTE": "IMPLAN Saltillo — CARTO SALTILLO, Atlas de Riesgos 2024", "FECHA": "2024" }, "geometry": { "type": "Polygon", "coordinates": [ [ [ -100.950383, 25.453129 ], [ -100.948775, 25.453603 ], [ -100.948614, 25.453165 ], [ -100.950228, 25.452681 ], [ -100.950383, 25.453129 ] ] ] } },
{ "type": "Feature", "properties": { "INTENSIDAD": "Bajo", "PUNTAJE": 25, "TITULO": "Riesgo por Inundaciones Pluviales", "FENOMENO": "Hidrometeorológico", "FUENTE": "IMPLAN Saltillo — CARTO SALTILLO, Atlas de Riesgos 2024", "FECHA": "2024" }, "geometry": { "type": "Polygon", "coordinates": [ [ [ -100.948803, 25.453679 ], [ -100.950408, 25.453195 ], [ -100.950526, 25.453512 ], [ -100.948918, 25.453982 ], [ -100.948803, 25.453679 ] ] ] } },
{ "type": "Feature", "properties": { "INTENSIDAD": "Bajo", "PUNTAJE": 25, "TITULO": "Riesgo por Inundaciones Pluviales", "FENOMENO": "Hidrometeorológico", "FUENTE": "IMPLAN Saltillo — CARTO SALTILLO, Atlas de Riesgos 2024", "FECHA": "2024" }, "geometry": { "type": "Polygon", "coordinates": [ [ [ -100.948987, 25.45408 ], [ -100.950599, 25.453592 ], [ -100.950747, 25.45393 ], [ -100.949126, 25.454481 ], [ -100.948987, 25.45408 ] ] ] } },
{ "type": "Feature", "properties": { "INTENSIDAD": "Bajo", "PUNTAJE": 25, "TITULO": "Riesgo por Inundaciones Pluviales", "FENOMENO": "Hidrometeorológico", "FUENTE": "IMPLAN Saltillo — CARTO SALTILLO, Atlas de Riesgos 2024", "FECHA": "2024" }, "geometry": { "type": "Polygon", "coordinates": [ [ [ -100.949626, 25.454398 ], [ -100.950773, 25.454005 ], [ -100.950942, 25.454373 ], [ -100.94976, 25.454692 ], [ -100.949626, 25.454398 ] ] ] } },
{ "type": "Feature", "properties": { "INTENSIDAD": "Bajo", "PUNTAJE": 25, "TITULO": "Riesgo por Inundaciones Pluviales", "FENOMENO": "Hidrometeorológico", "FUENTE": "IMPLAN Saltillo — CARTO SALTILLO, Atlas de Riesgos 2024", "FECHA": "2024" }, "geometry": { "type": "Polygon", "coordinates": [ [ [ -100.949998, 25.455167 ], [ -100.949794, 25.454763 ], [ -100.950969, 25.454443 ], [ -100.951103, 25.454725 ], [ -100.949998, 25.455167 ] ] ] } },
{ "type": "Feature", "properties": { "INTENSIDAD": "Bajo", "PUNTAJE": 25, "TITULO": "Riesgo por Inundaciones Pluviales", "FENOMENO": "Hidrometeorológico", "FUENTE": "IMPLAN Saltillo — CARTO SALTILLO, Atlas de Riesgos 2024", "FECHA": "2024" }, "geometry": { "type": "Polygon", "coordinates": [ [ [ -100.942345, 25.454016 ], [ -100.942787, 25.454214 ], [ -100.943439, 25.454258 ], [ -100.942648, 25.455613 ], [ -100.9421, 25.455259 ], [ -100.942284, 25.455018 ], [ -100.942623, 25.455204 ], [ -100.942671, 25.455021 ], [ -100.941967, 25.454588 ], [ -100.942345, 25.454016 ] ] ] } },
{ "type": "Feature", "properties": { "INTENSIDAD": "Bajo", "PUNTAJE": 25, "TITULO": "Riesgo por Inundaciones Pluviales", "FENOMENO": "Hidrometeorológico", "FUENTE": "IMPLAN Saltillo — CARTO SALTILLO, Atlas de Riesgos 2024", "FECHA": "2024" }, "geometry": { "type": "Polygon", "coordinates": [ [ [ -100.943908, 25.455105 ], [ -100.94456, 25.453967 ], [ -100.945168, 25.454201 ], [ -100.944578, 25.454426 ], [ -100.94454, 25.454299 ], [ -100.944618, 25.454225 ], [ -100.944537, 25.454172 ], [ -100.944454, 25.454321 ], [ -100.944505, 25.454461 ], [ -100.944256, 25.454627 ], [ -100.944335, 25.454656 ], [ -100.944579, 25.454522 ], [ -100.944641, 25.454686 ], [ -100.944091, 25.454862 ], [ -100.945088, 25.456048 ], [ -100.944994, 25.456433 ], [ -100.943892, 25.455262 ], [ -100.943908, 25.455105 ] ] ] } },
{ "type": "Feature", "properties": { "INTENSIDAD": "Bajo", "PUNTAJE": 25, "TITULO": "Riesgo por Inundaciones Pluviales", "FENOMENO": "Hidrometeorológico", "FUENTE": "IMPLAN Saltillo — CARTO SALTILLO, Atlas de Riesgos 2024", "FECHA": "2024" }, "geometry": { "type": "Polygon", "coordinates": [ [ [ -100.949584, 25.455397 ], [ -100.951068, 25.454808 ], [ -100.951236, 25.455133 ], [ -100.949793, 25.455691 ], [ -100.949584, 25.455397 ] ] ] } },
{ "type": "Feature", "properties": { "INTENSIDAD": "Bajo", "PUNTAJE": 25, "TITULO": "Riesgo por Inundaciones Pluviales", "FENOMENO": "Hidrometeorológico", "FUENTE": "IMPLAN Saltillo — CARTO SALTILLO, Atlas de Riesgos 2024", "FECHA": "2024" }, "geometry": { "type": "Polygon", "coordinates": [ [ [ -100.950171, 25.45617 ], [ -100.950172, 25.456303 ], [ -100.94987, 25.456486 ], [ -100.94923, 25.456468 ], [ -100.946468, 25.456124 ], [ -100.946451, 25.45606 ], [ -100.948116, 25.455426 ], [ -100.948288, 25.455778 ], [ -100.948375, 25.455758 ], [ -100.948199, 25.455395 ], [ -100.949722, 25.454789 ], [ -100.949925, 25.455192 ], [ -100.949475, 25.455383 ], [ -100.94982, 25.455934 ], [ -100.950171, 25.45617 ] ] ] } },
{ "type": "Feature", "properties": { "INTENSIDAD": "Bajo", "PUNTAJE": 25, "TITULO": "Riesgo por Inundaciones Pluviales", "FENOMENO": "Hidrometeorológico", "FUENTE": "IMPLAN Saltillo — CARTO SALTILLO, Atlas de Riesgos 2024", "FECHA": "2024" }, "geometry": { "type": "Polygon", "coordinates": [ [ [ -100.945129, 25.455703 ], [ -100.945097, 25.455756 ], [ -100.945829, 25.456617 ], [ -100.946133, 25.456652 ], [ -100.946113, 25.456784 ], [ -100.945741, 25.456807 ], [ -100.94462, 25.455405 ], [ -100.946178, 25.455809 ], [ -100.946269, 25.456098 ], [ -100.946167, 25.456514 ], [ -100.946009, 25.456486 ], [ -100.946078, 25.45611 ], [ -100.945982, 25.455903 ], [ -100.945129, 25.455703 ] ] ] } },
{ "type": "Feature", "properties": { "INTENSIDAD": "Bajo", "PUNTAJE": 25, "TITULO": "Riesgo por Inundaciones Pluviales", "FENOMENO": "Hidrometeorológico", "FUENTE": "IMPLAN Saltillo — CARTO SALTILLO, Atlas de Riesgos 2024", "FECHA": "2024" }, "geometry": { "type": "Polygon", "coordinates": [ [ [ -100.940746, 25.454892 ], [ -100.940963, 25.454928 ], [ -100.941022, 25.454668 ], [ -100.94266, 25.455675 ], [ -100.943023, 25.457654 ], [ -100.943275, 25.45819 ], [ -100.943606, 25.458331 ], [ -100.9438, 25.458627 ], [ -100.94391, 25.459031 ], [ -100.943325, 25.46039 ], [ -100.942574, 25.459954 ], [ -100.941058, 25.458807 ], [ -100.940563, 25.458074 ], [ -100.939716, 25.457271 ], [ -100.939675, 25.456713 ], [ -100.939568, 25.456724 ], [ -100.939604, 25.457232 ], [ -100.93931, 25.457248 ], [ -100.939164, 25.456474 ], [ -100.938718, 25.456221 ], [ -100.938821, 25.456076 ], [ -100.938729, 25.456031 ], [ -100.938557, 25.456306 ], [ -100.938211, 25.456087 ], [ -100.938295, 25.455941 ], [ -100.938207, 25.455882 ], [ -100.938051, 25.45612 ], [ -100.938494, 25.456398 ], [ -100.938406, 25.456544 ], [ -100.937572, 25.456003 ], [ -100.938892, 25.453387 ], [ -100.939359, 25.452211 ], [ -100.940309, 25.453146 ], [ -100.940566, 25.453548 ], [ -100.940791, 25.454255 ], [ -100.940746, 25.454892 ] ] ] } },
{ "type": "Feature", "properties": { "INTENSIDAD": "Bajo", "PUNTAJE": 25, "TITULO": "Riesgo por Inundaciones Pluviales", "FENOMENO": "Hidrometeorológico", "FUENTE": "IMPLAN Saltillo — CARTO SALTILLO, Atlas de Riesgos 2024", "FECHA": "2024" }, "geometry": { "type": "Polygon", "coordinates": [ [ [ -100.938467, 25.456593 ], [ -100.938678, 25.456274 ], [ -100.939095, 25.456516 ], [ -100.939181, 25.456869 ], [ -100.938467, 25.456593 ] ] ] } },
{ "type": "Feature", "properties": { "INTENSIDAD": "Bajo", "PUNTAJE": 25, "TITULO": "Riesgo por Inundaciones Pluviales", "FENOMENO": "Hidrometeorológico", "FUENTE": "IMPLAN Saltillo — CARTO SALTILLO, Atlas de Riesgos 2024", "FECHA": "2024" }, "geometry": { "type": "Polygon", "coordinates": [ [ [ -100.946308, 25.458333 ], [ -100.945874, 25.458068 ], [ -100.945636, 25.45844 ], [ -100.945453, 25.458362 ], [ -100.945658, 25.457888 ], [ -100.945667, 25.457071 ], [ -100.945253, 25.456594 ], [ -100.945374, 25.456493 ], [ -100.94535, 25.456382 ], [ -100.945169, 25.456444 ], [ -100.94498, 25.457732 ], [ -100.94493, 25.457871 ], [ -100.944737, 25.458 ], [ -100.944002, 25.457197 ], [ -100.943887, 25.456854 ], [ -100.943921, 25.456813 ], [ -100.944354, 25.457276 ], [ -100.944821, 25.457302 ], [ -100.945099, 25.456058 ], [ -100.945735, 25.456818 ], [ -100.946115, 25.456792 ], [ -100.945946, 25.457648 ], [ -100.946494, 25.457821 ], [ -100.946429, 25.45799 ], [ -100.945997, 25.457786 ], [ -100.945966, 25.457828 ], [ -100.946461, 25.45813 ], [ -100.946308, 25.458333 ] ] ] } },
{ "type": "Feature", "properties": { "INTENSIDAD": "Bajo", "PUNTAJE": 25, "TITULO": "Riesgo por Inundaciones Pluviales", "FENOMENO": "Hidrometeorológico", "FUENTE": "IMPLAN Saltillo — CARTO SALTILLO, Atlas de Riesgos 2024", "FECHA": "2024" }, "geometry": { "type": "Polygon", "coordinates": [ [ [ -100.939318, 25.457338 ], [ -100.939622, 25.457305 ], [ -100.940344, 25.458033 ], [ -100.939367, 25.457756 ], [ -100.939318, 25.457338 ] ] ] } },
{ "type": "Feature", "properties": { "INTENSIDAD": "Bajo", "PUNTAJE": 25, "TITULO": "Riesgo por Inundaciones Pluviales", "FENOMENO": "Hidrometeorológico", "FUENTE": "IMPLAN Saltillo — CARTO SALTILLO, Atlas de Riesgos 2024", "FECHA": "2024" }, "geometry": { "type": "Polygon", "coordinates": [ [ [ -100.944927, 25.458367 ], [ -100.945579, 25.458534 ], [ -100.945927, 25.458391 ], [ -100.946192, 25.458524 ], [ -100.945935, 25.459006 ], [ -100.946, 25.459136 ], [ -100.946285, 25.459009 ], [ -100.946411, 25.45938 ], [ -100.946472, 25.459875 ], [ -100.946425, 25.46005 ], [ -100.946753, 25.46055 ], [ -100.946625, 25.460859 ], [ -100.945389, 25.462109 ], [ -100.944993, 25.461789 ], [ -100.944938, 25.461851 ], [ -100.945631, 25.462411 ], [ -100.945682, 25.462349 ], [ -100.945454, 25.462164 ], [ -100.946672, 25.460898 ], [ -100.946819, 25.460621 ], [ -100.947258, 25.461227 ], [ -100.946941, 25.461425 ], [ -100.945408, 25.462843 ], [ -100.945036, 25.462546 ], [ -100.9444, 25.461652 ], [ -100.945026, 25.461044 ], [ -100.944985, 25.461006 ], [ -100.944361, 25.461597 ], [ -100.94416, 25.461275 ], [ -100.944076, 25.460679 ], [ -100.943428, 25.460449 ], [ -100.944061, 25.458973 ], [ -100.943933, 25.458554 ], [ -100.943747, 25.45828 ], [ -100.943415, 25.45813 ], [ -100.943164, 25.457602 ], [ -100.942817, 25.4557 ], [ -100.943915, 25.456806 ], [ -100.943828, 25.456886 ], [ -100.943832, 25.456955 ], [ -100.944066, 25.458107 ], [ -100.94427, 25.458357 ], [ -100.944532, 25.458629 ], [ -100.94487, 25.458715 ], [ -100.944927, 25.458367 ] ] ] } },
{ "type": "Feature", "properties": { "INTENSIDAD": "Bajo", "PUNTAJE": 25, "TITULO": "Riesgo por Inundaciones Pluviales", "FENOMENO": "Hidrometeorológico", "FUENTE": "IMPLAN Saltillo — CARTO SALTILLO, Atlas de Riesgos 2024", "FECHA": "2024" }, "geometry": { "type": "Polygon", "coordinates": [ [ [ -100.948234, 25.458385 ], [ -100.947956, 25.457981 ], [ -100.948114, 25.45789 ], [ -100.948528, 25.458388 ], [ -100.948415, 25.458432 ], [ -100.948431, 25.458493 ], [ -100.949043, 25.458213 ], [ -100.949014, 25.458164 ], [ -100.94858, 25.458348 ], [ -100.948174, 25.457856 ], [ -100.948235, 25.45782 ], [ -100.948612, 25.457988 ], [ -100.94939, 25.457662 ], [ -100.950426, 25.457087 ], [ -100.952015, 25.456428 ], [ -100.953247, 25.456108 ], [ -100.954254, 25.456558 ], [ -100.952124, 25.462852 ], [ -100.951878, 25.463324 ], [ -100.951735, 25.463387 ], [ -100.949685, 25.462232 ], [ -100.94912, 25.461563 ], [ -100.948596, 25.461233 ], [ -100.948011, 25.461092 ], [ -100.947314, 25.461196 ], [ -100.94658, 25.460196 ], [ -100.946506, 25.460072 ], [ -100.946483, 25.459423 ], [ -100.946971, 25.459203 ], [ -100.946918, 25.459095 ], [ -100.946457, 25.459296 ], [ -100.946341, 25.458879 ], [ -100.947884, 25.458023 ], [ -100.948234, 25.458385 ] ] ] } },
{ "type": "Feature", "properties": { "INTENSIDAD": "Bajo", "PUNTAJE": 25, "TITULO": "Riesgo por Inundaciones Pluviales", "FENOMENO": "Hidrometeorológico", "FUENTE": "IMPLAN Saltillo — CARTO SALTILLO, Atlas de Riesgos 2024", "FECHA": "2024" }, "geometry": { "type": "Polygon", "coordinates": [ [ [ -100.936335, 25.458236 ], [ -100.938506, 25.458611 ], [ -100.938501, 25.458548 ], [ -100.938293, 25.458509 ], [ -100.938448, 25.458024 ], [ -100.939806, 25.45853 ], [ -100.940438, 25.459127 ], [ -100.940493, 25.459108 ], [ -100.939941, 25.458527 ], [ -100.93948, 25.458319 ], [ -100.939471, 25.457832 ], [ -100.940479, 25.458119 ], [ -100.941002, 25.458849 ], [ -100.942548, 25.460039 ], [ -100.943202, 25.46043 ], [ -100.942586, 25.461098 ], [ -100.941145, 25.461789 ], [ -100.938742, 25.459796 ], [ -100.938566, 25.460161 ], [ -100.938785, 25.460315 ], [ -100.938592, 25.460873 ], [ -100.937695, 25.460071 ], [ -100.935975, 25.459213 ], [ -100.936335, 25.458236 ] ] ] } },
{ "type": "Feature", "properties": { "INTENSIDAD": "Bajo", "PUNTAJE": 25, "TITULO": "Riesgo por Inundaciones Pluviales", "FENOMENO": "Hidrometeorológico", "FUENTE": "IMPLAN Saltillo — CARTO SALTILLO, Atlas de Riesgos 2024", "FECHA": "2024" }, "geometry": { "type": "Polygon", "coordinates": [ [ [ -100.938756, 25.459839 ], [ -100.941054, 25.461725 ], [ -100.941119, 25.461798 ], [ -100.940996, 25.461938 ], [ -100.938651, 25.460073 ], [ -100.938756, 25.459839 ] ] ] } },
{ "type": "Feature", "properties": { "INTENSIDAD": "Bajo", "PUNTAJE": 25, "TITULO": "Riesgo por Inundaciones Pluviales", "FENOMENO": "Hidrometeorológico", "FUENTE": "IMPLAN Saltillo — CARTO SALTILLO, Atlas de Riesgos 2024", "FECHA": "2024" }, "geometry": { "type": "Polygon", "coordinates": [ [ [ -100.939367, 25.461407 ], [ -100.938674, 25.460812 ], [ -100.938844, 25.460416 ], [ -100.939698, 25.461071 ], [ -100.939367, 25.461407 ] ] ] } },
{ "type": "Feature", "properties": { "INTENSIDAD": "Bajo", "PUNTAJE": 25, "TITULO": "Riesgo por Inundaciones Pluviales", "FENOMENO": "Hidrometeorológico", "FUENTE": "IMPLAN Saltillo — CARTO SALTILLO, Atlas de Riesgos 2024", "FECHA": "2024" }, "geometry": { "type": "Polygon", "coordinates": [ [ [ -100.939827, 25.46118 ], [ -100.940588, 25.461812 ], [ -100.940386, 25.462254 ], [ -100.939492, 25.461524 ], [ -100.939827, 25.46118 ] ] ] } },
{ "type": "Feature", "properties": { "INTENSIDAD": "Bajo", "PUNTAJE": 25, "TITULO": "Riesgo por Inundaciones Pluviales", "FENOMENO": "Hidrometeorológico", "FUENTE": "IMPLAN Saltillo — CARTO SALTILLO, Atlas de Riesgos 2024", "FECHA": "2024" }, "geometry": { "type": "Polygon", "coordinates": [ [ [ -100.938949, 25.462107 ], [ -100.939385, 25.461606 ], [ -100.93977, 25.461946 ], [ -100.938949, 25.462107 ] ] ] } },
{ "type": "Feature", "properties": { "INTENSIDAD": "Bajo", "PUNTAJE": 25, "TITULO": "Riesgo por Inundaciones Pluviales", "FENOMENO": "Hidrometeorológico", "FUENTE": "IMPLAN Saltillo — CARTO SALTILLO, Atlas de Riesgos 2024", "FECHA": "2024" }, "geometry": { "type": "Polygon", "coordinates": [ [ [ -100.939947, 25.462037 ], [ -100.940455, 25.462439 ], [ -100.940707, 25.461921 ], [ -100.940971, 25.461992 ], [ -100.940585, 25.462876 ], [ -100.939797, 25.462314 ], [ -100.939052, 25.462458 ], [ -100.937771, 25.461728 ], [ -100.937947, 25.461624 ], [ -100.938959, 25.462209 ], [ -100.939947, 25.462037 ] ] ] } },
{ "type": "Feature", "properties": { "INTENSIDAD": "Bajo", "PUNTAJE": 25, "TITULO": "Riesgo por Inundaciones Pluviales", "FENOMENO": "Hidrometeorológico", "FUENTE": "IMPLAN Saltillo — CARTO SALTILLO, Atlas de Riesgos 2024", "FECHA": "2024" }, "geometry": { "type": "Polygon", "coordinates": [ [ [ -100.942651, 25.461178 ], [ -100.943269, 25.460481 ], [ -100.943967, 25.460655 ], [ -100.944119, 25.461355 ], [ -100.942904, 25.462465 ], [ -100.942984, 25.462526 ], [ -100.944177, 25.461443 ], [ -100.944811, 25.46238 ], [ -100.943902, 25.46321 ], [ -100.943968, 25.46328 ], [ -100.944868, 25.462464 ], [ -100.945348, 25.462902 ], [ -100.944877, 25.46338 ], [ -100.943808, 25.464734 ], [ -100.943358, 25.465112 ], [ -100.942573, 25.465475 ], [ -100.941637, 25.465592 ], [ -100.941559, 25.465524 ], [ -100.941533, 25.46482 ], [ -100.941396, 25.464256 ], [ -100.940769, 25.463333 ], [ -100.940687, 25.462974 ], [ -100.941213, 25.461848 ], [ -100.942651, 25.461178 ] ] ] } },
{ "type": "Feature", "properties": { "INTENSIDAD": "Bajo", "PUNTAJE": 25, "TITULO": "Riesgo por Inundaciones Pluviales", "FENOMENO": "Hidrometeorológico", "FUENTE": "IMPLAN Saltillo — CARTO SALTILLO, Atlas de Riesgos 2024", "FECHA": "2024" }, "geometry": { "type": "Polygon", "coordinates": [ [ [ -100.947461, 25.461396 ], [ -100.947989, 25.461312 ], [ -100.948608, 25.461479 ], [ -100.949028, 25.461801 ], [ -100.949546, 25.462415 ], [ -100.951593, 25.463627 ], [ -100.9517, 25.463861 ], [ -100.951319, 25.465244 ], [ -100.951038, 25.46507 ], [ -100.949904, 25.46373 ], [ -100.948239, 25.462461 ], [ -100.947461, 25.461396 ] ] ] } },
{ "type": "Feature", "properties": { "INTENSIDAD": "Bajo", "PUNTAJE": 25, "TITULO": "Riesgo por Inundaciones Pluviales", "FENOMENO": "Hidrometeorológico", "FUENTE": "IMPLAN Saltillo — CARTO SALTILLO, Atlas de Riesgos 2024", "FECHA": "2024" }, "geometry": { "type": "Polygon", "coordinates": [ [ [ -100.93976, 25.462514 ], [ -100.93918, 25.46265 ], [ -100.939065, 25.462495 ], [ -100.939781, 25.462373 ], [ -100.940654, 25.463012 ], [ -100.940553, 25.463183 ], [ -100.940657, 25.463437 ], [ -100.941146, 25.464058 ], [ -100.941259, 25.464466 ], [ -100.941163, 25.464493 ], [ -100.941009, 25.46402 ], [ -100.940461, 25.463197 ], [ -100.93976, 25.462514 ] ] ] } },
{ "type": "Feature", "properties": { "INTENSIDAD": "Bajo", "PUNTAJE": 25, "TITULO": "Riesgo por Inundaciones Pluviales", "FENOMENO": "Hidrometeorológico", "FUENTE": "IMPLAN Saltillo — CARTO SALTILLO, Atlas de Riesgos 2024", "FECHA": "2024" }, "geometry": { "type": "Polygon", "coordinates": [ [ [ -100.949812, 25.463754 ], [ -100.951027, 25.465172 ], [ -100.951286, 25.465344 ], [ -100.950783, 25.466847 ], [ -100.949707, 25.465801 ], [ -100.947951, 25.464915 ], [ -100.947403, 25.46454 ], [ -100.945594, 25.462998 ], [ -100.947102, 25.461602 ], [ -100.947398, 25.46142 ], [ -100.948207, 25.46252 ], [ -100.949812, 25.463754 ] ] ] } },
{ "type": "Feature", "properties": { "INTENSIDAD": "Bajo", "PUNTAJE": 25, "TITULO": "Riesgo por Inundaciones Pluviales", "FENOMENO": "Hidrometeorológico", "FUENTE": "IMPLAN Saltillo — CARTO SALTILLO, Atlas de Riesgos 2024", "FECHA": "2024" }, "geometry": { "type": "Polygon", "coordinates": [ [ [ -100.950034, 25.466932 ], [ -100.949941, 25.467014 ], [ -100.949577, 25.466707 ], [ -100.949627, 25.466615 ], [ -100.949842, 25.466711 ], [ -100.950034, 25.466932 ] ] ] } },
{ "type": "Feature", "properties": { "INTENSIDAD": "Bajo", "PUNTAJE": 25, "TITULO": "Riesgo por Inundaciones Pluviales", "FENOMENO": "Hidrometeorológico", "FUENTE": "IMPLAN Saltillo — CARTO SALTILLO, Atlas de Riesgos 2024", "FECHA": "2024" }, "geometry": { "type": "Polygon", "coordinates": [ [ [ -100.949533, 25.466665 ], [ -100.949464, 25.466592 ], [ -100.949622, 25.46629 ], [ -100.950665, 25.467243 ], [ -100.950567, 25.467512 ], [ -100.950394, 25.46747 ], [ -100.950504, 25.467282 ], [ -100.949881, 25.466667 ], [ -100.949605, 25.466501 ], [ -100.949533, 25.466665 ] ] ] } },
{ "type": "Feature", "properties": { "INTENSIDAD": "Bajo", "PUNTAJE": 25, "TITULO": "Riesgo por Inundaciones Pluviales", "FENOMENO": "Hidrometeorológico", "FUENTE": "IMPLAN Saltillo — CARTO SALTILLO, Atlas de Riesgos 2024", "FECHA": "2024" }, "geometry": { "type": "Polygon", "coordinates": [ [ [ -100.94992, 25.467033 ], [ -100.949812, 25.467122 ], [ -100.949572, 25.466971 ], [ -100.949562, 25.466735 ], [ -100.94992, 25.467033 ] ] ] } },
{ "type": "Feature", "properties": { "INTENSIDAD": "Bajo", "PUNTAJE": 25, "TITULO": "Riesgo por Inundaciones Pluviales", "FENOMENO": "Hidrometeorológico", "FUENTE": "IMPLAN Saltillo — CARTO SALTILLO, Atlas de Riesgos 2024", "FECHA": "2024" }, "geometry": { "type": "Polygon", "coordinates": [ [ [ -100.938943, 25.464839 ], [ -100.940768, 25.465695 ], [ -100.941482, 25.465822 ], [ -100.942183, 25.465794 ], [ -100.942997, 25.465566 ], [ -100.943799, 25.46507 ], [ -100.945046, 25.46353 ], [ -100.945531, 25.463051 ], [ -100.947323, 25.46459 ], [ -100.946162, 25.466159 ], [ -100.947363, 25.464631 ], [ -100.947901, 25.464996 ], [ -100.949219, 25.465658 ], [ -100.948662, 25.466965 ], [ -100.948732, 25.466991 ], [ -100.949297, 25.465705 ], [ -100.949699, 25.465947 ], [ -100.950748, 25.466954 ], [ -100.950673, 25.46722 ], [ -100.949619, 25.466261 ], [ -100.949295, 25.466903 ], [ -100.949366, 25.466949 ], [ -100.949319, 25.467033 ], [ -100.949968, 25.467581 ], [ -100.950463, 25.467819 ], [ -100.950313, 25.468127 ], [ -100.94953, 25.467545 ], [ -100.949489, 25.467598 ], [ -100.950266, 25.468188 ], [ -100.949151, 25.469681 ], [ -100.948139, 25.468677 ], [ -100.947939, 25.468352 ], [ -100.947705, 25.468208 ], [ -100.947037, 25.468035 ], [ -100.946831, 25.467903 ], [ -100.946705, 25.467626 ], [ -100.946516, 25.467546 ], [ -100.946844, 25.467998 ], [ -100.947821, 25.468348 ], [ -100.948069, 25.468702 ], [ -100.948551, 25.469112 ], [ -100.949095, 25.469761 ], [ -100.948517, 25.470619 ], [ -100.947996, 25.470301 ], [ -100.947647, 25.469665 ], [ -100.947526, 25.469676 ], [ -100.947957, 25.470342 ], [ -100.948485, 25.470665 ], [ -100.948144, 25.471193 ], [ -100.947775, 25.471502 ], [ -100.947578, 25.470988 ], [ -100.947438, 25.470072 ], [ -100.944945, 25.4662 ], [ -100.944878, 25.466234 ], [ -100.945812, 25.467763 ], [ -100.945481, 25.468055 ], [ -100.94556, 25.468127 ], [ -100.945865, 25.467843 ], [ -100.947376, 25.470094 ], [ -100.947498, 25.470868 ], [ -100.947722, 25.47153 ], [ -100.946764, 25.472316 ], [ -100.944546, 25.47155 ], [ -100.944485, 25.47059 ], [ -100.945211, 25.46989 ], [ -100.945116, 25.46981 ], [ -100.944471, 25.470424 ], [ -100.944401, 25.470229 ], [ -100.943731, 25.469649 ], [ -100.943607, 25.469745 ], [ -100.944304, 25.470286 ], [ -100.944478, 25.471523 ], [ -100.943757, 25.470978 ], [ -100.94371, 25.470354 ], [ -100.943065, 25.469862 ], [ -100.942985, 25.469921 ], [ -100.943551, 25.470375 ], [ -100.94363, 25.47087 ], [ -100.942574, 25.469978 ], [ -100.942674, 25.468979 ], [ -100.942557, 25.468691 ], [ -100.942432, 25.467725 ], [ -100.942368, 25.467727 ], [ -100.94244, 25.468653 ], [ -100.941878, 25.468577 ], [ -100.941715, 25.468637 ], [ -100.941767, 25.469214 ], [ -100.941322, 25.469039 ], [ -100.941397, 25.468396 ], [ -100.941274, 25.46901 ], [ -100.940514, 25.468682 ], [ -100.940628, 25.468201 ], [ -100.940613, 25.467698 ], [ -100.940778, 25.467532 ], [ -100.940562, 25.466145 ], [ -100.940517, 25.46652 ], [ -100.937835, 25.466494 ], [ -100.937323, 25.466325 ], [ -100.936127, 25.465533 ], [ -100.935837, 25.465257 ], [ -100.934159, 25.464716 ], [ -100.933406, 25.464284 ], [ -100.934516, 25.462057 ], [ -100.93482, 25.462106 ], [ -100.934984, 25.462163 ], [ -100.935381, 25.462981 ], [ -100.936019, 25.463323 ], [ -100.936805, 25.464339 ], [ -100.937067, 25.464448 ], [ -100.937258, 25.464716 ], [ -100.937683, 25.464891 ], [ -100.938386, 25.464945 ], [ -100.938614, 25.46512 ], [ -100.939413, 25.465399 ], [ -100.939525, 25.465306 ], [ -100.938711, 25.464962 ], [ -100.938062, 25.464526 ], [ -100.938393, 25.46428 ], [ -100.938943, 25.464839 ] ] ] } },
{ "type": "Feature", "properties": { "INTENSIDAD": "Bajo", "PUNTAJE": 25, "TITULO": "Riesgo por Inundaciones Pluviales", "FENOMENO": "Hidrometeorológico", "FUENTE": "IMPLAN Saltillo — CARTO SALTILLO, Atlas de Riesgos 2024", "FECHA": "2024" }, "geometry": { "type": "Polygon", "coordinates": [ [ [ -100.950345, 25.467613 ], [ -100.950372, 25.467543 ], [ -100.950542, 25.467591 ], [ -100.950473, 25.467799 ], [ -100.949985, 25.467568 ], [ -100.949344, 25.467032 ], [ -100.949401, 25.466936 ], [ -100.94932, 25.466906 ], [ -100.94945, 25.466657 ], [ -100.949515, 25.466705 ], [ -100.94944, 25.466876 ], [ -100.949516, 25.467002 ], [ -100.950345, 25.467613 ] ] ] } },
{ "type": "Feature", "properties": { "INTENSIDAD": "Bajo", "PUNTAJE": 25, "TITULO": "Riesgo por Inundaciones Pluviales", "FENOMENO": "Hidrometeorológico", "FUENTE": "IMPLAN Saltillo — CARTO SALTILLO, Atlas de Riesgos 2024", "FECHA": "2024" }, "geometry": { "type": "Polygon", "coordinates": [ [ [ -100.942222, 25.473401 ], [ -100.94173, 25.475759 ], [ -100.941409, 25.475104 ], [ -100.941617, 25.475039 ], [ -100.941907, 25.47357 ], [ -100.941077, 25.473396 ], [ -100.941278, 25.474294 ], [ -100.94151, 25.474769 ], [ -100.941306, 25.474885 ], [ -100.941024, 25.474399 ], [ -100.94072, 25.473095 ], [ -100.942222, 25.473401 ] ] ] } },
{ "type": "Feature", "properties": { "INTENSIDAD": "Bajo", "PUNTAJE": 25, "TITULO": "Riesgo por Inundaciones Pluviales", "FENOMENO": "Hidrometeorológico", "FUENTE": "IMPLAN Saltillo — CARTO SALTILLO, Atlas de Riesgos 2024", "FECHA": "2024" }, "geometry": { "type": "Polygon", "coordinates": [ [ [ -100.939354, 25.474604 ], [ -100.939291, 25.474927 ], [ -100.938665, 25.474576 ], [ -100.938744, 25.474506 ], [ -100.939354, 25.474604 ] ] ] } },
{ "type": "Feature", "properties": { "INTENSIDAD": "Bajo", "PUNTAJE": 25, "TITULO": "Riesgo por Inundaciones Pluviales", "FENOMENO": "Hidrometeorológico", "FUENTE": "IMPLAN Saltillo — CARTO SALTILLO, Atlas de Riesgos 2024", "FECHA": "2024" }, "geometry": { "type": "Polygon", "coordinates": [ [ [ -100.941189, 25.475618 ], [ -100.940604, 25.474659 ], [ -100.938647, 25.474368 ], [ -100.938694, 25.474112 ], [ -100.940794, 25.474451 ], [ -100.94096, 25.474571 ], [ -100.941458, 25.475533 ], [ -100.941189, 25.475618 ] ] ] } },
{ "type": "Feature", "properties": { "INTENSIDAD": "Bajo", "PUNTAJE": 25, "TITULO": "Riesgo por Inundaciones Pluviales", "FENOMENO": "Hidrometeorológico", "FUENTE": "IMPLAN Saltillo — CARTO SALTILLO, Atlas de Riesgos 2024", "FECHA": "2024" }, "geometry": { "type": "Polygon", "coordinates": [ [ [ -100.938339, 25.474014 ], [ -100.938573, 25.474052 ], [ -100.938519, 25.474675 ], [ -100.940899, 25.475846 ], [ -100.941514, 25.475629 ], [ -100.94165, 25.475882 ], [ -100.940889, 25.476141 ], [ -100.938244, 25.474832 ], [ -100.938339, 25.474014 ] ] ] } },
{ "type": "Feature", "properties": { "INTENSIDAD": "Bajo", "PUNTAJE": 25, "TITULO": "Riesgo por Inundaciones Pluviales", "FENOMENO": "Hidrometeorológico", "FUENTE": "IMPLAN Saltillo — CARTO SALTILLO, Atlas de Riesgos 2024", "FECHA": "2024" }, "geometry": { "type": "Polygon", "coordinates": [ [ [ -100.937813, 25.474594 ], [ -100.937924, 25.473953 ], [ -100.938305, 25.474012 ], [ -100.93821, 25.474841 ], [ -100.940889, 25.476182 ], [ -100.941674, 25.475936 ], [ -100.942084, 25.476704 ], [ -100.941717, 25.477251 ], [ -100.941533, 25.477772 ], [ -100.94126, 25.477408 ], [ -100.941045, 25.476842 ], [ -100.941007, 25.476927 ], [ -100.940509, 25.476691 ], [ -100.940533, 25.476604 ], [ -100.940465, 25.476666 ], [ -100.938506, 25.475765 ], [ -100.938414, 25.476176 ], [ -100.938503, 25.476204 ], [ -100.938583, 25.475895 ], [ -100.939221, 25.476181 ], [ -100.939036, 25.476519 ], [ -100.93909, 25.476587 ], [ -100.939188, 25.476538 ], [ -100.939304, 25.476218 ], [ -100.941009, 25.476984 ], [ -100.941244, 25.47747 ], [ -100.941125, 25.477483 ], [ -100.941283, 25.477526 ], [ -100.941515, 25.477866 ], [ -100.941966, 25.479138 ], [ -100.941845, 25.479258 ], [ -100.941686, 25.479262 ], [ -100.941301, 25.478894 ], [ -100.941256, 25.478156 ], [ -100.941105, 25.47798 ], [ -100.938414, 25.476637 ], [ -100.936771, 25.476458 ], [ -100.937437, 25.473878 ], [ -100.937865, 25.473944 ], [ -100.937753, 25.474591 ], [ -100.937843, 25.474967 ], [ -100.937673, 25.475303 ], [ -100.937603, 25.476375 ], [ -100.937663, 25.476377 ], [ -100.937732, 25.475311 ], [ -100.937904, 25.474964 ], [ -100.937813, 25.474594 ] ] ] } },
{ "type": "Feature", "properties": { "INTENSIDAD": "Bajo", "PUNTAJE": 25, "TITULO": "Riesgo por Inundaciones Pluviales", "FENOMENO": "Hidrometeorológico", "FUENTE": "IMPLAN Saltillo — CARTO SALTILLO, Atlas de Riesgos 2024", "FECHA": "2024" }, "geometry": { "type": "Polygon", "coordinates": [ [ [ -100.938462, 25.478838 ], [ -100.938831, 25.47833 ], [ -100.939282, 25.478592 ], [ -100.939064, 25.478898 ], [ -100.938462, 25.478838 ] ] ] } },
{ "type": "Feature", "properties": { "INTENSIDAD": "Bajo", "PUNTAJE": 25, "TITULO": "Riesgo por Inundaciones Pluviales", "FENOMENO": "Hidrometeorológico", "FUENTE": "IMPLAN Saltillo — CARTO SALTILLO, Atlas de Riesgos 2024", "FECHA": "2024" }, "geometry": { "type": "Polygon", "coordinates": [ [ [ -100.943173, 25.481676 ], [ -100.94387, 25.481977 ], [ -100.943964, 25.481636 ], [ -100.946162, 25.482856 ], [ -100.946421, 25.481845 ], [ -100.944947, 25.480908 ], [ -100.94543, 25.478181 ], [ -100.945555, 25.478194 ], [ -100.945586, 25.478096 ], [ -100.944074, 25.477208 ], [ -100.945165, 25.475453 ], [ -100.945531, 25.474442 ], [ -100.945682, 25.474564 ], [ -100.946032, 25.475183 ], [ -100.946614, 25.475967 ], [ -100.946345, 25.476395 ], [ -100.946437, 25.476458 ], [ -100.946656, 25.476096 ], [ -100.947005, 25.477715 ], [ -100.947657, 25.479168 ], [ -100.948182, 25.481535 ], [ -100.947813, 25.482653 ], [ -100.947874, 25.482668 ], [ -100.948293, 25.481512 ], [ -100.948362, 25.481731 ], [ -100.948473, 25.482407 ], [ -100.948461, 25.48297 ], [ -100.948007, 25.484723 ], [ -100.948164, 25.485375 ], [ -100.946517, 25.486106 ], [ -100.94638, 25.48608 ], [ -100.946157, 25.485794 ], [ -100.946206, 25.485596 ], [ -100.946106, 25.485372 ], [ -100.946343, 25.484037 ], [ -100.946475, 25.483894 ], [ -100.946409, 25.48375 ], [ -100.946251, 25.483723 ], [ -100.946134, 25.483848 ], [ -100.946237, 25.484024 ], [ -100.945942, 25.485802 ], [ -100.945792, 25.485849 ], [ -100.945672, 25.485792 ], [ -100.945939, 25.483815 ], [ -100.94356, 25.483084 ], [ -100.943623, 25.482899 ], [ -100.94099, 25.481784 ], [ -100.94075, 25.48274 ], [ -100.939832, 25.482519 ], [ -100.941041, 25.480705 ], [ -100.941258, 25.48084 ], [ -100.941422, 25.480759 ], [ -100.94154, 25.480577 ], [ -100.943316, 25.481335 ], [ -100.943173, 25.481676 ] ] ] } },
{ "type": "Feature", "properties": { "INTENSIDAD": "Bajo", "PUNTAJE": 25, "TITULO": "Riesgo por Inundaciones Pluviales", "FENOMENO": "Hidrometeorológico", "FUENTE": "IMPLAN Saltillo — CARTO SALTILLO, Atlas de Riesgos 2024", "FECHA": "2024" }, "geometry": { "type": "Polygon", "coordinates": [ [ [ -100.9397, 25.481271 ], [ -100.939671, 25.481165 ], [ -100.936891, 25.480248 ], [ -100.936809, 25.480136 ], [ -100.937053, 25.47953 ], [ -100.93754, 25.47971 ], [ -100.937425, 25.480022 ], [ -100.937464, 25.480105 ], [ -100.937565, 25.480048 ], [ -100.937624, 25.479731 ], [ -100.938206, 25.479844 ], [ -100.938066, 25.480155 ], [ -100.938144, 25.480263 ], [ -100.938242, 25.480186 ], [ -100.938304, 25.479867 ], [ -100.938495, 25.479872 ], [ -100.938841, 25.479973 ], [ -100.938718, 25.480289 ], [ -100.938777, 25.480367 ], [ -100.938844, 25.480338 ], [ -100.938928, 25.479989 ], [ -100.939439, 25.480079 ], [ -100.939305, 25.480431 ], [ -100.939359, 25.480517 ], [ -100.939464, 25.480459 ], [ -100.939521, 25.480101 ], [ -100.940903, 25.480347 ], [ -100.940928, 25.480416 ], [ -100.940093, 25.481718 ], [ -100.93715, 25.480694 ], [ -100.936673, 25.480456 ], [ -100.936733, 25.480291 ], [ -100.939595, 25.481313 ], [ -100.9397, 25.481271 ] ] ] } },
{ "type": "Feature", "properties": { "INTENSIDAD": "Bajo", "PUNTAJE": 25, "TITULO": "Riesgo por Inundaciones Pluviales", "FENOMENO": "Hidrometeorológico", "FUENTE": "IMPLAN Saltillo — CARTO SALTILLO, Atlas de Riesgos 2024", "FECHA": "2024" }, "geometry": { "type": "Polygon", "coordinates": [ [ [ -100.943545, 25.484312 ], [ -100.943855, 25.483474 ], [ -100.944321, 25.483622 ], [ -100.944026, 25.484459 ], [ -100.943545, 25.484312 ] ] ] } },
{ "type": "Feature", "properties": { "INTENSIDAD": "Bajo", "PUNTAJE": 25, "TITULO": "Riesgo por Inundaciones Pluviales", "FENOMENO": "Hidrometeorológico", "FUENTE": "IMPLAN Saltillo — CARTO SALTILLO, Atlas de Riesgos 2024", "FECHA": "2024" }, "geometry": { "type": "Polygon", "coordinates": [ [ [ -100.943093, 25.48425 ], [ -100.943488, 25.483251 ], [ -100.94366, 25.483427 ], [ -100.943336, 25.484326 ], [ -100.943983, 25.484574 ], [ -100.943912, 25.48485 ], [ -100.944359, 25.485028 ], [ -100.944344, 25.485145 ], [ -100.944207, 25.485145 ], [ -100.943093, 25.48425 ] ] ] } },
{ "type": "Feature", "properties": { "INTENSIDAD": "Bajo", "PUNTAJE": 25, "TITULO": "Riesgo por Inundaciones Pluviales", "FENOMENO": "Hidrometeorológico", "FUENTE": "IMPLAN Saltillo — CARTO SALTILLO, Atlas de Riesgos 2024", "FECHA": "2024" }, "geometry": { "type": "Polygon", "coordinates": [ [ [ -100.943997, 25.484797 ], [ -100.944416, 25.48365 ], [ -100.944911, 25.483803 ], [ -100.944478, 25.484945 ], [ -100.943997, 25.484797 ] ] ] } },
{ "type": "Feature", "properties": { "INTENSIDAD": "Bajo", "PUNTAJE": 25, "TITULO": "Riesgo por Inundaciones Pluviales", "FENOMENO": "Hidrometeorológico", "FUENTE": "IMPLAN Saltillo — CARTO SALTILLO, Atlas de Riesgos 2024", "FECHA": "2024" }, "geometry": { "type": "Polygon", "coordinates": [ [ [ -100.944683, 25.485002 ], [ -100.945101, 25.48386 ], [ -100.945696, 25.484041 ], [ -100.945254, 25.485192 ], [ -100.944683, 25.485002 ] ] ] } },
{ "type": "Feature", "properties": { "INTENSIDAD": "Bajo", "PUNTAJE": 25, "TITULO": "Riesgo por Inundaciones Pluviales", "FENOMENO": "Hidrometeorológico", "FUENTE": "IMPLAN Saltillo — CARTO SALTILLO, Atlas de Riesgos 2024", "FECHA": "2024" }, "geometry": { "type": "Polygon", "coordinates": [ [ [ -100.945208, 25.485634 ], [ -100.945845, 25.483821 ], [ -100.945897, 25.483849 ], [ -100.945528, 25.485748 ], [ -100.945208, 25.485634 ] ] ] } },
{ "type": "Feature", "properties": { "INTENSIDAD": "Bajo", "PUNTAJE": 25, "TITULO": "Riesgo por Inundaciones Pluviales", "FENOMENO": "Hidrometeorológico", "FUENTE": "IMPLAN Saltillo — CARTO SALTILLO, Atlas de Riesgos 2024", "FECHA": "2024" }, "geometry": { "type": "Polygon", "coordinates": [ [ [ -100.944564, 25.485354 ], [ -100.944678, 25.485083 ], [ -100.945206, 25.485254 ], [ -100.945087, 25.485592 ], [ -100.944564, 25.485354 ] ] ] } },
{ "type": "Feature", "properties": { "INTENSIDAD": "Bajo", "PUNTAJE": 25, "TITULO": "Riesgo por Inundaciones Pluviales", "FENOMENO": "Hidrometeorológico", "FUENTE": "IMPLAN Saltillo — CARTO SALTILLO, Atlas de Riesgos 2024", "FECHA": "2024" }, "geometry": { "type": "Polygon", "coordinates": [ [ [ -100.94122, 25.488821 ], [ -100.940803, 25.488319 ], [ -100.940701, 25.488379 ], [ -100.941063, 25.488805 ], [ -100.939702, 25.489484 ], [ -100.938754, 25.489335 ], [ -100.937131, 25.488732 ], [ -100.936877, 25.488503 ], [ -100.936849, 25.488347 ], [ -100.937083, 25.487458 ], [ -100.937271, 25.487044 ], [ -100.939761, 25.488167 ], [ -100.940328, 25.487508 ], [ -100.939957, 25.487175 ], [ -100.938769, 25.486573 ], [ -100.938172, 25.487343 ], [ -100.937294, 25.486994 ], [ -100.937491, 25.486462 ], [ -100.938038, 25.485514 ], [ -100.940133, 25.486519 ], [ -100.940386, 25.48646 ], [ -100.94066, 25.486024 ], [ -100.940604, 25.48601 ], [ -100.94034, 25.486422 ], [ -100.940152, 25.486466 ], [ -100.938062, 25.485464 ], [ -100.93865, 25.484256 ], [ -100.939486, 25.483035 ], [ -100.940537, 25.483836 ], [ -100.940817, 25.484661 ], [ -100.940875, 25.484648 ], [ -100.940608, 25.483843 ], [ -100.941383, 25.4838 ], [ -100.941888, 25.48397 ], [ -100.941909, 25.483919 ], [ -100.941386, 25.483746 ], [ -100.940567, 25.483791 ], [ -100.939516, 25.482987 ], [ -100.939708, 25.482686 ], [ -100.941298, 25.483418 ], [ -100.941932, 25.483536 ], [ -100.942408, 25.483789 ], [ -100.942848, 25.484234 ], [ -100.94436, 25.48545 ], [ -100.946406, 25.486234 ], [ -100.943625, 25.488292 ], [ -100.942892, 25.488956 ], [ -100.942192, 25.490718 ], [ -100.941504, 25.491262 ], [ -100.940126, 25.490314 ], [ -100.940266, 25.490146 ], [ -100.940198, 25.490089 ], [ -100.94005, 25.490259 ], [ -100.939771, 25.49005 ], [ -100.939998, 25.489932 ], [ -100.939937, 25.489865 ], [ -100.939669, 25.489992 ], [ -100.938942, 25.489448 ], [ -100.939733, 25.489588 ], [ -100.94122, 25.488821 ] ] ] } },
{ "type": "Feature", "properties": { "INTENSIDAD": "Bajo", "PUNTAJE": 25, "TITULO": "Riesgo por Inundaciones Pluviales", "FENOMENO": "Hidrometeorológico", "FUENTE": "IMPLAN Saltillo — CARTO SALTILLO, Atlas de Riesgos 2024", "FECHA": "2024" }, "geometry": { "type": "Polygon", "coordinates": [ [ [ -100.947716, 25.486522 ], [ -100.947233, 25.487362 ], [ -100.947289, 25.487375 ], [ -100.947772, 25.486541 ], [ -100.948387, 25.486785 ], [ -100.948431, 25.486873 ], [ -100.94799, 25.487663 ], [ -100.948469, 25.486927 ], [ -100.949229, 25.487777 ], [ -100.94953, 25.488004 ], [ -100.949647, 25.488541 ], [ -100.950169, 25.489462 ], [ -100.950356, 25.490072 ], [ -100.949796, 25.491757 ], [ -100.949647, 25.492481 ], [ -100.949719, 25.492627 ], [ -100.950388, 25.49291 ], [ -100.950121, 25.493271 ], [ -100.948838, 25.492945 ], [ -100.949722, 25.490209 ], [ -100.948648, 25.488697 ], [ -100.947652, 25.4897 ], [ -100.947393, 25.489449 ], [ -100.946974, 25.489525 ], [ -100.946923, 25.489419 ], [ -100.946823, 25.489441 ], [ -100.946879, 25.489584 ], [ -100.946192, 25.489545 ], [ -100.945311, 25.489226 ], [ -100.945135, 25.4893 ], [ -100.943682, 25.489442 ], [ -100.943249, 25.488856 ], [ -100.944798, 25.487653 ], [ -100.946731, 25.486306 ], [ -100.947716, 25.486522 ] ] ] } },
{ "type": "Feature", "properties": { "INTENSIDAD": "Bajo", "PUNTAJE": 25, "TITULO": "Riesgo por Inundaciones Pluviales", "FENOMENO": "Hidrometeorológico", "FUENTE": "IMPLAN Saltillo — CARTO SALTILLO, Atlas de Riesgos 2024", "FECHA": "2024" }, "geometry": { "type": "Polygon", "coordinates": [ [ [ -100.945776, 25.493381 ], [ -100.946096, 25.493702 ], [ -100.946296, 25.494079 ], [ -100.946319, 25.494719 ], [ -100.943697, 25.492726 ], [ -100.943679, 25.492601 ], [ -100.944375, 25.491922 ], [ -100.944775, 25.492273 ], [ -100.94419, 25.492932 ], [ -100.944275, 25.492961 ], [ -100.944904, 25.492334 ], [ -100.945315, 25.492698 ], [ -100.944718, 25.493335 ], [ -100.944814, 25.493386 ], [ -100.944966, 25.493272 ], [ -100.94525, 25.493531 ], [ -100.946734, 25.492255 ], [ -100.946923, 25.49239 ], [ -100.945776, 25.493381 ] ] ] } },
{ "type": "Feature", "properties": { "INTENSIDAD": "Bajo", "PUNTAJE": 25, "TITULO": "Riesgo por Inundaciones Pluviales", "FENOMENO": "Hidrometeorológico", "FUENTE": "IMPLAN Saltillo — CARTO SALTILLO, Atlas de Riesgos 2024", "FECHA": "2024" }, "geometry": { "type": "Polygon", "coordinates": [ [ [ -100.942845, 25.498015 ], [ -100.94114, 25.497228 ], [ -100.940574, 25.497009 ], [ -100.939499, 25.500632 ], [ -100.939496, 25.501802 ], [ -100.936105, 25.501999 ], [ -100.936166, 25.501677 ], [ -100.935943, 25.500987 ], [ -100.93596, 25.500523 ], [ -100.935784, 25.499444 ], [ -100.93526, 25.497225 ], [ -100.935155, 25.496439 ], [ -100.935154, 25.494488 ], [ -100.935439, 25.494087 ], [ -100.935939, 25.494676 ], [ -100.936458, 25.494753 ], [ -100.936641, 25.4947 ], [ -100.936972, 25.494422 ], [ -100.937151, 25.49438 ], [ -100.93719, 25.494225 ], [ -100.937035, 25.493766 ], [ -100.937263, 25.493822 ], [ -100.939305, 25.495054 ], [ -100.938728, 25.495934 ], [ -100.938761, 25.496092 ], [ -100.939401, 25.495115 ], [ -100.940076, 25.495457 ], [ -100.940117, 25.4954 ], [ -100.93739, 25.493844 ], [ -100.936913, 25.493682 ], [ -100.936404, 25.493204 ], [ -100.936107, 25.493079 ], [ -100.936677, 25.492082 ], [ -100.937012, 25.492193 ], [ -100.937561, 25.492128 ], [ -100.937733, 25.492245 ], [ -100.937372, 25.492625 ], [ -100.937962, 25.493453 ], [ -100.937862, 25.493579 ], [ -100.938622, 25.494024 ], [ -100.938706, 25.493898 ], [ -100.938126, 25.493546 ], [ -100.937509, 25.492596 ], [ -100.937798, 25.492277 ], [ -100.93779, 25.492184 ], [ -100.937499, 25.492044 ], [ -100.937015, 25.492133 ], [ -100.936726, 25.492033 ], [ -100.936926, 25.491595 ], [ -100.937688, 25.489031 ], [ -100.938823, 25.489495 ], [ -100.940367, 25.490609 ], [ -100.939821, 25.492604 ], [ -100.939551, 25.492743 ], [ -100.939256, 25.492661 ], [ -100.939247, 25.492714 ], [ -100.93956, 25.492797 ], [ -100.939877, 25.492626 ], [ -100.940455, 25.490668 ], [ -100.941185, 25.491176 ], [ -100.940458, 25.493725 ], [ -100.940345, 25.493852 ], [ -100.940399, 25.493908 ], [ -100.940567, 25.49393 ], [ -100.94062, 25.493867 ], [ -100.940531, 25.493734 ], [ -100.940727, 25.493053 ], [ -100.941316, 25.493423 ], [ -100.941369, 25.493588 ], [ -100.941488, 25.493608 ], [ -100.941576, 25.493517 ], [ -100.941515, 25.49337 ], [ -100.941378, 25.493357 ], [ -100.940779, 25.492956 ], [ -100.941281, 25.491245 ], [ -100.942546, 25.492147 ], [ -100.945273, 25.494299 ], [ -100.944045, 25.495415 ], [ -100.943348, 25.496307 ], [ -100.942931, 25.497184 ], [ -100.942845, 25.498015 ] ] ] } },
{ "type": "Feature", "properties": { "INTENSIDAD": "Bajo", "PUNTAJE": 25, "TITULO": "Riesgo por Inundaciones Pluviales", "FENOMENO": "Hidrometeorológico", "FUENTE": "IMPLAN Saltillo — CARTO SALTILLO, Atlas de Riesgos 2024", "FECHA": "2024" }, "geometry": { "type": "Polygon", "coordinates": [ [ [ -100.947925, 25.49787 ], [ -100.948408, 25.497126 ], [ -100.949436, 25.497705 ], [ -100.94895, 25.498414 ], [ -100.947925, 25.49787 ] ] ] } },
{ "type": "Feature", "properties": { "INTENSIDAD": "Bajo", "PUNTAJE": 25, "TITULO": "Riesgo por Inundaciones Pluviales", "FENOMENO": "Hidrometeorológico", "FUENTE": "IMPLAN Saltillo — CARTO SALTILLO, Atlas de Riesgos 2024", "FECHA": "2024" }, "geometry": { "type": "Polygon", "coordinates": [ [ [ -100.948713, 25.496625 ], [ -100.950826, 25.497909 ], [ -100.950643, 25.49801 ], [ -100.950383, 25.497876 ], [ -100.950099, 25.497915 ], [ -100.949765, 25.498325 ], [ -100.951346, 25.499227 ], [ -100.951066, 25.499549 ], [ -100.949019, 25.498458 ], [ -100.94954, 25.497716 ], [ -100.950288, 25.49773 ], [ -100.950222, 25.497646 ], [ -100.949423, 25.497612 ], [ -100.948451, 25.497057 ], [ -100.948713, 25.496625 ] ] ] } },
{ "type": "Feature", "properties": { "INTENSIDAD": "Bajo", "PUNTAJE": 25, "TITULO": "Riesgo por Inundaciones Pluviales", "FENOMENO": "Hidrometeorológico", "FUENTE": "IMPLAN Saltillo — CARTO SALTILLO, Atlas de Riesgos 2024", "FECHA": "2024" }, "geometry": { "type": "Polygon", "coordinates": [ [ [ -100.944307, 25.497495 ], [ -100.94425, 25.498257 ], [ -100.943884, 25.49918 ], [ -100.943317, 25.498904 ], [ -100.943579, 25.498319 ], [ -100.943665, 25.497414 ], [ -100.943779, 25.497176 ], [ -100.944307, 25.497495 ] ] ] } },
{ "type": "Feature", "properties": { "INTENSIDAD": "Bajo", "PUNTAJE": 25, "TITULO": "Riesgo por Inundaciones Pluviales", "FENOMENO": "Hidrometeorológico", "FUENTE": "IMPLAN Saltillo — CARTO SALTILLO, Atlas de Riesgos 2024", "FECHA": "2024" }, "geometry": { "type": "Polygon", "coordinates": [ [ [ -100.943405, 25.498176 ], [ -100.943108, 25.498814 ], [ -100.942724, 25.499379 ], [ -100.942852, 25.499461 ], [ -100.942941, 25.499356 ], [ -100.94415, 25.499357 ], [ -100.94415, 25.499588 ], [ -100.942399, 25.499656 ], [ -100.943046, 25.498242 ], [ -100.943118, 25.497457 ], [ -100.94331, 25.496901 ], [ -100.943655, 25.497 ], [ -100.943436, 25.497481 ], [ -100.943405, 25.498176 ] ] ] } },
{ "type": "Feature", "properties": { "INTENSIDAD": "Bajo", "PUNTAJE": 25, "TITULO": "Riesgo por Inundaciones Pluviales", "FENOMENO": "Hidrometeorológico", "FUENTE": "IMPLAN Saltillo — CARTO SALTILLO, Atlas de Riesgos 2024", "FECHA": "2024" }, "geometry": { "type": "Polygon", "coordinates": [ [ [ -100.940851, 25.497317 ], [ -100.940656, 25.497344 ], [ -100.940706, 25.497539 ], [ -100.940242, 25.498986 ], [ -100.941842, 25.499291 ], [ -100.941774, 25.499533 ], [ -100.939987, 25.499132 ], [ -100.940583, 25.497025 ], [ -100.942824, 25.498051 ], [ -100.942575, 25.498175 ], [ -100.940918, 25.497428 ], [ -100.940851, 25.497317 ] ] ] } },
{ "type": "Feature", "properties": { "INTENSIDAD": "Bajo", "PUNTAJE": 25, "TITULO": "Riesgo por Inundaciones Pluviales", "FENOMENO": "Hidrometeorológico", "FUENTE": "IMPLAN Saltillo — CARTO SALTILLO, Atlas de Riesgos 2024", "FECHA": "2024" }, "geometry": { "type": "Polygon", "coordinates": [ [ [ -100.941122, 25.498925 ], [ -100.940594, 25.498792 ], [ -100.940992, 25.497974 ], [ -100.941175, 25.497776 ], [ -100.941584, 25.498017 ], [ -100.941122, 25.498925 ] ] ] } },
{ "type": "Feature", "properties": { "INTENSIDAD": "Bajo", "PUNTAJE": 25, "TITULO": "Riesgo por Inundaciones Pluviales", "FENOMENO": "Hidrometeorológico", "FUENTE": "IMPLAN Saltillo — CARTO SALTILLO, Atlas de Riesgos 2024", "FECHA": "2024" }, "geometry": { "type": "Polygon", "coordinates": [ [ [ -100.945979, 25.499302 ], [ -100.946225, 25.498819 ], [ -100.946336, 25.497066 ], [ -100.947787, 25.497912 ], [ -100.946868, 25.499233 ], [ -100.946522, 25.499879 ], [ -100.945925, 25.499597 ], [ -100.945979, 25.499302 ] ] ] } },
{ "type": "Feature", "properties": { "INTENSIDAD": "Bajo", "PUNTAJE": 25, "TITULO": "Riesgo por Inundaciones Pluviales", "FENOMENO": "Hidrometeorológico", "FUENTE": "IMPLAN Saltillo — CARTO SALTILLO, Atlas de Riesgos 2024", "FECHA": "2024" }, "geometry": { "type": "Polygon", "coordinates": [ [ [ -100.942242, 25.498292 ], [ -100.941756, 25.49911 ], [ -100.941325, 25.498955 ], [ -100.941803, 25.498081 ], [ -100.942242, 25.498292 ] ] ] } },
{ "type": "Feature", "properties": { "INTENSIDAD": "Bajo", "PUNTAJE": 25, "TITULO": "Riesgo por Inundaciones Pluviales", "FENOMENO": "Hidrometeorológico", "FUENTE": "IMPLAN Saltillo — CARTO SALTILLO, Atlas de Riesgos 2024", "FECHA": "2024" }, "geometry": { "type": "Polygon", "coordinates": [ [ [ -100.950339, 25.499267 ], [ -100.949832, 25.499986 ], [ -100.947407, 25.498706 ], [ -100.94788, 25.497947 ], [ -100.950339, 25.499267 ] ] ] } },
{ "type": "Feature", "properties": { "INTENSIDAD": "Bajo", "PUNTAJE": 25, "TITULO": "Riesgo por Inundaciones Pluviales", "FENOMENO": "Hidrometeorológico", "FUENTE": "IMPLAN Saltillo — CARTO SALTILLO, Atlas de Riesgos 2024", "FECHA": "2024" }, "geometry": { "type": "Polygon", "coordinates": [ [ [ -100.943089, 25.499261 ], [ -100.94298, 25.49917 ], [ -100.943151, 25.498937 ], [ -100.9437, 25.499229 ], [ -100.943089, 25.499261 ] ] ] } },
{ "type": "Feature", "properties": { "INTENSIDAD": "Bajo", "PUNTAJE": 25, "TITULO": "Riesgo por Inundaciones Pluviales", "FENOMENO": "Hidrometeorológico", "FUENTE": "IMPLAN Saltillo — CARTO SALTILLO, Atlas de Riesgos 2024", "FECHA": "2024" }, "geometry": { "type": "Polygon", "coordinates": [ [ [ -100.941835, 25.499794 ], [ -100.942093, 25.499021 ], [ -100.942445, 25.4984 ], [ -100.942557, 25.498678 ], [ -100.942153, 25.499622 ], [ -100.941835, 25.499794 ] ] ] } },
{ "type": "Feature", "properties": { "INTENSIDAD": "Bajo", "PUNTAJE": 25, "TITULO": "Riesgo por Inundaciones Pluviales", "FENOMENO": "Hidrometeorológico", "FUENTE": "IMPLAN Saltillo — CARTO SALTILLO, Atlas de Riesgos 2024", "FECHA": "2024" }, "geometry": { "type": "Polygon", "coordinates": [ [ [ -100.949763, 25.50003 ], [ -100.948506, 25.500389 ], [ -100.946825, 25.499473 ], [ -100.947372, 25.498794 ], [ -100.949763, 25.50003 ] ] ] } },
{ "type": "Feature", "properties": { "INTENSIDAD": "Bajo", "PUNTAJE": 25, "TITULO": "Riesgo por Inundaciones Pluviales", "FENOMENO": "Hidrometeorológico", "FUENTE": "IMPLAN Saltillo — CARTO SALTILLO, Atlas de Riesgos 2024", "FECHA": "2024" }, "geometry": { "type": "Polygon", "coordinates": [ [ [ -100.946391, 25.499914 ], [ -100.946436, 25.50002 ], [ -100.946208, 25.500423 ], [ -100.945942, 25.499712 ], [ -100.946391, 25.499914 ] ] ] } },
{ "type": "Feature", "properties": { "INTENSIDAD": "Bajo", "PUNTAJE": 25, "TITULO": "Riesgo por Inundaciones Pluviales", "FENOMENO": "Hidrometeorológico", "FUENTE": "IMPLAN Saltillo — CARTO SALTILLO, Atlas de Riesgos 2024", "FECHA": "2024" }, "geometry": { "type": "Polygon", "coordinates": [ [ [ -100.946809, 25.49955 ], [ -100.948519, 25.500467 ], [ -100.951002, 25.499743 ], [ -100.951432, 25.499273 ], [ -100.951816, 25.499553 ], [ -100.951255, 25.500143 ], [ -100.948458, 25.501146 ], [ -100.946999, 25.500202 ], [ -100.946304, 25.501507 ], [ -100.945939, 25.501242 ], [ -100.94625, 25.500523 ], [ -100.946809, 25.49955 ] ] ] } },
{ "type": "Feature", "properties": { "INTENSIDAD": "Bajo", "PUNTAJE": 25, "TITULO": "Riesgo por Inundaciones Pluviales", "FENOMENO": "Hidrometeorológico", "FUENTE": "IMPLAN Saltillo — CARTO SALTILLO, Atlas de Riesgos 2024", "FECHA": "2024" }, "geometry": { "type": "Polygon", "coordinates": [ [ [ -100.947598, 25.503341 ], [ -100.948098, 25.502598 ], [ -100.948332, 25.502383 ], [ -100.948632, 25.502253 ], [ -100.948995, 25.502276 ], [ -100.949012, 25.502339 ], [ -100.948005, 25.503611 ], [ -100.947598, 25.503341 ] ] ] } },
{ "type": "Feature", "properties": { "INTENSIDAD": "Bajo", "PUNTAJE": 25, "TITULO": "Riesgo por Inundaciones Pluviales", "FENOMENO": "Hidrometeorológico", "FUENTE": "IMPLAN Saltillo — CARTO SALTILLO, Atlas de Riesgos 2024", "FECHA": "2024" }, "geometry": { "type": "Polygon", "coordinates": [ [ [ -100.947575, 25.504126 ], [ -100.947137, 25.50389 ], [ -100.947503, 25.503415 ], [ -100.947943, 25.503674 ], [ -100.947575, 25.504126 ] ] ] } },
{ "type": "Feature", "properties": { "INTENSIDAD": "Bajo", "PUNTAJE": 25, "TITULO": "Riesgo por Inundaciones Pluviales", "FENOMENO": "Hidrometeorológico", "FUENTE": "IMPLAN Saltillo — CARTO SALTILLO, Atlas de Riesgos 2024", "FECHA": "2024" }, "geometry": { "type": "Polygon", "coordinates": [ [ [ -100.933403, 25.418245 ], [ -100.933966, 25.419967 ], [ -100.93366, 25.420052 ], [ -100.933522, 25.419624 ], [ -100.933398, 25.419652 ], [ -100.93357, 25.42018 ], [ -100.934001, 25.420073 ], [ -100.934521, 25.421666 ], [ -100.934162, 25.421757 ], [ -100.934179, 25.421807 ], [ -100.934538, 25.421716 ], [ -100.934569, 25.42181 ], [ -100.933894, 25.421987 ], [ -100.933314, 25.4202 ], [ -100.933468, 25.420158 ], [ -100.933445, 25.420099 ], [ -100.933285, 25.420137 ], [ -100.932724, 25.41839 ], [ -100.933403, 25.418245 ] ] ] } },
{ "type": "Feature", "properties": { "INTENSIDAD": "Bajo", "PUNTAJE": 25, "TITULO": "Riesgo por Inundaciones Pluviales", "FENOMENO": "Hidrometeorológico", "FUENTE": "IMPLAN Saltillo — CARTO SALTILLO, Atlas de Riesgos 2024", "FECHA": "2024" }, "geometry": { "type": "Polygon", "coordinates": [ [ [ -100.923508, 25.42861 ], [ -100.922603, 25.428852 ], [ -100.922949, 25.429921 ], [ -100.922576, 25.430017 ], [ -100.922204, 25.428867 ], [ -100.922615, 25.428673 ], [ -100.923689, 25.428387 ], [ -100.924634, 25.431417 ], [ -100.923521, 25.431546 ], [ -100.923501, 25.431405 ], [ -100.924355, 25.431273 ], [ -100.924009, 25.430153 ], [ -100.922726, 25.430468 ], [ -100.922608, 25.430104 ], [ -100.923891, 25.429789 ], [ -100.923508, 25.42861 ] ] ] } },
{ "type": "Feature", "properties": { "INTENSIDAD": "Bajo", "PUNTAJE": 25, "TITULO": "Riesgo por Inundaciones Pluviales", "FENOMENO": "Hidrometeorológico", "FUENTE": "IMPLAN Saltillo — CARTO SALTILLO, Atlas de Riesgos 2024", "FECHA": "2024" }, "geometry": { "type": "Polygon", "coordinates": [ [ [ -100.923102, 25.436285 ], [ -100.922394, 25.436264 ], [ -100.922348, 25.436335 ], [ -100.922472, 25.436422 ], [ -100.922465, 25.437567 ], [ -100.922555, 25.437572 ], [ -100.922582, 25.437413 ], [ -100.923242, 25.437282 ], [ -100.923468, 25.437602 ], [ -100.922592, 25.437762 ], [ -100.92253, 25.437625 ], [ -100.922403, 25.437643 ], [ -100.922391, 25.43848 ], [ -100.922488, 25.438495 ], [ -100.922528, 25.438333 ], [ -100.923158, 25.438226 ], [ -100.923098, 25.43859 ], [ -100.922515, 25.438674 ], [ -100.922487, 25.438535 ], [ -100.92237, 25.438529 ], [ -100.922322, 25.439318 ], [ -100.922418, 25.439385 ], [ -100.922488, 25.439218 ], [ -100.923242, 25.439112 ], [ -100.923482, 25.439343 ], [ -100.923202, 25.439539 ], [ -100.923101, 25.439481 ], [ -100.922469, 25.439563 ], [ -100.922465, 25.439449 ], [ -100.922326, 25.439423 ], [ -100.922254, 25.440682 ], [ -100.922333, 25.440761 ], [ -100.922089, 25.440798 ], [ -100.922276, 25.436073 ], [ -100.923319, 25.436126 ], [ -100.923222, 25.437078 ], [ -100.923074, 25.436913 ], [ -100.923106, 25.436428 ], [ -100.923236, 25.436388 ], [ -100.923102, 25.436285 ] ] ] } },
{ "type": "Feature", "properties": { "INTENSIDAD": "Bajo", "PUNTAJE": 25, "TITULO": "Riesgo por Inundaciones Pluviales", "FENOMENO": "Hidrometeorológico", "FUENTE": "IMPLAN Saltillo — CARTO SALTILLO, Atlas de Riesgos 2024", "FECHA": "2024" }, "geometry": { "type": "Polygon", "coordinates": [ [ [ -100.923772, 25.438784 ], [ -100.923489, 25.438956 ], [ -100.923231, 25.438642 ], [ -100.923373, 25.438339 ], [ -100.923743, 25.43859 ], [ -100.923711, 25.43843 ], [ -100.924156, 25.43814 ], [ -100.924179, 25.438044 ], [ -100.924478, 25.438435 ], [ -100.924357, 25.438415 ], [ -100.923894, 25.438702 ], [ -100.923739, 25.438623 ], [ -100.923772, 25.438784 ] ] ] } },
{ "type": "Feature", "properties": { "INTENSIDAD": "Bajo", "PUNTAJE": 25, "TITULO": "Riesgo por Inundaciones Pluviales", "FENOMENO": "Hidrometeorológico", "FUENTE": "IMPLAN Saltillo — CARTO SALTILLO, Atlas de Riesgos 2024", "FECHA": "2024" }, "geometry": { "type": "Polygon", "coordinates": [ [ [ -100.923105, 25.438682 ], [ -100.923296, 25.438891 ], [ -100.923281, 25.438991 ], [ -100.922891, 25.439068 ], [ -100.922841, 25.438725 ], [ -100.923105, 25.438682 ] ] ] } },
{ "type": "Feature", "properties": { "INTENSIDAD": "Bajo", "PUNTAJE": 25, "TITULO": "Riesgo por Inundaciones Pluviales", "FENOMENO": "Hidrometeorológico", "FUENTE": "IMPLAN Saltillo — CARTO SALTILLO, Atlas de Riesgos 2024", "FECHA": "2024" }, "geometry": { "type": "Polygon", "coordinates": [ [ [ -100.927168, 25.440992 ], [ -100.927272, 25.440172 ], [ -100.927203, 25.439574 ], [ -100.928078, 25.439443 ], [ -100.92821, 25.440655 ], [ -100.928401, 25.440653 ], [ -100.928272, 25.439417 ], [ -100.929419, 25.439279 ], [ -100.929617, 25.441117 ], [ -100.930415, 25.441486 ], [ -100.931972, 25.441297 ], [ -100.931246, 25.435918 ], [ -100.930478, 25.436346 ], [ -100.930773, 25.438909 ], [ -100.929603, 25.439054 ], [ -100.929356, 25.437083 ], [ -100.929177, 25.437232 ], [ -100.929398, 25.439057 ], [ -100.92825, 25.439193 ], [ -100.928099, 25.438108 ], [ -100.92792, 25.437979 ], [ -100.927857, 25.438028 ], [ -100.928009, 25.43922 ], [ -100.927238, 25.439292 ], [ -100.926814, 25.438579 ], [ -100.930817, 25.436076 ], [ -100.932224, 25.435445 ], [ -100.932399, 25.435726 ], [ -100.932329, 25.436762 ], [ -100.932419, 25.436767 ], [ -100.932485, 25.435837 ], [ -100.933138, 25.436828 ], [ -100.932567, 25.436841 ], [ -100.932625, 25.441049 ], [ -100.931622, 25.442431 ], [ -100.93022, 25.442462 ], [ -100.929443, 25.442332 ], [ -100.927168, 25.440992 ] ] ] } },
{ "type": "Feature", "properties": { "INTENSIDAD": "Bajo", "PUNTAJE": 25, "TITULO": "Riesgo por Inundaciones Pluviales", "FENOMENO": "Hidrometeorológico", "FUENTE": "IMPLAN Saltillo — CARTO SALTILLO, Atlas de Riesgos 2024", "FECHA": "2024" }, "geometry": { "type": "Polygon", "coordinates": [ [ [ -100.925192, 25.439375 ], [ -100.925018, 25.439485 ], [ -100.925027, 25.43941 ], [ -100.924398, 25.438611 ], [ -100.924488, 25.438448 ], [ -100.925192, 25.439375 ] ] ] } },
{ "type": "Feature", "properties": { "INTENSIDAD": "Bajo", "PUNTAJE": 25, "TITULO": "Riesgo por Inundaciones Pluviales", "FENOMENO": "Hidrometeorológico", "FUENTE": "IMPLAN Saltillo — CARTO SALTILLO, Atlas de Riesgos 2024", "FECHA": "2024" }, "geometry": { "type": "Polygon", "coordinates": [ [ [ -100.935115, 25.43948 ], [ -100.934143, 25.438006 ], [ -100.933054, 25.437053 ], [ -100.932653, 25.437045 ], [ -100.932643, 25.436862 ], [ -100.933162, 25.436853 ], [ -100.934222, 25.437795 ], [ -100.935425, 25.439467 ], [ -100.933526, 25.441173 ], [ -100.932676, 25.441214 ], [ -100.932729, 25.441021 ], [ -100.93339, 25.44101 ], [ -100.933521, 25.440936 ], [ -100.935115, 25.43948 ] ] ] } },
{ "type": "Feature", "properties": { "INTENSIDAD": "Bajo", "PUNTAJE": 25, "TITULO": "Riesgo por Inundaciones Pluviales", "FENOMENO": "Hidrometeorológico", "FUENTE": "IMPLAN Saltillo — CARTO SALTILLO, Atlas de Riesgos 2024", "FECHA": "2024" }, "geometry": { "type": "Polygon", "coordinates": [ [ [ -100.92461, 25.439657 ], [ -100.923997, 25.438861 ], [ -100.924297, 25.438661 ], [ -100.924918, 25.439483 ], [ -100.924997, 25.439498 ], [ -100.924598, 25.43973 ], [ -100.92461, 25.439657 ] ] ] } },
{ "type": "Feature", "properties": { "INTENSIDAD": "Bajo", "PUNTAJE": 25, "TITULO": "Riesgo por Inundaciones Pluviales", "FENOMENO": "Hidrometeorológico", "FUENTE": "IMPLAN Saltillo — CARTO SALTILLO, Atlas de Riesgos 2024", "FECHA": "2024" }, "geometry": { "type": "Polygon", "coordinates": [ [ [ -100.923906, 25.438929 ], [ -100.924586, 25.439737 ], [ -100.924226, 25.439944 ], [ -100.923604, 25.43911 ], [ -100.923906, 25.438929 ] ] ] } },
{ "type": "Feature", "properties": { "INTENSIDAD": "Bajo", "PUNTAJE": 25, "TITULO": "Riesgo por Inundaciones Pluviales", "FENOMENO": "Hidrometeorológico", "FUENTE": "IMPLAN Saltillo — CARTO SALTILLO, Atlas de Riesgos 2024", "FECHA": "2024" }, "geometry": { "type": "Polygon", "coordinates": [ [ [ -100.922415, 25.439686 ], [ -100.922977, 25.439596 ], [ -100.923032, 25.439921 ], [ -100.922435, 25.440012 ], [ -100.922415, 25.439686 ] ] ] } },
{ "type": "Feature", "properties": { "INTENSIDAD": "Bajo", "PUNTAJE": 25, "TITULO": "Riesgo por Inundaciones Pluviales", "FENOMENO": "Hidrometeorológico", "FUENTE": "IMPLAN Saltillo — CARTO SALTILLO, Atlas de Riesgos 2024", "FECHA": "2024" }, "geometry": { "type": "Polygon", "coordinates": [ [ [ -100.923687, 25.44033 ], [ -100.923688, 25.440221 ], [ -100.923295, 25.439665 ], [ -100.923588, 25.439491 ], [ -100.924052, 25.440076 ], [ -100.923687, 25.44033 ] ] ] } },
{ "type": "Feature", "properties": { "INTENSIDAD": "Bajo", "PUNTAJE": 25, "TITULO": "Riesgo por Inundaciones Pluviales", "FENOMENO": "Hidrometeorológico", "FUENTE": "IMPLAN Saltillo — CARTO SALTILLO, Atlas de Riesgos 2024", "FECHA": "2024" }, "geometry": { "type": "Polygon", "coordinates": [ [ [ -100.92313, 25.439666 ], [ -100.923496, 25.440119 ], [ -100.923245, 25.440294 ], [ -100.92313, 25.439666 ] ] ] } },
{ "type": "Feature", "properties": { "INTENSIDAD": "Bajo", "PUNTAJE": 25, "TITULO": "Riesgo por Inundaciones Pluviales", "FENOMENO": "Hidrometeorológico", "FUENTE": "IMPLAN Saltillo — CARTO SALTILLO, Atlas de Riesgos 2024", "FECHA": "2024" }, "geometry": { "type": "Polygon", "coordinates": [ [ [ -100.92241, 25.440138 ], [ -100.923066, 25.440042 ], [ -100.923132, 25.440354 ], [ -100.922407, 25.440466 ], [ -100.92241, 25.440138 ] ] ] } },
{ "type": "Feature", "properties": { "INTENSIDAD": "Bajo", "PUNTAJE": 25, "TITULO": "Riesgo por Inundaciones Pluviales", "FENOMENO": "Hidrometeorológico", "FUENTE": "IMPLAN Saltillo — CARTO SALTILLO, Atlas de Riesgos 2024", "FECHA": "2024" }, "geometry": { "type": "Polygon", "coordinates": [ [ [ -100.923665, 25.440326 ], [ -100.923302, 25.440613 ], [ -100.922355, 25.440754 ], [ -100.922414, 25.440579 ], [ -100.923218, 25.440459 ], [ -100.923535, 25.440263 ], [ -100.923665, 25.440326 ] ] ] } },
{ "type": "Feature", "properties": { "INTENSIDAD": "Bajo", "PUNTAJE": 25, "TITULO": "Riesgo por Inundaciones Pluviales", "FENOMENO": "Hidrometeorológico", "FUENTE": "IMPLAN Saltillo — CARTO SALTILLO, Atlas de Riesgos 2024", "FECHA": "2024" }, "geometry": { "type": "Polygon", "coordinates": [ [ [ -100.923378, 25.443237 ], [ -100.923098, 25.443229 ], [ -100.923167, 25.441275 ], [ -100.92323, 25.441063 ], [ -100.923397, 25.440907 ], [ -100.923915, 25.440781 ], [ -100.923856, 25.441782 ], [ -100.923443, 25.441804 ], [ -100.923378, 25.443237 ] ] ] } },
{ "type": "Feature", "properties": { "INTENSIDAD": "Bajo", "PUNTAJE": 25, "TITULO": "Riesgo por Inundaciones Pluviales", "FENOMENO": "Hidrometeorológico", "FUENTE": "IMPLAN Saltillo — CARTO SALTILLO, Atlas de Riesgos 2024", "FECHA": "2024" }, "geometry": { "type": "Polygon", "coordinates": [ [ [ -100.924149, 25.442513 ], [ -100.9242, 25.442586 ], [ -100.924168, 25.443771 ], [ -100.924317, 25.443775 ], [ -100.924369, 25.440698 ], [ -100.925632, 25.440673 ], [ -100.925536, 25.441148 ], [ -100.925194, 25.441494 ], [ -100.924516, 25.441485 ], [ -100.924512, 25.441554 ], [ -100.925201, 25.441562 ], [ -100.925316, 25.442192 ], [ -100.925237, 25.442459 ], [ -100.924485, 25.442451 ], [ -100.924484, 25.442532 ], [ -100.925208, 25.442573 ], [ -100.925006, 25.44319 ], [ -100.924517, 25.443182 ], [ -100.92451, 25.442928 ], [ -100.924433, 25.442936 ], [ -100.924453, 25.444165 ], [ -100.923899, 25.444173 ], [ -100.923908, 25.442071 ], [ -100.924002, 25.440774 ], [ -100.92424, 25.440719 ], [ -100.924149, 25.442513 ] ] ] } },
{ "type": "Feature", "properties": { "INTENSIDAD": "Bajo", "PUNTAJE": 25, "TITULO": "Riesgo por Inundaciones Pluviales", "FENOMENO": "Hidrometeorológico", "FUENTE": "IMPLAN Saltillo — CARTO SALTILLO, Atlas de Riesgos 2024", "FECHA": "2024" }, "geometry": { "type": "Polygon", "coordinates": [ [ [ -100.923825, 25.441907 ], [ -100.923816, 25.443252 ], [ -100.923441, 25.443232 ], [ -100.923477, 25.441903 ], [ -100.923825, 25.441907 ] ] ] } },
{ "type": "Feature", "properties": { "INTENSIDAD": "Bajo", "PUNTAJE": 25, "TITULO": "Riesgo por Inundaciones Pluviales", "FENOMENO": "Hidrometeorológico", "FUENTE": "IMPLAN Saltillo — CARTO SALTILLO, Atlas de Riesgos 2024", "FECHA": "2024" }, "geometry": { "type": "Polygon", "coordinates": [ [ [ -100.926034, 25.440874 ], [ -100.925944, 25.44103 ], [ -100.925987, 25.441307 ], [ -100.926397, 25.441623 ], [ -100.926073, 25.441892 ], [ -100.926112, 25.442321 ], [ -100.92619, 25.44262 ], [ -100.926484, 25.442636 ], [ -100.926509, 25.442963 ], [ -100.926299, 25.442975 ], [ -100.926742, 25.445204 ], [ -100.924345, 25.445881 ], [ -100.923903, 25.445361 ], [ -100.926296, 25.444946 ], [ -100.92601, 25.44323 ], [ -100.925866, 25.443191 ], [ -100.925882, 25.442788 ], [ -100.925722, 25.442809 ], [ -100.925748, 25.443222 ], [ -100.925143, 25.44321 ], [ -100.925393, 25.442426 ], [ -100.925585, 25.442426 ], [ -100.925583, 25.442332 ], [ -100.925406, 25.442329 ], [ -100.925307, 25.441522 ], [ -100.925626, 25.441196 ], [ -100.925714, 25.440683 ], [ -100.926104, 25.440752 ], [ -100.925824, 25.44096 ], [ -100.925778, 25.441399 ], [ -100.925892, 25.442323 ], [ -100.925873, 25.440971 ], [ -100.926034, 25.440874 ] ] ] } },
{ "type": "Feature", "properties": { "INTENSIDAD": "Bajo", "PUNTAJE": 25, "TITULO": "Riesgo por Inundaciones Pluviales", "FENOMENO": "Hidrometeorológico", "FUENTE": "IMPLAN Saltillo — CARTO SALTILLO, Atlas de Riesgos 2024", "FECHA": "2024" }, "geometry": { "type": "Polygon", "coordinates": [ [ [ -100.931532, 25.44431 ], [ -100.931419, 25.444099 ], [ -100.931621, 25.443289 ], [ -100.932152, 25.443319 ], [ -100.931894, 25.444297 ], [ -100.931956, 25.444306 ], [ -100.932215, 25.443355 ], [ -100.932643, 25.443622 ], [ -100.932804, 25.443962 ], [ -100.934218, 25.444989 ], [ -100.934852, 25.4455 ], [ -100.934914, 25.445625 ], [ -100.934875, 25.4458 ], [ -100.934546, 25.446117 ], [ -100.934583, 25.446262 ], [ -100.93385, 25.446037 ], [ -100.933831, 25.446088 ], [ -100.934633, 25.446335 ], [ -100.935611, 25.447388 ], [ -100.93359, 25.447365 ], [ -100.932952, 25.44754 ], [ -100.932605, 25.447496 ], [ -100.932454, 25.447304 ], [ -100.932375, 25.447332 ], [ -100.93252, 25.447513 ], [ -100.931923, 25.447647 ], [ -100.931597, 25.447239 ], [ -100.930628, 25.446346 ], [ -100.93116, 25.44517 ], [ -100.932226, 25.445622 ], [ -100.932258, 25.445564 ], [ -100.932279, 25.445507 ], [ -100.931211, 25.445058 ], [ -100.931532, 25.44431 ] ] ] } },
{ "type": "Feature", "properties": { "INTENSIDAD": "Bajo", "PUNTAJE": 25, "TITULO": "Riesgo por Inundaciones Pluviales", "FENOMENO": "Hidrometeorológico", "FUENTE": "IMPLAN Saltillo — CARTO SALTILLO, Atlas de Riesgos 2024", "FECHA": "2024" }, "geometry": { "type": "Polygon", "coordinates": [ [ [ -100.937342, 25.446602 ], [ -100.937918, 25.446138 ], [ -100.937873, 25.446097 ], [ -100.937296, 25.446557 ], [ -100.935422, 25.444863 ], [ -100.935603, 25.444493 ], [ -100.935827, 25.444276 ], [ -100.936084, 25.444274 ], [ -100.936881, 25.444586 ], [ -100.937545, 25.444683 ], [ -100.937365, 25.445098 ], [ -100.937431, 25.445121 ], [ -100.937631, 25.444677 ], [ -100.93835, 25.444599 ], [ -100.938463, 25.445084 ], [ -100.938059, 25.445144 ], [ -100.938098, 25.445406 ], [ -100.938611, 25.445345 ], [ -100.93843, 25.444585 ], [ -100.938934, 25.444513 ], [ -100.938816, 25.44464 ], [ -100.938803, 25.445449 ], [ -100.938225, 25.446112 ], [ -100.938168, 25.446638 ], [ -100.937666, 25.446888 ], [ -100.937342, 25.446602 ] ] ] } },
{ "type": "Feature", "properties": { "INTENSIDAD": "Bajo", "PUNTAJE": 25, "TITULO": "Riesgo por Inundaciones Pluviales", "FENOMENO": "Hidrometeorológico", "FUENTE": "IMPLAN Saltillo — CARTO SALTILLO, Atlas de Riesgos 2024", "FECHA": "2024" }, "geometry": { "type": "Polygon", "coordinates": [ [ [ -100.934611, 25.446222 ], [ -100.934606, 25.44613 ], [ -100.934911, 25.445843 ], [ -100.935409, 25.444938 ], [ -100.936287, 25.445711 ], [ -100.93589, 25.445946 ], [ -100.937199, 25.447112 ], [ -100.936355, 25.447526 ], [ -100.935783, 25.447437 ], [ -100.934611, 25.446222 ] ] ] } },
{ "type": "Feature", "properties": { "INTENSIDAD": "Bajo", "PUNTAJE": 25, "TITULO": "Riesgo por Inundaciones Pluviales", "FENOMENO": "Hidrometeorológico", "FUENTE": "IMPLAN Saltillo — CARTO SALTILLO, Atlas de Riesgos 2024", "FECHA": "2024" }, "geometry": { "type": "Polygon", "coordinates": [ [ [ -100.937572, 25.446912 ], [ -100.937227, 25.447082 ], [ -100.935961, 25.445957 ], [ -100.936323, 25.445742 ], [ -100.937572, 25.446912 ] ] ] } },
{ "type": "Feature", "properties": { "INTENSIDAD": "Bajo", "PUNTAJE": 25, "TITULO": "Riesgo por Inundaciones Pluviales", "FENOMENO": "Hidrometeorológico", "FUENTE": "IMPLAN Saltillo — CARTO SALTILLO, Atlas de Riesgos 2024", "FECHA": "2024" }, "geometry": { "type": "Polygon", "coordinates": [ [ [ -100.939067, 25.449636 ], [ -100.937214, 25.448414 ], [ -100.936339, 25.447633 ], [ -100.936847, 25.447388 ], [ -100.938131, 25.448566 ], [ -100.938179, 25.448534 ], [ -100.9369, 25.44735 ], [ -100.937842, 25.446869 ], [ -100.940259, 25.449694 ], [ -100.940128, 25.450321 ], [ -100.939115, 25.449676 ], [ -100.93965, 25.449565 ], [ -100.939067, 25.449636 ] ] ] } },
{ "type": "Feature", "properties": { "INTENSIDAD": "Bajo", "PUNTAJE": 25, "TITULO": "Riesgo por Inundaciones Pluviales", "FENOMENO": "Hidrometeorológico", "FUENTE": "IMPLAN Saltillo — CARTO SALTILLO, Atlas de Riesgos 2024", "FECHA": "2024" }, "geometry": { "type": "Polygon", "coordinates": [ [ [ -100.930139, 25.449597 ], [ -100.930131, 25.450369 ], [ -100.928943, 25.450311 ], [ -100.928946, 25.449956 ], [ -100.929405, 25.449959 ], [ -100.929406, 25.449905 ], [ -100.928947, 25.449902 ], [ -100.928927, 25.449523 ], [ -100.928307, 25.449248 ], [ -100.928081, 25.449621 ], [ -100.928446, 25.449934 ], [ -100.928411, 25.450763 ], [ -100.928098, 25.450752 ], [ -100.928091, 25.450453 ], [ -100.92783, 25.450309 ], [ -100.928047, 25.449256 ], [ -100.92831, 25.449035 ], [ -100.928921, 25.449335 ], [ -100.930139, 25.449597 ] ] ] } },
{ "type": "Feature", "properties": { "INTENSIDAD": "Bajo", "PUNTAJE": 25, "TITULO": "Riesgo por Inundaciones Pluviales", "FENOMENO": "Hidrometeorológico", "FUENTE": "IMPLAN Saltillo — CARTO SALTILLO, Atlas de Riesgos 2024", "FECHA": "2024" }, "geometry": { "type": "Polygon", "coordinates": [ [ [ -100.937089, 25.452359 ], [ -100.937169, 25.452429 ], [ -100.937557, 25.452103 ], [ -100.937925, 25.452494 ], [ -100.937608, 25.452754 ], [ -100.936072, 25.451835 ], [ -100.93661, 25.451432 ], [ -100.936982, 25.448259 ], [ -100.937767, 25.448821 ], [ -100.937736, 25.448991 ], [ -100.937157, 25.448646 ], [ -100.93713, 25.448736 ], [ -100.937422, 25.44891 ], [ -100.937382, 25.449116 ], [ -100.936915, 25.44909 ], [ -100.936962, 25.449188 ], [ -100.937381, 25.449218 ], [ -100.93731, 25.449598 ], [ -100.936897, 25.449533 ], [ -100.936846, 25.449593 ], [ -100.936893, 25.449666 ], [ -100.93732, 25.449693 ], [ -100.937259, 25.450119 ], [ -100.936838, 25.450056 ], [ -100.936784, 25.450109 ], [ -100.936843, 25.450189 ], [ -100.937259, 25.450213 ], [ -100.937207, 25.450588 ], [ -100.936804, 25.450533 ], [ -100.936724, 25.450586 ], [ -100.936788, 25.450659 ], [ -100.937205, 25.450681 ], [ -100.937146, 25.451066 ], [ -100.936738, 25.450998 ], [ -100.936666, 25.451051 ], [ -100.936724, 25.451134 ], [ -100.93712, 25.451146 ], [ -100.937142, 25.451614 ], [ -100.93699, 25.451677 ], [ -100.936843, 25.451485 ], [ -100.936267, 25.451893 ], [ -100.936374, 25.451972 ], [ -100.9365, 25.451846 ], [ -100.936866, 25.452049 ], [ -100.93713, 25.45185 ], [ -100.937049, 25.45176 ], [ -100.937217, 25.451704 ], [ -100.937504, 25.452015 ], [ -100.937089, 25.452359 ] ] ] } },
{ "type": "Feature", "properties": { "INTENSIDAD": "Bajo", "PUNTAJE": 25, "TITULO": "Riesgo por Inundaciones Pluviales", "FENOMENO": "Hidrometeorológico", "FUENTE": "IMPLAN Saltillo — CARTO SALTILLO, Atlas de Riesgos 2024", "FECHA": "2024" }, "geometry": { "type": "Polygon", "coordinates": [ [ [ -100.938128, 25.451788 ], [ -100.93818, 25.452057 ], [ -100.938269, 25.45205 ], [ -100.938432, 25.44941 ], [ -100.937764, 25.448993 ], [ -100.937782, 25.448834 ], [ -100.938774, 25.449494 ], [ -100.938622, 25.451885 ], [ -100.938032, 25.452414 ], [ -100.937701, 25.452037 ], [ -100.937867, 25.451866 ], [ -100.938128, 25.451788 ] ] ] } },
{ "type": "Feature", "properties": { "INTENSIDAD": "Bajo", "PUNTAJE": 25, "TITULO": "Riesgo por Inundaciones Pluviales", "FENOMENO": "Hidrometeorológico", "FUENTE": "IMPLAN Saltillo — CARTO SALTILLO, Atlas de Riesgos 2024", "FECHA": "2024" }, "geometry": { "type": "Polygon", "coordinates": [ [ [ -100.935672, 25.451775 ], [ -100.936551, 25.452287 ], [ -100.936709, 25.452899 ], [ -100.936934, 25.453072 ], [ -100.935932, 25.4539 ], [ -100.935334, 25.454283 ], [ -100.934721, 25.454888 ], [ -100.93419, 25.455192 ], [ -100.933677, 25.452262 ], [ -100.933535, 25.451804 ], [ -100.93498, 25.451648 ], [ -100.934984, 25.451218 ], [ -100.934779, 25.450842 ], [ -100.934032, 25.450776 ], [ -100.93354, 25.450339 ], [ -100.933222, 25.450266 ], [ -100.933084, 25.45036 ], [ -100.932914, 25.450213 ], [ -100.932519, 25.450075 ], [ -100.932433, 25.449106 ], [ -100.932695, 25.449219 ], [ -100.932421, 25.44901 ], [ -100.932126, 25.447957 ], [ -100.931982, 25.447714 ], [ -100.932437, 25.447574 ], [ -100.932962, 25.447585 ], [ -100.933607, 25.44743 ], [ -100.933869, 25.447459 ], [ -100.933713, 25.448133 ], [ -100.933917, 25.447473 ], [ -100.934449, 25.447415 ], [ -100.934116, 25.45062 ], [ -100.934534, 25.44741 ], [ -100.934919, 25.447402 ], [ -100.93466, 25.449709 ], [ -100.934965, 25.447411 ], [ -100.935314, 25.447433 ], [ -100.935314, 25.447568 ], [ -100.935357, 25.447438 ], [ -100.936182, 25.447631 ], [ -100.936044, 25.448817 ], [ -100.935592, 25.448662 ], [ -100.936043, 25.448865 ], [ -100.935831, 25.450561 ], [ -100.935924, 25.450581 ], [ -100.936177, 25.448447 ], [ -100.936528, 25.448525 ], [ -100.936183, 25.448399 ], [ -100.936269, 25.447672 ], [ -100.936967, 25.448263 ], [ -100.936582, 25.451385 ], [ -100.936003, 25.451833 ], [ -100.937592, 25.452774 ], [ -100.937024, 25.453057 ], [ -100.936743, 25.452882 ], [ -100.936579, 25.452251 ], [ -100.935686, 25.451706 ], [ -100.935672, 25.451775 ] ] ] } },
{ "type": "Feature", "properties": { "INTENSIDAD": "Bajo", "PUNTAJE": 25, "TITULO": "Riesgo por Inundaciones Pluviales", "FENOMENO": "Hidrometeorológico", "FUENTE": "IMPLAN Saltillo — CARTO SALTILLO, Atlas de Riesgos 2024", "FECHA": "2024" }, "geometry": { "type": "Polygon", "coordinates": [ [ [ -100.930668, 25.453014 ], [ -100.930601, 25.454274 ], [ -100.92977, 25.454185 ], [ -100.929808, 25.453771 ], [ -100.930366, 25.453887 ], [ -100.930487, 25.453784 ], [ -100.930392, 25.453671 ], [ -100.930267, 25.453739 ], [ -100.929815, 25.453699 ], [ -100.929821, 25.453302 ], [ -100.930387, 25.453357 ], [ -100.930521, 25.453239 ], [ -100.930409, 25.453147 ], [ -100.930343, 25.452734 ], [ -100.929959, 25.45185 ], [ -100.929306, 25.451775 ], [ -100.929247, 25.45183 ], [ -100.929299, 25.451896 ], [ -100.929843, 25.451915 ], [ -100.929812, 25.452257 ], [ -100.929299, 25.452232 ], [ -100.929208, 25.452167 ], [ -100.929087, 25.452217 ], [ -100.929168, 25.452362 ], [ -100.929797, 25.452332 ], [ -100.929782, 25.452754 ], [ -100.929034, 25.452701 ], [ -100.928774, 25.452493 ], [ -100.928754, 25.452378 ], [ -100.928581, 25.452355 ], [ -100.928934, 25.452169 ], [ -100.929184, 25.451699 ], [ -100.930221, 25.451816 ], [ -100.930569, 25.452578 ], [ -100.930668, 25.453014 ] ] ] } },
{ "type": "Feature", "properties": { "INTENSIDAD": "Bajo", "PUNTAJE": 25, "TITULO": "Riesgo por Inundaciones Pluviales", "FENOMENO": "Hidrometeorológico", "FUENTE": "IMPLAN Saltillo — CARTO SALTILLO, Atlas de Riesgos 2024", "FECHA": "2024" }, "geometry": { "type": "Polygon", "coordinates": [ [ [ -100.924873, 25.454437 ], [ -100.925787, 25.454775 ], [ -100.926055, 25.454576 ], [ -100.926264, 25.454723 ], [ -100.926062, 25.454929 ], [ -100.925788, 25.455003 ], [ -100.925455, 25.454949 ], [ -100.924671, 25.454551 ], [ -100.92482, 25.454067 ], [ -100.925325, 25.454298 ], [ -100.925218, 25.45452 ], [ -100.924898, 25.454387 ], [ -100.924873, 25.454437 ] ] ] } },
{ "type": "Feature", "properties": { "INTENSIDAD": "Bajo", "PUNTAJE": 25, "TITULO": "Riesgo por Inundaciones Pluviales", "FENOMENO": "Hidrometeorológico", "FUENTE": "IMPLAN Saltillo — CARTO SALTILLO, Atlas de Riesgos 2024", "FECHA": "2024" }, "geometry": { "type": "Polygon", "coordinates": [ [ [ -100.928555, 25.455147 ], [ -100.92752, 25.454636 ], [ -100.927697, 25.453828 ], [ -100.927297, 25.453742 ], [ -100.926979, 25.453576 ], [ -100.92671, 25.454207 ], [ -100.92672, 25.45442 ], [ -100.928311, 25.455445 ], [ -100.928357, 25.456019 ], [ -100.928243, 25.456293 ], [ -100.928391, 25.456557 ], [ -100.928507, 25.456564 ], [ -100.928574, 25.456474 ], [ -100.92833, 25.456336 ], [ -100.928475, 25.455873 ], [ -100.928796, 25.455872 ], [ -100.928764, 25.45628 ], [ -100.928408, 25.456774 ], [ -100.927968, 25.456479 ], [ -100.928139, 25.455973 ], [ -100.928118, 25.455554 ], [ -100.926484, 25.454479 ], [ -100.92657, 25.454052 ], [ -100.926927, 25.45336 ], [ -100.927324, 25.453558 ], [ -100.927949, 25.453667 ], [ -100.927756, 25.454486 ], [ -100.928214, 25.454786 ], [ -100.928756, 25.454965 ], [ -100.928759, 25.455467 ], [ -100.928539, 25.455423 ], [ -100.928555, 25.455147 ] ] ] } },
{ "type": "Feature", "properties": { "INTENSIDAD": "Bajo", "PUNTAJE": 25, "TITULO": "Riesgo por Inundaciones Pluviales", "FENOMENO": "Hidrometeorológico", "FUENTE": "IMPLAN Saltillo — CARTO SALTILLO, Atlas de Riesgos 2024", "FECHA": "2024" }, "geometry": { "type": "Polygon", "coordinates": [ [ [ -100.926454, 25.454485 ], [ -100.928066, 25.455577 ], [ -100.92805, 25.456042 ], [ -100.927925, 25.456495 ], [ -100.928417, 25.456799 ], [ -100.928795, 25.45628 ], [ -100.928819, 25.456145 ], [ -100.928971, 25.457125 ], [ -100.928632, 25.45723 ], [ -100.92772, 25.456627 ], [ -100.927928, 25.456184 ], [ -100.927859, 25.4557 ], [ -100.92608, 25.454531 ], [ -100.925944, 25.454281 ], [ -100.926043, 25.454056 ], [ -100.926476, 25.454198 ], [ -100.926454, 25.454485 ] ] ] } },
{ "type": "Feature", "properties": { "INTENSIDAD": "Bajo", "PUNTAJE": 25, "TITULO": "Riesgo por Inundaciones Pluviales", "FENOMENO": "Hidrometeorológico", "FUENTE": "IMPLAN Saltillo — CARTO SALTILLO, Atlas de Riesgos 2024", "FECHA": "2024" }, "geometry": { "type": "Polygon", "coordinates": [ [ [ -100.939296, 25.457723 ], [ -100.937184, 25.456769 ], [ -100.937527, 25.456103 ], [ -100.938415, 25.456672 ], [ -100.939191, 25.456942 ], [ -100.939296, 25.457723 ] ] ] } },
{ "type": "Feature", "properties": { "INTENSIDAD": "Bajo", "PUNTAJE": 25, "TITULO": "Riesgo por Inundaciones Pluviales", "FENOMENO": "Hidrometeorológico", "FUENTE": "IMPLAN Saltillo — CARTO SALTILLO, Atlas de Riesgos 2024", "FECHA": "2024" }, "geometry": { "type": "Polygon", "coordinates": [ [ [ -100.923185, 25.458872 ], [ -100.923704, 25.458027 ], [ -100.92369, 25.457762 ], [ -100.923337, 25.457178 ], [ -100.923243, 25.456872 ], [ -100.923368, 25.456236 ], [ -100.923602, 25.455679 ], [ -100.924185, 25.455987 ], [ -100.924301, 25.456287 ], [ -100.92462, 25.456681 ], [ -100.924581, 25.456753 ], [ -100.92465, 25.456724 ], [ -100.92501, 25.457052 ], [ -100.92508, 25.457346 ], [ -100.925556, 25.457983 ], [ -100.925777, 25.458166 ], [ -100.923746, 25.458708 ], [ -100.923252, 25.458941 ], [ -100.923185, 25.458872 ] ] ] } },
{ "type": "Feature", "properties": { "INTENSIDAD": "Bajo", "PUNTAJE": 25, "TITULO": "Riesgo por Inundaciones Pluviales", "FENOMENO": "Hidrometeorológico", "FUENTE": "IMPLAN Saltillo — CARTO SALTILLO, Atlas de Riesgos 2024", "FECHA": "2024" }, "geometry": { "type": "Polygon", "coordinates": [ [ [ -100.939403, 25.457807 ], [ -100.939412, 25.458294 ], [ -100.936874, 25.457352 ], [ -100.937147, 25.456832 ], [ -100.937826, 25.457225 ], [ -100.939403, 25.457807 ] ] ] } },
{ "type": "Feature", "properties": { "INTENSIDAD": "Bajo", "PUNTAJE": 25, "TITULO": "Riesgo por Inundaciones Pluviales", "FENOMENO": "Hidrometeorológico", "FUENTE": "IMPLAN Saltillo — CARTO SALTILLO, Atlas de Riesgos 2024", "FECHA": "2024" }, "geometry": { "type": "Polygon", "coordinates": [ [ [ -100.923603, 25.458948 ], [ -100.924577, 25.458679 ], [ -100.924948, 25.45954 ], [ -100.925262, 25.459989 ], [ -100.92507, 25.460059 ], [ -100.924936, 25.459942 ], [ -100.924388, 25.459046 ], [ -100.923918, 25.45911 ], [ -100.923918, 25.459203 ], [ -100.924067, 25.45923 ], [ -100.924522, 25.459668 ], [ -100.92461, 25.45989 ], [ -100.924252, 25.461142 ], [ -100.923857, 25.461966 ], [ -100.923662, 25.461872 ], [ -100.924028, 25.461096 ], [ -100.924372, 25.459802 ], [ -100.923599, 25.459071 ], [ -100.923603, 25.458948 ] ] ] } },
{ "type": "Feature", "properties": { "INTENSIDAD": "Bajo", "PUNTAJE": 25, "TITULO": "Riesgo por Inundaciones Pluviales", "FENOMENO": "Hidrometeorológico", "FUENTE": "IMPLAN Saltillo — CARTO SALTILLO, Atlas de Riesgos 2024", "FECHA": "2024" }, "geometry": { "type": "Polygon", "coordinates": [ [ [ -100.939281, 25.461509 ], [ -100.938874, 25.461933 ], [ -100.937802, 25.461264 ], [ -100.937544, 25.461434 ], [ -100.937416, 25.461303 ], [ -100.935379, 25.460329 ], [ -100.935923, 25.459297 ], [ -100.93764, 25.460126 ], [ -100.939281, 25.461509 ] ] ] } },
{ "type": "Feature", "properties": { "INTENSIDAD": "Bajo", "PUNTAJE": 25, "TITULO": "Riesgo por Inundaciones Pluviales", "FENOMENO": "Hidrometeorológico", "FUENTE": "IMPLAN Saltillo — CARTO SALTILLO, Atlas de Riesgos 2024", "FECHA": "2024" }, "geometry": { "type": "Polygon", "coordinates": [ [ [ -100.924485, 25.462016 ], [ -100.924871, 25.46031 ], [ -100.925048, 25.460236 ], [ -100.924498, 25.462291 ], [ -100.923927, 25.462 ], [ -100.92401, 25.461822 ], [ -100.924365, 25.462063 ], [ -100.924485, 25.462016 ] ] ] } },
{ "type": "Feature", "properties": { "INTENSIDAD": "Bajo", "PUNTAJE": 25, "TITULO": "Riesgo por Inundaciones Pluviales", "FENOMENO": "Hidrometeorológico", "FUENTE": "IMPLAN Saltillo — CARTO SALTILLO, Atlas de Riesgos 2024", "FECHA": "2024" }, "geometry": { "type": "Polygon", "coordinates": [ [ [ -100.936451, 25.461737 ], [ -100.936745, 25.461236 ], [ -100.937172, 25.461455 ], [ -100.937473, 25.461767 ], [ -100.93827, 25.4641 ], [ -100.938075, 25.464326 ], [ -100.937661, 25.464 ], [ -100.937723, 25.463898 ], [ -100.937042, 25.461913 ], [ -100.936834, 25.461885 ], [ -100.936177, 25.463001 ], [ -100.935976, 25.462917 ], [ -100.935616, 25.462558 ], [ -100.935644, 25.462301 ], [ -100.935503, 25.462022 ], [ -100.934637, 25.461688 ], [ -100.935113, 25.460962 ], [ -100.935277, 25.460536 ], [ -100.936631, 25.461185 ], [ -100.936288, 25.46179 ], [ -100.936463, 25.461889 ], [ -100.936308, 25.462207 ], [ -100.936402, 25.462258 ], [ -100.936596, 25.46193 ], [ -100.936451, 25.461737 ] ] ] } },
{ "type": "Feature", "properties": { "INTENSIDAD": "Bajo", "PUNTAJE": 25, "TITULO": "Riesgo por Inundaciones Pluviales", "FENOMENO": "Hidrometeorológico", "FUENTE": "IMPLAN Saltillo — CARTO SALTILLO, Atlas de Riesgos 2024", "FECHA": "2024" }, "geometry": { "type": "Polygon", "coordinates": [ [ [ -100.922674, 25.470707 ], [ -100.924438, 25.4712 ], [ -100.924297, 25.471779 ], [ -100.922487, 25.471322 ], [ -100.922674, 25.470707 ] ] ] } },
{ "type": "Feature", "properties": { "INTENSIDAD": "Bajo", "PUNTAJE": 25, "TITULO": "Riesgo por Inundaciones Pluviales", "FENOMENO": "Hidrometeorológico", "FUENTE": "IMPLAN Saltillo — CARTO SALTILLO, Atlas de Riesgos 2024", "FECHA": "2024" }, "geometry": { "type": "Polygon", "coordinates": [ [ [ -100.935641, 25.471524 ], [ -100.935634, 25.471988 ], [ -100.935096, 25.471845 ], [ -100.935246, 25.471393 ], [ -100.935641, 25.471524 ] ] ] } },
{ "type": "Feature", "properties": { "INTENSIDAD": "Bajo", "PUNTAJE": 25, "TITULO": "Riesgo por Inundaciones Pluviales", "FENOMENO": "Hidrometeorológico", "FUENTE": "IMPLAN Saltillo — CARTO SALTILLO, Atlas de Riesgos 2024", "FECHA": "2024" }, "geometry": { "type": "Polygon", "coordinates": [ [ [ -100.935373, 25.47112 ], [ -100.936001, 25.471314 ], [ -100.936051, 25.47361 ], [ -100.935768, 25.473192 ], [ -100.935711, 25.471464 ], [ -100.935322, 25.471317 ], [ -100.935373, 25.47112 ] ] ] } },
{ "type": "Feature", "properties": { "INTENSIDAD": "Bajo", "PUNTAJE": 25, "TITULO": "Riesgo por Inundaciones Pluviales", "FENOMENO": "Hidrometeorológico", "FUENTE": "IMPLAN Saltillo — CARTO SALTILLO, Atlas de Riesgos 2024", "FECHA": "2024" }, "geometry": { "type": "Polygon", "coordinates": [ [ [ -100.933851, 25.471555 ], [ -100.933587, 25.472416 ], [ -100.933676, 25.472455 ], [ -100.933947, 25.471627 ], [ -100.935632, 25.472116 ], [ -100.935402, 25.472923 ], [ -100.93524, 25.472897 ], [ -100.935211, 25.473008 ], [ -100.935716, 25.473182 ], [ -100.936018, 25.47361 ], [ -100.933274, 25.472686 ], [ -100.93324, 25.472601 ], [ -100.933648, 25.471525 ], [ -100.933851, 25.471555 ] ] ] } },
{ "type": "Feature", "properties": { "INTENSIDAD": "Bajo", "PUNTAJE": 25, "TITULO": "Riesgo por Inundaciones Pluviales", "FENOMENO": "Hidrometeorológico", "FUENTE": "IMPLAN Saltillo — CARTO SALTILLO, Atlas de Riesgos 2024", "FECHA": "2024" }, "geometry": { "type": "Polygon", "coordinates": [ [ [ -100.935347, 25.473494 ], [ -100.936012, 25.473692 ], [ -100.93705, 25.473836 ], [ -100.937018, 25.474152 ], [ -100.935501, 25.473871 ], [ -100.934997, 25.474955 ], [ -100.934839, 25.474871 ], [ -100.93482, 25.474756 ], [ -100.935347, 25.473494 ] ] ] } },
{ "type": "Feature", "properties": { "INTENSIDAD": "Bajo", "PUNTAJE": 25, "TITULO": "Riesgo por Inundaciones Pluviales", "FENOMENO": "Hidrometeorológico", "FUENTE": "IMPLAN Saltillo — CARTO SALTILLO, Atlas de Riesgos 2024", "FECHA": "2024" }, "geometry": { "type": "Polygon", "coordinates": [ [ [ -100.936212, 25.474755 ], [ -100.935927, 25.474666 ], [ -100.936162, 25.474131 ], [ -100.936367, 25.474172 ], [ -100.936212, 25.474755 ] ] ] } },
{ "type": "Feature", "properties": { "INTENSIDAD": "Bajo", "PUNTAJE": 25, "TITULO": "Riesgo por Inundaciones Pluviales", "FENOMENO": "Hidrometeorológico", "FUENTE": "IMPLAN Saltillo — CARTO SALTILLO, Atlas de Riesgos 2024", "FECHA": "2024" }, "geometry": { "type": "Polygon", "coordinates": [ [ [ -100.928743, 25.473437 ], [ -100.930339, 25.475824 ], [ -100.928001, 25.475008 ], [ -100.928743, 25.473437 ] ] ] } },
{ "type": "Feature", "properties": { "INTENSIDAD": "Bajo", "PUNTAJE": 25, "TITULO": "Riesgo por Inundaciones Pluviales", "FENOMENO": "Hidrometeorológico", "FUENTE": "IMPLAN Saltillo — CARTO SALTILLO, Atlas de Riesgos 2024", "FECHA": "2024" }, "geometry": { "type": "Polygon", "coordinates": [ [ [ -100.936666, 25.475478 ], [ -100.936168, 25.475262 ], [ -100.936482, 25.47417 ], [ -100.936985, 25.474303 ], [ -100.936666, 25.475478 ] ] ] } },
{ "type": "Feature", "properties": { "INTENSIDAD": "Bajo", "PUNTAJE": 25, "TITULO": "Riesgo por Inundaciones Pluviales", "FENOMENO": "Hidrometeorológico", "FUENTE": "IMPLAN Saltillo — CARTO SALTILLO, Atlas de Riesgos 2024", "FECHA": "2024" }, "geometry": { "type": "Polygon", "coordinates": [ [ [ -100.9273, 25.473647 ], [ -100.927239, 25.473506 ], [ -100.927093, 25.473481 ], [ -100.924831, 25.473906 ], [ -100.924843, 25.473959 ], [ -100.927091, 25.473535 ], [ -100.927195, 25.473545 ], [ -100.927264, 25.473694 ], [ -100.928385, 25.473978 ], [ -100.926674, 25.477356 ], [ -100.926464, 25.477454 ], [ -100.925455, 25.477224 ], [ -100.923247, 25.476226 ], [ -100.923285, 25.47613 ], [ -100.923461, 25.476139 ], [ -100.923551, 25.476063 ], [ -100.923982, 25.474976 ], [ -100.923935, 25.474203 ], [ -100.921796, 25.474228 ], [ -100.921515, 25.475143 ], [ -100.921414, 25.475238 ], [ -100.920156, 25.47419 ], [ -100.919227, 25.473131 ], [ -100.918352, 25.472367 ], [ -100.919676, 25.472739 ], [ -100.922703, 25.473091 ], [ -100.924936, 25.473075 ], [ -100.927213, 25.472946 ], [ -100.928613, 25.473517 ], [ -100.928409, 25.473929 ], [ -100.9273, 25.473647 ] ] ] } },
{ "type": "Feature", "properties": { "INTENSIDAD": "Bajo", "PUNTAJE": 25, "TITULO": "Riesgo por Inundaciones Pluviales", "FENOMENO": "Hidrometeorológico", "FUENTE": "IMPLAN Saltillo — CARTO SALTILLO, Atlas de Riesgos 2024", "FECHA": "2024" }, "geometry": { "type": "Polygon", "coordinates": [ [ [ -100.935737, 25.47514 ], [ -100.935895, 25.474753 ], [ -100.936183, 25.474852 ], [ -100.936093, 25.47524 ], [ -100.935737, 25.47514 ] ] ] } },
{ "type": "Feature", "properties": { "INTENSIDAD": "Bajo", "PUNTAJE": 25, "TITULO": "Riesgo por Inundaciones Pluviales", "FENOMENO": "Hidrometeorológico", "FUENTE": "IMPLAN Saltillo — CARTO SALTILLO, Atlas de Riesgos 2024", "FECHA": "2024" }, "geometry": { "type": "Polygon", "coordinates": [ [ [ -100.9229, 25.474625 ], [ -100.922928, 25.474296 ], [ -100.923355, 25.474292 ], [ -100.92336, 25.474696 ], [ -100.922939, 25.475752 ], [ -100.922557, 25.475542 ], [ -100.9229, 25.474625 ] ] ] } },
{ "type": "Feature", "properties": { "INTENSIDAD": "Bajo", "PUNTAJE": 25, "TITULO": "Riesgo por Inundaciones Pluviales", "FENOMENO": "Hidrometeorológico", "FUENTE": "IMPLAN Saltillo — CARTO SALTILLO, Atlas de Riesgos 2024", "FECHA": "2024" }, "geometry": { "type": "Polygon", "coordinates": [ [ [ -100.923442, 25.474739 ], [ -100.923442, 25.474293 ], [ -100.923892, 25.474278 ], [ -100.923892, 25.474778 ], [ -100.923464, 25.475777 ], [ -100.923342, 25.475863 ], [ -100.923114, 25.475774 ], [ -100.923082, 25.475642 ], [ -100.923442, 25.474739 ] ] ] } },
{ "type": "Feature", "properties": { "INTENSIDAD": "Bajo", "PUNTAJE": 25, "TITULO": "Riesgo por Inundaciones Pluviales", "FENOMENO": "Hidrometeorológico", "FUENTE": "IMPLAN Saltillo — CARTO SALTILLO, Atlas de Riesgos 2024", "FECHA": "2024" }, "geometry": { "type": "Polygon", "coordinates": [ [ [ -100.936616, 25.476946 ], [ -100.936443, 25.476795 ], [ -100.93715, 25.473836 ], [ -100.937394, 25.473876 ], [ -100.936616, 25.476946 ] ] ] } },
{ "type": "Feature", "properties": { "INTENSIDAD": "Bajo", "PUNTAJE": 25, "TITULO": "Riesgo por Inundaciones Pluviales", "FENOMENO": "Hidrometeorológico", "FUENTE": "IMPLAN Saltillo — CARTO SALTILLO, Atlas de Riesgos 2024", "FECHA": "2024" }, "geometry": { "type": "Polygon", "coordinates": [ [ [ -100.92954, 25.475785 ], [ -100.930419, 25.476066 ], [ -100.93033, 25.47627 ], [ -100.929442, 25.475949 ], [ -100.92954, 25.475785 ] ] ] } },
{ "type": "Feature", "properties": { "INTENSIDAD": "Bajo", "PUNTAJE": 25, "TITULO": "Riesgo por Inundaciones Pluviales", "FENOMENO": "Hidrometeorológico", "FUENTE": "IMPLAN Saltillo — CARTO SALTILLO, Atlas de Riesgos 2024", "FECHA": "2024" }, "geometry": { "type": "Polygon", "coordinates": [ [ [ -100.928324, 25.476189 ], [ -100.928552, 25.475744 ], [ -100.928846, 25.47585 ], [ -100.928635, 25.476311 ], [ -100.928324, 25.476189 ] ] ] } },
{ "type": "Feature", "properties": { "INTENSIDAD": "Bajo", "PUNTAJE": 25, "TITULO": "Riesgo por Inundaciones Pluviales", "FENOMENO": "Hidrometeorológico", "FUENTE": "IMPLAN Saltillo — CARTO SALTILLO, Atlas de Riesgos 2024", "FECHA": "2024" }, "geometry": { "type": "Polygon", "coordinates": [ [ [ -100.934398, 25.476318 ], [ -100.935726, 25.476796 ], [ -100.93639, 25.476804 ], [ -100.936611, 25.476996 ], [ -100.93559, 25.477011 ], [ -100.934091, 25.476475 ], [ -100.934634, 25.47519 ], [ -100.934848, 25.47529 ], [ -100.934398, 25.476318 ] ] ] } },
{ "type": "Feature", "properties": { "INTENSIDAD": "Bajo", "PUNTAJE": 25, "TITULO": "Riesgo por Inundaciones Pluviales", "FENOMENO": "Hidrometeorológico", "FUENTE": "IMPLAN Saltillo — CARTO SALTILLO, Atlas de Riesgos 2024", "FECHA": "2024" }, "geometry": { "type": "Polygon", "coordinates": [ [ [ -100.929739, 25.476698 ], [ -100.929938, 25.476233 ], [ -100.93035, 25.476388 ], [ -100.930143, 25.476844 ], [ -100.929739, 25.476698 ] ] ] } },
{ "type": "Feature", "properties": { "INTENSIDAD": "Bajo", "PUNTAJE": 25, "TITULO": "Riesgo por Inundaciones Pluviales", "FENOMENO": "Hidrometeorológico", "FUENTE": "IMPLAN Saltillo — CARTO SALTILLO, Atlas de Riesgos 2024", "FECHA": "2024" }, "geometry": { "type": "Polygon", "coordinates": [ [ [ -100.929624, 25.476752 ], [ -100.930128, 25.476927 ], [ -100.929955, 25.477296 ], [ -100.929123, 25.476993 ], [ -100.929089, 25.476892 ], [ -100.929447, 25.476063 ], [ -100.929854, 25.476205 ], [ -100.929624, 25.476752 ] ] ] } },
{ "type": "Feature", "properties": { "INTENSIDAD": "Bajo", "PUNTAJE": 25, "TITULO": "Riesgo por Inundaciones Pluviales", "FENOMENO": "Hidrometeorológico", "FUENTE": "IMPLAN Saltillo — CARTO SALTILLO, Atlas de Riesgos 2024", "FECHA": "2024" }, "geometry": { "type": "Polygon", "coordinates": [ [ [ -100.922415, 25.476088 ], [ -100.922784, 25.476348 ], [ -100.922698, 25.476472 ], [ -100.922367, 25.476347 ], [ -100.921894, 25.476543 ], [ -100.921838, 25.476637 ], [ -100.92323, 25.477278 ], [ -100.923523, 25.47683 ], [ -100.922915, 25.476569 ], [ -100.922947, 25.47642 ], [ -100.923228, 25.476454 ], [ -100.923836, 25.476712 ], [ -100.92341, 25.477618 ], [ -100.921527, 25.476722 ], [ -100.921752, 25.476358 ], [ -100.922415, 25.476088 ] ] ] } },
{ "type": "Feature", "properties": { "INTENSIDAD": "Bajo", "PUNTAJE": 25, "TITULO": "Riesgo por Inundaciones Pluviales", "FENOMENO": "Hidrometeorológico", "FUENTE": "IMPLAN Saltillo — CARTO SALTILLO, Atlas de Riesgos 2024", "FECHA": "2024" }, "geometry": { "type": "Polygon", "coordinates": [ [ [ -100.930939, 25.476609 ], [ -100.931401, 25.476768 ], [ -100.931241, 25.477134 ], [ -100.930786, 25.476968 ], [ -100.930939, 25.476609 ] ] ] } },
{ "type": "Feature", "properties": { "INTENSIDAD": "Bajo", "PUNTAJE": 25, "TITULO": "Riesgo por Inundaciones Pluviales", "FENOMENO": "Hidrometeorológico", "FUENTE": "IMPLAN Saltillo — CARTO SALTILLO, Atlas de Riesgos 2024", "FECHA": "2024" }, "geometry": { "type": "Polygon", "coordinates": [ [ [ -100.927886, 25.477066 ], [ -100.928065, 25.47671 ], [ -100.928581, 25.476891 ], [ -100.928423, 25.477261 ], [ -100.927886, 25.477066 ] ] ] } },
{ "type": "Feature", "properties": { "INTENSIDAD": "Bajo", "PUNTAJE": 25, "TITULO": "Riesgo por Inundaciones Pluviales", "FENOMENO": "Hidrometeorológico", "FUENTE": "IMPLAN Saltillo — CARTO SALTILLO, Atlas de Riesgos 2024", "FECHA": "2024" }, "geometry": { "type": "Polygon", "coordinates": [ [ [ -100.929337, 25.476028 ], [ -100.92893, 25.476893 ], [ -100.928017, 25.476611 ], [ -100.927761, 25.477115 ], [ -100.929821, 25.477846 ], [ -100.930139, 25.47693 ], [ -100.930204, 25.476953 ], [ -100.930465, 25.476336 ], [ -100.930395, 25.476309 ], [ -100.930482, 25.476107 ], [ -100.931852, 25.47659 ], [ -100.932026, 25.476694 ], [ -100.931961, 25.476885 ], [ -100.930899, 25.476509 ], [ -100.93067, 25.477016 ], [ -100.931286, 25.47724 ], [ -100.931486, 25.476805 ], [ -100.931932, 25.476961 ], [ -100.931568, 25.477756 ], [ -100.930502, 25.477432 ], [ -100.930257, 25.477973 ], [ -100.932494, 25.478775 ], [ -100.932849, 25.477798 ], [ -100.932915, 25.477822 ], [ -100.932952, 25.477731 ], [ -100.933191, 25.477812 ], [ -100.932648, 25.479068 ], [ -100.927012, 25.47705 ], [ -100.927907, 25.475206 ], [ -100.929433, 25.475799 ], [ -100.929368, 25.475952 ], [ -100.928507, 25.475645 ], [ -100.928201, 25.476241 ], [ -100.928698, 25.476421 ], [ -100.928929, 25.47588 ], [ -100.929337, 25.476028 ] ] ] } },
{ "type": "Feature", "properties": { "INTENSIDAD": "Bajo", "PUNTAJE": 25, "TITULO": "Riesgo por Inundaciones Pluviales", "FENOMENO": "Hidrometeorológico", "FUENTE": "IMPLAN Saltillo — CARTO SALTILLO, Atlas de Riesgos 2024", "FECHA": "2024" }, "geometry": { "type": "Polygon", "coordinates": [ [ [ -100.928989, 25.47696 ], [ -100.929259, 25.477136 ], [ -100.929109, 25.477504 ], [ -100.928504, 25.477291 ], [ -100.928666, 25.476924 ], [ -100.928989, 25.47696 ] ] ] } },
{ "type": "Feature", "properties": { "INTENSIDAD": "Bajo", "PUNTAJE": 25, "TITULO": "Riesgo por Inundaciones Pluviales", "FENOMENO": "Hidrometeorológico", "FUENTE": "IMPLAN Saltillo — CARTO SALTILLO, Atlas de Riesgos 2024", "FECHA": "2024" }, "geometry": { "type": "Polygon", "coordinates": [ [ [ -100.929776, 25.477745 ], [ -100.929354, 25.477596 ], [ -100.929531, 25.477194 ], [ -100.929944, 25.477346 ], [ -100.929776, 25.477745 ] ] ] } },
{ "type": "Feature", "properties": { "INTENSIDAD": "Bajo", "PUNTAJE": 25, "TITULO": "Riesgo por Inundaciones Pluviales", "FENOMENO": "Hidrometeorológico", "FUENTE": "IMPLAN Saltillo — CARTO SALTILLO, Atlas de Riesgos 2024", "FECHA": "2024" }, "geometry": { "type": "Polygon", "coordinates": [ [ [ -100.924785, 25.477221 ], [ -100.924728, 25.477383 ], [ -100.924117, 25.477075 ], [ -100.923844, 25.477596 ], [ -100.925071, 25.478167 ], [ -100.925345, 25.477641 ], [ -100.924974, 25.477485 ], [ -100.925029, 25.477337 ], [ -100.926343, 25.477674 ], [ -100.925821, 25.478749 ], [ -100.92357, 25.477688 ], [ -100.924013, 25.476801 ], [ -100.924785, 25.477221 ] ] ] } },
{ "type": "Feature", "properties": { "INTENSIDAD": "Bajo", "PUNTAJE": 25, "TITULO": "Riesgo por Inundaciones Pluviales", "FENOMENO": "Hidrometeorológico", "FUENTE": "IMPLAN Saltillo — CARTO SALTILLO, Atlas de Riesgos 2024", "FECHA": "2024" }, "geometry": { "type": "Polygon", "coordinates": [ [ [ -100.930525, 25.477531 ], [ -100.931128, 25.477736 ], [ -100.931002, 25.478159 ], [ -100.930378, 25.477932 ], [ -100.930525, 25.477531 ] ] ] } },
{ "type": "Feature", "properties": { "INTENSIDAD": "Bajo", "PUNTAJE": 25, "TITULO": "Riesgo por Inundaciones Pluviales", "FENOMENO": "Hidrometeorológico", "FUENTE": "IMPLAN Saltillo — CARTO SALTILLO, Atlas de Riesgos 2024", "FECHA": "2024" }, "geometry": { "type": "Polygon", "coordinates": [ [ [ -100.936215, 25.477465 ], [ -100.936379, 25.478415 ], [ -100.935693, 25.477595 ], [ -100.935782, 25.477433 ], [ -100.936215, 25.477465 ] ] ] } },
{ "type": "Feature", "properties": { "INTENSIDAD": "Bajo", "PUNTAJE": 25, "TITULO": "Riesgo por Inundaciones Pluviales", "FENOMENO": "Hidrometeorológico", "FUENTE": "IMPLAN Saltillo — CARTO SALTILLO, Atlas de Riesgos 2024", "FECHA": "2024" }, "geometry": { "type": "Polygon", "coordinates": [ [ [ -100.939472, 25.477274 ], [ -100.938366, 25.478829 ], [ -100.937893, 25.478602 ], [ -100.938998, 25.477045 ], [ -100.939472, 25.477274 ] ] ] } },
{ "type": "Feature", "properties": { "INTENSIDAD": "Bajo", "PUNTAJE": 25, "TITULO": "Riesgo por Inundaciones Pluviales", "FENOMENO": "Hidrometeorológico", "FUENTE": "IMPLAN Saltillo — CARTO SALTILLO, Atlas de Riesgos 2024", "FECHA": "2024" }, "geometry": { "type": "Polygon", "coordinates": [ [ [ -100.934554, 25.477917 ], [ -100.934865, 25.478177 ], [ -100.934602, 25.478347 ], [ -100.933769, 25.478066 ], [ -100.933953, 25.477697 ], [ -100.934554, 25.477917 ] ] ] } },
{ "type": "Feature", "properties": { "INTENSIDAD": "Bajo", "PUNTAJE": 25, "TITULO": "Riesgo por Inundaciones Pluviales", "FENOMENO": "Hidrometeorológico", "FUENTE": "IMPLAN Saltillo — CARTO SALTILLO, Atlas de Riesgos 2024", "FECHA": "2024" }, "geometry": { "type": "Polygon", "coordinates": [ [ [ -100.93158, 25.477822 ], [ -100.931864, 25.478007 ], [ -100.931751, 25.478424 ], [ -100.931084, 25.478188 ], [ -100.931209, 25.477767 ], [ -100.93158, 25.477822 ] ] ] } },
{ "type": "Feature", "properties": { "INTENSIDAD": "Bajo", "PUNTAJE": 25, "TITULO": "Riesgo por Inundaciones Pluviales", "FENOMENO": "Hidrometeorológico", "FUENTE": "IMPLAN Saltillo — CARTO SALTILLO, Atlas de Riesgos 2024", "FECHA": "2024" }, "geometry": { "type": "Polygon", "coordinates": [ [ [ -100.937744, 25.478532 ], [ -100.937286, 25.478287 ], [ -100.937574, 25.47788 ], [ -100.938023, 25.478145 ], [ -100.937744, 25.478532 ] ] ] } },
{ "type": "Feature", "properties": { "INTENSIDAD": "Bajo", "PUNTAJE": 25, "TITULO": "Riesgo por Inundaciones Pluviales", "FENOMENO": "Hidrometeorológico", "FUENTE": "IMPLAN Saltillo — CARTO SALTILLO, Atlas de Riesgos 2024", "FECHA": "2024" }, "geometry": { "type": "Polygon", "coordinates": [ [ [ -100.935563, 25.477561 ], [ -100.936013, 25.478139 ], [ -100.935799, 25.478279 ], [ -100.934964, 25.47752 ], [ -100.933791, 25.477054 ], [ -100.934081, 25.476527 ], [ -100.935552, 25.477046 ], [ -100.936631, 25.477044 ], [ -100.936766, 25.476501 ], [ -100.937024, 25.476539 ], [ -100.936897, 25.477139 ], [ -100.936919, 25.477835 ], [ -100.937097, 25.478254 ], [ -100.937274, 25.478424 ], [ -100.938534, 25.478984 ], [ -100.939731, 25.479066 ], [ -100.940623, 25.479273 ], [ -100.941074, 25.47917 ], [ -100.941282, 25.479196 ], [ -100.941599, 25.47942 ], [ -100.941608, 25.479529 ], [ -100.941089, 25.48019 ], [ -100.939552, 25.479872 ], [ -100.939693, 25.479469 ], [ -100.939606, 25.47939 ], [ -100.939522, 25.479438 ], [ -100.93945, 25.479852 ], [ -100.938948, 25.479754 ], [ -100.939052, 25.479406 ], [ -100.939005, 25.47934 ], [ -100.938881, 25.479382 ], [ -100.938848, 25.479735 ], [ -100.938322, 25.479633 ], [ -100.938418, 25.47936 ], [ -100.938371, 25.479294 ], [ -100.938247, 25.479336 ], [ -100.93824, 25.479617 ], [ -100.937702, 25.479496 ], [ -100.9378, 25.479197 ], [ -100.937753, 25.479131 ], [ -100.937629, 25.479173 ], [ -100.937617, 25.47947 ], [ -100.937404, 25.479423 ], [ -100.937133, 25.479296 ], [ -100.93723, 25.479005 ], [ -100.937183, 25.478938 ], [ -100.937058, 25.47898 ], [ -100.937049, 25.479264 ], [ -100.936591, 25.47911 ], [ -100.936723, 25.478846 ], [ -100.936332, 25.477965 ], [ -100.936292, 25.477364 ], [ -100.935732, 25.477346 ], [ -100.935563, 25.477561 ] ] ] } },
{ "type": "Feature", "properties": { "INTENSIDAD": "Bajo", "PUNTAJE": 25, "TITULO": "Riesgo por Inundaciones Pluviales", "FENOMENO": "Hidrometeorológico", "FUENTE": "IMPLAN Saltillo — CARTO SALTILLO, Atlas de Riesgos 2024", "FECHA": "2024" }, "geometry": { "type": "Polygon", "coordinates": [ [ [ -100.931961, 25.478033 ], [ -100.93258, 25.478258 ], [ -100.932457, 25.478671 ], [ -100.931834, 25.478454 ], [ -100.931961, 25.478033 ] ] ] } },
{ "type": "Feature", "properties": { "INTENSIDAD": "Bajo", "PUNTAJE": 25, "TITULO": "Riesgo por Inundaciones Pluviales", "FENOMENO": "Hidrometeorológico", "FUENTE": "IMPLAN Saltillo — CARTO SALTILLO, Atlas de Riesgos 2024", "FECHA": "2024" }, "geometry": { "type": "Polygon", "coordinates": [ [ [ -100.936214, 25.478849 ], [ -100.935841, 25.478377 ], [ -100.936083, 25.478223 ], [ -100.936612, 25.47892 ], [ -100.936576, 25.479101 ], [ -100.936214, 25.478849 ] ] ] } },
{ "type": "Feature", "properties": { "INTENSIDAD": "Bajo", "PUNTAJE": 25, "TITULO": "Riesgo por Inundaciones Pluviales", "FENOMENO": "Hidrometeorológico", "FUENTE": "IMPLAN Saltillo — CARTO SALTILLO, Atlas de Riesgos 2024", "FECHA": "2024" }, "geometry": { "type": "Polygon", "coordinates": [ [ [ -100.935032, 25.477815 ], [ -100.935532, 25.47843 ], [ -100.935345, 25.478577 ], [ -100.93503, 25.478174 ], [ -100.934678, 25.477882 ], [ -100.933882, 25.477584 ], [ -100.933641, 25.478137 ], [ -100.934525, 25.478451 ], [ -100.934961, 25.478229 ], [ -100.935268, 25.478627 ], [ -100.934654, 25.478994 ], [ -100.933456, 25.478575 ], [ -100.933263, 25.479021 ], [ -100.934534, 25.479479 ], [ -100.934734, 25.479099 ], [ -100.93534, 25.478715 ], [ -100.935643, 25.479102 ], [ -100.935175, 25.479421 ], [ -100.935067, 25.479628 ], [ -100.93616, 25.480007 ], [ -100.936269, 25.479777 ], [ -100.936214, 25.4797 ], [ -100.936688, 25.47938 ], [ -100.936942, 25.479494 ], [ -100.936593, 25.480454 ], [ -100.93291, 25.479155 ], [ -100.933728, 25.477258 ], [ -100.934703, 25.477615 ], [ -100.935032, 25.477815 ] ] ] } },
{ "type": "Feature", "properties": { "INTENSIDAD": "Bajo", "PUNTAJE": 25, "TITULO": "Riesgo por Inundaciones Pluviales", "FENOMENO": "Hidrometeorológico", "FUENTE": "IMPLAN Saltillo — CARTO SALTILLO, Atlas de Riesgos 2024", "FECHA": "2024" }, "geometry": { "type": "Polygon", "coordinates": [ [ [ -100.934479, 25.47935 ], [ -100.933406, 25.478991 ], [ -100.933493, 25.478711 ], [ -100.934565, 25.479056 ], [ -100.934609, 25.479108 ], [ -100.934479, 25.47935 ] ] ] } },
{ "type": "Feature", "properties": { "INTENSIDAD": "Bajo", "PUNTAJE": 25, "TITULO": "Riesgo por Inundaciones Pluviales", "FENOMENO": "Hidrometeorológico", "FUENTE": "IMPLAN Saltillo — CARTO SALTILLO, Atlas de Riesgos 2024", "FECHA": "2024" }, "geometry": { "type": "Polygon", "coordinates": [ [ [ -100.936199, 25.479674 ], [ -100.935412, 25.478656 ], [ -100.935617, 25.478541 ], [ -100.936272, 25.479175 ], [ -100.936684, 25.479374 ], [ -100.936199, 25.479674 ] ] ] } },
{ "type": "Feature", "properties": { "INTENSIDAD": "Bajo", "PUNTAJE": 25, "TITULO": "Riesgo por Inundaciones Pluviales", "FENOMENO": "Hidrometeorológico", "FUENTE": "IMPLAN Saltillo — CARTO SALTILLO, Atlas de Riesgos 2024", "FECHA": "2024" }, "geometry": { "type": "Polygon", "coordinates": [ [ [ -100.93617, 25.479775 ], [ -100.936084, 25.479894 ], [ -100.935191, 25.479536 ], [ -100.935698, 25.479173 ], [ -100.93617, 25.479775 ] ] ] } },
{ "type": "Feature", "properties": { "INTENSIDAD": "Bajo", "PUNTAJE": 25, "TITULO": "Riesgo por Inundaciones Pluviales", "FENOMENO": "Hidrometeorológico", "FUENTE": "IMPLAN Saltillo — CARTO SALTILLO, Atlas de Riesgos 2024", "FECHA": "2024" }, "geometry": { "type": "Polygon", "coordinates": [ [ [ -100.92866, 25.477754 ], [ -100.930947, 25.478508 ], [ -100.930188, 25.479644 ], [ -100.930229, 25.479744 ], [ -100.930353, 25.479697 ], [ -100.93104, 25.478538 ], [ -100.933793, 25.479509 ], [ -100.933193, 25.480489 ], [ -100.933636, 25.481266 ], [ -100.933599, 25.481389 ], [ -100.929065, 25.480285 ], [ -100.926043, 25.479042 ], [ -100.926197, 25.478691 ], [ -100.927977, 25.479178 ], [ -100.92866, 25.477754 ] ] ] } },
{ "type": "Feature", "properties": { "INTENSIDAD": "Bajo", "PUNTAJE": 25, "TITULO": "Riesgo por Inundaciones Pluviales", "FENOMENO": "Hidrometeorológico", "FUENTE": "IMPLAN Saltillo — CARTO SALTILLO, Atlas de Riesgos 2024", "FECHA": "2024" }, "geometry": { "type": "Polygon", "coordinates": [ [ [ -100.930008, 25.480616 ], [ -100.929271, 25.482029 ], [ -100.927373, 25.481184 ], [ -100.927992, 25.479955 ], [ -100.928924, 25.480346 ], [ -100.930008, 25.480616 ] ] ] } },
{ "type": "Feature", "properties": { "INTENSIDAD": "Bajo", "PUNTAJE": 25, "TITULO": "Riesgo por Inundaciones Pluviales", "FENOMENO": "Hidrometeorológico", "FUENTE": "IMPLAN Saltillo — CARTO SALTILLO, Atlas de Riesgos 2024", "FECHA": "2024" }, "geometry": { "type": "Polygon", "coordinates": [ [ [ -100.924978, 25.481304 ], [ -100.925447, 25.480381 ], [ -100.92876, 25.481863 ], [ -100.928264, 25.482757 ], [ -100.927504, 25.482427 ], [ -100.927344, 25.482604 ], [ -100.925107, 25.481585 ], [ -100.925195, 25.481398 ], [ -100.924978, 25.481304 ] ] ] } },
{ "type": "Feature", "properties": { "INTENSIDAD": "Bajo", "PUNTAJE": 25, "TITULO": "Riesgo por Inundaciones Pluviales", "FENOMENO": "Hidrometeorológico", "FUENTE": "IMPLAN Saltillo — CARTO SALTILLO, Atlas de Riesgos 2024", "FECHA": "2024" }, "geometry": { "type": "Polygon", "coordinates": [ [ [ -100.930595, 25.480986 ], [ -100.929801, 25.482261 ], [ -100.929337, 25.482056 ], [ -100.930097, 25.480639 ], [ -100.932452, 25.48121 ], [ -100.93148, 25.483002 ], [ -100.929876, 25.482294 ], [ -100.930595, 25.480986 ] ] ] } },
{ "type": "Feature", "properties": { "INTENSIDAD": "Bajo", "PUNTAJE": 25, "TITULO": "Riesgo por Inundaciones Pluviales", "FENOMENO": "Hidrometeorológico", "FUENTE": "IMPLAN Saltillo — CARTO SALTILLO, Atlas de Riesgos 2024", "FECHA": "2024" }, "geometry": { "type": "Polygon", "coordinates": [ [ [ -100.933647, 25.481488 ], [ -100.933902, 25.481799 ], [ -100.933527, 25.482518 ], [ -100.932701, 25.482144 ], [ -100.933122, 25.481359 ], [ -100.933647, 25.481488 ] ] ] } },
{ "type": "Feature", "properties": { "INTENSIDAD": "Bajo", "PUNTAJE": 25, "TITULO": "Riesgo por Inundaciones Pluviales", "FENOMENO": "Hidrometeorológico", "FUENTE": "IMPLAN Saltillo — CARTO SALTILLO, Atlas de Riesgos 2024", "FECHA": "2024" }, "geometry": { "type": "Polygon", "coordinates": [ [ [ -100.932556, 25.48121 ], [ -100.933042, 25.481328 ], [ -100.932009, 25.483253 ], [ -100.931555, 25.483043 ], [ -100.932556, 25.48121 ] ] ] } },
{ "type": "Feature", "properties": { "INTENSIDAD": "Bajo", "PUNTAJE": 25, "TITULO": "Riesgo por Inundaciones Pluviales", "FENOMENO": "Hidrometeorológico", "FUENTE": "IMPLAN Saltillo — CARTO SALTILLO, Atlas de Riesgos 2024", "FECHA": "2024" }, "geometry": { "type": "Polygon", "coordinates": [ [ [ -100.933602, 25.482549 ], [ -100.934004, 25.481822 ], [ -100.934429, 25.482347 ], [ -100.934552, 25.482975 ], [ -100.933602, 25.482549 ] ] ] } },
{ "type": "Feature", "properties": { "INTENSIDAD": "Bajo", "PUNTAJE": 25, "TITULO": "Riesgo por Inundaciones Pluviales", "FENOMENO": "Hidrometeorológico", "FUENTE": "IMPLAN Saltillo — CARTO SALTILLO, Atlas de Riesgos 2024", "FECHA": "2024" }, "geometry": { "type": "Polygon", "coordinates": [ [ [ -100.93231, 25.482873 ], [ -100.932664, 25.482229 ], [ -100.933488, 25.482593 ], [ -100.933139, 25.483247 ], [ -100.93231, 25.482873 ] ] ] } },
{ "type": "Feature", "properties": { "INTENSIDAD": "Bajo", "PUNTAJE": 25, "TITULO": "Riesgo por Inundaciones Pluviales", "FENOMENO": "Hidrometeorológico", "FUENTE": "IMPLAN Saltillo — CARTO SALTILLO, Atlas de Riesgos 2024", "FECHA": "2024" }, "geometry": { "type": "Polygon", "coordinates": [ [ [ -100.927792, 25.482623 ], [ -100.930077, 25.483496 ], [ -100.929995, 25.483692 ], [ -100.927688, 25.482831 ], [ -100.927792, 25.482623 ] ] ] } },
{ "type": "Feature", "properties": { "INTENSIDAD": "Bajo", "PUNTAJE": 25, "TITULO": "Riesgo por Inundaciones Pluviales", "FENOMENO": "Hidrometeorológico", "FUENTE": "IMPLAN Saltillo — CARTO SALTILLO, Atlas de Riesgos 2024", "FECHA": "2024" }, "geometry": { "type": "Polygon", "coordinates": [ [ [ -100.934171, 25.483697 ], [ -100.933225, 25.483281 ], [ -100.933578, 25.482632 ], [ -100.934508, 25.483044 ], [ -100.934171, 25.483697 ] ] ] } },
{ "type": "Feature", "properties": { "INTENSIDAD": "Bajo", "PUNTAJE": 25, "TITULO": "Riesgo por Inundaciones Pluviales", "FENOMENO": "Hidrometeorológico", "FUENTE": "IMPLAN Saltillo — CARTO SALTILLO, Atlas de Riesgos 2024", "FECHA": "2024" }, "geometry": { "type": "Polygon", "coordinates": [ [ [ -100.927812, 25.483396 ], [ -100.927993, 25.483011 ], [ -100.928647, 25.483259 ], [ -100.928506, 25.483631 ], [ -100.927812, 25.483396 ] ] ] } },
{ "type": "Feature", "properties": { "INTENSIDAD": "Bajo", "PUNTAJE": 25, "TITULO": "Riesgo por Inundaciones Pluviales", "FENOMENO": "Hidrometeorológico", "FUENTE": "IMPLAN Saltillo — CARTO SALTILLO, Atlas de Riesgos 2024", "FECHA": "2024" }, "geometry": { "type": "Polygon", "coordinates": [ [ [ -100.932092, 25.48328 ], [ -100.932274, 25.482941 ], [ -100.934132, 25.483783 ], [ -100.933952, 25.484107 ], [ -100.932092, 25.48328 ] ] ] } },
{ "type": "Feature", "properties": { "INTENSIDAD": "Bajo", "PUNTAJE": 25, "TITULO": "Riesgo por Inundaciones Pluviales", "FENOMENO": "Hidrometeorológico", "FUENTE": "IMPLAN Saltillo — CARTO SALTILLO, Atlas de Riesgos 2024", "FECHA": "2024" }, "geometry": { "type": "Polygon", "coordinates": [ [ [ -100.92761, 25.483824 ], [ -100.927789, 25.483445 ], [ -100.928487, 25.483683 ], [ -100.928355, 25.484032 ], [ -100.92761, 25.483824 ] ] ] } },
{ "type": "Feature", "properties": { "INTENSIDAD": "Bajo", "PUNTAJE": 25, "TITULO": "Riesgo por Inundaciones Pluviales", "FENOMENO": "Hidrometeorológico", "FUENTE": "IMPLAN Saltillo — CARTO SALTILLO, Atlas de Riesgos 2024", "FECHA": "2024" }, "geometry": { "type": "Polygon", "coordinates": [ [ [ -100.928257, 25.484458 ], [ -100.928702, 25.48328 ], [ -100.929149, 25.483454 ], [ -100.928749, 25.484577 ], [ -100.928257, 25.484458 ] ] ] } },
{ "type": "Feature", "properties": { "INTENSIDAD": "Bajo", "PUNTAJE": 25, "TITULO": "Riesgo por Inundaciones Pluviales", "FENOMENO": "Hidrometeorológico", "FUENTE": "IMPLAN Saltillo — CARTO SALTILLO, Atlas de Riesgos 2024", "FECHA": "2024" }, "geometry": { "type": "Polygon", "coordinates": [ [ [ -100.929204, 25.483475 ], [ -100.929656, 25.483641 ], [ -100.929292, 25.484709 ], [ -100.928807, 25.484591 ], [ -100.929204, 25.483475 ] ] ] } },
{ "type": "Feature", "properties": { "INTENSIDAD": "Bajo", "PUNTAJE": 25, "TITULO": "Riesgo por Inundaciones Pluviales", "FENOMENO": "Hidrometeorológico", "FUENTE": "IMPLAN Saltillo — CARTO SALTILLO, Atlas de Riesgos 2024", "FECHA": "2024" }, "geometry": { "type": "Polygon", "coordinates": [ [ [ -100.927587, 25.483873 ], [ -100.928335, 25.484083 ], [ -100.928199, 25.484443 ], [ -100.92741, 25.484243 ], [ -100.927587, 25.483873 ] ] ] } },
{ "type": "Feature", "properties": { "INTENSIDAD": "Bajo", "PUNTAJE": 25, "TITULO": "Riesgo por Inundaciones Pluviales", "FENOMENO": "Hidrometeorológico", "FUENTE": "IMPLAN Saltillo — CARTO SALTILLO, Atlas de Riesgos 2024", "FECHA": "2024" }, "geometry": { "type": "Polygon", "coordinates": [ [ [ -100.929712, 25.48366 ], [ -100.929973, 25.483743 ], [ -100.929594, 25.484783 ], [ -100.929349, 25.484723 ], [ -100.929712, 25.48366 ] ] ] } },
{ "type": "Feature", "properties": { "INTENSIDAD": "Bajo", "PUNTAJE": 25, "TITULO": "Riesgo por Inundaciones Pluviales", "FENOMENO": "Hidrometeorológico", "FUENTE": "IMPLAN Saltillo — CARTO SALTILLO, Atlas de Riesgos 2024", "FECHA": "2024" }, "geometry": { "type": "Polygon", "coordinates": [ [ [ -100.926855, 25.48448 ], [ -100.927, 25.484193 ], [ -100.927898, 25.484425 ], [ -100.927821, 25.484699 ], [ -100.926855, 25.48448 ] ] ] } },
{ "type": "Feature", "properties": { "INTENSIDAD": "Bajo", "PUNTAJE": 25, "TITULO": "Riesgo por Inundaciones Pluviales", "FENOMENO": "Hidrometeorológico", "FUENTE": "IMPLAN Saltillo — CARTO SALTILLO, Atlas de Riesgos 2024", "FECHA": "2024" }, "geometry": { "type": "Polygon", "coordinates": [ [ [ -100.927956, 25.48444 ], [ -100.929577, 25.484835 ], [ -100.929511, 25.485082 ], [ -100.927878, 25.484712 ], [ -100.927956, 25.48444 ] ] ] } },
{ "type": "Feature", "properties": { "INTENSIDAD": "Bajo", "PUNTAJE": 25, "TITULO": "Riesgo por Inundaciones Pluviales", "FENOMENO": "Hidrometeorológico", "FUENTE": "IMPLAN Saltillo — CARTO SALTILLO, Atlas de Riesgos 2024", "FECHA": "2024" }, "geometry": { "type": "Polygon", "coordinates": [ [ [ -100.934746, 25.485693 ], [ -100.93362, 25.485155 ], [ -100.933506, 25.485357 ], [ -100.933438, 25.485073 ], [ -100.933246, 25.485028 ], [ -100.933037, 25.485351 ], [ -100.933005, 25.485777 ], [ -100.932758, 25.485824 ], [ -100.929623, 25.485118 ], [ -100.930362, 25.483567 ], [ -100.928281, 25.482803 ], [ -100.92876, 25.481904 ], [ -100.933969, 25.484207 ], [ -100.937504, 25.485997 ], [ -100.937082, 25.486869 ], [ -100.936622, 25.488743 ], [ -100.922752, 25.485667 ], [ -100.923588, 25.483952 ], [ -100.932809, 25.486004 ], [ -100.932666, 25.486544 ], [ -100.934445, 25.486945 ], [ -100.934746, 25.485693 ] ] ] } },
{ "type": "Feature", "properties": { "INTENSIDAD": "Bajo", "PUNTAJE": 25, "TITULO": "Riesgo por Inundaciones Pluviales", "FENOMENO": "Hidrometeorológico", "FUENTE": "IMPLAN Saltillo — CARTO SALTILLO, Atlas de Riesgos 2024", "FECHA": "2024" }, "geometry": { "type": "Polygon", "coordinates": [ [ [ -100.93658, 25.492022 ], [ -100.935891, 25.49176 ], [ -100.936757, 25.488709 ], [ -100.937602, 25.488996 ], [ -100.93681, 25.491594 ], [ -100.93658, 25.492022 ] ] ] } },
{ "type": "Feature", "properties": { "INTENSIDAD": "Bajo", "PUNTAJE": 25, "TITULO": "Riesgo por Inundaciones Pluviales", "FENOMENO": "Hidrometeorológico", "FUENTE": "IMPLAN Saltillo — CARTO SALTILLO, Atlas de Riesgos 2024", "FECHA": "2024" }, "geometry": { "type": "Polygon", "coordinates": [ [ [ -100.936554, 25.492082 ], [ -100.936089, 25.493006 ], [ -100.935416, 25.494017 ], [ -100.935903, 25.491844 ], [ -100.936554, 25.492082 ] ] ] } },
{ "type": "Feature", "properties": { "INTENSIDAD": "Bajo", "PUNTAJE": 25, "TITULO": "Riesgo por Inundaciones Pluviales", "FENOMENO": "Hidrometeorológico", "FUENTE": "IMPLAN Saltillo — CARTO SALTILLO, Atlas de Riesgos 2024", "FECHA": "2024" }, "geometry": { "type": "Polygon", "coordinates": [ [ [ -100.936817, 25.493701 ], [ -100.936974, 25.493753 ], [ -100.937128, 25.494228 ], [ -100.937097, 25.49435 ], [ -100.936943, 25.494374 ], [ -100.93646, 25.494697 ], [ -100.935958, 25.494623 ], [ -100.935472, 25.494041 ], [ -100.936127, 25.49314 ], [ -100.936386, 25.493274 ], [ -100.936817, 25.493701 ] ] ] } },
{ "type": "Feature", "properties": { "INTENSIDAD": "Bajo", "PUNTAJE": 25, "TITULO": "Riesgo por Inundaciones Pluviales", "FENOMENO": "Hidrometeorológico", "FUENTE": "IMPLAN Saltillo — CARTO SALTILLO, Atlas de Riesgos 2024", "FECHA": "2024" }, "geometry": { "type": "Polygon", "coordinates": [ [ [ -100.9063, 25.407143 ], [ -100.905978, 25.406063 ], [ -100.905028, 25.406391 ], [ -100.90499, 25.406254 ], [ -100.906199, 25.405852 ], [ -100.906564, 25.407084 ], [ -100.9063, 25.407143 ] ] ] } },
{ "type": "Feature", "properties": { "INTENSIDAD": "Bajo", "PUNTAJE": 25, "TITULO": "Riesgo por Inundaciones Pluviales", "FENOMENO": "Hidrometeorológico", "FUENTE": "IMPLAN Saltillo — CARTO SALTILLO, Atlas de Riesgos 2024", "FECHA": "2024" }, "geometry": { "type": "Polygon", "coordinates": [ [ [ -100.914405, 25.408275 ], [ -100.913941, 25.408395 ], [ -100.913478, 25.406796 ], [ -100.91395, 25.40813 ], [ -100.914325, 25.408037 ], [ -100.914405, 25.408275 ] ] ] } },
{ "type": "Feature", "properties": { "INTENSIDAD": "Bajo", "PUNTAJE": 25, "TITULO": "Riesgo por Inundaciones Pluviales", "FENOMENO": "Hidrometeorológico", "FUENTE": "IMPLAN Saltillo — CARTO SALTILLO, Atlas de Riesgos 2024", "FECHA": "2024" }, "geometry": { "type": "Polygon", "coordinates": [ [ [ -100.91599, 25.409412 ], [ -100.916137, 25.408165 ], [ -100.915336, 25.408375 ], [ -100.915252, 25.408135 ], [ -100.916, 25.407942 ], [ -100.916265, 25.40802 ], [ -100.916395, 25.408165 ], [ -100.916396, 25.408782 ], [ -100.916264, 25.40944 ], [ -100.91599, 25.409412 ] ] ] } },
{ "type": "Feature", "properties": { "INTENSIDAD": "Bajo", "PUNTAJE": 25, "TITULO": "Riesgo por Inundaciones Pluviales", "FENOMENO": "Hidrometeorológico", "FUENTE": "IMPLAN Saltillo — CARTO SALTILLO, Atlas de Riesgos 2024", "FECHA": "2024" }, "geometry": { "type": "Polygon", "coordinates": [ [ [ -100.9074, 25.4096 ], [ -100.907092, 25.409686 ], [ -100.906951, 25.409225 ], [ -100.907066, 25.40919 ], [ -100.907029, 25.409067 ], [ -100.905961, 25.409341 ], [ -100.905913, 25.409184 ], [ -100.907158, 25.408846 ], [ -100.9074, 25.4096 ] ] ] } },
{ "type": "Feature", "properties": { "INTENSIDAD": "Bajo", "PUNTAJE": 25, "TITULO": "Riesgo por Inundaciones Pluviales", "FENOMENO": "Hidrometeorológico", "FUENTE": "IMPLAN Saltillo — CARTO SALTILLO, Atlas de Riesgos 2024", "FECHA": "2024" }, "geometry": { "type": "Polygon", "coordinates": [ [ [ -100.918676, 25.410382 ], [ -100.917559, 25.410302 ], [ -100.917704, 25.409541 ], [ -100.918108, 25.409659 ], [ -100.918085, 25.41 ], [ -100.917908, 25.409999 ], [ -100.917908, 25.410082 ], [ -100.918701, 25.410106 ], [ -100.918676, 25.410382 ] ] ] } },
{ "type": "Feature", "properties": { "INTENSIDAD": "Bajo", "PUNTAJE": 25, "TITULO": "Riesgo por Inundaciones Pluviales", "FENOMENO": "Hidrometeorológico", "FUENTE": "IMPLAN Saltillo — CARTO SALTILLO, Atlas de Riesgos 2024", "FECHA": "2024" }, "geometry": { "type": "Polygon", "coordinates": [ [ [ -100.915185, 25.410855 ], [ -100.914723, 25.410957 ], [ -100.914343, 25.409652 ], [ -100.914408, 25.40964 ], [ -100.914732, 25.410698 ], [ -100.915169, 25.410601 ], [ -100.915185, 25.410855 ] ] ] } },
{ "type": "Feature", "properties": { "INTENSIDAD": "Bajo", "PUNTAJE": 25, "TITULO": "Riesgo por Inundaciones Pluviales", "FENOMENO": "Hidrometeorológico", "FUENTE": "IMPLAN Saltillo — CARTO SALTILLO, Atlas de Riesgos 2024", "FECHA": "2024" }, "geometry": { "type": "Polygon", "coordinates": [ [ [ -100.917478, 25.410723 ], [ -100.918349, 25.410774 ], [ -100.918369, 25.41108 ], [ -100.917569, 25.411022 ], [ -100.917559, 25.411093 ], [ -100.917761, 25.411112 ], [ -100.917686, 25.411664 ], [ -100.917344, 25.411628 ], [ -100.917478, 25.410723 ] ] ] } },
{ "type": "Feature", "properties": { "INTENSIDAD": "Bajo", "PUNTAJE": 25, "TITULO": "Riesgo por Inundaciones Pluviales", "FENOMENO": "Hidrometeorológico", "FUENTE": "IMPLAN Saltillo — CARTO SALTILLO, Atlas de Riesgos 2024", "FECHA": "2024" }, "geometry": { "type": "Polygon", "coordinates": [ [ [ -100.916826, 25.412408 ], [ -100.917555, 25.412486 ], [ -100.917526, 25.412706 ], [ -100.916959, 25.412637 ], [ -100.916944, 25.412755 ], [ -100.917067, 25.412769 ], [ -100.917028, 25.413082 ], [ -100.916713, 25.413124 ], [ -100.916826, 25.412408 ] ] ] } },
{ "type": "Feature", "properties": { "INTENSIDAD": "Bajo", "PUNTAJE": 25, "TITULO": "Riesgo por Inundaciones Pluviales", "FENOMENO": "Hidrometeorológico", "FUENTE": "IMPLAN Saltillo — CARTO SALTILLO, Atlas de Riesgos 2024", "FECHA": "2024" }, "geometry": { "type": "Polygon", "coordinates": [ [ [ -100.908826, 25.414159 ], [ -100.908552, 25.414235 ], [ -100.908275, 25.413364 ], [ -100.908411, 25.413328 ], [ -100.908366, 25.413199 ], [ -100.907298, 25.413483 ], [ -100.907251, 25.413328 ], [ -100.908473, 25.413013 ], [ -100.908826, 25.414159 ] ] ] } },
{ "type": "Feature", "properties": { "INTENSIDAD": "Bajo", "PUNTAJE": 25, "TITULO": "Riesgo por Inundaciones Pluviales", "FENOMENO": "Hidrometeorológico", "FUENTE": "IMPLAN Saltillo — CARTO SALTILLO, Atlas de Riesgos 2024", "FECHA": "2024" }, "geometry": { "type": "Polygon", "coordinates": [ [ [ -100.920319, 25.417147 ], [ -100.920232, 25.416363 ], [ -100.92025, 25.415876 ], [ -100.920308, 25.415838 ], [ -100.920543, 25.415878 ], [ -100.920533, 25.416266 ], [ -100.920811, 25.416879 ], [ -100.920682, 25.416924 ], [ -100.920703, 25.416996 ], [ -100.922414, 25.416542 ], [ -100.922503, 25.416824 ], [ -100.920504, 25.417334 ], [ -100.920319, 25.417147 ] ] ] } },
{ "type": "Feature", "properties": { "INTENSIDAD": "Bajo", "PUNTAJE": 25, "TITULO": "Riesgo por Inundaciones Pluviales", "FENOMENO": "Hidrometeorológico", "FUENTE": "IMPLAN Saltillo — CARTO SALTILLO, Atlas de Riesgos 2024", "FECHA": "2024" }, "geometry": { "type": "Polygon", "coordinates": [ [ [ -100.909858, 25.417104 ], [ -100.909504, 25.417213 ], [ -100.909403, 25.416911 ], [ -100.90956, 25.416859 ], [ -100.909528, 25.41677 ], [ -100.908446, 25.417072 ], [ -100.908387, 25.416911 ], [ -100.909659, 25.416563 ], [ -100.909858, 25.417104 ] ] ] } },
{ "type": "Feature", "properties": { "INTENSIDAD": "Bajo", "PUNTAJE": 25, "TITULO": "Riesgo por Inundaciones Pluviales", "FENOMENO": "Hidrometeorológico", "FUENTE": "IMPLAN Saltillo — CARTO SALTILLO, Atlas de Riesgos 2024", "FECHA": "2024" }, "geometry": { "type": "Polygon", "coordinates": [ [ [ -100.920023, 25.417726 ], [ -100.920237, 25.417845 ], [ -100.92077, 25.419691 ], [ -100.920608, 25.419733 ], [ -100.920105, 25.418033 ], [ -100.919977, 25.417938 ], [ -100.917797, 25.4185 ], [ -100.917818, 25.41831 ], [ -100.920023, 25.417726 ] ] ] } },
{ "type": "Feature", "properties": { "INTENSIDAD": "Bajo", "PUNTAJE": 25, "TITULO": "Riesgo por Inundaciones Pluviales", "FENOMENO": "Hidrometeorológico", "FUENTE": "IMPLAN Saltillo — CARTO SALTILLO, Atlas de Riesgos 2024", "FECHA": "2024" }, "geometry": { "type": "Polygon", "coordinates": [ [ [ -100.92048, 25.419764 ], [ -100.919418, 25.420044 ], [ -100.919164, 25.419245 ], [ -100.919427, 25.419172 ], [ -100.919653, 25.419845 ], [ -100.919775, 25.419809 ], [ -100.919739, 25.419687 ], [ -100.920399, 25.419505 ], [ -100.92048, 25.419764 ] ] ] } },
{ "type": "Feature", "properties": { "INTENSIDAD": "Bajo", "PUNTAJE": 25, "TITULO": "Riesgo por Inundaciones Pluviales", "FENOMENO": "Hidrometeorológico", "FUENTE": "IMPLAN Saltillo — CARTO SALTILLO, Atlas de Riesgos 2024", "FECHA": "2024" }, "geometry": { "type": "Polygon", "coordinates": [ [ [ -100.92001, 25.420973 ], [ -100.919728, 25.421055 ], [ -100.919485, 25.420202 ], [ -100.920578, 25.419914 ], [ -100.920664, 25.420206 ], [ -100.920013, 25.420396 ], [ -100.919966, 25.420241 ], [ -100.919799, 25.420289 ], [ -100.92001, 25.420973 ] ] ] } },
{ "type": "Feature", "properties": { "INTENSIDAD": "Bajo", "PUNTAJE": 25, "TITULO": "Riesgo por Inundaciones Pluviales", "FENOMENO": "Hidrometeorológico", "FUENTE": "IMPLAN Saltillo — CARTO SALTILLO, Atlas de Riesgos 2024", "FECHA": "2024" }, "geometry": { "type": "Polygon", "coordinates": [ [ [ -100.919282, 25.420261 ], [ -100.919539, 25.421104 ], [ -100.919249, 25.42119 ], [ -100.91903, 25.420513 ], [ -100.918897, 25.420554 ], [ -100.918933, 25.420679 ], [ -100.918356, 25.420815 ], [ -100.918371, 25.420503 ], [ -100.919282, 25.420261 ] ] ] } },
{ "type": "Feature", "properties": { "INTENSIDAD": "Bajo", "PUNTAJE": 25, "TITULO": "Riesgo por Inundaciones Pluviales", "FENOMENO": "Hidrometeorológico", "FUENTE": "IMPLAN Saltillo — CARTO SALTILLO, Atlas de Riesgos 2024", "FECHA": "2024" }, "geometry": { "type": "Polygon", "coordinates": [ [ [ -100.91017, 25.425582 ], [ -100.910958, 25.425353 ], [ -100.911051, 25.42565 ], [ -100.910272, 25.425873 ], [ -100.91017, 25.425582 ] ] ] } },
{ "type": "Feature", "properties": { "INTENSIDAD": "Bajo", "PUNTAJE": 25, "TITULO": "Riesgo por Inundaciones Pluviales", "FENOMENO": "Hidrometeorológico", "FUENTE": "IMPLAN Saltillo — CARTO SALTILLO, Atlas de Riesgos 2024", "FECHA": "2024" }, "geometry": { "type": "Polygon", "coordinates": [ [ [ -100.912493, 25.426857 ], [ -100.911608, 25.427092 ], [ -100.910817, 25.424586 ], [ -100.910979, 25.424545 ], [ -100.911691, 25.426785 ], [ -100.911568, 25.426816 ], [ -100.911611, 25.426928 ], [ -100.912437, 25.426702 ], [ -100.912493, 25.426857 ] ] ] } },
{ "type": "Feature", "properties": { "INTENSIDAD": "Bajo", "PUNTAJE": 25, "TITULO": "Riesgo por Inundaciones Pluviales", "FENOMENO": "Hidrometeorológico", "FUENTE": "IMPLAN Saltillo — CARTO SALTILLO, Atlas de Riesgos 2024", "FECHA": "2024" }, "geometry": { "type": "Polygon", "coordinates": [ [ [ -100.912112, 25.425698 ], [ -100.912197, 25.425959 ], [ -100.911575, 25.426116 ], [ -100.911488, 25.425861 ], [ -100.912112, 25.425698 ] ] ] } },
{ "type": "Feature", "properties": { "INTENSIDAD": "Bajo", "PUNTAJE": 25, "TITULO": "Riesgo por Inundaciones Pluviales", "FENOMENO": "Hidrometeorológico", "FUENTE": "IMPLAN Saltillo — CARTO SALTILLO, Atlas de Riesgos 2024", "FECHA": "2024" }, "geometry": { "type": "Polygon", "coordinates": [ [ [ -100.910407, 25.426244 ], [ -100.910302, 25.425954 ], [ -100.911075, 25.425728 ], [ -100.911169, 25.426023 ], [ -100.910407, 25.426244 ] ] ] } },
{ "type": "Feature", "properties": { "INTENSIDAD": "Bajo", "PUNTAJE": 25, "TITULO": "Riesgo por Inundaciones Pluviales", "FENOMENO": "Hidrometeorológico", "FUENTE": "IMPLAN Saltillo — CARTO SALTILLO, Atlas de Riesgos 2024", "FECHA": "2024" }, "geometry": { "type": "Polygon", "coordinates": [ [ [ -100.912429, 25.425378 ], [ -100.912873, 25.426759 ], [ -100.912572, 25.42683 ], [ -100.91213, 25.425459 ], [ -100.912429, 25.425378 ] ] ] } },
{ "type": "Feature", "properties": { "INTENSIDAD": "Bajo", "PUNTAJE": 25, "TITULO": "Riesgo por Inundaciones Pluviales", "FENOMENO": "Hidrometeorológico", "FUENTE": "IMPLAN Saltillo — CARTO SALTILLO, Atlas de Riesgos 2024", "FECHA": "2024" }, "geometry": { "type": "Polygon", "coordinates": [ [ [ -100.912221, 25.426034 ], [ -100.912316, 25.426291 ], [ -100.911686, 25.426455 ], [ -100.911599, 25.426196 ], [ -100.912221, 25.426034 ] ] ] } },
{ "type": "Feature", "properties": { "INTENSIDAD": "Bajo", "PUNTAJE": 25, "TITULO": "Riesgo por Inundaciones Pluviales", "FENOMENO": "Hidrometeorológico", "FUENTE": "IMPLAN Saltillo — CARTO SALTILLO, Atlas de Riesgos 2024", "FECHA": "2024" }, "geometry": { "type": "Polygon", "coordinates": [ [ [ -100.911085, 25.426861 ], [ -100.910872, 25.426194 ], [ -100.911196, 25.426102 ], [ -100.911407, 25.426768 ], [ -100.911085, 25.426861 ] ] ] } },
{ "type": "Feature", "properties": { "INTENSIDAD": "Bajo", "PUNTAJE": 25, "TITULO": "Riesgo por Inundaciones Pluviales", "FENOMENO": "Hidrometeorológico", "FUENTE": "IMPLAN Saltillo — CARTO SALTILLO, Atlas de Riesgos 2024", "FECHA": "2024" }, "geometry": { "type": "Polygon", "coordinates": [ [ [ -100.912338, 25.426373 ], [ -100.912419, 25.426624 ], [ -100.911784, 25.42679 ], [ -100.911699, 25.426537 ], [ -100.912338, 25.426373 ] ] ] } },
{ "type": "Feature", "properties": { "INTENSIDAD": "Bajo", "PUNTAJE": 25, "TITULO": "Riesgo por Inundaciones Pluviales", "FENOMENO": "Hidrometeorológico", "FUENTE": "IMPLAN Saltillo — CARTO SALTILLO, Atlas de Riesgos 2024", "FECHA": "2024" }, "geometry": { "type": "Polygon", "coordinates": [ [ [ -100.909855, 25.42649 ], [ -100.910789, 25.426219 ], [ -100.911001, 25.426889 ], [ -100.910086, 25.427149 ], [ -100.909855, 25.42649 ] ] ] } },
{ "type": "Feature", "properties": { "INTENSIDAD": "Bajo", "PUNTAJE": 25, "TITULO": "Riesgo por Inundaciones Pluviales", "FENOMENO": "Hidrometeorológico", "FUENTE": "IMPLAN Saltillo — CARTO SALTILLO, Atlas de Riesgos 2024", "FECHA": "2024" }, "geometry": { "type": "Polygon", "coordinates": [ [ [ -100.910789, 25.427334 ], [ -100.910695, 25.427061 ], [ -100.911434, 25.426849 ], [ -100.911519, 25.427124 ], [ -100.910789, 25.427334 ] ] ] } },
{ "type": "Feature", "properties": { "INTENSIDAD": "Bajo", "PUNTAJE": 25, "TITULO": "Riesgo por Inundaciones Pluviales", "FENOMENO": "Hidrometeorológico", "FUENTE": "IMPLAN Saltillo — CARTO SALTILLO, Atlas de Riesgos 2024", "FECHA": "2024" }, "geometry": { "type": "Polygon", "coordinates": [ [ [ -100.920826, 25.425766 ], [ -100.921114, 25.426759 ], [ -100.920885, 25.426816 ], [ -100.920541, 25.42577 ], [ -100.919555, 25.426024 ], [ -100.919925, 25.427261 ], [ -100.921169, 25.426946 ], [ -100.921316, 25.427407 ], [ -100.920065, 25.427734 ], [ -100.920508, 25.429002 ], [ -100.920266, 25.429066 ], [ -100.919344, 25.425979 ], [ -100.920941, 25.425565 ], [ -100.920976, 25.425729 ], [ -100.920826, 25.425766 ] ] ] } },
{ "type": "Feature", "properties": { "INTENSIDAD": "Bajo", "PUNTAJE": 25, "TITULO": "Riesgo por Inundaciones Pluviales", "FENOMENO": "Hidrometeorológico", "FUENTE": "IMPLAN Saltillo — CARTO SALTILLO, Atlas de Riesgos 2024", "FECHA": "2024" }, "geometry": { "type": "Polygon", "coordinates": [ [ [ -100.910605, 25.427085 ], [ -100.910705, 25.42736 ], [ -100.909807, 25.427622 ], [ -100.909709, 25.42735 ], [ -100.910605, 25.427085 ] ] ] } },
{ "type": "Feature", "properties": { "INTENSIDAD": "Bajo", "PUNTAJE": 25, "TITULO": "Riesgo por Inundaciones Pluviales", "FENOMENO": "Hidrometeorológico", "FUENTE": "IMPLAN Saltillo — CARTO SALTILLO, Atlas de Riesgos 2024", "FECHA": "2024" }, "geometry": { "type": "Polygon", "coordinates": [ [ [ -100.918075, 25.427331 ], [ -100.918242, 25.427977 ], [ -100.918056, 25.428022 ], [ -100.917777, 25.427217 ], [ -100.919515, 25.426748 ], [ -100.919646, 25.427169 ], [ -100.919457, 25.427215 ], [ -100.919379, 25.426969 ], [ -100.918075, 25.427331 ] ] ] } },
{ "type": "Feature", "properties": { "INTENSIDAD": "Bajo", "PUNTAJE": 25, "TITULO": "Riesgo por Inundaciones Pluviales", "FENOMENO": "Hidrometeorológico", "FUENTE": "IMPLAN Saltillo — CARTO SALTILLO, Atlas de Riesgos 2024", "FECHA": "2024" }, "geometry": { "type": "Polygon", "coordinates": [ [ [ -100.912021, 25.427406 ], [ -100.91263, 25.427246 ], [ -100.912705, 25.427489 ], [ -100.912088, 25.427651 ], [ -100.912021, 25.427406 ] ] ] } },
{ "type": "Feature", "properties": { "INTENSIDAD": "Bajo", "PUNTAJE": 25, "TITULO": "Riesgo por Inundaciones Pluviales", "FENOMENO": "Hidrometeorológico", "FUENTE": "IMPLAN Saltillo — CARTO SALTILLO, Atlas de Riesgos 2024", "FECHA": "2024" }, "geometry": { "type": "Polygon", "coordinates": [ [ [ -100.911562, 25.427263 ], [ -100.911654, 25.427539 ], [ -100.910935, 25.427748 ], [ -100.91084, 25.427469 ], [ -100.911562, 25.427263 ] ] ] } },
{ "type": "Feature", "properties": { "INTENSIDAD": "Bajo", "PUNTAJE": 25, "TITULO": "Riesgo por Inundaciones Pluviales", "FENOMENO": "Hidrometeorológico", "FUENTE": "IMPLAN Saltillo — CARTO SALTILLO, Atlas de Riesgos 2024", "FECHA": "2024" }, "geometry": { "type": "Polygon", "coordinates": [ [ [ -100.912697, 25.427162 ], [ -100.911746, 25.427378 ], [ -100.911694, 25.427225 ], [ -100.912923, 25.426924 ], [ -100.913408, 25.428387 ], [ -100.913137, 25.428462 ], [ -100.912697, 25.427162 ] ] ] } },
{ "type": "Feature", "properties": { "INTENSIDAD": "Bajo", "PUNTAJE": 25, "TITULO": "Riesgo por Inundaciones Pluviales", "FENOMENO": "Hidrometeorológico", "FUENTE": "IMPLAN Saltillo — CARTO SALTILLO, Atlas de Riesgos 2024", "FECHA": "2024" }, "geometry": { "type": "Polygon", "coordinates": [ [ [ -100.909954, 25.428035 ], [ -100.909858, 25.42776 ], [ -100.910751, 25.427493 ], [ -100.910853, 25.427774 ], [ -100.909954, 25.428035 ] ] ] } },
{ "type": "Feature", "properties": { "INTENSIDAD": "Bajo", "PUNTAJE": 25, "TITULO": "Riesgo por Inundaciones Pluviales", "FENOMENO": "Hidrometeorológico", "FUENTE": "IMPLAN Saltillo — CARTO SALTILLO, Atlas de Riesgos 2024", "FECHA": "2024" }, "geometry": { "type": "Polygon", "coordinates": [ [ [ -100.910961, 25.427823 ], [ -100.911678, 25.427617 ], [ -100.911771, 25.427913 ], [ -100.911066, 25.428118 ], [ -100.910961, 25.427823 ] ] ] } },
{ "type": "Feature", "properties": { "INTENSIDAD": "Bajo", "PUNTAJE": 25, "TITULO": "Riesgo por Inundaciones Pluviales", "FENOMENO": "Hidrometeorológico", "FUENTE": "IMPLAN Saltillo — CARTO SALTILLO, Atlas de Riesgos 2024", "FECHA": "2024" }, "geometry": { "type": "Polygon", "coordinates": [ [ [ -100.912914, 25.428162 ], [ -100.912678, 25.428213 ], [ -100.912499, 25.427639 ], [ -100.912732, 25.427581 ], [ -100.912914, 25.428162 ] ] ] } },
{ "type": "Feature", "properties": { "INTENSIDAD": "Bajo", "PUNTAJE": 25, "TITULO": "Riesgo por Inundaciones Pluviales", "FENOMENO": "Hidrometeorológico", "FUENTE": "IMPLAN Saltillo — CARTO SALTILLO, Atlas de Riesgos 2024", "FECHA": "2024" }, "geometry": { "type": "Polygon", "coordinates": [ [ [ -100.912169, 25.427733 ], [ -100.912391, 25.427685 ], [ -100.912577, 25.428235 ], [ -100.912346, 25.428295 ], [ -100.912169, 25.427733 ] ] ] } },
{ "type": "Feature", "properties": { "INTENSIDAD": "Bajo", "PUNTAJE": 25, "TITULO": "Riesgo por Inundaciones Pluviales", "FENOMENO": "Hidrometeorológico", "FUENTE": "IMPLAN Saltillo — CARTO SALTILLO, Atlas de Riesgos 2024", "FECHA": "2024" }, "geometry": { "type": "Polygon", "coordinates": [ [ [ -100.911916, 25.427423 ], [ -100.9123, 25.428627 ], [ -100.912158, 25.428666 ], [ -100.911766, 25.427453 ], [ -100.911916, 25.427423 ] ] ] } },
{ "type": "Feature", "properties": { "INTENSIDAD": "Bajo", "PUNTAJE": 25, "TITULO": "Riesgo por Inundaciones Pluviales", "FENOMENO": "Hidrometeorológico", "FUENTE": "IMPLAN Saltillo — CARTO SALTILLO, Atlas de Riesgos 2024", "FECHA": "2024" }, "geometry": { "type": "Polygon", "coordinates": [ [ [ -100.909982, 25.428109 ], [ -100.910877, 25.42785 ], [ -100.910981, 25.428142 ], [ -100.910086, 25.428401 ], [ -100.909982, 25.428109 ] ] ] } },
{ "type": "Feature", "properties": { "INTENSIDAD": "Bajo", "PUNTAJE": 25, "TITULO": "Riesgo por Inundaciones Pluviales", "FENOMENO": "Hidrometeorológico", "FUENTE": "IMPLAN Saltillo — CARTO SALTILLO, Atlas de Riesgos 2024", "FECHA": "2024" }, "geometry": { "type": "Polygon", "coordinates": [ [ [ -100.911198, 25.428486 ], [ -100.911092, 25.428193 ], [ -100.911795, 25.42799 ], [ -100.911891, 25.428286 ], [ -100.911198, 25.428486 ] ] ] } },
{ "type": "Feature", "properties": { "INTENSIDAD": "Bajo", "PUNTAJE": 25, "TITULO": "Riesgo por Inundaciones Pluviales", "FENOMENO": "Hidrometeorológico", "FUENTE": "IMPLAN Saltillo — CARTO SALTILLO, Atlas de Riesgos 2024", "FECHA": "2024" }, "geometry": { "type": "Polygon", "coordinates": [ [ [ -100.921435, 25.428534 ], [ -100.921121, 25.427576 ], [ -100.921352, 25.427515 ], [ -100.921735, 25.428675 ], [ -100.920522, 25.428999 ], [ -100.92045, 25.428793 ], [ -100.921435, 25.428534 ] ] ] } },
{ "type": "Feature", "properties": { "INTENSIDAD": "Bajo", "PUNTAJE": 25, "TITULO": "Riesgo por Inundaciones Pluviales", "FENOMENO": "Hidrometeorológico", "FUENTE": "IMPLAN Saltillo — CARTO SALTILLO, Atlas de Riesgos 2024", "FECHA": "2024" }, "geometry": { "type": "Polygon", "coordinates": [ [ [ -100.912373, 25.428409 ], [ -100.912955, 25.428264 ], [ -100.913022, 25.428482 ], [ -100.912432, 25.428634 ], [ -100.912373, 25.428409 ] ] ] } },
{ "type": "Feature", "properties": { "INTENSIDAD": "Bajo", "PUNTAJE": 25, "TITULO": "Riesgo por Inundaciones Pluviales", "FENOMENO": "Hidrometeorológico", "FUENTE": "IMPLAN Saltillo — CARTO SALTILLO, Atlas de Riesgos 2024", "FECHA": "2024" }, "geometry": { "type": "Polygon", "coordinates": [ [ [ -100.91111, 25.428515 ], [ -100.910217, 25.428771 ], [ -100.910115, 25.428481 ], [ -100.911007, 25.42822 ], [ -100.91111, 25.428515 ] ] ] } },
{ "type": "Feature", "properties": { "INTENSIDAD": "Bajo", "PUNTAJE": 25, "TITULO": "Riesgo por Inundaciones Pluviales", "FENOMENO": "Hidrometeorológico", "FUENTE": "IMPLAN Saltillo — CARTO SALTILLO, Atlas de Riesgos 2024", "FECHA": "2024" }, "geometry": { "type": "Polygon", "coordinates": [ [ [ -100.911914, 25.428364 ], [ -100.912009, 25.428657 ], [ -100.911325, 25.428856 ], [ -100.911224, 25.428566 ], [ -100.911914, 25.428364 ] ] ] } },
{ "type": "Feature", "properties": { "INTENSIDAD": "Bajo", "PUNTAJE": 25, "TITULO": "Riesgo por Inundaciones Pluviales", "FENOMENO": "Hidrometeorológico", "FUENTE": "IMPLAN Saltillo — CARTO SALTILLO, Atlas de Riesgos 2024", "FECHA": "2024" }, "geometry": { "type": "Polygon", "coordinates": [ [ [ -100.918988, 25.431422 ], [ -100.919054, 25.431405 ], [ -100.919477, 25.432789 ], [ -100.917279, 25.433004 ], [ -100.917561, 25.434436 ], [ -100.916275, 25.434656 ], [ -100.915737, 25.433761 ], [ -100.915597, 25.4332 ], [ -100.915123, 25.432381 ], [ -100.914306, 25.431874 ], [ -100.913905, 25.431872 ], [ -100.913499, 25.431722 ], [ -100.913194, 25.431297 ], [ -100.912866, 25.43051 ], [ -100.914177, 25.430199 ], [ -100.913296, 25.427124 ], [ -100.913206, 25.426901 ], [ -100.91309, 25.426857 ], [ -100.91214, 25.423868 ], [ -100.916339, 25.42299 ], [ -100.918988, 25.431422 ] ] ] } },
{ "type": "Feature", "properties": { "INTENSIDAD": "Bajo", "PUNTAJE": 25, "TITULO": "Riesgo por Inundaciones Pluviales", "FENOMENO": "Hidrometeorológico", "FUENTE": "IMPLAN Saltillo — CARTO SALTILLO, Atlas de Riesgos 2024", "FECHA": "2024" }, "geometry": { "type": "Polygon", "coordinates": [ [ [ -100.910244, 25.428851 ], [ -100.911137, 25.428595 ], [ -100.911242, 25.428886 ], [ -100.910345, 25.429142 ], [ -100.910244, 25.428851 ] ] ] } },
{ "type": "Feature", "properties": { "INTENSIDAD": "Bajo", "PUNTAJE": 25, "TITULO": "Riesgo por Inundaciones Pluviales", "FENOMENO": "Hidrometeorológico", "FUENTE": "IMPLAN Saltillo — CARTO SALTILLO, Atlas de Riesgos 2024", "FECHA": "2024" }, "geometry": { "type": "Polygon", "coordinates": [ [ [ -100.912293, 25.429066 ], [ -100.910299, 25.429245 ], [ -100.912032, 25.428738 ], [ -100.912293, 25.429066 ] ] ] } },
{ "type": "Feature", "properties": { "INTENSIDAD": "Bajo", "PUNTAJE": 25, "TITULO": "Riesgo por Inundaciones Pluviales", "FENOMENO": "Hidrometeorológico", "FUENTE": "IMPLAN Saltillo — CARTO SALTILLO, Atlas de Riesgos 2024", "FECHA": "2024" }, "geometry": { "type": "Polygon", "coordinates": [ [ [ -100.912809, 25.429271 ], [ -100.912742, 25.429036 ], [ -100.913169, 25.428935 ], [ -100.913228, 25.429158 ], [ -100.912809, 25.429271 ] ] ] } },
{ "type": "Feature", "properties": { "INTENSIDAD": "Bajo", "PUNTAJE": 25, "TITULO": "Riesgo por Inundaciones Pluviales", "FENOMENO": "Hidrometeorológico", "FUENTE": "IMPLAN Saltillo — CARTO SALTILLO, Atlas de Riesgos 2024", "FECHA": "2024" }, "geometry": { "type": "Polygon", "coordinates": [ [ [ -100.913566, 25.42985 ], [ -100.913169, 25.428557 ], [ -100.913478, 25.428489 ], [ -100.913885, 25.429756 ], [ -100.913566, 25.42985 ] ] ] } },
{ "type": "Feature", "properties": { "INTENSIDAD": "Bajo", "PUNTAJE": 25, "TITULO": "Riesgo por Inundaciones Pluviales", "FENOMENO": "Hidrometeorológico", "FUENTE": "IMPLAN Saltillo — CARTO SALTILLO, Atlas de Riesgos 2024", "FECHA": "2024" }, "geometry": { "type": "Polygon", "coordinates": [ [ [ -100.912639, 25.428951 ], [ -100.912679, 25.429027 ], [ -100.913048, 25.430337 ], [ -100.912928, 25.430366 ], [ -100.912802, 25.430233 ], [ -100.912426, 25.429046 ], [ -100.912222, 25.428789 ], [ -100.913051, 25.428581 ], [ -100.913134, 25.428806 ], [ -100.912639, 25.428951 ] ] ] } },
{ "type": "Feature", "properties": { "INTENSIDAD": "Bajo", "PUNTAJE": 25, "TITULO": "Riesgo por Inundaciones Pluviales", "FENOMENO": "Hidrometeorológico", "FUENTE": "IMPLAN Saltillo — CARTO SALTILLO, Atlas de Riesgos 2024", "FECHA": "2024" }, "geometry": { "type": "Polygon", "coordinates": [ [ [ -100.921152, 25.430867 ], [ -100.922115, 25.43149 ], [ -100.92277, 25.431502 ], [ -100.922799, 25.43163 ], [ -100.922083, 25.431619 ], [ -100.920848, 25.430888 ], [ -100.920338, 25.42929 ], [ -100.92143, 25.428995 ], [ -100.921913, 25.428945 ], [ -100.922276, 25.430091 ], [ -100.921886, 25.430196 ], [ -100.921547, 25.429134 ], [ -100.920648, 25.429366 ], [ -100.921152, 25.430867 ] ] ] } },
{ "type": "Feature", "properties": { "INTENSIDAD": "Bajo", "PUNTAJE": 25, "TITULO": "Riesgo por Inundaciones Pluviales", "FENOMENO": "Hidrometeorológico", "FUENTE": "IMPLAN Saltillo — CARTO SALTILLO, Atlas de Riesgos 2024", "FECHA": "2024" }, "geometry": { "type": "Polygon", "coordinates": [ [ [ -100.919146, 25.435047 ], [ -100.92112, 25.434726 ], [ -100.921429, 25.440946 ], [ -100.920373, 25.441118 ], [ -100.919146, 25.435047 ] ] ] } },
{ "type": "Feature", "properties": { "INTENSIDAD": "Bajo", "PUNTAJE": 25, "TITULO": "Riesgo por Inundaciones Pluviales", "FENOMENO": "Hidrometeorológico", "FUENTE": "IMPLAN Saltillo — CARTO SALTILLO, Atlas de Riesgos 2024", "FECHA": "2024" }, "geometry": { "type": "Polygon", "coordinates": [ [ [ -100.922452, 25.439106 ], [ -100.92247, 25.43879 ], [ -100.922727, 25.438745 ], [ -100.92278, 25.439085 ], [ -100.922452, 25.439106 ] ] ] } },
{ "type": "Feature", "properties": { "INTENSIDAD": "Bajo", "PUNTAJE": 25, "TITULO": "Riesgo por Inundaciones Pluviales", "FENOMENO": "Hidrometeorológico", "FUENTE": "IMPLAN Saltillo — CARTO SALTILLO, Atlas de Riesgos 2024", "FECHA": "2024" }, "geometry": { "type": "Polygon", "coordinates": [ [ [ -100.921565, 25.440919 ], [ -100.92149, 25.43869 ], [ -100.922156, 25.43868 ], [ -100.922067, 25.440854 ], [ -100.921565, 25.440919 ] ] ] } },
{ "type": "Feature", "properties": { "INTENSIDAD": "Bajo", "PUNTAJE": 25, "TITULO": "Riesgo por Inundaciones Pluviales", "FENOMENO": "Hidrometeorológico", "FUENTE": "IMPLAN Saltillo — CARTO SALTILLO, Atlas de Riesgos 2024", "FECHA": "2024" }, "geometry": { "type": "Polygon", "coordinates": [ [ [ -100.902462, 25.437892 ], [ -100.903195, 25.437763 ], [ -100.903363, 25.438331 ], [ -100.903861, 25.438883 ], [ -100.904348, 25.4396 ], [ -100.904372, 25.439532 ], [ -100.903891, 25.438848 ], [ -100.903435, 25.438344 ], [ -100.903248, 25.437755 ], [ -100.906614, 25.437176 ], [ -100.906733, 25.437212 ], [ -100.907018, 25.438441 ], [ -100.905144, 25.438816 ], [ -100.905818, 25.441293 ], [ -100.90386, 25.441629 ], [ -100.903904, 25.441784 ], [ -100.905792, 25.441485 ], [ -100.905884, 25.441541 ], [ -100.906278, 25.442959 ], [ -100.906187, 25.443135 ], [ -100.904295, 25.443455 ], [ -100.902534, 25.443649 ], [ -100.900734, 25.43818 ], [ -100.902336, 25.437907 ], [ -100.902829, 25.439532 ], [ -100.902956, 25.439495 ], [ -100.902462, 25.437892 ] ] ] } },
{ "type": "Feature", "properties": { "INTENSIDAD": "Bajo", "PUNTAJE": 25, "TITULO": "Riesgo por Inundaciones Pluviales", "FENOMENO": "Hidrometeorológico", "FUENTE": "IMPLAN Saltillo — CARTO SALTILLO, Atlas de Riesgos 2024", "FECHA": "2024" }, "geometry": { "type": "Polygon", "coordinates": [ [ [ -100.909041, 25.442572 ], [ -100.909074, 25.442746 ], [ -100.906531, 25.443112 ], [ -100.906129, 25.441419 ], [ -100.909939, 25.440791 ], [ -100.9101, 25.44139 ], [ -100.908913, 25.441293 ], [ -100.909189, 25.442548 ], [ -100.909041, 25.442572 ] ] ] } },
{ "type": "Feature", "properties": { "INTENSIDAD": "Bajo", "PUNTAJE": 25, "TITULO": "Riesgo por Inundaciones Pluviales", "FENOMENO": "Hidrometeorológico", "FUENTE": "IMPLAN Saltillo — CARTO SALTILLO, Atlas de Riesgos 2024", "FECHA": "2024" }, "geometry": { "type": "Polygon", "coordinates": [ [ [ -100.910791, 25.44336 ], [ -100.910405, 25.443419 ], [ -100.910488, 25.443847 ], [ -100.910226, 25.443786 ], [ -100.910027, 25.44277 ], [ -100.911339, 25.442592 ], [ -100.911499, 25.443777 ], [ -100.911311, 25.443822 ], [ -100.911178, 25.443204 ], [ -100.911119, 25.443215 ], [ -100.911254, 25.443836 ], [ -100.910895, 25.443923 ], [ -100.910791, 25.44336 ] ] ] } },
{ "type": "Feature", "properties": { "INTENSIDAD": "Bajo", "PUNTAJE": 25, "TITULO": "Riesgo por Inundaciones Pluviales", "FENOMENO": "Hidrometeorológico", "FUENTE": "IMPLAN Saltillo — CARTO SALTILLO, Atlas de Riesgos 2024", "FECHA": "2024" }, "geometry": { "type": "Polygon", "coordinates": [ [ [ -100.910055, 25.443795 ], [ -100.909841, 25.443921 ], [ -100.90971, 25.443544 ], [ -100.909004, 25.443676 ], [ -100.909157, 25.444252 ], [ -100.910112, 25.444094 ], [ -100.910152, 25.444302 ], [ -100.908987, 25.444518 ], [ -100.908535, 25.442971 ], [ -100.909862, 25.442792 ], [ -100.910055, 25.443795 ] ] ] } },
{ "type": "Feature", "properties": { "INTENSIDAD": "Bajo", "PUNTAJE": 25, "TITULO": "Riesgo por Inundaciones Pluviales", "FENOMENO": "Hidrometeorológico", "FUENTE": "IMPLAN Saltillo — CARTO SALTILLO, Atlas de Riesgos 2024", "FECHA": "2024" }, "geometry": { "type": "Polygon", "coordinates": [ [ [ -100.909693, 25.443602 ], [ -100.909799, 25.444087 ], [ -100.909558, 25.444132 ], [ -100.909419, 25.443648 ], [ -100.909693, 25.443602 ] ] ] } },
{ "type": "Feature", "properties": { "INTENSIDAD": "Bajo", "PUNTAJE": 25, "TITULO": "Riesgo por Inundaciones Pluviales", "FENOMENO": "Hidrometeorológico", "FUENTE": "IMPLAN Saltillo — CARTO SALTILLO, Atlas de Riesgos 2024", "FECHA": "2024" }, "geometry": { "type": "Polygon", "coordinates": [ [ [ -100.909207, 25.444212 ], [ -100.909048, 25.443723 ], [ -100.90936, 25.443659 ], [ -100.9095, 25.444145 ], [ -100.909207, 25.444212 ] ] ] } },
{ "type": "Feature", "properties": { "INTENSIDAD": "Bajo", "PUNTAJE": 25, "TITULO": "Riesgo por Inundaciones Pluviales", "FENOMENO": "Hidrometeorológico", "FUENTE": "IMPLAN Saltillo — CARTO SALTILLO, Atlas de Riesgos 2024", "FECHA": "2024" }, "geometry": { "type": "Polygon", "coordinates": [ [ [ -100.909859, 25.444077 ], [ -100.909853, 25.443979 ], [ -100.910065, 25.443849 ], [ -100.910102, 25.444041 ], [ -100.909859, 25.444077 ] ] ] } },
{ "type": "Feature", "properties": { "INTENSIDAD": "Bajo", "PUNTAJE": 25, "TITULO": "Riesgo por Inundaciones Pluviales", "FENOMENO": "Hidrometeorológico", "FUENTE": "IMPLAN Saltillo — CARTO SALTILLO, Atlas de Riesgos 2024", "FECHA": "2024" }, "geometry": { "type": "Polygon", "coordinates": [ [ [ -100.911538, 25.444063 ], [ -100.910321, 25.444271 ], [ -100.910237, 25.443844 ], [ -100.9105, 25.443906 ], [ -100.910573, 25.444057 ], [ -100.911506, 25.443832 ], [ -100.911538, 25.444063 ] ] ] } },
{ "type": "Feature", "properties": { "INTENSIDAD": "Bajo", "PUNTAJE": 25, "TITULO": "Riesgo por Inundaciones Pluviales", "FENOMENO": "Hidrometeorológico", "FUENTE": "IMPLAN Saltillo — CARTO SALTILLO, Atlas de Riesgos 2024", "FECHA": "2024" }, "geometry": { "type": "Polygon", "coordinates": [ [ [ -100.909061, 25.445066 ], [ -100.908478, 25.445223 ], [ -100.907863, 25.443078 ], [ -100.908419, 25.442987 ], [ -100.909061, 25.445066 ] ] ] } },
{ "type": "Feature", "properties": { "INTENSIDAD": "Bajo", "PUNTAJE": 25, "TITULO": "Riesgo por Inundaciones Pluviales", "FENOMENO": "Hidrometeorológico", "FUENTE": "IMPLAN Saltillo — CARTO SALTILLO, Atlas de Riesgos 2024", "FECHA": "2024" }, "geometry": { "type": "Polygon", "coordinates": [ [ [ -100.907186, 25.443184 ], [ -100.90778, 25.443093 ], [ -100.908406, 25.445242 ], [ -100.907804, 25.445404 ], [ -100.907186, 25.443184 ] ] ] } },
{ "type": "Feature", "properties": { "INTENSIDAD": "Bajo", "PUNTAJE": 25, "TITULO": "Riesgo por Inundaciones Pluviales", "FENOMENO": "Hidrometeorológico", "FUENTE": "IMPLAN Saltillo — CARTO SALTILLO, Atlas de Riesgos 2024", "FECHA": "2024" }, "geometry": { "type": "Polygon", "coordinates": [ [ [ -100.906958, 25.444534 ], [ -100.90658, 25.444585 ], [ -100.906493, 25.444145 ], [ -100.906845, 25.444096 ], [ -100.906958, 25.444534 ] ] ] } },
{ "type": "Feature", "properties": { "INTENSIDAD": "Bajo", "PUNTAJE": 25, "TITULO": "Riesgo por Inundaciones Pluviales", "FENOMENO": "Hidrometeorológico", "FUENTE": "IMPLAN Saltillo — CARTO SALTILLO, Atlas de Riesgos 2024", "FECHA": "2024" }, "geometry": { "type": "Polygon", "coordinates": [ [ [ -100.906509, 25.444599 ], [ -100.906151, 25.444653 ], [ -100.90603, 25.44421 ], [ -100.906401, 25.444156 ], [ -100.906509, 25.444599 ] ] ] } },
{ "type": "Feature", "properties": { "INTENSIDAD": "Bajo", "PUNTAJE": 25, "TITULO": "Riesgo por Inundaciones Pluviales", "FENOMENO": "Hidrometeorológico", "FUENTE": "IMPLAN Saltillo — CARTO SALTILLO, Atlas de Riesgos 2024", "FECHA": "2024" }, "geometry": { "type": "Polygon", "coordinates": [ [ [ -100.910661, 25.444268 ], [ -100.910759, 25.444843 ], [ -100.910446, 25.444902 ], [ -100.910326, 25.444299 ], [ -100.910661, 25.444268 ] ] ] } },
{ "type": "Feature", "properties": { "INTENSIDAD": "Bajo", "PUNTAJE": 25, "TITULO": "Riesgo por Inundaciones Pluviales", "FENOMENO": "Hidrometeorológico", "FUENTE": "IMPLAN Saltillo — CARTO SALTILLO, Atlas de Riesgos 2024", "FECHA": "2024" }, "geometry": { "type": "Polygon", "coordinates": [ [ [ -100.905434, 25.443442 ], [ -100.905974, 25.445348 ], [ -100.903219, 25.445817 ], [ -100.902573, 25.443852 ], [ -100.905434, 25.443442 ] ] ] } },
{ "type": "Feature", "properties": { "INTENSIDAD": "Bajo", "PUNTAJE": 25, "TITULO": "Riesgo por Inundaciones Pluviales", "FENOMENO": "Hidrometeorológico", "FUENTE": "IMPLAN Saltillo — CARTO SALTILLO, Atlas de Riesgos 2024", "FECHA": "2024" }, "geometry": { "type": "Polygon", "coordinates": [ [ [ -100.909886, 25.44438 ], [ -100.910157, 25.444329 ], [ -100.910273, 25.444931 ], [ -100.910077, 25.444966 ], [ -100.910002, 25.44445 ], [ -100.909886, 25.44438 ] ] ] } },
{ "type": "Feature", "properties": { "INTENSIDAD": "Bajo", "PUNTAJE": 25, "TITULO": "Riesgo por Inundaciones Pluviales", "FENOMENO": "Hidrometeorológico", "FUENTE": "IMPLAN Saltillo — CARTO SALTILLO, Atlas de Riesgos 2024", "FECHA": "2024" }, "geometry": { "type": "Polygon", "coordinates": [ [ [ -100.909647, 25.445037 ], [ -100.909549, 25.444484 ], [ -100.909447, 25.444452 ], [ -100.909872, 25.444381 ], [ -100.909809, 25.444487 ], [ -100.909939, 25.444989 ], [ -100.909647, 25.445037 ] ] ] } },
{ "type": "Feature", "properties": { "INTENSIDAD": "Bajo", "PUNTAJE": 25, "TITULO": "Riesgo por Inundaciones Pluviales", "FENOMENO": "Hidrometeorológico", "FUENTE": "IMPLAN Saltillo — CARTO SALTILLO, Atlas de Riesgos 2024", "FECHA": "2024" }, "geometry": { "type": "Polygon", "coordinates": [ [ [ -100.907045, 25.444868 ], [ -100.906242, 25.444985 ], [ -100.906162, 25.444692 ], [ -100.906968, 25.444571 ], [ -100.907045, 25.444868 ] ] ] } },
{ "type": "Feature", "properties": { "INTENSIDAD": "Bajo", "PUNTAJE": 25, "TITULO": "Riesgo por Inundaciones Pluviales", "FENOMENO": "Hidrometeorológico", "FUENTE": "IMPLAN Saltillo — CARTO SALTILLO, Atlas de Riesgos 2024", "FECHA": "2024" }, "geometry": { "type": "Polygon", "coordinates": [ [ [ -100.909421, 25.444463 ], [ -100.909366, 25.444541 ], [ -100.90952, 25.445055 ], [ -100.909163, 25.445119 ], [ -100.908994, 25.444543 ], [ -100.909421, 25.444463 ] ] ] } },
{ "type": "Feature", "properties": { "INTENSIDAD": "Bajo", "PUNTAJE": 25, "TITULO": "Riesgo por Inundaciones Pluviales", "FENOMENO": "Hidrometeorológico", "FUENTE": "IMPLAN Saltillo — CARTO SALTILLO, Atlas de Riesgos 2024", "FECHA": "2024" }, "geometry": { "type": "Polygon", "coordinates": [ [ [ -100.906267, 25.446048 ], [ -100.907489, 25.445891 ], [ -100.906919, 25.444034 ], [ -100.905937, 25.444165 ], [ -100.906273, 25.445395 ], [ -100.906145, 25.445401 ], [ -100.905554, 25.443438 ], [ -100.907022, 25.443221 ], [ -100.907888, 25.446155 ], [ -100.907774, 25.446168 ], [ -100.907791, 25.446232 ], [ -100.906381, 25.446466 ], [ -100.906267, 25.446048 ] ] ] } },
{ "type": "Feature", "properties": { "INTENSIDAD": "Bajo", "PUNTAJE": 25, "TITULO": "Riesgo por Inundaciones Pluviales", "FENOMENO": "Hidrometeorológico", "FUENTE": "IMPLAN Saltillo — CARTO SALTILLO, Atlas de Riesgos 2024", "FECHA": "2024" }, "geometry": { "type": "Polygon", "coordinates": [ [ [ -100.906353, 25.44539 ], [ -100.906265, 25.445068 ], [ -100.907066, 25.444951 ], [ -100.907173, 25.445315 ], [ -100.906353, 25.44539 ] ] ] } },
{ "type": "Feature", "properties": { "INTENSIDAD": "Bajo", "PUNTAJE": 25, "TITULO": "Riesgo por Inundaciones Pluviales", "FENOMENO": "Hidrometeorológico", "FUENTE": "IMPLAN Saltillo — CARTO SALTILLO, Atlas de Riesgos 2024", "FECHA": "2024" }, "geometry": { "type": "Polygon", "coordinates": [ [ [ -100.909186, 25.4452 ], [ -100.910289, 25.445012 ], [ -100.910357, 25.445344 ], [ -100.909278, 25.445529 ], [ -100.909186, 25.4452 ] ] ] } },
{ "type": "Feature", "properties": { "INTENSIDAD": "Bajo", "PUNTAJE": 25, "TITULO": "Riesgo por Inundaciones Pluviales", "FENOMENO": "Hidrometeorológico", "FUENTE": "IMPLAN Saltillo — CARTO SALTILLO, Atlas de Riesgos 2024", "FECHA": "2024" }, "geometry": { "type": "Polygon", "coordinates": [ [ [ -100.909072, 25.447233 ], [ -100.908497, 25.445274 ], [ -100.909076, 25.445118 ], [ -100.909651, 25.447111 ], [ -100.909072, 25.447233 ] ] ] } },
{ "type": "Feature", "properties": { "INTENSIDAD": "Bajo", "PUNTAJE": 25, "TITULO": "Riesgo por Inundaciones Pluviales", "FENOMENO": "Hidrometeorológico", "FUENTE": "IMPLAN Saltillo — CARTO SALTILLO, Atlas de Riesgos 2024", "FECHA": "2024" }, "geometry": { "type": "Polygon", "coordinates": [ [ [ -100.907819, 25.445455 ], [ -100.908419, 25.445294 ], [ -100.908989, 25.447255 ], [ -100.908382, 25.447386 ], [ -100.907819, 25.445455 ] ] ] } },
{ "type": "Feature", "properties": { "INTENSIDAD": "Bajo", "PUNTAJE": 25, "TITULO": "Riesgo por Inundaciones Pluviales", "FENOMENO": "Hidrometeorológico", "FUENTE": "IMPLAN Saltillo — CARTO SALTILLO, Atlas de Riesgos 2024", "FECHA": "2024" }, "geometry": { "type": "Polygon", "coordinates": [ [ [ -100.92282, 25.445103 ], [ -100.922412, 25.452565 ], [ -100.922468, 25.452742 ], [ -100.92268, 25.452908 ], [ -100.922524, 25.452935 ], [ -100.922313, 25.452745 ], [ -100.922246, 25.452452 ], [ -100.922265, 25.451224 ], [ -100.922184, 25.450796 ], [ -100.921571, 25.44993 ], [ -100.92153, 25.449682 ], [ -100.921317, 25.449549 ], [ -100.921156, 25.44874 ], [ -100.920465, 25.448207 ], [ -100.920153, 25.448098 ], [ -100.920064, 25.447964 ], [ -100.920142, 25.447366 ], [ -100.920101, 25.447085 ], [ -100.919949, 25.446884 ], [ -100.920103, 25.446374 ], [ -100.920094, 25.445766 ], [ -100.919866, 25.445377 ], [ -100.919601, 25.44511 ], [ -100.919473, 25.444807 ], [ -100.919374, 25.443025 ], [ -100.919111, 25.442465 ], [ -100.919167, 25.442175 ], [ -100.918905, 25.441518 ], [ -100.923299, 25.440902 ], [ -100.922454, 25.441436 ], [ -100.922514, 25.441506 ], [ -100.922998, 25.441206 ], [ -100.922895, 25.44396 ], [ -100.92224, 25.443936 ], [ -100.922198, 25.445078 ], [ -100.92282, 25.445103 ] ] ] } },
{ "type": "Feature", "properties": { "INTENSIDAD": "Bajo", "PUNTAJE": 25, "TITULO": "Riesgo por Inundaciones Pluviales", "FENOMENO": "Hidrometeorológico", "FUENTE": "IMPLAN Saltillo — CARTO SALTILLO, Atlas de Riesgos 2024", "FECHA": "2024" }, "geometry": { "type": "Polygon", "coordinates": [ [ [ -100.911154, 25.448594 ], [ -100.911146, 25.448515 ], [ -100.911817, 25.448113 ], [ -100.911637, 25.446825 ], [ -100.910857, 25.446982 ], [ -100.910778, 25.446614 ], [ -100.911834, 25.446417 ], [ -100.911997, 25.448085 ], [ -100.911154, 25.448594 ] ] ] } },
{ "type": "Feature", "properties": { "INTENSIDAD": "Bajo", "PUNTAJE": 25, "TITULO": "Riesgo por Inundaciones Pluviales", "FENOMENO": "Hidrometeorológico", "FUENTE": "IMPLAN Saltillo — CARTO SALTILLO, Atlas de Riesgos 2024", "FECHA": "2024" }, "geometry": { "type": "Polygon", "coordinates": [ [ [ -100.917253, 25.448366 ], [ -100.917267, 25.449581 ], [ -100.917117, 25.449644 ], [ -100.917104, 25.448297 ], [ -100.918214, 25.447949 ], [ -100.918216, 25.448108 ], [ -100.917253, 25.448366 ] ] ] } },
{ "type": "Feature", "properties": { "INTENSIDAD": "Bajo", "PUNTAJE": 25, "TITULO": "Riesgo por Inundaciones Pluviales", "FENOMENO": "Hidrometeorológico", "FUENTE": "IMPLAN Saltillo — CARTO SALTILLO, Atlas de Riesgos 2024", "FECHA": "2024" }, "geometry": { "type": "Polygon", "coordinates": [ [ [ -100.917286, 25.449964 ], [ -100.917217, 25.450043 ], [ -100.917296, 25.450132 ], [ -100.917316, 25.451686 ], [ -100.917707, 25.451679 ], [ -100.917711, 25.451844 ], [ -100.917212, 25.451881 ], [ -100.917129, 25.44996 ], [ -100.918273, 25.449347 ], [ -100.918283, 25.449503 ], [ -100.91739, 25.449999 ], [ -100.917286, 25.449964 ] ] ] } },
{ "type": "Feature", "properties": { "INTENSIDAD": "Bajo", "PUNTAJE": 25, "TITULO": "Riesgo por Inundaciones Pluviales", "FENOMENO": "Hidrometeorológico", "FUENTE": "IMPLAN Saltillo — CARTO SALTILLO, Atlas de Riesgos 2024", "FECHA": "2024" }, "geometry": { "type": "Polygon", "coordinates": [ [ [ -100.912633, 25.454533 ], [ -100.91304, 25.455098 ], [ -100.912704, 25.455198 ], [ -100.912397, 25.454538 ], [ -100.912633, 25.454533 ] ] ] } },
{ "type": "Feature", "properties": { "INTENSIDAD": "Bajo", "PUNTAJE": 25, "TITULO": "Riesgo por Inundaciones Pluviales", "FENOMENO": "Hidrometeorológico", "FUENTE": "IMPLAN Saltillo — CARTO SALTILLO, Atlas de Riesgos 2024", "FECHA": "2024" }, "geometry": { "type": "Polygon", "coordinates": [ [ [ -100.908815, 25.455341 ], [ -100.908741, 25.455016 ], [ -100.910226, 25.454713 ], [ -100.910419, 25.455376 ], [ -100.909791, 25.455309 ], [ -100.90923, 25.455462 ], [ -100.908815, 25.455341 ] ] ] } },
{ "type": "Feature", "properties": { "INTENSIDAD": "Bajo", "PUNTAJE": 25, "TITULO": "Riesgo por Inundaciones Pluviales", "FENOMENO": "Hidrometeorológico", "FUENTE": "IMPLAN Saltillo — CARTO SALTILLO, Atlas de Riesgos 2024", "FECHA": "2024" }, "geometry": { "type": "Polygon", "coordinates": [ [ [ -100.911359, 25.455235 ], [ -100.910665, 25.455355 ], [ -100.910518, 25.455052 ], [ -100.911243, 25.45487 ], [ -100.911359, 25.455235 ] ] ] } },
{ "type": "Feature", "properties": { "INTENSIDAD": "Bajo", "PUNTAJE": 25, "TITULO": "Riesgo por Inundaciones Pluviales", "FENOMENO": "Hidrometeorológico", "FUENTE": "IMPLAN Saltillo — CARTO SALTILLO, Atlas de Riesgos 2024", "FECHA": "2024" }, "geometry": { "type": "Polygon", "coordinates": [ [ [ -100.911299, 25.45482 ], [ -100.91198, 25.454664 ], [ -100.912219, 25.455443 ], [ -100.91153, 25.455607 ], [ -100.911299, 25.45482 ] ] ] } },
{ "type": "Feature", "properties": { "INTENSIDAD": "Bajo", "PUNTAJE": 25, "TITULO": "Riesgo por Inundaciones Pluviales", "FENOMENO": "Hidrometeorológico", "FUENTE": "IMPLAN Saltillo — CARTO SALTILLO, Atlas de Riesgos 2024", "FECHA": "2024" }, "geometry": { "type": "Polygon", "coordinates": [ [ [ -100.912066, 25.454624 ], [ -100.912311, 25.454563 ], [ -100.912856, 25.455738 ], [ -100.912369, 25.455607 ], [ -100.912066, 25.454624 ] ] ] } },
{ "type": "Feature", "properties": { "INTENSIDAD": "Bajo", "PUNTAJE": 25, "TITULO": "Riesgo por Inundaciones Pluviales", "FENOMENO": "Hidrometeorológico", "FUENTE": "IMPLAN Saltillo — CARTO SALTILLO, Atlas de Riesgos 2024", "FECHA": "2024" }, "geometry": { "type": "Polygon", "coordinates": [ [ [ -100.913488, 25.455575 ], [ -100.913135, 25.455141 ], [ -100.914293, 25.455032 ], [ -100.91432, 25.455386 ], [ -100.913488, 25.455575 ] ] ] } },
{ "type": "Feature", "properties": { "INTENSIDAD": "Bajo", "PUNTAJE": 25, "TITULO": "Riesgo por Inundaciones Pluviales", "FENOMENO": "Hidrometeorológico", "FUENTE": "IMPLAN Saltillo — CARTO SALTILLO, Atlas de Riesgos 2024", "FECHA": "2024" }, "geometry": { "type": "Polygon", "coordinates": [ [ [ -100.912727, 25.455248 ], [ -100.913071, 25.455145 ], [ -100.913465, 25.455746 ], [ -100.912957, 25.455742 ], [ -100.912727, 25.455248 ] ] ] } },
{ "type": "Feature", "properties": { "INTENSIDAD": "Bajo", "PUNTAJE": 25, "TITULO": "Riesgo por Inundaciones Pluviales", "FENOMENO": "Hidrometeorológico", "FUENTE": "IMPLAN Saltillo — CARTO SALTILLO, Atlas de Riesgos 2024", "FECHA": "2024" }, "geometry": { "type": "Polygon", "coordinates": [ [ [ -100.914334, 25.455456 ], [ -100.914372, 25.455825 ], [ -100.913537, 25.455742 ], [ -100.914334, 25.455456 ] ] ] } },
{ "type": "Feature", "properties": { "INTENSIDAD": "Bajo", "PUNTAJE": 25, "TITULO": "Riesgo por Inundaciones Pluviales", "FENOMENO": "Hidrometeorológico", "FUENTE": "IMPLAN Saltillo — CARTO SALTILLO, Atlas de Riesgos 2024", "FECHA": "2024" }, "geometry": { "type": "Polygon", "coordinates": [ [ [ -100.915823, 25.459196 ], [ -100.915556, 25.456213 ], [ -100.916521, 25.456305 ], [ -100.918765, 25.455883 ], [ -100.919825, 25.455548 ], [ -100.920907, 25.455366 ], [ -100.92187, 25.454951 ], [ -100.923465, 25.454465 ], [ -100.923791, 25.45504 ], [ -100.923435, 25.455597 ], [ -100.923121, 25.456381 ], [ -100.923061, 25.45689 ], [ -100.923172, 25.457306 ], [ -100.923529, 25.457821 ], [ -100.923511, 25.458069 ], [ -100.922173, 25.460119 ], [ -100.919875, 25.459492 ], [ -100.919525, 25.460264 ], [ -100.916563, 25.460015 ], [ -100.915823, 25.459196 ] ] ] } },
{ "type": "Feature", "properties": { "INTENSIDAD": "Bajo", "PUNTAJE": 25, "TITULO": "Riesgo por Inundaciones Pluviales", "FENOMENO": "Hidrometeorológico", "FUENTE": "IMPLAN Saltillo — CARTO SALTILLO, Atlas de Riesgos 2024", "FECHA": "2024" }, "geometry": { "type": "Polygon", "coordinates": [ [ [ -100.915468, 25.456198 ], [ -100.915727, 25.459106 ], [ -100.912946, 25.455834 ], [ -100.914413, 25.455904 ], [ -100.915468, 25.456198 ] ] ] } },
{ "type": "Feature", "properties": { "INTENSIDAD": "Bajo", "PUNTAJE": 25, "TITULO": "Riesgo por Inundaciones Pluviales", "FENOMENO": "Hidrometeorológico", "FUENTE": "IMPLAN Saltillo — CARTO SALTILLO, Atlas de Riesgos 2024", "FECHA": "2024" }, "geometry": { "type": "Polygon", "coordinates": [ [ [ -100.909945, 25.455863 ], [ -100.910597, 25.455329 ], [ -100.910733, 25.455418 ], [ -100.911318, 25.455282 ], [ -100.911518, 25.455619 ], [ -100.912287, 25.455675 ], [ -100.912868, 25.455815 ], [ -100.915732, 25.459162 ], [ -100.915806, 25.459992 ], [ -100.913176, 25.459757 ], [ -100.912184, 25.45853 ], [ -100.908934, 25.459391 ], [ -100.908772, 25.458981 ], [ -100.906382, 25.455007 ], [ -100.909945, 25.455863 ] ] ] } },
{ "type": "Feature", "properties": { "INTENSIDAD": "Bajo", "PUNTAJE": 25, "TITULO": "Riesgo por Inundaciones Pluviales", "FENOMENO": "Hidrometeorológico", "FUENTE": "IMPLAN Saltillo — CARTO SALTILLO, Atlas de Riesgos 2024", "FECHA": "2024" }, "geometry": { "type": "Polygon", "coordinates": [ [ [ -100.916278, 25.463347 ], [ -100.915852, 25.459265 ], [ -100.916525, 25.460081 ], [ -100.919634, 25.460344 ], [ -100.921134, 25.460801 ], [ -100.91779, 25.462641 ], [ -100.916337, 25.463351 ], [ -100.916278, 25.463347 ] ] ] } },
{ "type": "Feature", "properties": { "INTENSIDAD": "Bajo", "PUNTAJE": 25, "TITULO": "Riesgo por Inundaciones Pluviales", "FENOMENO": "Hidrometeorológico", "FUENTE": "IMPLAN Saltillo — CARTO SALTILLO, Atlas de Riesgos 2024", "FECHA": "2024" }, "geometry": { "type": "Polygon", "coordinates": [ [ [ -100.913046, 25.459789 ], [ -100.915824, 25.460074 ], [ -100.916245, 25.463435 ], [ -100.914792, 25.46403 ], [ -100.910665, 25.466879 ], [ -100.907131, 25.469464 ], [ -100.90668, 25.467481 ], [ -100.905086, 25.461624 ], [ -100.908232, 25.461875 ], [ -100.908565, 25.459584 ], [ -100.909336, 25.461251 ], [ -100.909327, 25.461043 ], [ -100.908693, 25.459566 ], [ -100.912155, 25.458621 ], [ -100.913046, 25.459789 ] ] ] } },
{ "type": "Feature", "properties": { "INTENSIDAD": "Bajo", "PUNTAJE": 25, "TITULO": "Riesgo por Inundaciones Pluviales", "FENOMENO": "Hidrometeorológico", "FUENTE": "IMPLAN Saltillo — CARTO SALTILLO, Atlas de Riesgos 2024", "FECHA": "2024" }, "geometry": { "type": "Polygon", "coordinates": [ [ [ -100.915129, 25.467658 ], [ -100.914627, 25.465984 ], [ -100.912086, 25.466589 ], [ -100.911982, 25.466977 ], [ -100.911105, 25.466894 ], [ -100.911011, 25.466773 ], [ -100.91483, 25.464097 ], [ -100.917085, 25.463236 ], [ -100.921645, 25.460748 ], [ -100.922124, 25.460399 ], [ -100.923018, 25.459328 ], [ -100.923498, 25.45902 ], [ -100.92434, 25.459821 ], [ -100.923995, 25.461055 ], [ -100.923569, 25.461865 ], [ -100.922566, 25.465039 ], [ -100.922722, 25.465723 ], [ -100.923175, 25.46667 ], [ -100.922735, 25.467922 ], [ -100.922376, 25.468666 ], [ -100.922113, 25.468585 ], [ -100.922067, 25.468723 ], [ -100.922415, 25.468853 ], [ -100.921884, 25.470377 ], [ -100.921564, 25.470288 ], [ -100.921544, 25.470377 ], [ -100.921834, 25.470459 ], [ -100.921683, 25.470966 ], [ -100.921785, 25.470992 ], [ -100.921939, 25.470502 ], [ -100.922619, 25.470692 ], [ -100.922398, 25.471356 ], [ -100.924343, 25.47184 ], [ -100.924503, 25.471219 ], [ -100.925646, 25.47154 ], [ -100.92611, 25.471322 ], [ -100.928635, 25.473465 ], [ -100.92722, 25.472899 ], [ -100.922715, 25.473022 ], [ -100.91967, 25.472658 ], [ -100.916667, 25.471786 ], [ -100.909912, 25.467613 ], [ -100.910601, 25.467063 ], [ -100.910795, 25.467237 ], [ -100.910998, 25.467071 ], [ -100.911965, 25.46713 ], [ -100.911915, 25.467346 ], [ -100.912185, 25.467357 ], [ -100.912443, 25.468117 ], [ -100.913782, 25.46842 ], [ -100.913738, 25.467994 ], [ -100.915129, 25.467658 ] ] ] } },
{ "type": "Feature", "properties": { "INTENSIDAD": "Bajo", "PUNTAJE": 25, "TITULO": "Riesgo por Inundaciones Pluviales", "FENOMENO": "Hidrometeorológico", "FUENTE": "IMPLAN Saltillo — CARTO SALTILLO, Atlas de Riesgos 2024", "FECHA": "2024" }, "geometry": { "type": "Polygon", "coordinates": [ [ [ -100.913677, 25.46796 ], [ -100.913738, 25.468369 ], [ -100.912486, 25.468095 ], [ -100.912224, 25.467325 ], [ -100.911951, 25.467326 ], [ -100.912005, 25.467103 ], [ -100.910997, 25.467035 ], [ -100.910789, 25.467189 ], [ -100.910646, 25.467029 ], [ -100.910976, 25.466798 ], [ -100.911079, 25.46692 ], [ -100.912027, 25.467007 ], [ -100.912111, 25.466626 ], [ -100.914596, 25.466045 ], [ -100.915076, 25.467648 ], [ -100.913677, 25.46796 ] ] ] } },
{ "type": "Feature", "properties": { "INTENSIDAD": "Bajo", "PUNTAJE": 25, "TITULO": "Riesgo por Inundaciones Pluviales", "FENOMENO": "Hidrometeorológico", "FUENTE": "IMPLAN Saltillo — CARTO SALTILLO, Atlas de Riesgos 2024", "FECHA": "2024" }, "geometry": { "type": "Polygon", "coordinates": [ [ [ -100.922011, 25.475246 ], [ -100.921644, 25.475014 ], [ -100.921918, 25.474303 ], [ -100.922389, 25.474303 ], [ -100.922011, 25.475246 ] ] ] } },
{ "type": "Feature", "properties": { "INTENSIDAD": "Bajo", "PUNTAJE": 25, "TITULO": "Riesgo por Inundaciones Pluviales", "FENOMENO": "Hidrometeorológico", "FUENTE": "IMPLAN Saltillo — CARTO SALTILLO, Atlas de Riesgos 2024", "FECHA": "2024" }, "geometry": { "type": "Polygon", "coordinates": [ [ [ -100.922811, 25.474296 ], [ -100.922818, 25.474592 ], [ -100.922464, 25.475503 ], [ -100.922093, 25.475292 ], [ -100.9225, 25.474303 ], [ -100.922811, 25.474296 ] ] ] } },
{ "type": "Feature", "properties": { "INTENSIDAD": "Medio", "PUNTAJE": 50, "TITULO": "Riesgo por Inundaciones Pluviales", "FENOMENO": "Hidrometeorológico", "FUENTE": "IMPLAN Saltillo — CARTO SALTILLO, Atlas de Riesgos 2024", "FECHA": "2024" }, "geometry": { "type": "Polygon", "coordinates": [ [ [ -101.009096, 25.347967 ], [ -101.009358, 25.348648 ], [ -101.009054, 25.348741 ], [ -101.008913, 25.348365 ], [ -101.009048, 25.348324 ], [ -101.008999, 25.348229 ], [ -101.007965, 25.348581 ], [ -101.007894, 25.348453 ], [ -101.007697, 25.348521 ], [ -101.007555, 25.348449 ], [ -101.009096, 25.347967 ] ] ] } },
{ "type": "Feature", "properties": { "INTENSIDAD": "Medio", "PUNTAJE": 50, "TITULO": "Riesgo por Inundaciones Pluviales", "FENOMENO": "Hidrometeorológico", "FUENTE": "IMPLAN Saltillo — CARTO SALTILLO, Atlas de Riesgos 2024", "FECHA": "2024" }, "geometry": { "type": "Polygon", "coordinates": [ [ [ -101.004986, 25.349271 ], [ -101.004619, 25.348733 ], [ -101.004963, 25.348519 ], [ -101.005323, 25.348602 ], [ -101.005341, 25.348545 ], [ -101.004974, 25.348454 ], [ -101.004583, 25.348652 ], [ -101.004287, 25.348027 ], [ -101.003787, 25.347442 ], [ -101.004198, 25.347308 ], [ -101.004506, 25.347333 ], [ -101.004624, 25.34743 ], [ -101.004639, 25.347678 ], [ -101.004768, 25.347848 ], [ -101.005309, 25.348086 ], [ -101.005762, 25.34842 ], [ -101.006699, 25.348681 ], [ -101.005293, 25.349699 ], [ -101.005033, 25.349344 ], [ -101.005439, 25.34908 ], [ -101.005373, 25.349024 ], [ -101.004986, 25.349271 ] ] ] } },
{ "type": "Feature", "properties": { "INTENSIDAD": "Medio", "PUNTAJE": 50, "TITULO": "Riesgo por Inundaciones Pluviales", "FENOMENO": "Hidrometeorológico", "FUENTE": "IMPLAN Saltillo — CARTO SALTILLO, Atlas de Riesgos 2024", "FECHA": "2024" }, "geometry": { "type": "Polygon", "coordinates": [ [ [ -100.998345, 25.36441 ], [ -100.999114, 25.365213 ], [ -100.998432, 25.365844 ], [ -100.998253, 25.365517 ], [ -100.998635, 25.365179 ], [ -100.998345, 25.364855 ], [ -100.998027, 25.36508 ], [ -100.997865, 25.364792 ], [ -100.998345, 25.36441 ] ] ] } },
{ "type": "Feature", "properties": { "INTENSIDAD": "Medio", "PUNTAJE": 50, "TITULO": "Riesgo por Inundaciones Pluviales", "FENOMENO": "Hidrometeorológico", "FUENTE": "IMPLAN Saltillo — CARTO SALTILLO, Atlas de Riesgos 2024", "FECHA": "2024" }, "geometry": { "type": "Polygon", "coordinates": [ [ [ -100.99667, 25.368118 ], [ -100.997803, 25.366992 ], [ -100.997109, 25.366328 ], [ -100.996898, 25.366531 ], [ -100.996735, 25.366249 ], [ -100.996934, 25.366068 ], [ -100.998016, 25.366981 ], [ -100.996704, 25.368183 ], [ -100.99667, 25.368118 ] ] ] } },
{ "type": "Feature", "properties": { "INTENSIDAD": "Medio", "PUNTAJE": 50, "TITULO": "Riesgo por Inundaciones Pluviales", "FENOMENO": "Hidrometeorológico", "FUENTE": "IMPLAN Saltillo — CARTO SALTILLO, Atlas de Riesgos 2024", "FECHA": "2024" }, "geometry": { "type": "Polygon", "coordinates": [ [ [ -101.011899, 25.375821 ], [ -101.012975, 25.376098 ], [ -101.013484, 25.376084 ], [ -101.014014, 25.375966 ], [ -101.014793, 25.375532 ], [ -101.016842, 25.373868 ], [ -101.017566, 25.373502 ], [ -101.018302, 25.373318 ], [ -101.019133, 25.373301 ], [ -101.019667, 25.373391 ], [ -101.020984, 25.374388 ], [ -101.021027, 25.374692 ], [ -101.019612, 25.373701 ], [ -101.019575, 25.373743 ], [ -101.020892, 25.374714 ], [ -101.021035, 25.374749 ], [ -101.021084, 25.375089 ], [ -101.018551, 25.373331 ], [ -101.013344, 25.380511 ], [ -101.01153, 25.378592 ], [ -101.010759, 25.378299 ], [ -101.011899, 25.375821 ] ] ] } },
{ "type": "Feature", "properties": { "INTENSIDAD": "Medio", "PUNTAJE": 50, "TITULO": "Riesgo por Inundaciones Pluviales", "FENOMENO": "Hidrometeorológico", "FUENTE": "IMPLAN Saltillo — CARTO SALTILLO, Atlas de Riesgos 2024", "FECHA": "2024" }, "geometry": { "type": "Polygon", "coordinates": [ [ [ -101.015245, 25.378261 ], [ -101.014961, 25.378721 ], [ -101.014849, 25.379638 ], [ -101.014499, 25.379631 ], [ -101.013604, 25.380828 ], [ -101.013414, 25.380626 ], [ -101.016216, 25.37676 ], [ -101.016394, 25.376992 ], [ -101.015592, 25.378101 ], [ -101.015245, 25.378261 ] ] ] } },
{ "type": "Feature", "properties": { "INTENSIDAD": "Medio", "PUNTAJE": 50, "TITULO": "Riesgo por Inundaciones Pluviales", "FENOMENO": "Hidrometeorológico", "FUENTE": "IMPLAN Saltillo — CARTO SALTILLO, Atlas de Riesgos 2024", "FECHA": "2024" }, "geometry": { "type": "Polygon", "coordinates": [ [ [ -101.015206, 25.378784 ], [ -101.015317, 25.378535 ], [ -101.015499, 25.378364 ], [ -101.016927, 25.378315 ], [ -101.017223, 25.378451 ], [ -101.017457, 25.378682 ], [ -101.017693, 25.379399 ], [ -101.016188, 25.379632 ], [ -101.015091, 25.379552 ], [ -101.015206, 25.378784 ] ] ] } },
{ "type": "Feature", "properties": { "INTENSIDAD": "Medio", "PUNTAJE": 50, "TITULO": "Riesgo por Inundaciones Pluviales", "FENOMENO": "Hidrometeorológico", "FUENTE": "IMPLAN Saltillo — CARTO SALTILLO, Atlas de Riesgos 2024", "FECHA": "2024" }, "geometry": { "type": "Polygon", "coordinates": [ [ [ -101.011718, 25.379143 ], [ -101.011296, 25.380074 ], [ -101.010403, 25.379754 ], [ -101.010945, 25.378615 ], [ -101.011392, 25.378827 ], [ -101.011718, 25.379143 ] ] ] } },
{ "type": "Feature", "properties": { "INTENSIDAD": "Medio", "PUNTAJE": 50, "TITULO": "Riesgo por Inundaciones Pluviales", "FENOMENO": "Hidrometeorológico", "FUENTE": "IMPLAN Saltillo — CARTO SALTILLO, Atlas de Riesgos 2024", "FECHA": "2024" }, "geometry": { "type": "Polygon", "coordinates": [ [ [ -101.015082, 25.379638 ], [ -101.016104, 25.379702 ], [ -101.016067, 25.380093 ], [ -101.015029, 25.380028 ], [ -101.015082, 25.379638 ] ] ] } },
{ "type": "Feature", "properties": { "INTENSIDAD": "Medio", "PUNTAJE": 50, "TITULO": "Riesgo por Inundaciones Pluviales", "FENOMENO": "Hidrometeorológico", "FUENTE": "IMPLAN Saltillo — CARTO SALTILLO, Atlas de Riesgos 2024", "FECHA": "2024" }, "geometry": { "type": "Polygon", "coordinates": [ [ [ -101.011457, 25.380139 ], [ -101.011867, 25.379258 ], [ -101.012546, 25.379998 ], [ -101.012383, 25.380357 ], [ -101.012218, 25.380182 ], [ -101.01217, 25.380223 ], [ -101.01236, 25.380408 ], [ -101.012324, 25.380485 ], [ -101.011457, 25.380139 ] ] ] } },
{ "type": "Feature", "properties": { "INTENSIDAD": "Medio", "PUNTAJE": 50, "TITULO": "Riesgo por Inundaciones Pluviales", "FENOMENO": "Hidrometeorológico", "FUENTE": "IMPLAN Saltillo — CARTO SALTILLO, Atlas de Riesgos 2024", "FECHA": "2024" }, "geometry": { "type": "Polygon", "coordinates": [ [ [ -101.014387, 25.380707 ], [ -101.014072, 25.380315 ], [ -101.014532, 25.379694 ], [ -101.014844, 25.379702 ], [ -101.014667, 25.380812 ], [ -101.014387, 25.380707 ] ] ] } },
{ "type": "Feature", "properties": { "INTENSIDAD": "Medio", "PUNTAJE": 50, "TITULO": "Riesgo por Inundaciones Pluviales", "FENOMENO": "Hidrometeorológico", "FUENTE": "IMPLAN Saltillo — CARTO SALTILLO, Atlas de Riesgos 2024", "FECHA": "2024" }, "geometry": { "type": "Polygon", "coordinates": [ [ [ -101.01502, 25.380124 ], [ -101.016066, 25.380184 ], [ -101.016023, 25.380592 ], [ -101.014983, 25.380547 ], [ -101.01502, 25.380124 ] ] ] } },
{ "type": "Feature", "properties": { "INTENSIDAD": "Medio", "PUNTAJE": 50, "TITULO": "Riesgo por Inundaciones Pluviales", "FENOMENO": "Hidrometeorológico", "FUENTE": "IMPLAN Saltillo — CARTO SALTILLO, Atlas de Riesgos 2024", "FECHA": "2024" }, "geometry": { "type": "Polygon", "coordinates": [ [ [ -101.013338, 25.380878 ], [ -101.012418, 25.380526 ], [ -101.012622, 25.38008 ], [ -101.013338, 25.380878 ] ] ] } },
{ "type": "Feature", "properties": { "INTENSIDAD": "Medio", "PUNTAJE": 50, "TITULO": "Riesgo por Inundaciones Pluviales", "FENOMENO": "Hidrometeorológico", "FUENTE": "IMPLAN Saltillo — CARTO SALTILLO, Atlas de Riesgos 2024", "FECHA": "2024" }, "geometry": { "type": "Polygon", "coordinates": [ [ [ -101.012109, 25.380961 ], [ -101.011218, 25.380624 ], [ -101.01138, 25.380263 ], [ -101.012275, 25.380603 ], [ -101.012109, 25.380961 ] ] ] } },
{ "type": "Feature", "properties": { "INTENSIDAD": "Medio", "PUNTAJE": 50, "TITULO": "Riesgo por Inundaciones Pluviales", "FENOMENO": "Hidrometeorológico", "FUENTE": "IMPLAN Saltillo — CARTO SALTILLO, Atlas de Riesgos 2024", "FECHA": "2024" }, "geometry": { "type": "Polygon", "coordinates": [ [ [ -101.014407, 25.381461 ], [ -101.014212, 25.381472 ], [ -101.013651, 25.380878 ], [ -101.014019, 25.380392 ], [ -101.014291, 25.380764 ], [ -101.014625, 25.380899 ], [ -101.014407, 25.381461 ] ] ] } },
{ "type": "Feature", "properties": { "INTENSIDAD": "Medio", "PUNTAJE": 50, "TITULO": "Riesgo por Inundaciones Pluviales", "FENOMENO": "Hidrometeorológico", "FUENTE": "IMPLAN Saltillo — CARTO SALTILLO, Atlas de Riesgos 2024", "FECHA": "2024" }, "geometry": { "type": "Polygon", "coordinates": [ [ [ -101.01237, 25.380642 ], [ -101.013301, 25.380993 ], [ -101.013163, 25.381361 ], [ -101.012206, 25.380998 ], [ -101.01237, 25.380642 ] ] ] } },
{ "type": "Feature", "properties": { "INTENSIDAD": "Medio", "PUNTAJE": 50, "TITULO": "Riesgo por Inundaciones Pluviales", "FENOMENO": "Hidrometeorológico", "FUENTE": "IMPLAN Saltillo — CARTO SALTILLO, Atlas de Riesgos 2024", "FECHA": "2024" }, "geometry": { "type": "Polygon", "coordinates": [ [ [ -101.01523, 25.381802 ], [ -101.015624, 25.382265 ], [ -101.01522, 25.382577 ], [ -101.014638, 25.381993 ], [ -101.014693, 25.381832 ], [ -101.014584, 25.381565 ], [ -101.014938, 25.380622 ], [ -101.015481, 25.38067 ], [ -101.015191, 25.381565 ], [ -101.01523, 25.381802 ] ] ] } },
{ "type": "Feature", "properties": { "INTENSIDAD": "Medio", "PUNTAJE": 50, "TITULO": "Riesgo por Inundaciones Pluviales", "FENOMENO": "Hidrometeorológico", "FUENTE": "IMPLAN Saltillo — CARTO SALTILLO, Atlas de Riesgos 2024", "FECHA": "2024" }, "geometry": { "type": "Polygon", "coordinates": [ [ [ -100.996473, 25.381806 ], [ -100.997643, 25.380225 ], [ -100.997723, 25.38028 ], [ -100.997792, 25.380191 ], [ -100.996634, 25.379483 ], [ -100.997182, 25.378778 ], [ -100.995847, 25.378021 ], [ -100.996834, 25.376603 ], [ -100.998222, 25.376972 ], [ -101.001246, 25.378962 ], [ -101.001745, 25.378292 ], [ -101.002524, 25.378852 ], [ -101.002812, 25.378886 ], [ -101.004502, 25.379879 ], [ -101.003221, 25.381683 ], [ -101.002159, 25.381044 ], [ -101.00208, 25.381207 ], [ -101.003142, 25.381794 ], [ -101.001323, 25.384587 ], [ -101.000393, 25.384046 ], [ -101.000324, 25.384155 ], [ -101.001248, 25.384681 ], [ -100.999266, 25.387363 ], [ -100.995625, 25.385168 ], [ -100.995263, 25.384395 ], [ -100.995689, 25.384069 ], [ -100.995841, 25.383435 ], [ -100.996058, 25.383371 ], [ -100.996473, 25.381806 ] ] ] } },
{ "type": "Feature", "properties": { "INTENSIDAD": "Medio", "PUNTAJE": 50, "TITULO": "Riesgo por Inundaciones Pluviales", "FENOMENO": "Hidrometeorológico", "FUENTE": "IMPLAN Saltillo — CARTO SALTILLO, Atlas de Riesgos 2024", "FECHA": "2024" }, "geometry": { "type": "Polygon", "coordinates": [ [ [ -101.051557, 25.450701 ], [ -101.050787, 25.451025 ], [ -101.050476, 25.451417 ], [ -101.050161, 25.451514 ], [ -101.049257, 25.452264 ], [ -101.048859, 25.452427 ], [ -101.048787, 25.452392 ], [ -101.049208, 25.452241 ], [ -101.050151, 25.451485 ], [ -101.050447, 25.451386 ], [ -101.050757, 25.450988 ], [ -101.051586, 25.450587 ], [ -101.052006, 25.450221 ], [ -101.051341, 25.449586 ], [ -101.052065, 25.44932 ], [ -101.052048, 25.449551 ], [ -101.052393, 25.449996 ], [ -101.051557, 25.450701 ] ] ] } },
{ "type": "Feature", "properties": { "INTENSIDAD": "Medio", "PUNTAJE": 50, "TITULO": "Riesgo por Inundaciones Pluviales", "FENOMENO": "Hidrometeorológico", "FUENTE": "IMPLAN Saltillo — CARTO SALTILLO, Atlas de Riesgos 2024", "FECHA": "2024" }, "geometry": { "type": "Polygon", "coordinates": [ [ [ -101.028856, 25.472146 ], [ -101.029973, 25.471498 ], [ -101.030179, 25.471482 ], [ -101.030699, 25.471672 ], [ -101.030867, 25.471645 ], [ -101.031486, 25.47135 ], [ -101.03181, 25.471367 ], [ -101.032284, 25.471039 ], [ -101.03283, 25.471059 ], [ -101.033404, 25.470912 ], [ -101.034089, 25.470531 ], [ -101.034827, 25.470436 ], [ -101.036037, 25.469222 ], [ -101.036887, 25.469095 ], [ -101.037815, 25.468412 ], [ -101.03825, 25.467903 ], [ -101.039038, 25.467362 ], [ -101.039428, 25.46727 ], [ -101.039827, 25.466797 ], [ -101.039713, 25.466418 ], [ -101.039872, 25.466169 ], [ -101.04029, 25.466077 ], [ -101.040474, 25.466174 ], [ -101.040645, 25.466399 ], [ -101.040934, 25.466353 ], [ -101.040947, 25.465741 ], [ -101.04081, 25.464994 ], [ -101.040779, 25.464283 ], [ -101.040846, 25.463982 ], [ -101.041868, 25.463779 ], [ -101.042108, 25.463638 ], [ -101.042215, 25.463369 ], [ -101.04218, 25.462942 ], [ -101.041989, 25.462651 ], [ -101.042003, 25.461959 ], [ -101.042744, 25.462247 ], [ -101.043258, 25.462292 ], [ -101.044247, 25.463382 ], [ -101.045757, 25.464246 ], [ -101.046764, 25.464659 ], [ -101.046879, 25.464819 ], [ -101.045068, 25.464672 ], [ -101.04434, 25.464747 ], [ -101.041777, 25.466468 ], [ -101.041201, 25.466952 ], [ -101.040517, 25.467084 ], [ -101.040039, 25.467589 ], [ -101.038932, 25.467962 ], [ -101.03869, 25.468236 ], [ -101.038595, 25.468788 ], [ -101.038286, 25.469303 ], [ -101.037757, 25.469639 ], [ -101.036375, 25.470235 ], [ -101.036094, 25.470642 ], [ -101.035791, 25.471365 ], [ -101.035382, 25.471754 ], [ -101.0351, 25.472171 ], [ -101.035024, 25.472571 ], [ -101.034735, 25.472999 ], [ -101.034305, 25.47299 ], [ -101.033918, 25.472818 ], [ -101.033322, 25.47274 ], [ -101.032627, 25.472814 ], [ -101.031412, 25.472685 ], [ -101.030934, 25.472714 ], [ -101.030597, 25.472821 ], [ -101.030586, 25.473277 ], [ -101.030444, 25.473398 ], [ -101.029474, 25.473365 ], [ -101.02845, 25.472947 ], [ -101.027362, 25.472059 ], [ -101.026874, 25.471785 ], [ -101.026251, 25.471565 ], [ -101.025851, 25.47153 ], [ -101.025942, 25.471292 ], [ -101.025907, 25.470756 ], [ -101.02617, 25.470632 ], [ -101.026956, 25.47125 ], [ -101.027753, 25.471624 ], [ -101.028109, 25.471965 ], [ -101.028616, 25.472184 ], [ -101.028856, 25.472146 ] ] ] } },
{ "type": "Feature", "properties": { "INTENSIDAD": "Medio", "PUNTAJE": 50, "TITULO": "Riesgo por Inundaciones Pluviales", "FENOMENO": "Hidrometeorológico", "FUENTE": "IMPLAN Saltillo — CARTO SALTILLO, Atlas de Riesgos 2024", "FECHA": "2024" }, "geometry": { "type": "Polygon", "coordinates": [ [ [ -100.994489, 25.363364 ], [ -100.995468, 25.364255 ], [ -100.995329, 25.364392 ], [ -100.99362, 25.362743 ], [ -100.994474, 25.361939 ], [ -100.994612, 25.362084 ], [ -100.993937, 25.362712 ], [ -100.994489, 25.363364 ] ] ] } },
{ "type": "Feature", "properties": { "INTENSIDAD": "Medio", "PUNTAJE": 50, "TITULO": "Riesgo por Inundaciones Pluviales", "FENOMENO": "Hidrometeorológico", "FUENTE": "IMPLAN Saltillo — CARTO SALTILLO, Atlas de Riesgos 2024", "FECHA": "2024" }, "geometry": { "type": "Polygon", "coordinates": [ [ [ -100.992401, 25.364889 ], [ -100.992259, 25.364899 ], [ -100.99331, 25.365775 ], [ -100.993391, 25.365769 ], [ -100.9934, 25.365686 ], [ -100.993246, 25.365606 ], [ -100.993483, 25.365394 ], [ -100.993618, 25.365525 ], [ -100.993628, 25.365862 ], [ -100.993263, 25.366202 ], [ -100.992004, 25.365224 ], [ -100.99196, 25.365045 ], [ -100.992412, 25.364588 ], [ -100.992525, 25.364565 ], [ -100.993401, 25.365329 ], [ -100.993158, 25.365569 ], [ -100.992401, 25.364889 ] ] ] } },
{ "type": "Feature", "properties": { "INTENSIDAD": "Medio", "PUNTAJE": 50, "TITULO": "Riesgo por Inundaciones Pluviales", "FENOMENO": "Hidrometeorológico", "FUENTE": "IMPLAN Saltillo — CARTO SALTILLO, Atlas de Riesgos 2024", "FECHA": "2024" }, "geometry": { "type": "Polygon", "coordinates": [ [ [ -100.995925, 25.374129 ], [ -100.997453, 25.373431 ], [ -100.998617, 25.372313 ], [ -100.998646, 25.372146 ], [ -100.998511, 25.37191 ], [ -100.999253, 25.371462 ], [ -100.999249, 25.371384 ], [ -100.998448, 25.371831 ], [ -100.997945, 25.371156 ], [ -100.996146, 25.369982 ], [ -100.99435, 25.368383 ], [ -100.991201, 25.366162 ], [ -100.989228, 25.364344 ], [ -100.988238, 25.363704 ], [ -100.98769, 25.363161 ], [ -100.986392, 25.362193 ], [ -100.986602, 25.361916 ], [ -100.986361, 25.36216 ], [ -100.98601, 25.36175 ], [ -100.986435, 25.361181 ], [ -100.986509, 25.361554 ], [ -100.987611, 25.362315 ], [ -100.989795, 25.364105 ], [ -100.99617, 25.368985 ], [ -100.996547, 25.369015 ], [ -101.000135, 25.371822 ], [ -100.9997, 25.37238 ], [ -100.999469, 25.372234 ], [ -100.999228, 25.372562 ], [ -100.999425, 25.372698 ], [ -100.997136, 25.375545 ], [ -100.997021, 25.375559 ], [ -100.996364, 25.375191 ], [ -100.995925, 25.374129 ] ] ] } },
{ "type": "Feature", "properties": { "INTENSIDAD": "Medio", "PUNTAJE": 50, "TITULO": "Riesgo por Inundaciones Pluviales", "FENOMENO": "Hidrometeorológico", "FUENTE": "IMPLAN Saltillo — CARTO SALTILLO, Atlas de Riesgos 2024", "FECHA": "2024" }, "geometry": { "type": "Polygon", "coordinates": [ [ [ -100.979486, 25.376652 ], [ -100.982596, 25.380496 ], [ -100.98294, 25.38037 ], [ -100.983092, 25.380277 ], [ -100.982875, 25.379465 ], [ -100.98195, 25.378213 ], [ -100.981987, 25.377883 ], [ -100.982544, 25.378507 ], [ -100.983472, 25.37842 ], [ -100.983614, 25.378799 ], [ -100.983662, 25.37959 ], [ -100.983928, 25.379985 ], [ -100.983909, 25.380279 ], [ -100.983527, 25.3804 ], [ -100.982473, 25.381392 ], [ -100.978711, 25.37675 ], [ -100.978534, 25.376259 ], [ -100.977681, 25.374845 ], [ -100.977975, 25.374692 ], [ -100.979507, 25.37654 ], [ -100.979369, 25.376638 ], [ -100.97941, 25.3767 ], [ -100.979486, 25.376652 ] ] ] } },
{ "type": "Feature", "properties": { "INTENSIDAD": "Medio", "PUNTAJE": 50, "TITULO": "Riesgo por Inundaciones Pluviales", "FENOMENO": "Hidrometeorológico", "FUENTE": "IMPLAN Saltillo — CARTO SALTILLO, Atlas de Riesgos 2024", "FECHA": "2024" }, "geometry": { "type": "Polygon", "coordinates": [ [ [ -100.971879, 25.382095 ], [ -100.972501, 25.382168 ], [ -100.972512, 25.382086 ], [ -100.971908, 25.382015 ], [ -100.971954, 25.381625 ], [ -100.972971, 25.381747 ], [ -100.972834, 25.382614 ], [ -100.97183, 25.38249 ], [ -100.971879, 25.382095 ] ] ] } },
{ "type": "Feature", "properties": { "INTENSIDAD": "Medio", "PUNTAJE": 50, "TITULO": "Riesgo por Inundaciones Pluviales", "FENOMENO": "Hidrometeorológico", "FUENTE": "IMPLAN Saltillo — CARTO SALTILLO, Atlas de Riesgos 2024", "FECHA": "2024" }, "geometry": { "type": "Polygon", "coordinates": [ [ [ -100.939714, 25.384816 ], [ -100.939805, 25.384795 ], [ -100.939666, 25.384324 ], [ -100.940234, 25.384239 ], [ -100.940339, 25.38449 ], [ -100.94016, 25.386005 ], [ -100.939782, 25.385728 ], [ -100.938821, 25.383231 ], [ -100.939156, 25.383119 ], [ -100.939354, 25.383532 ], [ -100.939714, 25.384816 ] ] ] } },
{ "type": "Feature", "properties": { "INTENSIDAD": "Medio", "PUNTAJE": 50, "TITULO": "Riesgo por Inundaciones Pluviales", "FENOMENO": "Hidrometeorológico", "FUENTE": "IMPLAN Saltillo — CARTO SALTILLO, Atlas de Riesgos 2024", "FECHA": "2024" }, "geometry": { "type": "Polygon", "coordinates": [ [ [ -100.968234, 25.392262 ], [ -100.967595, 25.391737 ], [ -100.967404, 25.392686 ], [ -100.967073, 25.392629 ], [ -100.96733, 25.391293 ], [ -100.967777, 25.391459 ], [ -100.968308, 25.391908 ], [ -100.968234, 25.392262 ] ] ] } },
{ "type": "Feature", "properties": { "INTENSIDAD": "Medio", "PUNTAJE": 50, "TITULO": "Riesgo por Inundaciones Pluviales", "FENOMENO": "Hidrometeorológico", "FUENTE": "IMPLAN Saltillo — CARTO SALTILLO, Atlas de Riesgos 2024", "FECHA": "2024" }, "geometry": { "type": "Polygon", "coordinates": [ [ [ -100.976842, 25.396573 ], [ -100.977547, 25.397053 ], [ -100.977805, 25.397764 ], [ -100.977658, 25.397808 ], [ -100.977419, 25.397146 ], [ -100.976838, 25.396735 ], [ -100.976842, 25.396573 ] ] ] } },
{ "type": "Feature", "properties": { "INTENSIDAD": "Medio", "PUNTAJE": 50, "TITULO": "Riesgo por Inundaciones Pluviales", "FENOMENO": "Hidrometeorológico", "FUENTE": "IMPLAN Saltillo — CARTO SALTILLO, Atlas de Riesgos 2024", "FECHA": "2024" }, "geometry": { "type": "Polygon", "coordinates": [ [ [ -100.935166, 25.404765 ], [ -100.936034, 25.404575 ], [ -100.935221, 25.402212 ], [ -100.935686, 25.402104 ], [ -100.93686, 25.405436 ], [ -100.935472, 25.405778 ], [ -100.935166, 25.404765 ] ] ] } },
{ "type": "Feature", "properties": { "INTENSIDAD": "Medio", "PUNTAJE": 50, "TITULO": "Riesgo por Inundaciones Pluviales", "FENOMENO": "Hidrometeorológico", "FUENTE": "IMPLAN Saltillo — CARTO SALTILLO, Atlas de Riesgos 2024", "FECHA": "2024" }, "geometry": { "type": "Polygon", "coordinates": [ [ [ -100.932337, 25.410288 ], [ -100.931872, 25.410412 ], [ -100.932368, 25.411925 ], [ -100.932804, 25.411811 ], [ -100.932902, 25.412111 ], [ -100.932456, 25.412226 ], [ -100.932953, 25.413747 ], [ -100.933363, 25.413639 ], [ -100.93346, 25.413939 ], [ -100.932875, 25.414091 ], [ -100.931658, 25.410314 ], [ -100.932647, 25.410056 ], [ -100.933082, 25.411405 ], [ -100.932758, 25.411488 ], [ -100.932337, 25.410288 ] ] ] } },
{ "type": "Feature", "properties": { "INTENSIDAD": "Medio", "PUNTAJE": 50, "TITULO": "Riesgo por Inundaciones Pluviales", "FENOMENO": "Hidrometeorológico", "FUENTE": "IMPLAN Saltillo — CARTO SALTILLO, Atlas de Riesgos 2024", "FECHA": "2024" }, "geometry": { "type": "Polygon", "coordinates": [ [ [ -100.934146, 25.415782 ], [ -100.933869, 25.414934 ], [ -100.933376, 25.415067 ], [ -100.933728, 25.416167 ], [ -100.934171, 25.416045 ], [ -100.934277, 25.416348 ], [ -100.93383, 25.416464 ], [ -100.934204, 25.417619 ], [ -100.934617, 25.417512 ], [ -100.934711, 25.417811 ], [ -100.933471, 25.418132 ], [ -100.933261, 25.41746 ], [ -100.933918, 25.417244 ], [ -100.933168, 25.414946 ], [ -100.934142, 25.414686 ], [ -100.934465, 25.415698 ], [ -100.934146, 25.415782 ] ] ] } },
{ "type": "Feature", "properties": { "INTENSIDAD": "Medio", "PUNTAJE": 50, "TITULO": "Riesgo por Inundaciones Pluviales", "FENOMENO": "Hidrometeorológico", "FUENTE": "IMPLAN Saltillo — CARTO SALTILLO, Atlas de Riesgos 2024", "FECHA": "2024" }, "geometry": { "type": "Polygon", "coordinates": [ [ [ -100.936309, 25.425491 ], [ -100.937537, 25.425171 ], [ -100.937632, 25.425465 ], [ -100.93608, 25.425884 ], [ -100.935364, 25.423705 ], [ -100.936919, 25.423287 ], [ -100.937021, 25.42358 ], [ -100.935788, 25.42391 ], [ -100.936309, 25.425491 ] ] ] } },
{ "type": "Feature", "properties": { "INTENSIDAD": "Medio", "PUNTAJE": 50, "TITULO": "Riesgo por Inundaciones Pluviales", "FENOMENO": "Hidrometeorológico", "FUENTE": "IMPLAN Saltillo — CARTO SALTILLO, Atlas de Riesgos 2024", "FECHA": "2024" }, "geometry": { "type": "Polygon", "coordinates": [ [ [ -100.934993, 25.471841 ], [ -100.934012, 25.471555 ], [ -100.933982, 25.471405 ], [ -100.934258, 25.471391 ], [ -100.93505, 25.47162 ], [ -100.934993, 25.471841 ] ] ] } },
{ "type": "Feature", "properties": { "INTENSIDAD": "Medio", "PUNTAJE": 50, "TITULO": "Riesgo por Inundaciones Pluviales", "FENOMENO": "Hidrometeorológico", "FUENTE": "IMPLAN Saltillo — CARTO SALTILLO, Atlas de Riesgos 2024", "FECHA": "2024" }, "geometry": { "type": "Polygon", "coordinates": [ [ [ -100.933547, 25.472879 ], [ -100.934992, 25.473412 ], [ -100.935008, 25.47346 ], [ -100.934763, 25.473554 ], [ -100.93421, 25.473378 ], [ -100.933472, 25.473037 ], [ -100.933547, 25.472879 ] ] ] } },
{ "type": "Feature", "properties": { "INTENSIDAD": "Medio", "PUNTAJE": 50, "TITULO": "Riesgo por Inundaciones Pluviales", "FENOMENO": "Hidrometeorológico", "FUENTE": "IMPLAN Saltillo — CARTO SALTILLO, Atlas de Riesgos 2024", "FECHA": "2024" }, "geometry": { "type": "Polygon", "coordinates": [ [ [ -100.93286, 25.47417 ], [ -100.932676, 25.474092 ], [ -100.933263, 25.472786 ], [ -100.933453, 25.47283 ], [ -100.93286, 25.47417 ] ] ] } },
{ "type": "Feature", "properties": { "INTENSIDAD": "Medio", "PUNTAJE": 50, "TITULO": "Riesgo por Inundaciones Pluviales", "FENOMENO": "Hidrometeorológico", "FUENTE": "IMPLAN Saltillo — CARTO SALTILLO, Atlas de Riesgos 2024", "FECHA": "2024" }, "geometry": { "type": "Polygon", "coordinates": [ [ [ -100.933909, 25.473961 ], [ -100.933677, 25.473873 ], [ -100.933898, 25.473332 ], [ -100.934162, 25.473425 ], [ -100.933909, 25.473961 ] ] ] } },
{ "type": "Feature", "properties": { "INTENSIDAD": "Medio", "PUNTAJE": 50, "TITULO": "Riesgo por Inundaciones Pluviales", "FENOMENO": "Hidrometeorológico", "FUENTE": "IMPLAN Saltillo — CARTO SALTILLO, Atlas de Riesgos 2024", "FECHA": "2024" }, "geometry": { "type": "Polygon", "coordinates": [ [ [ -100.933808, 25.473288 ], [ -100.933367, 25.474303 ], [ -100.932987, 25.474152 ], [ -100.933424, 25.473147 ], [ -100.933808, 25.473288 ] ] ] } },
{ "type": "Feature", "properties": { "INTENSIDAD": "Medio", "PUNTAJE": 50, "TITULO": "Riesgo por Inundaciones Pluviales", "FENOMENO": "Hidrometeorológico", "FUENTE": "IMPLAN Saltillo — CARTO SALTILLO, Atlas de Riesgos 2024", "FECHA": "2024" }, "geometry": { "type": "Polygon", "coordinates": [ [ [ -100.934641, 25.473611 ], [ -100.934194, 25.474606 ], [ -100.933847, 25.474455 ], [ -100.934262, 25.473484 ], [ -100.934641, 25.473611 ] ] ] } },
{ "type": "Feature", "properties": { "INTENSIDAD": "Medio", "PUNTAJE": 50, "TITULO": "Riesgo por Inundaciones Pluviales", "FENOMENO": "Hidrometeorológico", "FUENTE": "IMPLAN Saltillo — CARTO SALTILLO, Atlas de Riesgos 2024", "FECHA": "2024" }, "geometry": { "type": "Polygon", "coordinates": [ [ [ -100.934753, 25.473597 ], [ -100.935044, 25.473508 ], [ -100.9345, 25.474733 ], [ -100.93441, 25.474733 ], [ -100.934295, 25.474626 ], [ -100.934753, 25.473597 ] ] ] } },
{ "type": "Feature", "properties": { "INTENSIDAD": "Medio", "PUNTAJE": 50, "TITULO": "Riesgo por Inundaciones Pluviales", "FENOMENO": "Hidrometeorológico", "FUENTE": "IMPLAN Saltillo — CARTO SALTILLO, Atlas de Riesgos 2024", "FECHA": "2024" }, "geometry": { "type": "Polygon", "coordinates": [ [ [ -100.93373, 25.47444 ], [ -100.933461, 25.474347 ], [ -100.933618, 25.47395 ], [ -100.933876, 25.474038 ], [ -100.93373, 25.47444 ] ] ] } },
{ "type": "Feature", "properties": { "INTENSIDAD": "Medio", "PUNTAJE": 50, "TITULO": "Riesgo por Inundaciones Pluviales", "FENOMENO": "Hidrometeorológico", "FUENTE": "IMPLAN Saltillo — CARTO SALTILLO, Atlas de Riesgos 2024", "FECHA": "2024" }, "geometry": { "type": "Polygon", "coordinates": [ [ [ -100.924012, 25.399728 ], [ -100.922422, 25.40013 ], [ -100.922446, 25.4002 ], [ -100.922531, 25.400172 ], [ -100.92287, 25.401179 ], [ -100.92268, 25.40122 ], [ -100.922276, 25.399978 ], [ -100.923953, 25.399548 ], [ -100.924012, 25.399728 ] ] ] } },
{ "type": "Feature", "properties": { "INTENSIDAD": "Medio", "PUNTAJE": 50, "TITULO": "Riesgo por Inundaciones Pluviales", "FENOMENO": "Hidrometeorológico", "FUENTE": "IMPLAN Saltillo — CARTO SALTILLO, Atlas de Riesgos 2024", "FECHA": "2024" }, "geometry": { "type": "Polygon", "coordinates": [ [ [ -100.929183, 25.400432 ], [ -100.928691, 25.400565 ], [ -100.928984, 25.40148 ], [ -100.929462, 25.401353 ], [ -100.929557, 25.401651 ], [ -100.929082, 25.401778 ], [ -100.929377, 25.40269 ], [ -100.929789, 25.402581 ], [ -100.929882, 25.402875 ], [ -100.929312, 25.403023 ], [ -100.928419, 25.400295 ], [ -100.929426, 25.400087 ], [ -100.929723, 25.401012 ], [ -100.929397, 25.401099 ], [ -100.929183, 25.400432 ] ] ] } },
{ "type": "Feature", "properties": { "INTENSIDAD": "Medio", "PUNTAJE": 50, "TITULO": "Riesgo por Inundaciones Pluviales", "FENOMENO": "Hidrometeorológico", "FUENTE": "IMPLAN Saltillo — CARTO SALTILLO, Atlas de Riesgos 2024", "FECHA": "2024" }, "geometry": { "type": "Polygon", "coordinates": [ [ [ -100.919358, 25.402133 ], [ -100.919191, 25.401876 ], [ -100.920162, 25.401579 ], [ -100.920387, 25.402208 ], [ -100.92009, 25.402305 ], [ -100.919936, 25.401894 ], [ -100.919868, 25.401874 ], [ -100.919809, 25.401988 ], [ -100.919358, 25.402133 ] ] ] } },
{ "type": "Feature", "properties": { "INTENSIDAD": "Medio", "PUNTAJE": 50, "TITULO": "Riesgo por Inundaciones Pluviales", "FENOMENO": "Hidrometeorológico", "FUENTE": "IMPLAN Saltillo — CARTO SALTILLO, Atlas de Riesgos 2024", "FECHA": "2024" }, "geometry": { "type": "Polygon", "coordinates": [ [ [ -100.918599, 25.403272 ], [ -100.918642, 25.403401 ], [ -100.919375, 25.403206 ], [ -100.919504, 25.403458 ], [ -100.918593, 25.403698 ], [ -100.918284, 25.402723 ], [ -100.918528, 25.40264 ], [ -100.918733, 25.403225 ], [ -100.918599, 25.403272 ] ] ] } },
{ "type": "Feature", "properties": { "INTENSIDAD": "Medio", "PUNTAJE": 50, "TITULO": "Riesgo por Inundaciones Pluviales", "FENOMENO": "Hidrometeorológico", "FUENTE": "IMPLAN Saltillo — CARTO SALTILLO, Atlas de Riesgos 2024", "FECHA": "2024" }, "geometry": { "type": "Polygon", "coordinates": [ [ [ -100.918862, 25.404155 ], [ -100.918981, 25.404122 ], [ -100.919085, 25.404556 ], [ -100.919071, 25.404718 ], [ -100.918932, 25.404757 ], [ -100.918619, 25.403822 ], [ -100.919569, 25.403584 ], [ -100.919592, 25.403846 ], [ -100.918829, 25.40405 ], [ -100.918862, 25.404155 ] ] ] } },
{ "type": "Feature", "properties": { "INTENSIDAD": "Medio", "PUNTAJE": 50, "TITULO": "Riesgo por Inundaciones Pluviales", "FENOMENO": "Hidrometeorológico", "FUENTE": "IMPLAN Saltillo — CARTO SALTILLO, Atlas de Riesgos 2024", "FECHA": "2024" }, "geometry": { "type": "Polygon", "coordinates": [ [ [ -100.920199, 25.404329 ], [ -100.920175, 25.404185 ], [ -100.921458, 25.404276 ], [ -100.921276, 25.405714 ], [ -100.920961, 25.405692 ], [ -100.921102, 25.404563 ], [ -100.921254, 25.404574 ], [ -100.921263, 25.404501 ], [ -100.920083, 25.404418 ], [ -100.920199, 25.404329 ] ] ] } },
{ "type": "Feature", "properties": { "INTENSIDAD": "Medio", "PUNTAJE": 50, "TITULO": "Riesgo por Inundaciones Pluviales", "FENOMENO": "Hidrometeorológico", "FUENTE": "IMPLAN Saltillo — CARTO SALTILLO, Atlas de Riesgos 2024", "FECHA": "2024" }, "geometry": { "type": "Polygon", "coordinates": [ [ [ -100.919086, 25.405772 ], [ -100.918802, 25.406715 ], [ -100.918242, 25.405025 ], [ -100.918475, 25.404965 ], [ -100.9187, 25.40571 ], [ -100.918828, 25.40567 ], [ -100.91872, 25.405275 ], [ -100.918932, 25.405225 ], [ -100.918994, 25.405486 ], [ -100.919101, 25.40546 ], [ -100.919049, 25.405208 ], [ -100.9193, 25.405147 ], [ -100.919279, 25.405067 ], [ -100.918685, 25.405212 ], [ -100.918604, 25.404934 ], [ -100.919339, 25.404793 ], [ -100.919221, 25.40472 ], [ -100.919383, 25.404031 ], [ -100.919655, 25.403969 ], [ -100.919706, 25.404118 ], [ -100.919563, 25.404324 ], [ -100.919471, 25.404738 ], [ -100.919571, 25.405027 ], [ -100.91955, 25.405283 ], [ -100.919086, 25.405772 ] ] ] } },
{ "type": "Feature", "properties": { "INTENSIDAD": "Medio", "PUNTAJE": 50, "TITULO": "Riesgo por Inundaciones Pluviales", "FENOMENO": "Hidrometeorológico", "FUENTE": "IMPLAN Saltillo — CARTO SALTILLO, Atlas de Riesgos 2024", "FECHA": "2024" }, "geometry": { "type": "Polygon", "coordinates": [ [ [ -100.930045, 25.40476 ], [ -100.93052, 25.404635 ], [ -100.930617, 25.404931 ], [ -100.93014, 25.405057 ], [ -100.930576, 25.406399 ], [ -100.930986, 25.406289 ], [ -100.931082, 25.406585 ], [ -100.930672, 25.406696 ], [ -100.931105, 25.408034 ], [ -100.931924, 25.407817 ], [ -100.932018, 25.408111 ], [ -100.931115, 25.408356 ], [ -100.929396, 25.403275 ], [ -100.930372, 25.403021 ], [ -100.93077, 25.404258 ], [ -100.930447, 25.404344 ], [ -100.930133, 25.403375 ], [ -100.92964, 25.403508 ], [ -100.930045, 25.40476 ] ] ] } },
{ "type": "Feature", "properties": { "INTENSIDAD": "Medio", "PUNTAJE": 50, "TITULO": "Riesgo por Inundaciones Pluviales", "FENOMENO": "Hidrometeorológico", "FUENTE": "IMPLAN Saltillo — CARTO SALTILLO, Atlas de Riesgos 2024", "FECHA": "2024" }, "geometry": { "type": "Polygon", "coordinates": [ [ [ -100.917418, 25.406736 ], [ -100.918493, 25.406443 ], [ -100.918587, 25.406686 ], [ -100.917419, 25.407008 ], [ -100.917185, 25.406955 ], [ -100.916677, 25.405443 ], [ -100.916956, 25.405375 ], [ -100.917418, 25.406736 ] ] ] } },
{ "type": "Feature", "properties": { "INTENSIDAD": "Medio", "PUNTAJE": 50, "TITULO": "Riesgo por Inundaciones Pluviales", "FENOMENO": "Hidrometeorológico", "FUENTE": "IMPLAN Saltillo — CARTO SALTILLO, Atlas de Riesgos 2024", "FECHA": "2024" }, "geometry": { "type": "Polygon", "coordinates": [ [ [ -100.922509, 25.406697 ], [ -100.922606, 25.406963 ], [ -100.921839, 25.407158 ], [ -100.921785, 25.407047 ], [ -100.921713, 25.407062 ], [ -100.921464, 25.408598 ], [ -100.921164, 25.408535 ], [ -100.921413, 25.406954 ], [ -100.922509, 25.406697 ] ] ] } },
{ "type": "Feature", "properties": { "INTENSIDAD": "Medio", "PUNTAJE": 50, "TITULO": "Riesgo por Inundaciones Pluviales", "FENOMENO": "Hidrometeorológico", "FUENTE": "IMPLAN Saltillo — CARTO SALTILLO, Atlas de Riesgos 2024", "FECHA": "2024" }, "geometry": { "type": "Polygon", "coordinates": [ [ [ -100.919085, 25.408556 ], [ -100.919372, 25.409398 ], [ -100.919145, 25.409383 ], [ -100.918879, 25.408535 ], [ -100.919681, 25.407331 ], [ -100.919866, 25.407354 ], [ -100.919085, 25.408556 ] ] ] } },
{ "type": "Feature", "properties": { "INTENSIDAD": "Medio", "PUNTAJE": 50, "TITULO": "Riesgo por Inundaciones Pluviales", "FENOMENO": "Hidrometeorológico", "FUENTE": "IMPLAN Saltillo — CARTO SALTILLO, Atlas de Riesgos 2024", "FECHA": "2024" }, "geometry": { "type": "Polygon", "coordinates": [ [ [ -100.920993, 25.411073 ], [ -100.921115, 25.411171 ], [ -100.921038, 25.411796 ], [ -100.920757, 25.411797 ], [ -100.920838, 25.410888 ], [ -100.920907, 25.410792 ], [ -100.922535, 25.41094 ], [ -100.922589, 25.411219 ], [ -100.920993, 25.411073 ] ] ] } },
{ "type": "Feature", "properties": { "INTENSIDAD": "Medio", "PUNTAJE": 50, "TITULO": "Riesgo por Inundaciones Pluviales", "FENOMENO": "Hidrometeorológico", "FUENTE": "IMPLAN Saltillo — CARTO SALTILLO, Atlas de Riesgos 2024", "FECHA": "2024" }, "geometry": { "type": "Polygon", "coordinates": [ [ [ -100.918689, 25.410862 ], [ -100.918869, 25.410583 ], [ -100.920557, 25.410774 ], [ -100.920438, 25.412092 ], [ -100.920087, 25.412072 ], [ -100.920199, 25.410995 ], [ -100.918689, 25.410862 ] ] ] } },
{ "type": "Feature", "properties": { "INTENSIDAD": "Medio", "PUNTAJE": 50, "TITULO": "Riesgo por Inundaciones Pluviales", "FENOMENO": "Hidrometeorológico", "FUENTE": "IMPLAN Saltillo — CARTO SALTILLO, Atlas de Riesgos 2024", "FECHA": "2024" }, "geometry": { "type": "Polygon", "coordinates": [ [ [ -100.923436, 25.411179 ], [ -100.923241, 25.411081 ], [ -100.922749, 25.411207 ], [ -100.92266, 25.410939 ], [ -100.923397, 25.410738 ], [ -100.923588, 25.410935 ], [ -100.923956, 25.412104 ], [ -100.923766, 25.412118 ], [ -100.923436, 25.411179 ] ] ] } },
{ "type": "Feature", "properties": { "INTENSIDAD": "Medio", "PUNTAJE": 50, "TITULO": "Riesgo por Inundaciones Pluviales", "FENOMENO": "Hidrometeorológico", "FUENTE": "IMPLAN Saltillo — CARTO SALTILLO, Atlas de Riesgos 2024", "FECHA": "2024" }, "geometry": { "type": "Polygon", "coordinates": [ [ [ -100.924429, 25.41276 ], [ -100.923258, 25.413068 ], [ -100.923283, 25.413146 ], [ -100.923415, 25.413115 ], [ -100.923854, 25.4145 ], [ -100.923555, 25.41458 ], [ -100.922992, 25.412833 ], [ -100.924345, 25.412485 ], [ -100.924429, 25.41276 ] ] ] } },
{ "type": "Feature", "properties": { "INTENSIDAD": "Medio", "PUNTAJE": 50, "TITULO": "Riesgo por Inundaciones Pluviales", "FENOMENO": "Hidrometeorológico", "FUENTE": "IMPLAN Saltillo — CARTO SALTILLO, Atlas de Riesgos 2024", "FECHA": "2024" }, "geometry": { "type": "Polygon", "coordinates": [ [ [ -100.920294, 25.415672 ], [ -100.920514, 25.413817 ], [ -100.921104, 25.413789 ], [ -100.921772, 25.413601 ], [ -100.922426, 25.415286 ], [ -100.922119, 25.415367 ], [ -100.921626, 25.414057 ], [ -100.921744, 25.414012 ], [ -100.921727, 25.413955 ], [ -100.920897, 25.414091 ], [ -100.92089, 25.41397 ], [ -100.92082, 25.413962 ], [ -100.920582, 25.415748 ], [ -100.920294, 25.415672 ] ] ] } },
{ "type": "Feature", "properties": { "INTENSIDAD": "Medio", "PUNTAJE": 50, "TITULO": "Riesgo por Inundaciones Pluviales", "FENOMENO": "Hidrometeorológico", "FUENTE": "IMPLAN Saltillo — CARTO SALTILLO, Atlas de Riesgos 2024", "FECHA": "2024" }, "geometry": { "type": "Polygon", "coordinates": [ [ [ -100.931806, 25.426648 ], [ -100.932384, 25.428427 ], [ -100.932236, 25.428465 ], [ -100.931748, 25.427028 ], [ -100.931178, 25.427185 ], [ -100.931057, 25.426849 ], [ -100.931806, 25.426648 ] ] ] } },
{ "type": "Feature", "properties": { "INTENSIDAD": "Medio", "PUNTAJE": 50, "TITULO": "Riesgo por Inundaciones Pluviales", "FENOMENO": "Hidrometeorológico", "FUENTE": "IMPLAN Saltillo — CARTO SALTILLO, Atlas de Riesgos 2024", "FECHA": "2024" }, "geometry": { "type": "Polygon", "coordinates": [ [ [ -100.924315, 25.463252 ], [ -100.925726, 25.463277 ], [ -100.925816, 25.462711 ], [ -100.926013, 25.462542 ], [ -100.926299, 25.462441 ], [ -100.927075, 25.462559 ], [ -100.927788, 25.460225 ], [ -100.928499, 25.460728 ], [ -100.928533, 25.460845 ], [ -100.92916, 25.461348 ], [ -100.930609, 25.462401 ], [ -100.930655, 25.464318 ], [ -100.930829, 25.46442 ], [ -100.930917, 25.464334 ], [ -100.930688, 25.464203 ], [ -100.93071, 25.462432 ], [ -100.931691, 25.462971 ], [ -100.932715, 25.46377 ], [ -100.933254, 25.464361 ], [ -100.928716, 25.473213 ], [ -100.927431, 25.472212 ], [ -100.927317, 25.47104 ], [ -100.927422, 25.469329 ], [ -100.926815, 25.468596 ], [ -100.92602, 25.467876 ], [ -100.926058, 25.46763 ], [ -100.925255, 25.467365 ], [ -100.925516, 25.466663 ], [ -100.924161, 25.466684 ], [ -100.923997, 25.466284 ], [ -100.923788, 25.465296 ], [ -100.924315, 25.463252 ] ] ] } },
{ "type": "Feature", "properties": { "INTENSIDAD": "Alto", "PUNTAJE": 75, "TITULO": "Riesgo por Inundaciones Pluviales", "FENOMENO": "Hidrometeorológico", "FUENTE": "IMPLAN Saltillo — CARTO SALTILLO, Atlas de Riesgos 2024", "FECHA": "2024" }, "geometry": { "type": "Polygon", "coordinates": [ [ [ -101.019123, 25.468972 ], [ -101.018903, 25.469212 ], [ -101.018361, 25.468798 ], [ -101.018573, 25.46856 ], [ -101.019123, 25.468972 ] ] ] } },
{ "type": "Feature", "properties": { "INTENSIDAD": "Alto", "PUNTAJE": 75, "TITULO": "Riesgo por Inundaciones Pluviales", "FENOMENO": "Hidrometeorológico", "FUENTE": "IMPLAN Saltillo — CARTO SALTILLO, Atlas de Riesgos 2024", "FECHA": "2024" }, "geometry": { "type": "Polygon", "coordinates": [ [ [ -101.021628, 25.469689 ], [ -101.021341, 25.46982 ], [ -101.02055, 25.468535 ], [ -101.020875, 25.468381 ], [ -101.021628, 25.469689 ] ] ] } },
{ "type": "Feature", "properties": { "INTENSIDAD": "Alto", "PUNTAJE": 75, "TITULO": "Riesgo por Inundaciones Pluviales", "FENOMENO": "Hidrometeorológico", "FUENTE": "IMPLAN Saltillo — CARTO SALTILLO, Atlas de Riesgos 2024", "FECHA": "2024" }, "geometry": { "type": "Polygon", "coordinates": [ [ [ -101.020358, 25.46852 ], [ -101.02044, 25.468494 ], [ -101.020511, 25.468589 ], [ -101.020441, 25.468667 ], [ -101.02053, 25.468615 ], [ -101.020616, 25.468743 ], [ -101.020529, 25.468827 ], [ -101.020623, 25.468774 ], [ -101.020686, 25.46888 ], [ -101.020592, 25.468966 ], [ -101.020702, 25.468905 ], [ -101.020764, 25.469002 ], [ -101.020662, 25.469083 ], [ -101.020784, 25.469031 ], [ -101.021273, 25.469878 ], [ -101.021123, 25.469945 ], [ -101.020103, 25.468288 ], [ -101.020417, 25.46847 ], [ -101.020358, 25.46852 ] ] ] } },
{ "type": "Feature", "properties": { "INTENSIDAD": "Alto", "PUNTAJE": 75, "TITULO": "Riesgo por Inundaciones Pluviales", "FENOMENO": "Hidrometeorológico", "FUENTE": "IMPLAN Saltillo — CARTO SALTILLO, Atlas de Riesgos 2024", "FECHA": "2024" }, "geometry": { "type": "Polygon", "coordinates": [ [ [ -101.018631, 25.46951 ], [ -101.018096, 25.469103 ], [ -101.018304, 25.468864 ], [ -101.018848, 25.469264 ], [ -101.018631, 25.46951 ] ] ] } },
{ "type": "Feature", "properties": { "INTENSIDAD": "Alto", "PUNTAJE": 75, "TITULO": "Riesgo por Inundaciones Pluviales", "FENOMENO": "Hidrometeorológico", "FUENTE": "IMPLAN Saltillo — CARTO SALTILLO, Atlas de Riesgos 2024", "FECHA": "2024" }, "geometry": { "type": "Polygon", "coordinates": [ [ [ -101.016958, 25.470257 ], [ -101.016688, 25.470081 ], [ -101.017975, 25.468614 ], [ -101.018241, 25.468804 ], [ -101.016958, 25.470257 ] ] ] } },
{ "type": "Feature", "properties": { "INTENSIDAD": "Alto", "PUNTAJE": 75, "TITULO": "Riesgo por Inundaciones Pluviales", "FENOMENO": "Hidrometeorológico", "FUENTE": "IMPLAN Saltillo — CARTO SALTILLO, Atlas de Riesgos 2024", "FECHA": "2024" }, "geometry": { "type": "Polygon", "coordinates": [ [ [ -101.018582, 25.46957 ], [ -101.018368, 25.469813 ], [ -101.01783, 25.469403 ], [ -101.018039, 25.46917 ], [ -101.018582, 25.46957 ] ] ] } },
{ "type": "Feature", "properties": { "INTENSIDAD": "Alto", "PUNTAJE": 75, "TITULO": "Riesgo por Inundaciones Pluviales", "FENOMENO": "Hidrometeorológico", "FUENTE": "IMPLAN Saltillo — CARTO SALTILLO, Atlas de Riesgos 2024", "FECHA": "2024" }, "geometry": { "type": "Polygon", "coordinates": [ [ [ -101.018096, 25.470111 ], [ -101.017564, 25.469707 ], [ -101.017775, 25.469468 ], [ -101.018314, 25.46987 ], [ -101.018096, 25.470111 ] ] ] } },
{ "type": "Feature", "properties": { "INTENSIDAD": "Alto", "PUNTAJE": 75, "TITULO": "Riesgo por Inundaciones Pluviales", "FENOMENO": "Hidrometeorológico", "FUENTE": "IMPLAN Saltillo — CARTO SALTILLO, Atlas de Riesgos 2024", "FECHA": "2024" }, "geometry": { "type": "Polygon", "coordinates": [ [ [ -100.991969, 25.493943 ], [ -100.992791, 25.493616 ], [ -100.992902, 25.493435 ], [ -100.993799, 25.493298 ], [ -100.99493, 25.492845 ], [ -100.99572, 25.492675 ], [ -100.995908, 25.4925 ], [ -100.996813, 25.492544 ], [ -100.997128, 25.492438 ], [ -100.9981, 25.49179 ], [ -100.999535, 25.491662 ], [ -100.999882, 25.491395 ], [ -101.000165, 25.490985 ], [ -101.001642, 25.490335 ], [ -101.002091, 25.489636 ], [ -101.002633, 25.489093 ], [ -101.003061, 25.488336 ], [ -101.003871, 25.487868 ], [ -101.004109, 25.487614 ], [ -101.004399, 25.486881 ], [ -101.005287, 25.486065 ], [ -101.005668, 25.485576 ], [ -101.006148, 25.485223 ], [ -101.007312, 25.484639 ], [ -101.005961, 25.486303 ], [ -101.005084, 25.487706 ], [ -101.005255, 25.489684 ], [ -101.003133, 25.491196 ], [ -101.001816, 25.492525 ], [ -101.000732, 25.492417 ], [ -101.000146, 25.492266 ], [ -101.000184, 25.492404 ], [ -101.000067, 25.492525 ], [ -100.999565, 25.492588 ], [ -100.998529, 25.492915 ], [ -100.997972, 25.493274 ], [ -100.997274, 25.494194 ], [ -100.997271, 25.494324 ], [ -100.997677, 25.494904 ], [ -100.997577, 25.495226 ], [ -100.996156, 25.497194 ], [ -100.995923, 25.497385 ], [ -100.995784, 25.497447 ], [ -100.995588, 25.497408 ], [ -100.994556, 25.496561 ], [ -100.993418, 25.49589 ], [ -100.992544, 25.495662 ], [ -100.992437, 25.495587 ], [ -100.992291, 25.495161 ], [ -100.991889, 25.494684 ], [ -100.991277, 25.494451 ], [ -100.990782, 25.494157 ], [ -100.991046, 25.493962 ], [ -100.991379, 25.493846 ], [ -100.991969, 25.493943 ] ] ] } },
{ "type": "Feature", "properties": { "INTENSIDAD": "Alto", "PUNTAJE": 75, "TITULO": "Riesgo por Inundaciones Pluviales", "FENOMENO": "Hidrometeorológico", "FUENTE": "IMPLAN Saltillo — CARTO SALTILLO, Atlas de Riesgos 2024", "FECHA": "2024" }, "geometry": { "type": "Polygon", "coordinates": [ [ [ -100.986843, 25.497732 ], [ -100.986946, 25.497476 ], [ -100.987803, 25.496279 ], [ -100.987617, 25.495792 ], [ -100.987499, 25.495688 ], [ -100.988413, 25.495039 ], [ -100.988997, 25.494291 ], [ -100.989383, 25.49414 ], [ -100.989657, 25.494155 ], [ -100.990154, 25.494487 ], [ -100.990328, 25.494521 ], [ -100.990481, 25.494486 ], [ -100.990749, 25.494204 ], [ -100.99124, 25.4945 ], [ -100.991748, 25.494667 ], [ -100.992175, 25.495122 ], [ -100.992341, 25.495543 ], [ -100.992488, 25.495705 ], [ -100.9931, 25.495837 ], [ -100.993925, 25.496272 ], [ -100.995051, 25.497035 ], [ -100.995584, 25.497516 ], [ -100.994971, 25.49774 ], [ -100.994538, 25.497997 ], [ -100.993832, 25.498619 ], [ -100.993599, 25.498623 ], [ -100.993436, 25.499264 ], [ -100.99307, 25.49977 ], [ -100.993017, 25.500488 ], [ -100.991907, 25.501339 ], [ -100.991712, 25.50173 ], [ -100.990592, 25.502618 ], [ -100.989501, 25.503731 ], [ -100.988969, 25.503897 ], [ -100.988548, 25.504149 ], [ -100.988133, 25.50517 ], [ -100.988004, 25.505888 ], [ -100.988171, 25.506088 ], [ -100.988207, 25.506891 ], [ -100.98776, 25.507264 ], [ -100.987484, 25.508175 ], [ -100.98731, 25.508348 ], [ -100.987192, 25.508312 ], [ -100.985628, 25.503695 ], [ -100.985682, 25.50353 ], [ -100.986071, 25.50323 ], [ -100.986232, 25.502949 ], [ -100.986215, 25.50259 ], [ -100.986298, 25.502285 ], [ -100.986967, 25.501184 ], [ -100.987036, 25.500737 ], [ -100.98681, 25.499107 ], [ -100.986843, 25.497732 ] ] ] } },
{ "type": "Feature", "properties": { "INTENSIDAD": "Muy alto", "PUNTAJE": 100, "TITULO": "Riesgo por Inundaciones Pluviales", "FENOMENO": "Hidrometeorológico", "FUENTE": "IMPLAN Saltillo — CARTO SALTILLO, Atlas de Riesgos 2024", "FECHA": "2024" }, "geometry": { "type": "Polygon", "coordinates": [ [ [ -101.02573, 25.378637 ], [ -101.025264, 25.379613 ], [ -101.024823, 25.379064 ], [ -101.025217, 25.378323 ], [ -101.02573, 25.378637 ] ] ] } },
{ "type": "Feature", "properties": { "INTENSIDAD": "Muy alto", "PUNTAJE": 100, "TITULO": "Riesgo por Inundaciones Pluviales", "FENOMENO": "Hidrometeorológico", "FUENTE": "IMPLAN Saltillo — CARTO SALTILLO, Atlas de Riesgos 2024", "FECHA": "2024" }, "geometry": { "type": "Polygon", "coordinates": [ [ [ -101.02576, 25.381221 ], [ -101.025305, 25.381199 ], [ -101.025747, 25.380306 ], [ -101.026104, 25.380527 ], [ -101.02576, 25.381221 ] ] ] } },
{ "type": "Feature", "properties": { "INTENSIDAD": "Muy alto", "PUNTAJE": 100, "TITULO": "Riesgo por Inundaciones Pluviales", "FENOMENO": "Hidrometeorológico", "FUENTE": "IMPLAN Saltillo — CARTO SALTILLO, Atlas de Riesgos 2024", "FECHA": "2024" }, "geometry": { "type": "Polygon", "coordinates": [ [ [ -101.026519, 25.380765 ], [ -101.026106, 25.381593 ], [ -101.025839, 25.38123 ], [ -101.026164, 25.380562 ], [ -101.026519, 25.380765 ] ] ] } },
{ "type": "Feature", "properties": { "INTENSIDAD": "Muy alto", "PUNTAJE": 100, "TITULO": "Riesgo por Inundaciones Pluviales", "FENOMENO": "Hidrometeorológico", "FUENTE": "IMPLAN Saltillo — CARTO SALTILLO, Atlas de Riesgos 2024", "FECHA": "2024" }, "geometry": { "type": "Polygon", "coordinates": [ [ [ -101.024977, 25.38185 ], [ -101.025109, 25.381588 ], [ -101.025516, 25.382068 ], [ -101.024977, 25.38185 ] ] ] } },
{ "type": "Feature", "properties": { "INTENSIDAD": "Muy alto", "PUNTAJE": 100, "TITULO": "Riesgo por Inundaciones Pluviales", "FENOMENO": "Hidrometeorológico", "FUENTE": "IMPLAN Saltillo — CARTO SALTILLO, Atlas de Riesgos 2024", "FECHA": "2024" }, "geometry": { "type": "Polygon", "coordinates": [ [ [ -101.025954, 25.381544 ], [ -101.026394, 25.382168 ], [ -101.026201, 25.382591 ], [ -101.025215, 25.381379 ], [ -101.025256, 25.381299 ], [ -101.025722, 25.38134 ], [ -101.025954, 25.381544 ] ] ] } },
{ "type": "Feature", "properties": { "INTENSIDAD": "Muy alto", "PUNTAJE": 100, "TITULO": "Riesgo por Inundaciones Pluviales", "FENOMENO": "Hidrometeorológico", "FUENTE": "IMPLAN Saltillo — CARTO SALTILLO, Atlas de Riesgos 2024", "FECHA": "2024" }, "geometry": { "type": "Polygon", "coordinates": [ [ [ -101.026443, 25.383163 ], [ -101.024782, 25.382235 ], [ -101.024941, 25.38192 ], [ -101.025616, 25.382191 ], [ -101.026443, 25.383163 ] ] ] } },
{ "type": "Feature", "properties": { "INTENSIDAD": "Muy alto", "PUNTAJE": 100, "TITULO": "Riesgo por Inundaciones Pluviales", "FENOMENO": "Hidrometeorológico", "FUENTE": "IMPLAN Saltillo — CARTO SALTILLO, Atlas de Riesgos 2024", "FECHA": "2024" }, "geometry": { "type": "Polygon", "coordinates": [ [ [ -101.017019, 25.384715 ], [ -101.017302, 25.384337 ], [ -101.018944, 25.382959 ], [ -101.01934, 25.382362 ], [ -101.019467, 25.38169 ], [ -101.019153, 25.380123 ], [ -101.019206, 25.379721 ], [ -101.01938, 25.379303 ], [ -101.019826, 25.378842 ], [ -101.02157, 25.378105 ], [ -101.022026, 25.377707 ], [ -101.024961, 25.381395 ], [ -101.021473, 25.388619 ], [ -101.020361, 25.387616 ], [ -101.019353, 25.386843 ], [ -101.017019, 25.384715 ] ] ] } },
{ "type": "Feature", "properties": { "INTENSIDAD": "Muy alto", "PUNTAJE": 100, "TITULO": "Riesgo por Inundaciones Pluviales", "FENOMENO": "Hidrometeorológico", "FUENTE": "IMPLAN Saltillo — CARTO SALTILLO, Atlas de Riesgos 2024", "FECHA": "2024" }, "geometry": { "type": "Polygon", "coordinates": [ [ [ -101.027225, 25.384167 ], [ -101.024569, 25.382655 ], [ -101.02474, 25.382317 ], [ -101.026572, 25.383328 ], [ -101.027225, 25.384167 ] ] ] } },
{ "type": "Feature", "properties": { "INTENSIDAD": "Muy alto", "PUNTAJE": 100, "TITULO": "Riesgo por Inundaciones Pluviales", "FENOMENO": "Hidrometeorológico", "FUENTE": "IMPLAN Saltillo — CARTO SALTILLO, Atlas de Riesgos 2024", "FECHA": "2024" }, "geometry": { "type": "Polygon", "coordinates": [ [ [ -101.024532, 25.382728 ], [ -101.027314, 25.384316 ], [ -101.028007, 25.385172 ], [ -101.024343, 25.383099 ], [ -101.024532, 25.382728 ] ] ] } },
{ "type": "Feature", "properties": { "INTENSIDAD": "Muy alto", "PUNTAJE": 100, "TITULO": "Riesgo por Inundaciones Pluviales", "FENOMENO": "Hidrometeorológico", "FUENTE": "IMPLAN Saltillo — CARTO SALTILLO, Atlas de Riesgos 2024", "FECHA": "2024" }, "geometry": { "type": "Polygon", "coordinates": [ [ [ -101.023923, 25.383961 ], [ -101.024078, 25.383643 ], [ -101.025543, 25.384415 ], [ -101.025544, 25.384787 ], [ -101.023923, 25.383961 ] ] ] } },
{ "type": "Feature", "properties": { "INTENSIDAD": "Muy alto", "PUNTAJE": 100, "TITULO": "Riesgo por Inundaciones Pluviales", "FENOMENO": "Hidrometeorológico", "FUENTE": "IMPLAN Saltillo — CARTO SALTILLO, Atlas de Riesgos 2024", "FECHA": "2024" }, "geometry": { "type": "Polygon", "coordinates": [ [ [ -101.024108, 25.383582 ], [ -101.024304, 25.383179 ], [ -101.025319, 25.383758 ], [ -101.025519, 25.384208 ], [ -101.025739, 25.384413 ], [ -101.025823, 25.38567 ], [ -101.025629, 25.38559 ], [ -101.025609, 25.384371 ], [ -101.024108, 25.383582 ] ] ] } },
{ "type": "Feature", "properties": { "INTENSIDAD": "Muy alto", "PUNTAJE": 100, "TITULO": "Riesgo por Inundaciones Pluviales", "FENOMENO": "Hidrometeorológico", "FUENTE": "IMPLAN Saltillo — CARTO SALTILLO, Atlas de Riesgos 2024", "FECHA": "2024" }, "geometry": { "type": "Polygon", "coordinates": [ [ [ -101.024043, 25.385604 ], [ -101.023593, 25.385599 ], [ -101.023579, 25.384585 ], [ -101.023878, 25.384044 ], [ -101.024037, 25.384122 ], [ -101.024043, 25.385604 ] ] ] } },
{ "type": "Feature", "properties": { "INTENSIDAD": "Muy alto", "PUNTAJE": 100, "TITULO": "Riesgo por Inundaciones Pluviales", "FENOMENO": "Hidrometeorológico", "FUENTE": "IMPLAN Saltillo — CARTO SALTILLO, Atlas de Riesgos 2024", "FECHA": "2024" }, "geometry": { "type": "Polygon", "coordinates": [ [ [ -101.028698, 25.386075 ], [ -101.025887, 25.384511 ], [ -101.025542, 25.383881 ], [ -101.028121, 25.385331 ], [ -101.028698, 25.386075 ] ] ] } },
{ "type": "Feature", "properties": { "INTENSIDAD": "Muy alto", "PUNTAJE": 100, "TITULO": "Riesgo por Inundaciones Pluviales", "FENOMENO": "Hidrometeorológico", "FUENTE": "IMPLAN Saltillo — CARTO SALTILLO, Atlas de Riesgos 2024", "FECHA": "2024" }, "geometry": { "type": "Polygon", "coordinates": [ [ [ -101.00901, 25.445861 ], [ -101.008782, 25.446172 ], [ -101.007985, 25.445831 ], [ -101.008195, 25.445519 ], [ -101.00901, 25.445861 ] ] ] } },
{ "type": "Feature", "properties": { "INTENSIDAD": "Muy alto", "PUNTAJE": 100, "TITULO": "Riesgo por Inundaciones Pluviales", "FENOMENO": "Hidrometeorológico", "FUENTE": "IMPLAN Saltillo — CARTO SALTILLO, Atlas de Riesgos 2024", "FECHA": "2024" }, "geometry": { "type": "Polygon", "coordinates": [ [ [ -101.010624, 25.446002 ], [ -101.010408, 25.446329 ], [ -101.009155, 25.445803 ], [ -101.009374, 25.445482 ], [ -101.010624, 25.446002 ] ] ] } },
{ "type": "Feature", "properties": { "INTENSIDAD": "Muy alto", "PUNTAJE": 100, "TITULO": "Riesgo por Inundaciones Pluviales", "FENOMENO": "Hidrometeorológico", "FUENTE": "IMPLAN Saltillo — CARTO SALTILLO, Atlas de Riesgos 2024", "FECHA": "2024" }, "geometry": { "type": "Polygon", "coordinates": [ [ [ -101.008642, 25.446402 ], [ -101.007832, 25.446059 ], [ -101.007935, 25.445906 ], [ -101.008742, 25.446255 ], [ -101.008642, 25.446402 ] ] ] } },
{ "type": "Feature", "properties": { "INTENSIDAD": "Muy alto", "PUNTAJE": 100, "TITULO": "Riesgo por Inundaciones Pluviales", "FENOMENO": "Hidrometeorológico", "FUENTE": "IMPLAN Saltillo — CARTO SALTILLO, Atlas de Riesgos 2024", "FECHA": "2024" }, "geometry": { "type": "Polygon", "coordinates": [ [ [ -101.009981, 25.446697 ], [ -101.009773, 25.446604 ], [ -101.008892, 25.44621 ], [ -101.00911, 25.445894 ], [ -101.010354, 25.446426 ], [ -101.009981, 25.446697 ] ] ] } },
{ "type": "Feature", "properties": { "INTENSIDAD": "Muy alto", "PUNTAJE": 100, "TITULO": "Riesgo por Inundaciones Pluviales", "FENOMENO": "Hidrometeorológico", "FUENTE": "IMPLAN Saltillo — CARTO SALTILLO, Atlas de Riesgos 2024", "FECHA": "2024" }, "geometry": { "type": "Polygon", "coordinates": [ [ [ -101.008515, 25.446587 ], [ -101.00828, 25.446486 ], [ -101.00771, 25.44624 ], [ -101.007804, 25.446098 ], [ -101.008615, 25.446441 ], [ -101.008515, 25.446587 ] ] ] } },
{ "type": "Feature", "properties": { "INTENSIDAD": "Muy alto", "PUNTAJE": 100, "TITULO": "Riesgo por Inundaciones Pluviales", "FENOMENO": "Hidrometeorológico", "FUENTE": "IMPLAN Saltillo — CARTO SALTILLO, Atlas de Riesgos 2024", "FECHA": "2024" }, "geometry": { "type": "Polygon", "coordinates": [ [ [ -101.010286, 25.446796 ], [ -101.010829, 25.445909 ], [ -101.011174, 25.446066 ], [ -101.0106, 25.44693 ], [ -101.010286, 25.446796 ] ] ] } },
{ "type": "Feature", "properties": { "INTENSIDAD": "Muy alto", "PUNTAJE": 100, "TITULO": "Riesgo por Inundaciones Pluviales", "FENOMENO": "Hidrometeorológico", "FUENTE": "IMPLAN Saltillo — CARTO SALTILLO, Atlas de Riesgos 2024", "FECHA": "2024" }, "geometry": { "type": "Polygon", "coordinates": [ [ [ -101.008844, 25.446293 ], [ -101.0099, 25.44676 ], [ -101.00976, 25.446875 ], [ -101.008739, 25.446449 ], [ -101.008844, 25.446293 ] ] ] } },
{ "type": "Feature", "properties": { "INTENSIDAD": "Muy alto", "PUNTAJE": 100, "TITULO": "Riesgo por Inundaciones Pluviales", "FENOMENO": "Hidrometeorológico", "FUENTE": "IMPLAN Saltillo — CARTO SALTILLO, Atlas de Riesgos 2024", "FECHA": "2024" }, "geometry": { "type": "Polygon", "coordinates": [ [ [ -101.01161, 25.446269 ], [ -101.011149, 25.44711 ], [ -101.010761, 25.446952 ], [ -101.011261, 25.446108 ], [ -101.01161, 25.446269 ] ] ] } },
{ "type": "Feature", "properties": { "INTENSIDAD": "Muy alto", "PUNTAJE": 100, "TITULO": "Riesgo por Inundaciones Pluviales", "FENOMENO": "Hidrometeorológico", "FUENTE": "IMPLAN Saltillo — CARTO SALTILLO, Atlas de Riesgos 2024", "FECHA": "2024" }, "geometry": { "type": "Polygon", "coordinates": [ [ [ -101.009717, 25.446909 ], [ -101.009567, 25.447042 ], [ -101.008634, 25.446632 ], [ -101.008739, 25.446487 ], [ -101.009717, 25.446909 ] ] ] } },
{ "type": "Feature", "properties": { "INTENSIDAD": "Muy alto", "PUNTAJE": 100, "TITULO": "Riesgo por Inundaciones Pluviales", "FENOMENO": "Hidrometeorológico", "FUENTE": "IMPLAN Saltillo — CARTO SALTILLO, Atlas de Riesgos 2024", "FECHA": "2024" }, "geometry": { "type": "Polygon", "coordinates": [ [ [ -101.009508, 25.447105 ], [ -101.009382, 25.44728 ], [ -101.00847, 25.446881 ], [ -101.00859, 25.446724 ], [ -101.009508, 25.447105 ] ] ] } },
{ "type": "Feature", "properties": { "INTENSIDAD": "Muy alto", "PUNTAJE": 100, "TITULO": "Riesgo por Inundaciones Pluviales", "FENOMENO": "Hidrometeorológico", "FUENTE": "IMPLAN Saltillo — CARTO SALTILLO, Atlas de Riesgos 2024", "FECHA": "2024" }, "geometry": { "type": "Polygon", "coordinates": [ [ [ -101.009119, 25.447925 ], [ -101.008086, 25.447443 ], [ -101.008392, 25.446938 ], [ -101.00934, 25.447337 ], [ -101.009166, 25.447651 ], [ -101.009119, 25.447925 ] ] ] } },
{ "type": "Feature", "properties": { "INTENSIDAD": "Muy alto", "PUNTAJE": 100, "TITULO": "Riesgo por Inundaciones Pluviales", "FENOMENO": "Hidrometeorológico", "FUENTE": "IMPLAN Saltillo — CARTO SALTILLO, Atlas de Riesgos 2024", "FECHA": "2024" }, "geometry": { "type": "Polygon", "coordinates": [ [ [ -101.009728, 25.448434 ], [ -101.009465, 25.448505 ], [ -101.009448, 25.447955 ], [ -101.010243, 25.446881 ], [ -101.010548, 25.447012 ], [ -101.009728, 25.448434 ] ] ] } },
{ "type": "Feature", "properties": { "INTENSIDAD": "Muy alto", "PUNTAJE": 100, "TITULO": "Riesgo por Inundaciones Pluviales", "FENOMENO": "Hidrometeorológico", "FUENTE": "IMPLAN Saltillo — CARTO SALTILLO, Atlas de Riesgos 2024", "FECHA": "2024" }, "geometry": { "type": "Polygon", "coordinates": [ [ [ -101.009927, 25.44837 ], [ -101.010685, 25.447057 ], [ -101.011032, 25.447199 ], [ -101.010436, 25.44824 ], [ -101.009927, 25.44837 ] ] ] } },
{ "type": "Feature", "properties": { "INTENSIDAD": "Muy alto", "PUNTAJE": 100, "TITULO": "Riesgo por Inundaciones Pluviales", "FENOMENO": "Hidrometeorológico", "FUENTE": "IMPLAN Saltillo — CARTO SALTILLO, Atlas de Riesgos 2024", "FECHA": "2024" }, "geometry": { "type": "Polygon", "coordinates": [ [ [ -101.010592, 25.448197 ], [ -101.011138, 25.447245 ], [ -101.011479, 25.447393 ], [ -101.011103, 25.448058 ], [ -101.010592, 25.448197 ] ] ] } },
{ "type": "Feature", "properties": { "INTENSIDAD": "Muy alto", "PUNTAJE": 100, "TITULO": "Riesgo por Inundaciones Pluviales", "FENOMENO": "Hidrometeorológico", "FUENTE": "IMPLAN Saltillo — CARTO SALTILLO, Atlas de Riesgos 2024", "FECHA": "2024" }, "geometry": { "type": "Polygon", "coordinates": [ [ [ -101.009129, 25.448003 ], [ -101.009036, 25.448378 ], [ -101.007807, 25.447842 ], [ -101.008013, 25.447524 ], [ -101.009129, 25.448003 ] ] ] } },
{ "type": "Feature", "properties": { "INTENSIDAD": "Muy alto", "PUNTAJE": 100, "TITULO": "Riesgo por Inundaciones Pluviales", "FENOMENO": "Hidrometeorológico", "FUENTE": "IMPLAN Saltillo — CARTO SALTILLO, Atlas de Riesgos 2024", "FECHA": "2024" }, "geometry": { "type": "Polygon", "coordinates": [ [ [ -101.008912, 25.448418 ], [ -101.008795, 25.448789 ], [ -101.007538, 25.448233 ], [ -101.007758, 25.447919 ], [ -101.008912, 25.448418 ] ] ] } },
{ "type": "Feature", "properties": { "INTENSIDAD": "Muy alto", "PUNTAJE": 100, "TITULO": "Riesgo por Inundaciones Pluviales", "FENOMENO": "Hidrometeorológico", "FUENTE": "IMPLAN Saltillo — CARTO SALTILLO, Atlas de Riesgos 2024", "FECHA": "2024" }, "geometry": { "type": "Polygon", "coordinates": [ [ [ -101.009494, 25.448602 ], [ -101.010389, 25.448361 ], [ -101.010097, 25.448852 ], [ -101.009494, 25.448602 ] ] ] } },
{ "type": "Feature", "properties": { "INTENSIDAD": "Muy alto", "PUNTAJE": 100, "TITULO": "Riesgo por Inundaciones Pluviales", "FENOMENO": "Hidrometeorológico", "FUENTE": "IMPLAN Saltillo — CARTO SALTILLO, Atlas de Riesgos 2024", "FECHA": "2024" }, "geometry": { "type": "Polygon", "coordinates": [ [ [ -101.011034, 25.448179 ], [ -101.010565, 25.449056 ], [ -101.010226, 25.448902 ], [ -101.010523, 25.448319 ], [ -101.011034, 25.448179 ] ] ] } },
{ "type": "Feature", "properties": { "INTENSIDAD": "Muy alto", "PUNTAJE": 100, "TITULO": "Riesgo por Inundaciones Pluviales", "FENOMENO": "Hidrometeorológico", "FUENTE": "IMPLAN Saltillo — CARTO SALTILLO, Atlas de Riesgos 2024", "FECHA": "2024" }, "geometry": { "type": "Polygon", "coordinates": [ [ [ -101.010626, 25.449104 ], [ -101.011169, 25.448142 ], [ -101.011703, 25.447997 ], [ -101.011016, 25.449264 ], [ -101.010626, 25.449104 ] ] ] } },
{ "type": "Feature", "properties": { "INTENSIDAD": "Muy alto", "PUNTAJE": 100, "TITULO": "Riesgo por Inundaciones Pluviales", "FENOMENO": "Hidrometeorológico", "FUENTE": "IMPLAN Saltillo — CARTO SALTILLO, Atlas de Riesgos 2024", "FECHA": "2024" }, "geometry": { "type": "Polygon", "coordinates": [ [ [ -101.008104, 25.449259 ], [ -101.007412, 25.448413 ], [ -101.007392, 25.448245 ], [ -101.008743, 25.448851 ], [ -101.008104, 25.449259 ] ] ] } },
{ "type": "Feature", "properties": { "INTENSIDAD": "Muy alto", "PUNTAJE": 100, "TITULO": "Riesgo por Inundaciones Pluviales", "FENOMENO": "Hidrometeorológico", "FUENTE": "IMPLAN Saltillo — CARTO SALTILLO, Atlas de Riesgos 2024", "FECHA": "2024" }, "geometry": { "type": "Polygon", "coordinates": [ [ [ -101.009554, 25.448794 ], [ -101.009227, 25.449534 ], [ -101.008557, 25.449184 ], [ -101.009121, 25.448687 ], [ -101.009273, 25.448671 ], [ -101.009554, 25.448794 ] ] ] } },
{ "type": "Feature", "properties": { "INTENSIDAD": "Muy alto", "PUNTAJE": 100, "TITULO": "Riesgo por Inundaciones Pluviales", "FENOMENO": "Hidrometeorológico", "FUENTE": "IMPLAN Saltillo — CARTO SALTILLO, Atlas de Riesgos 2024", "FECHA": "2024" }, "geometry": { "type": "Polygon", "coordinates": [ [ [ -101.009291, 25.449577 ], [ -101.009684, 25.448823 ], [ -101.010033, 25.448962 ], [ -101.009612, 25.449729 ], [ -101.009291, 25.449577 ] ] ] } },
{ "type": "Feature", "properties": { "INTENSIDAD": "Muy alto", "PUNTAJE": 100, "TITULO": "Riesgo por Inundaciones Pluviales", "FENOMENO": "Hidrometeorológico", "FUENTE": "IMPLAN Saltillo — CARTO SALTILLO, Atlas de Riesgos 2024", "FECHA": "2024" }, "geometry": { "type": "Polygon", "coordinates": [ [ [ -101.00971, 25.449769 ], [ -101.01015, 25.449024 ], [ -101.010482, 25.44918 ], [ -101.010048, 25.449927 ], [ -101.00971, 25.449769 ] ] ] } },
{ "type": "Feature", "properties": { "INTENSIDAD": "Muy alto", "PUNTAJE": 100, "TITULO": "Riesgo por Inundaciones Pluviales", "FENOMENO": "Hidrometeorológico", "FUENTE": "IMPLAN Saltillo — CARTO SALTILLO, Atlas de Riesgos 2024", "FECHA": "2024" }, "geometry": { "type": "Polygon", "coordinates": [ [ [ -101.010549, 25.450164 ], [ -101.010169, 25.449986 ], [ -101.010572, 25.449198 ], [ -101.010971, 25.449363 ], [ -101.010549, 25.450164 ] ] ] } },
{ "type": "Feature", "properties": { "INTENSIDAD": "Muy alto", "PUNTAJE": 100, "TITULO": "Riesgo por Inundaciones Pluviales", "FENOMENO": "Hidrometeorológico", "FUENTE": "IMPLAN Saltillo — CARTO SALTILLO, Atlas de Riesgos 2024", "FECHA": "2024" }, "geometry": { "type": "Polygon", "coordinates": [ [ [ -101.009459, 25.45216 ], [ -101.009985, 25.453258 ], [ -101.009172, 25.45466 ], [ -101.009061, 25.454752 ], [ -101.007592, 25.454196 ], [ -101.007999, 25.453035 ], [ -101.008093, 25.45237 ], [ -101.007906, 25.452006 ], [ -101.00786, 25.451577 ], [ -101.008238, 25.450949 ], [ -101.00843, 25.450293 ], [ -101.008419, 25.449776 ], [ -101.008144, 25.449354 ], [ -101.008438, 25.449191 ], [ -101.00918, 25.449588 ], [ -101.009084, 25.44988 ], [ -101.008608, 25.450343 ], [ -101.008262, 25.451087 ], [ -101.008337, 25.45112 ], [ -101.008673, 25.450419 ], [ -101.009522, 25.452112 ], [ -101.009459, 25.45216 ] ] ] } },
{ "type": "Feature", "properties": { "INTENSIDAD": "Muy alto", "PUNTAJE": 100, "TITULO": "Riesgo por Inundaciones Pluviales", "FENOMENO": "Hidrometeorológico", "FUENTE": "IMPLAN Saltillo — CARTO SALTILLO, Atlas de Riesgos 2024", "FECHA": "2024" }, "geometry": { "type": "Polygon", "coordinates": [ [ [ -101.009844, 25.458041 ], [ -101.009247, 25.457779 ], [ -101.009319, 25.457454 ], [ -101.009233, 25.457437 ], [ -101.009156, 25.457814 ], [ -101.009825, 25.458096 ], [ -101.009856, 25.458975 ], [ -101.010057, 25.459525 ], [ -101.009934, 25.459651 ], [ -101.00995, 25.459746 ], [ -101.010262, 25.459908 ], [ -101.010392, 25.45966 ], [ -101.010788, 25.45975 ], [ -101.009778, 25.460987 ], [ -101.00912, 25.462082 ], [ -101.00878, 25.462844 ], [ -101.008504, 25.462787 ], [ -101.007753, 25.462045 ], [ -101.007706, 25.461398 ], [ -101.006994, 25.461185 ], [ -101.007414, 25.460168 ], [ -101.00736, 25.45973 ], [ -101.007129, 25.459043 ], [ -101.007583, 25.45841 ], [ -101.007434, 25.457148 ], [ -101.007682, 25.456775 ], [ -101.008188, 25.456334 ], [ -101.008174, 25.456063 ], [ -101.007482, 25.45508 ], [ -101.007433, 25.454752 ], [ -101.00749, 25.454409 ], [ -101.008702, 25.454928 ], [ -101.008701, 25.455375 ], [ -101.008432, 25.455823 ], [ -101.008415, 25.45603 ], [ -101.008578, 25.456199 ], [ -101.008895, 25.456142 ], [ -101.008919, 25.45644 ], [ -101.009123, 25.456628 ], [ -101.00897, 25.456426 ], [ -101.009021, 25.456089 ], [ -101.008934, 25.456055 ], [ -101.009201, 25.455587 ], [ -101.009047, 25.45507 ], [ -101.009766, 25.45537 ], [ -101.009526, 25.455853 ], [ -101.010253, 25.456129 ], [ -101.009844, 25.458041 ] ] ] } },
{ "type": "Feature", "properties": { "INTENSIDAD": "Muy alto", "PUNTAJE": 100, "TITULO": "Riesgo por Inundaciones Pluviales", "FENOMENO": "Hidrometeorológico", "FUENTE": "IMPLAN Saltillo — CARTO SALTILLO, Atlas de Riesgos 2024", "FECHA": "2024" }, "geometry": { "type": "Polygon", "coordinates": [ [ [ -101.002636, 25.439344 ], [ -101.000643, 25.439947 ], [ -101.000435, 25.439428 ], [ -101.000517, 25.439268 ], [ -101.003046, 25.438535 ], [ -101.002636, 25.439344 ] ] ] } },
{ "type": "Feature", "properties": { "INTENSIDAD": "Muy alto", "PUNTAJE": 100, "TITULO": "Riesgo por Inundaciones Pluviales", "FENOMENO": "Hidrometeorológico", "FUENTE": "IMPLAN Saltillo — CARTO SALTILLO, Atlas de Riesgos 2024", "FECHA": "2024" }, "geometry": { "type": "Polygon", "coordinates": [ [ [ -101.006515, 25.436986 ], [ -101.006699, 25.43748 ], [ -101.006462, 25.438415 ], [ -101.004266, 25.443478 ], [ -101.001588, 25.441898 ], [ -101.001797, 25.441491 ], [ -101.00204, 25.441577 ], [ -101.002504, 25.442096 ], [ -101.003353, 25.442412 ], [ -101.003314, 25.44247 ], [ -101.003386, 25.442498 ], [ -101.003578, 25.44215 ], [ -101.003496, 25.442165 ], [ -101.002937, 25.441729 ], [ -101.001829, 25.441426 ], [ -101.004652, 25.435667 ], [ -101.004829, 25.435645 ], [ -101.005289, 25.436093 ], [ -101.006236, 25.436652 ], [ -101.006515, 25.436986 ] ] ] } },
{ "type": "Feature", "properties": { "INTENSIDAD": "Muy alto", "PUNTAJE": 100, "TITULO": "Riesgo por Inundaciones Pluviales", "FENOMENO": "Hidrometeorológico", "FUENTE": "IMPLAN Saltillo — CARTO SALTILLO, Atlas de Riesgos 2024", "FECHA": "2024" }, "geometry": { "type": "Polygon", "coordinates": [ [ [ -100.998945, 25.440549 ], [ -100.998806, 25.440765 ], [ -100.998295, 25.440579 ], [ -100.998455, 25.440042 ], [ -100.998653, 25.439844 ], [ -101.000169, 25.439377 ], [ -101.000341, 25.439467 ], [ -101.000551, 25.439968 ], [ -100.998945, 25.440549 ] ] ] } },
{ "type": "Feature", "properties": { "INTENSIDAD": "Muy alto", "PUNTAJE": 100, "TITULO": "Riesgo por Inundaciones Pluviales", "FENOMENO": "Hidrometeorológico", "FUENTE": "IMPLAN Saltillo — CARTO SALTILLO, Atlas de Riesgos 2024", "FECHA": "2024" }, "geometry": { "type": "Polygon", "coordinates": [ [ [ -101.002565, 25.439497 ], [ -101.002161, 25.440304 ], [ -101.000914, 25.440678 ], [ -101.000688, 25.440057 ], [ -101.002565, 25.439497 ] ] ] } },
{ "type": "Feature", "properties": { "INTENSIDAD": "Muy alto", "PUNTAJE": 100, "TITULO": "Riesgo por Inundaciones Pluviales", "FENOMENO": "Hidrometeorológico", "FUENTE": "IMPLAN Saltillo — CARTO SALTILLO, Atlas de Riesgos 2024", "FECHA": "2024" }, "geometry": { "type": "Polygon", "coordinates": [ [ [ -101.000588, 25.440083 ], [ -101.000806, 25.440725 ], [ -100.99978, 25.440347 ], [ -101.000588, 25.440083 ] ] ] } },
{ "type": "Feature", "properties": { "INTENSIDAD": "Muy alto", "PUNTAJE": 100, "TITULO": "Riesgo por Inundaciones Pluviales", "FENOMENO": "Hidrometeorológico", "FUENTE": "IMPLAN Saltillo — CARTO SALTILLO, Atlas de Riesgos 2024", "FECHA": "2024" }, "geometry": { "type": "Polygon", "coordinates": [ [ [ -101.002099, 25.440429 ], [ -101.001759, 25.441107 ], [ -101.000922, 25.440776 ], [ -101.002099, 25.440429 ] ] ] } },
{ "type": "Feature", "properties": { "INTENSIDAD": "Muy alto", "PUNTAJE": 100, "TITULO": "Riesgo por Inundaciones Pluviales", "FENOMENO": "Hidrometeorológico", "FUENTE": "IMPLAN Saltillo — CARTO SALTILLO, Atlas de Riesgos 2024", "FECHA": "2024" }, "geometry": { "type": "Polygon", "coordinates": [ [ [ -101.001406, 25.441814 ], [ -101.000532, 25.441461 ], [ -100.998929, 25.440814 ], [ -100.999122, 25.440574 ], [ -100.999634, 25.440394 ], [ -101.001713, 25.441201 ], [ -101.001406, 25.441814 ] ] ] } },
{ "type": "Feature", "properties": { "INTENSIDAD": "Muy alto", "PUNTAJE": 100, "TITULO": "Riesgo por Inundaciones Pluviales", "FENOMENO": "Hidrometeorológico", "FUENTE": "IMPLAN Saltillo — CARTO SALTILLO, Atlas de Riesgos 2024", "FECHA": "2024" }, "geometry": { "type": "Polygon", "coordinates": [ [ [ -101.002559, 25.442054 ], [ -101.002109, 25.441572 ], [ -101.002911, 25.441778 ], [ -101.003458, 25.442213 ], [ -101.003379, 25.442364 ], [ -101.002559, 25.442054 ] ] ] } },
{ "type": "Feature", "properties": { "INTENSIDAD": "Muy alto", "PUNTAJE": 100, "TITULO": "Riesgo por Inundaciones Pluviales", "FENOMENO": "Hidrometeorológico", "FUENTE": "IMPLAN Saltillo — CARTO SALTILLO, Atlas de Riesgos 2024", "FECHA": "2024" }, "geometry": { "type": "Polygon", "coordinates": [ [ [ -101.001361, 25.441904 ], [ -101.000459, 25.443709 ], [ -100.998841, 25.443074 ], [ -100.999692, 25.441244 ], [ -101.0004, 25.441513 ], [ -101.000285, 25.441806 ], [ -101.000452, 25.441533 ], [ -101.001361, 25.441904 ] ] ] } },
{ "type": "Feature", "properties": { "INTENSIDAD": "Muy alto", "PUNTAJE": 100, "TITULO": "Riesgo por Inundaciones Pluviales", "FENOMENO": "Hidrometeorológico", "FUENTE": "IMPLAN Saltillo — CARTO SALTILLO, Atlas de Riesgos 2024", "FECHA": "2024" }, "geometry": { "type": "Polygon", "coordinates": [ [ [ -101.000903, 25.443254 ], [ -101.001549, 25.441976 ], [ -101.002247, 25.442372 ], [ -101.001544, 25.443501 ], [ -101.000903, 25.443254 ] ] ] } },
{ "type": "Feature", "properties": { "INTENSIDAD": "Muy alto", "PUNTAJE": 100, "TITULO": "Riesgo por Inundaciones Pluviales", "FENOMENO": "Hidrometeorológico", "FUENTE": "IMPLAN Saltillo — CARTO SALTILLO, Atlas de Riesgos 2024", "FECHA": "2024" }, "geometry": { "type": "Polygon", "coordinates": [ [ [ -101.001637, 25.443537 ], [ -101.002329, 25.442421 ], [ -101.002768, 25.442685 ], [ -101.002116, 25.443722 ], [ -101.001637, 25.443537 ] ] ] } },
{ "type": "Feature", "properties": { "INTENSIDAD": "Muy alto", "PUNTAJE": 100, "TITULO": "Riesgo por Inundaciones Pluviales", "FENOMENO": "Hidrometeorológico", "FUENTE": "IMPLAN Saltillo — CARTO SALTILLO, Atlas de Riesgos 2024", "FECHA": "2024" }, "geometry": { "type": "Polygon", "coordinates": [ [ [ -101.006817, 25.445836 ], [ -101.0069, 25.445703 ], [ -101.007729, 25.446059 ], [ -101.007649, 25.446204 ], [ -101.006817, 25.445836 ] ] ] } },
{ "type": "Feature", "properties": { "INTENSIDAD": "Muy alto", "PUNTAJE": 100, "TITULO": "Riesgo por Inundaciones Pluviales", "FENOMENO": "Hidrometeorológico", "FUENTE": "IMPLAN Saltillo — CARTO SALTILLO, Atlas de Riesgos 2024", "FECHA": "2024" }, "geometry": { "type": "Polygon", "coordinates": [ [ [ -101.006754, 25.44594 ], [ -101.007583, 25.4463 ], [ -101.007483, 25.446455 ], [ -101.006645, 25.446107 ], [ -101.006754, 25.44594 ] ] ] } },
{ "type": "Feature", "properties": { "INTENSIDAD": "Muy alto", "PUNTAJE": 100, "TITULO": "Riesgo por Inundaciones Pluviales", "FENOMENO": "Hidrometeorológico", "FUENTE": "IMPLAN Saltillo — CARTO SALTILLO, Atlas de Riesgos 2024", "FECHA": "2024" }, "geometry": { "type": "Polygon", "coordinates": [ [ [ -101.00847, 25.446657 ], [ -101.008349, 25.446844 ], [ -101.007545, 25.446494 ], [ -101.007664, 25.446309 ], [ -101.00847, 25.446657 ] ] ] } },
{ "type": "Feature", "properties": { "INTENSIDAD": "Muy alto", "PUNTAJE": 100, "TITULO": "Riesgo por Inundaciones Pluviales", "FENOMENO": "Hidrometeorológico", "FUENTE": "IMPLAN Saltillo — CARTO SALTILLO, Atlas de Riesgos 2024", "FECHA": "2024" }, "geometry": { "type": "Polygon", "coordinates": [ [ [ -101.007203, 25.447019 ], [ -101.007495, 25.44656 ], [ -101.008322, 25.446907 ], [ -101.00801, 25.447398 ], [ -101.007203, 25.447019 ] ] ] } },
{ "type": "Feature", "properties": { "INTENSIDAD": "Muy alto", "PUNTAJE": 100, "TITULO": "Riesgo por Inundaciones Pluviales", "FENOMENO": "Hidrometeorológico", "FUENTE": "IMPLAN Saltillo — CARTO SALTILLO, Atlas de Riesgos 2024", "FECHA": "2024" }, "geometry": { "type": "Polygon", "coordinates": [ [ [ -101.007124, 25.447116 ], [ -101.007933, 25.447487 ], [ -101.007726, 25.447807 ], [ -101.006902, 25.44745 ], [ -101.007124, 25.447116 ] ] ] } },
{ "type": "Feature", "properties": { "INTENSIDAD": "Muy alto", "PUNTAJE": 100, "TITULO": "Riesgo por Inundaciones Pluviales", "FENOMENO": "Hidrometeorológico", "FUENTE": "IMPLAN Saltillo — CARTO SALTILLO, Atlas de Riesgos 2024", "FECHA": "2024" }, "geometry": { "type": "Polygon", "coordinates": [ [ [ -101.00721, 25.447831 ], [ -101.006433, 25.447347 ], [ -101.007677, 25.447883 ], [ -101.007465, 25.448199 ], [ -101.00721, 25.447831 ] ] ] } },
{ "type": "Feature", "properties": { "INTENSIDAD": "Muy alto", "PUNTAJE": 100, "TITULO": "Riesgo por Inundaciones Pluviales", "FENOMENO": "Hidrometeorológico", "FUENTE": "IMPLAN Saltillo — CARTO SALTILLO, Atlas de Riesgos 2024", "FECHA": "2024" }, "geometry": { "type": "Polygon", "coordinates": [ [ [ -101.007635, 25.450232 ], [ -101.007666, 25.450921 ], [ -101.007384, 25.451902 ], [ -101.007493, 25.45239 ], [ -101.006736, 25.452052 ], [ -101.006691, 25.452158 ], [ -101.007457, 25.452486 ], [ -101.006877, 25.453926 ], [ -101.005884, 25.453534 ], [ -101.006528, 25.452435 ], [ -101.006437, 25.452395 ], [ -101.005803, 25.453492 ], [ -101.002825, 25.452376 ], [ -101.005341, 25.446869 ], [ -101.006347, 25.44625 ], [ -101.006502, 25.446601 ], [ -101.006165, 25.447397 ], [ -101.006434, 25.447658 ], [ -101.007103, 25.448018 ], [ -101.007478, 25.448817 ], [ -101.007982, 25.449375 ], [ -101.00754, 25.449749 ], [ -101.007286, 25.449743 ], [ -101.006143, 25.449112 ], [ -101.005651, 25.450367 ], [ -101.007635, 25.450232 ] ] ] } },
{ "type": "Feature", "properties": { "INTENSIDAD": "Muy alto", "PUNTAJE": 100, "TITULO": "Riesgo por Inundaciones Pluviales", "FENOMENO": "Hidrometeorológico", "FUENTE": "IMPLAN Saltillo — CARTO SALTILLO, Atlas de Riesgos 2024", "FECHA": "2024" }, "geometry": { "type": "Polygon", "coordinates": [ [ [ -100.982083, 25.451243 ], [ -100.983676, 25.452253 ], [ -100.984792, 25.452772 ], [ -100.984508, 25.453336 ], [ -100.983875, 25.453099 ], [ -100.983854, 25.453165 ], [ -100.984467, 25.453418 ], [ -100.984162, 25.454024 ], [ -100.983539, 25.453779 ], [ -100.98349, 25.453854 ], [ -100.984211, 25.454129 ], [ -100.984093, 25.454347 ], [ -100.984147, 25.454371 ], [ -100.984267, 25.45415 ], [ -100.984896, 25.45439 ], [ -100.984563, 25.455067 ], [ -100.983211, 25.454536 ], [ -100.983196, 25.454624 ], [ -100.985269, 25.455434 ], [ -100.984432, 25.457085 ], [ -100.983909, 25.457008 ], [ -100.983108, 25.456586 ], [ -100.983628, 25.455548 ], [ -100.982933, 25.455334 ], [ -100.982541, 25.455338 ], [ -100.982503, 25.454683 ], [ -100.982711, 25.45411 ], [ -100.981518, 25.453655 ], [ -100.980828, 25.455043 ], [ -100.980313, 25.455102 ], [ -100.979973, 25.455268 ], [ -100.97802, 25.457565 ], [ -100.979455, 25.455683 ], [ -100.980454, 25.454135 ], [ -100.980648, 25.453322 ], [ -100.982083, 25.451243 ] ] ] } },
{ "type": "Feature", "properties": { "INTENSIDAD": "Muy alto", "PUNTAJE": 100, "TITULO": "Riesgo por Inundaciones Pluviales", "FENOMENO": "Hidrometeorológico", "FUENTE": "IMPLAN Saltillo — CARTO SALTILLO, Atlas de Riesgos 2024", "FECHA": "2024" }, "geometry": { "type": "Polygon", "coordinates": [ [ [ -101.00717, 25.4559 ], [ -101.00674, 25.455227 ], [ -101.005899, 25.455134 ], [ -101.005881, 25.454477 ], [ -101.006046, 25.454034 ], [ -101.006138, 25.454001 ], [ -101.006957, 25.454288 ], [ -101.006832, 25.455219 ], [ -101.00717, 25.4559 ] ] ] } },
{ "type": "Feature", "properties": { "INTENSIDAD": "Muy alto", "PUNTAJE": 100, "TITULO": "Riesgo por Inundaciones Pluviales", "FENOMENO": "Hidrometeorológico", "FUENTE": "IMPLAN Saltillo — CARTO SALTILLO, Atlas de Riesgos 2024", "FECHA": "2024" }, "geometry": { "type": "Polygon", "coordinates": [ [ [ -100.98147, 25.45522 ], [ -100.982471, 25.455157 ], [ -100.982531, 25.456182 ], [ -100.981588, 25.455288 ], [ -100.98147, 25.45522 ] ] ] } },
{ "type": "Feature", "properties": { "INTENSIDAD": "Muy alto", "PUNTAJE": 100, "TITULO": "Riesgo por Inundaciones Pluviales", "FENOMENO": "Hidrometeorológico", "FUENTE": "IMPLAN Saltillo — CARTO SALTILLO, Atlas de Riesgos 2024", "FECHA": "2024" }, "geometry": { "type": "Polygon", "coordinates": [ [ [ -101.006994, 25.455784 ], [ -101.007255, 25.456173 ], [ -101.005796, 25.456003 ], [ -101.005817, 25.455649 ], [ -101.006994, 25.455784 ] ] ] } },
{ "type": "Feature", "properties": { "INTENSIDAD": "Muy alto", "PUNTAJE": 100, "TITULO": "Riesgo por Inundaciones Pluviales", "FENOMENO": "Hidrometeorológico", "FUENTE": "IMPLAN Saltillo — CARTO SALTILLO, Atlas de Riesgos 2024", "FECHA": "2024" }, "geometry": { "type": "Polygon", "coordinates": [ [ [ -101.00468, 25.45581 ], [ -101.00428, 25.456953 ], [ -101.003278, 25.45618 ], [ -101.003688, 25.455488 ], [ -101.00468, 25.45581 ] ] ] } },
{ "type": "Feature", "properties": { "INTENSIDAD": "Muy alto", "PUNTAJE": 100, "TITULO": "Riesgo por Inundaciones Pluviales", "FENOMENO": "Hidrometeorológico", "FUENTE": "IMPLAN Saltillo — CARTO SALTILLO, Atlas de Riesgos 2024", "FECHA": "2024" }, "geometry": { "type": "Polygon", "coordinates": [ [ [ -101.007272, 25.456623 ], [ -101.005957, 25.456475 ], [ -101.006006, 25.456116 ], [ -101.007344, 25.456271 ], [ -101.007272, 25.456623 ] ] ] } },
{ "type": "Feature", "properties": { "INTENSIDAD": "Muy alto", "PUNTAJE": 100, "TITULO": "Riesgo por Inundaciones Pluviales", "FENOMENO": "Hidrometeorológico", "FUENTE": "IMPLAN Saltillo — CARTO SALTILLO, Atlas de Riesgos 2024", "FECHA": "2024" }, "geometry": { "type": "Polygon", "coordinates": [ [ [ -101.005932, 25.456916 ], [ -101.00595, 25.456559 ], [ -101.007246, 25.456705 ], [ -101.007129, 25.457051 ], [ -101.005932, 25.456916 ] ] ] } },
{ "type": "Feature", "properties": { "INTENSIDAD": "Muy alto", "PUNTAJE": 100, "TITULO": "Riesgo por Inundaciones Pluviales", "FENOMENO": "Hidrometeorológico", "FUENTE": "IMPLAN Saltillo — CARTO SALTILLO, Atlas de Riesgos 2024", "FECHA": "2024" }, "geometry": { "type": "Polygon", "coordinates": [ [ [ -101.007103, 25.457137 ], [ -101.007008, 25.457483 ], [ -101.0059, 25.457357 ], [ -101.005925, 25.456994 ], [ -101.007103, 25.457137 ] ] ] } },
{ "type": "Feature", "properties": { "INTENSIDAD": "Muy alto", "PUNTAJE": 100, "TITULO": "Riesgo por Inundaciones Pluviales", "FENOMENO": "Hidrometeorológico", "FUENTE": "IMPLAN Saltillo — CARTO SALTILLO, Atlas de Riesgos 2024", "FECHA": "2024" }, "geometry": { "type": "Polygon", "coordinates": [ [ [ -100.981403, 25.457956 ], [ -100.981236, 25.45789 ], [ -100.981708, 25.457069 ], [ -100.981815, 25.45711 ], [ -100.981403, 25.457956 ] ] ] } },
{ "type": "Feature", "properties": { "INTENSIDAD": "Muy alto", "PUNTAJE": 100, "TITULO": "Riesgo por Inundaciones Pluviales", "FENOMENO": "Hidrometeorológico", "FUENTE": "IMPLAN Saltillo — CARTO SALTILLO, Atlas de Riesgos 2024", "FECHA": "2024" }, "geometry": { "type": "Polygon", "coordinates": [ [ [ -100.9815, 25.457988 ], [ -100.981911, 25.457147 ], [ -100.98251, 25.457381 ], [ -100.982098, 25.458227 ], [ -100.9815, 25.457988 ] ] ] } },
{ "type": "Feature", "properties": { "INTENSIDAD": "Muy alto", "PUNTAJE": 100, "TITULO": "Riesgo por Inundaciones Pluviales", "FENOMENO": "Hidrometeorológico", "FUENTE": "IMPLAN Saltillo — CARTO SALTILLO, Atlas de Riesgos 2024", "FECHA": "2024" }, "geometry": { "type": "Polygon", "coordinates": [ [ [ -101.00649, 25.457508 ], [ -101.006383, 25.458252 ], [ -101.006107, 25.458129 ], [ -101.005878, 25.457588 ], [ -101.005892, 25.457439 ], [ -101.00649, 25.457508 ] ] ] } },
{ "type": "Feature", "properties": { "INTENSIDAD": "Muy alto", "PUNTAJE": 100, "TITULO": "Riesgo por Inundaciones Pluviales", "FENOMENO": "Hidrometeorológico", "FUENTE": "IMPLAN Saltillo — CARTO SALTILLO, Atlas de Riesgos 2024", "FECHA": "2024" }, "geometry": { "type": "Polygon", "coordinates": [ [ [ -100.983064, 25.457597 ], [ -100.982656, 25.458447 ], [ -100.982187, 25.458263 ], [ -100.982595, 25.457414 ], [ -100.983064, 25.457597 ] ] ] } },
{ "type": "Feature", "properties": { "INTENSIDAD": "Muy alto", "PUNTAJE": 100, "TITULO": "Riesgo por Inundaciones Pluviales", "FENOMENO": "Hidrometeorológico", "FUENTE": "IMPLAN Saltillo — CARTO SALTILLO, Atlas de Riesgos 2024", "FECHA": "2024" }, "geometry": { "type": "Polygon", "coordinates": [ [ [ -101.006975, 25.458534 ], [ -101.006462, 25.458297 ], [ -101.006574, 25.457518 ], [ -101.006996, 25.45757 ], [ -101.006975, 25.458534 ] ] ] } },
{ "type": "Feature", "properties": { "INTENSIDAD": "Muy alto", "PUNTAJE": 100, "TITULO": "Riesgo por Inundaciones Pluviales", "FENOMENO": "Hidrometeorológico", "FUENTE": "IMPLAN Saltillo — CARTO SALTILLO, Atlas de Riesgos 2024", "FECHA": "2024" }, "geometry": { "type": "Polygon", "coordinates": [ [ [ -100.991542, 25.46295 ], [ -100.997396, 25.450643 ], [ -100.998158, 25.450889 ], [ -100.999633, 25.451529 ], [ -100.999261, 25.452238 ], [ -100.999329, 25.452266 ], [ -100.999691, 25.451567 ], [ -101.000709, 25.451945 ], [ -100.994961, 25.465744 ], [ -100.994685, 25.465631 ], [ -100.994832, 25.465309 ], [ -100.994387, 25.46487 ], [ -100.994137, 25.465417 ], [ -100.991274, 25.464312 ], [ -100.991542, 25.46295 ] ] ] } },
{ "type": "Feature", "properties": { "INTENSIDAD": "Muy alto", "PUNTAJE": 100, "TITULO": "Riesgo por Inundaciones Pluviales", "FENOMENO": "Hidrometeorológico", "FUENTE": "IMPLAN Saltillo — CARTO SALTILLO, Atlas de Riesgos 2024", "FECHA": "2024" }, "geometry": { "type": "Polygon", "coordinates": [ [ [ -100.98146, 25.458071 ], [ -100.982063, 25.458313 ], [ -100.981744, 25.458984 ], [ -100.981129, 25.458745 ], [ -100.98146, 25.458071 ] ] ] } },
{ "type": "Feature", "properties": { "INTENSIDAD": "Muy alto", "PUNTAJE": 100, "TITULO": "Riesgo por Inundaciones Pluviales", "FENOMENO": "Hidrometeorológico", "FUENTE": "IMPLAN Saltillo — CARTO SALTILLO, Atlas de Riesgos 2024", "FECHA": "2024" }, "geometry": { "type": "Polygon", "coordinates": [ [ [ -101.006841, 25.458963 ], [ -101.006038, 25.458591 ], [ -101.006144, 25.458231 ], [ -101.006953, 25.458613 ], [ -101.006841, 25.458963 ] ] ] } },
{ "type": "Feature", "properties": { "INTENSIDAD": "Muy alto", "PUNTAJE": 100, "TITULO": "Riesgo por Inundaciones Pluviales", "FENOMENO": "Hidrometeorológico", "FUENTE": "IMPLAN Saltillo — CARTO SALTILLO, Atlas de Riesgos 2024", "FECHA": "2024" }, "geometry": { "type": "Polygon", "coordinates": [ [ [ -100.982699, 25.458568 ], [ -100.983512, 25.458894 ], [ -100.983184, 25.459546 ], [ -100.981826, 25.459016 ], [ -100.982145, 25.458346 ], [ -100.982615, 25.458534 ], [ -100.982446, 25.458886 ], [ -100.98253, 25.45892 ], [ -100.982699, 25.458568 ] ] ] } },
{ "type": "Feature", "properties": { "INTENSIDAD": "Muy alto", "PUNTAJE": 100, "TITULO": "Riesgo por Inundaciones Pluviales", "FENOMENO": "Hidrometeorológico", "FUENTE": "IMPLAN Saltillo — CARTO SALTILLO, Atlas de Riesgos 2024", "FECHA": "2024" }, "geometry": { "type": "Polygon", "coordinates": [ [ [ -100.990846, 25.457358 ], [ -100.992409, 25.457842 ], [ -100.992426, 25.457789 ], [ -100.990869, 25.457307 ], [ -100.991121, 25.456751 ], [ -100.991367, 25.456839 ], [ -100.991406, 25.45677 ], [ -100.992713, 25.457255 ], [ -100.992729, 25.457207 ], [ -100.991364, 25.456678 ], [ -100.991341, 25.456727 ], [ -100.991161, 25.456663 ], [ -100.991638, 25.455618 ], [ -100.99327, 25.456234 ], [ -100.992446, 25.457887 ], [ -100.992526, 25.457923 ], [ -100.993349, 25.456264 ], [ -100.994329, 25.456633 ], [ -100.991606, 25.462385 ], [ -100.989252, 25.461232 ], [ -100.990579, 25.457947 ], [ -100.990694, 25.458002 ], [ -100.990731, 25.457915 ], [ -100.990615, 25.457867 ], [ -100.990846, 25.457358 ] ] ] } },
{ "type": "Feature", "properties": { "INTENSIDAD": "Muy alto", "PUNTAJE": 100, "TITULO": "Riesgo por Inundaciones Pluviales", "FENOMENO": "Hidrometeorológico", "FUENTE": "IMPLAN Saltillo — CARTO SALTILLO, Atlas de Riesgos 2024", "FECHA": "2024" }, "geometry": { "type": "Polygon", "coordinates": [ [ [ -101.005817, 25.458982 ], [ -101.006013, 25.45867 ], [ -101.006831, 25.459049 ], [ -101.006845, 25.459464 ], [ -101.005817, 25.458982 ] ] ] } },
{ "type": "Feature", "properties": { "INTENSIDAD": "Muy alto", "PUNTAJE": 100, "TITULO": "Riesgo por Inundaciones Pluviales", "FENOMENO": "Hidrometeorológico", "FUENTE": "IMPLAN Saltillo — CARTO SALTILLO, Atlas de Riesgos 2024", "FECHA": "2024" }, "geometry": { "type": "Polygon", "coordinates": [ [ [ -101.004393, 25.459189 ], [ -101.004283, 25.45944 ], [ -101.003685, 25.459159 ], [ -101.003771, 25.458891 ], [ -101.004393, 25.459189 ] ] ] } },
{ "type": "Feature", "properties": { "INTENSIDAD": "Muy alto", "PUNTAJE": 100, "TITULO": "Riesgo por Inundaciones Pluviales", "FENOMENO": "Hidrometeorológico", "FUENTE": "IMPLAN Saltillo — CARTO SALTILLO, Atlas de Riesgos 2024", "FECHA": "2024" }, "geometry": { "type": "Polygon", "coordinates": [ [ [ -101.006928, 25.459838 ], [ -101.006855, 25.459962 ], [ -101.005536, 25.459353 ], [ -101.005742, 25.45904 ], [ -101.006873, 25.459565 ], [ -101.006928, 25.459838 ] ] ] } },
{ "type": "Feature", "properties": { "INTENSIDAD": "Muy alto", "PUNTAJE": 100, "TITULO": "Riesgo por Inundaciones Pluviales", "FENOMENO": "Hidrometeorológico", "FUENTE": "IMPLAN Saltillo — CARTO SALTILLO, Atlas de Riesgos 2024", "FECHA": "2024" }, "geometry": { "type": "Polygon", "coordinates": [ [ [ -100.974694, 25.426215 ], [ -100.974048, 25.426009 ], [ -100.974396, 25.425249 ], [ -100.975227, 25.425571 ], [ -100.974937, 25.426179 ], [ -100.974694, 25.426215 ] ] ] } },
{ "type": "Feature", "properties": { "INTENSIDAD": "Muy alto", "PUNTAJE": 100, "TITULO": "Riesgo por Inundaciones Pluviales", "FENOMENO": "Hidrometeorológico", "FUENTE": "IMPLAN Saltillo — CARTO SALTILLO, Atlas de Riesgos 2024", "FECHA": "2024" }, "geometry": { "type": "Polygon", "coordinates": [ [ [ -100.971432, 25.426697 ], [ -100.970313, 25.426868 ], [ -100.971194, 25.424969 ], [ -100.972083, 25.42532 ], [ -100.971432, 25.426697 ] ] ] } },
{ "type": "Feature", "properties": { "INTENSIDAD": "Muy alto", "PUNTAJE": 100, "TITULO": "Riesgo por Inundaciones Pluviales", "FENOMENO": "Hidrometeorológico", "FUENTE": "IMPLAN Saltillo — CARTO SALTILLO, Atlas de Riesgos 2024", "FECHA": "2024" }, "geometry": { "type": "Polygon", "coordinates": [ [ [ -100.971531, 25.426683 ], [ -100.972161, 25.42535 ], [ -100.973009, 25.425684 ], [ -100.972615, 25.426514 ], [ -100.971531, 25.426683 ] ] ] } },
{ "type": "Feature", "properties": { "INTENSIDAD": "Muy alto", "PUNTAJE": 100, "TITULO": "Riesgo por Inundaciones Pluviales", "FENOMENO": "Hidrometeorológico", "FUENTE": "IMPLAN Saltillo — CARTO SALTILLO, Atlas de Riesgos 2024", "FECHA": "2024" }, "geometry": { "type": "Polygon", "coordinates": [ [ [ -100.973955, 25.426057 ], [ -100.973826, 25.42634 ], [ -100.97271, 25.426501 ], [ -100.973084, 25.425714 ], [ -100.973955, 25.426057 ] ] ] } },
{ "type": "Feature", "properties": { "INTENSIDAD": "Muy alto", "PUNTAJE": 100, "TITULO": "Riesgo por Inundaciones Pluviales", "FENOMENO": "Hidrometeorológico", "FUENTE": "IMPLAN Saltillo — CARTO SALTILLO, Atlas de Riesgos 2024", "FECHA": "2024" }, "geometry": { "type": "Polygon", "coordinates": [ [ [ -100.974445, 25.42625 ], [ -100.974103, 25.4263 ], [ -100.973901, 25.426329 ], [ -100.974015, 25.426081 ], [ -100.974445, 25.42625 ] ] ] } },
{ "type": "Feature", "properties": { "INTENSIDAD": "Muy alto", "PUNTAJE": 100, "TITULO": "Riesgo por Inundaciones Pluviales", "FENOMENO": "Hidrometeorológico", "FUENTE": "IMPLAN Saltillo — CARTO SALTILLO, Atlas de Riesgos 2024", "FECHA": "2024" }, "geometry": { "type": "Polygon", "coordinates": [ [ [ -100.974642, 25.427043 ], [ -100.976025, 25.426857 ], [ -100.978196, 25.426528 ], [ -100.975702, 25.427684 ], [ -100.974262, 25.427937 ], [ -100.974642, 25.427043 ] ] ] } },
{ "type": "Feature", "properties": { "INTENSIDAD": "Muy alto", "PUNTAJE": 100, "TITULO": "Riesgo por Inundaciones Pluviales", "FENOMENO": "Hidrometeorológico", "FUENTE": "IMPLAN Saltillo — CARTO SALTILLO, Atlas de Riesgos 2024", "FECHA": "2024" }, "geometry": { "type": "Polygon", "coordinates": [ [ [ -100.97319, 25.427246 ], [ -100.974493, 25.427061 ], [ -100.974313, 25.427508 ], [ -100.973674, 25.427573 ], [ -100.973581, 25.428037 ], [ -100.972944, 25.428122 ], [ -100.97319, 25.427246 ] ] ] } },
{ "type": "Feature", "properties": { "INTENSIDAD": "Muy alto", "PUNTAJE": 100, "TITULO": "Riesgo por Inundaciones Pluviales", "FENOMENO": "Hidrometeorológico", "FUENTE": "IMPLAN Saltillo — CARTO SALTILLO, Atlas de Riesgos 2024", "FECHA": "2024" }, "geometry": { "type": "Polygon", "coordinates": [ [ [ -100.972203, 25.427358 ], [ -100.97188, 25.428088 ], [ -100.971079, 25.427768 ], [ -100.97124, 25.427467 ], [ -100.972203, 25.427358 ] ] ] } },
{ "type": "Feature", "properties": { "INTENSIDAD": "Muy alto", "PUNTAJE": 100, "TITULO": "Riesgo por Inundaciones Pluviales", "FENOMENO": "Hidrometeorológico", "FUENTE": "IMPLAN Saltillo — CARTO SALTILLO, Atlas de Riesgos 2024", "FECHA": "2024" }, "geometry": { "type": "Polygon", "coordinates": [ [ [ -100.972838, 25.428136 ], [ -100.972152, 25.428239 ], [ -100.971973, 25.428132 ], [ -100.972324, 25.427344 ], [ -100.973049, 25.427262 ], [ -100.972977, 25.427562 ], [ -100.972749, 25.42747 ], [ -100.972726, 25.427556 ], [ -100.972957, 25.427643 ], [ -100.972838, 25.428136 ] ] ] } },
{ "type": "Feature", "properties": { "INTENSIDAD": "Muy alto", "PUNTAJE": 100, "TITULO": "Riesgo por Inundaciones Pluviales", "FENOMENO": "Hidrometeorológico", "FUENTE": "IMPLAN Saltillo — CARTO SALTILLO, Atlas de Riesgos 2024", "FECHA": "2024" }, "geometry": { "type": "Polygon", "coordinates": [ [ [ -100.97427, 25.427599 ], [ -100.974137, 25.427959 ], [ -100.973681, 25.428023 ], [ -100.973764, 25.427652 ], [ -100.97427, 25.427599 ] ] ] } },
{ "type": "Feature", "properties": { "INTENSIDAD": "Muy alto", "PUNTAJE": 100, "TITULO": "Riesgo por Inundaciones Pluviales", "FENOMENO": "Hidrometeorológico", "FUENTE": "IMPLAN Saltillo — CARTO SALTILLO, Atlas de Riesgos 2024", "FECHA": "2024" }, "geometry": { "type": "Polygon", "coordinates": [ [ [ -100.970744, 25.428441 ], [ -100.971042, 25.427855 ], [ -100.971842, 25.428176 ], [ -100.971796, 25.428292 ], [ -100.970744, 25.428441 ] ] ] } },
{ "type": "Feature", "properties": { "INTENSIDAD": "Muy alto", "PUNTAJE": 100, "TITULO": "Riesgo por Inundaciones Pluviales", "FENOMENO": "Hidrometeorológico", "FUENTE": "IMPLAN Saltillo — CARTO SALTILLO, Atlas de Riesgos 2024", "FECHA": "2024" }, "geometry": { "type": "Polygon", "coordinates": [ [ [ -100.978807, 25.426739 ], [ -100.977179, 25.429965 ], [ -100.974381, 25.429079 ], [ -100.974524, 25.428083 ], [ -100.975723, 25.427858 ], [ -100.97848, 25.426587 ], [ -100.978807, 25.426739 ] ] ] } },
{ "type": "Feature", "properties": { "INTENSIDAD": "Muy alto", "PUNTAJE": 100, "TITULO": "Riesgo por Inundaciones Pluviales", "FENOMENO": "Hidrometeorológico", "FUENTE": "IMPLAN Saltillo — CARTO SALTILLO, Atlas de Riesgos 2024", "FECHA": "2024" }, "geometry": { "type": "Polygon", "coordinates": [ [ [ -100.978172, 25.432979 ], [ -100.977572, 25.432846 ], [ -100.976961, 25.433125 ], [ -100.976687, 25.433118 ], [ -100.973878, 25.432249 ], [ -100.973648, 25.431685 ], [ -100.973427, 25.431597 ], [ -100.973242, 25.431663 ], [ -100.973112, 25.431821 ], [ -100.973163, 25.432295 ], [ -100.97243, 25.432574 ], [ -100.97246, 25.432648 ], [ -100.972949, 25.432465 ], [ -100.973071, 25.432848 ], [ -100.971868, 25.433272 ], [ -100.970326, 25.428614 ], [ -100.973192, 25.428209 ], [ -100.973121, 25.428594 ], [ -100.973239, 25.428202 ], [ -100.974323, 25.428049 ], [ -100.974165, 25.429109 ], [ -100.974293, 25.429241 ], [ -100.980926, 25.431305 ], [ -100.980382, 25.43275 ], [ -100.979919, 25.433534 ], [ -100.979419, 25.434705 ], [ -100.976426, 25.433865 ], [ -100.97649, 25.433623 ], [ -100.977872, 25.433978 ], [ -100.978172, 25.432979 ] ] ] } },
{ "type": "Feature", "properties": { "INTENSIDAD": "Muy alto", "PUNTAJE": 100, "TITULO": "Riesgo por Inundaciones Pluviales", "FENOMENO": "Hidrometeorológico", "FUENTE": "IMPLAN Saltillo — CARTO SALTILLO, Atlas de Riesgos 2024", "FECHA": "2024" }, "geometry": { "type": "Polygon", "coordinates": [ [ [ -100.960369, 25.432142 ], [ -100.960293, 25.432541 ], [ -100.95857, 25.43277 ], [ -100.958498, 25.432386 ], [ -100.960369, 25.432142 ] ] ] } },
{ "type": "Feature", "properties": { "INTENSIDAD": "Muy alto", "PUNTAJE": 100, "TITULO": "Riesgo por Inundaciones Pluviales", "FENOMENO": "Hidrometeorológico", "FUENTE": "IMPLAN Saltillo — CARTO SALTILLO, Atlas de Riesgos 2024", "FECHA": "2024" }, "geometry": { "type": "Polygon", "coordinates": [ [ [ -100.960932, 25.432243 ], [ -100.960775, 25.432871 ], [ -100.960322, 25.432807 ], [ -100.960484, 25.432295 ], [ -100.960932, 25.432243 ] ] ] } },
{ "type": "Feature", "properties": { "INTENSIDAD": "Muy alto", "PUNTAJE": 100, "TITULO": "Riesgo por Inundaciones Pluviales", "FENOMENO": "Hidrometeorológico", "FUENTE": "IMPLAN Saltillo — CARTO SALTILLO, Atlas de Riesgos 2024", "FECHA": "2024" }, "geometry": { "type": "Polygon", "coordinates": [ [ [ -100.958584, 25.432858 ], [ -100.960259, 25.43264 ], [ -100.959945, 25.433177 ], [ -100.958677, 25.433347 ], [ -100.958584, 25.432858 ] ] ] } },
{ "type": "Feature", "properties": { "INTENSIDAD": "Muy alto", "PUNTAJE": 100, "TITULO": "Riesgo por Inundaciones Pluviales", "FENOMENO": "Hidrometeorológico", "FUENTE": "IMPLAN Saltillo — CARTO SALTILLO, Atlas de Riesgos 2024", "FECHA": "2024" }, "geometry": { "type": "Polygon", "coordinates": [ [ [ -100.960825, 25.433318 ], [ -100.960123, 25.433215 ], [ -100.960149, 25.433088 ], [ -100.960301, 25.432863 ], [ -100.960888, 25.432943 ], [ -100.960825, 25.433318 ] ] ] } },
{ "type": "Feature", "properties": { "INTENSIDAD": "Muy alto", "PUNTAJE": 100, "TITULO": "Riesgo por Inundaciones Pluviales", "FENOMENO": "Hidrometeorológico", "FUENTE": "IMPLAN Saltillo — CARTO SALTILLO, Atlas de Riesgos 2024", "FECHA": "2024" }, "geometry": { "type": "Polygon", "coordinates": [ [ [ -100.960128, 25.43328 ], [ -100.960822, 25.433335 ], [ -100.960773, 25.433619 ], [ -100.960165, 25.433541 ], [ -100.960128, 25.43328 ] ] ] } },
{ "type": "Feature", "properties": { "INTENSIDAD": "Muy alto", "PUNTAJE": 100, "TITULO": "Riesgo por Inundaciones Pluviales", "FENOMENO": "Hidrometeorológico", "FUENTE": "IMPLAN Saltillo — CARTO SALTILLO, Atlas de Riesgos 2024", "FECHA": "2024" }, "geometry": { "type": "Polygon", "coordinates": [ [ [ -100.95903, 25.433378 ], [ -100.960022, 25.433247 ], [ -100.960084, 25.433672 ], [ -100.959101, 25.433804 ], [ -100.95903, 25.433378 ] ] ] } },
{ "type": "Feature", "properties": { "INTENSIDAD": "Muy alto", "PUNTAJE": 100, "TITULO": "Riesgo por Inundaciones Pluviales", "FENOMENO": "Hidrometeorológico", "FUENTE": "IMPLAN Saltillo — CARTO SALTILLO, Atlas de Riesgos 2024", "FECHA": "2024" }, "geometry": { "type": "Polygon", "coordinates": [ [ [ -100.960647, 25.434353 ], [ -100.960287, 25.434308 ], [ -100.960167, 25.433557 ], [ -100.96077, 25.433636 ], [ -100.960647, 25.434353 ] ] ] } },
{ "type": "Feature", "properties": { "INTENSIDAD": "Muy alto", "PUNTAJE": 100, "TITULO": "Riesgo por Inundaciones Pluviales", "FENOMENO": "Hidrometeorológico", "FUENTE": "IMPLAN Saltillo — CARTO SALTILLO, Atlas de Riesgos 2024", "FECHA": "2024" }, "geometry": { "type": "Polygon", "coordinates": [ [ [ -100.959113, 25.433876 ], [ -100.960096, 25.433743 ], [ -100.960158, 25.434137 ], [ -100.959179, 25.434268 ], [ -100.959113, 25.433876 ] ] ] } },
{ "type": "Feature", "properties": { "INTENSIDAD": "Muy alto", "PUNTAJE": 100, "TITULO": "Riesgo por Inundaciones Pluviales", "FENOMENO": "Hidrometeorológico", "FUENTE": "IMPLAN Saltillo — CARTO SALTILLO, Atlas de Riesgos 2024", "FECHA": "2024" }, "geometry": { "type": "Polygon", "coordinates": [ [ [ -100.960726, 25.434363 ], [ -100.96084, 25.433699 ], [ -100.961259, 25.433756 ], [ -100.961147, 25.434416 ], [ -100.960726, 25.434363 ] ] ] } },
{ "type": "Feature", "properties": { "INTENSIDAD": "Muy alto", "PUNTAJE": 100, "TITULO": "Riesgo por Inundaciones Pluviales", "FENOMENO": "Hidrometeorológico", "FUENTE": "IMPLAN Saltillo — CARTO SALTILLO, Atlas de Riesgos 2024", "FECHA": "2024" }, "geometry": { "type": "Polygon", "coordinates": [ [ [ -100.96017, 25.434208 ], [ -100.960233, 25.4346 ], [ -100.959255, 25.434724 ], [ -100.959191, 25.434339 ], [ -100.96017, 25.434208 ] ] ] } },
{ "type": "Feature", "properties": { "INTENSIDAD": "Muy alto", "PUNTAJE": 100, "TITULO": "Riesgo por Inundaciones Pluviales", "FENOMENO": "Hidrometeorológico", "FUENTE": "IMPLAN Saltillo — CARTO SALTILLO, Atlas de Riesgos 2024", "FECHA": "2024" }, "geometry": { "type": "Polygon", "coordinates": [ [ [ -100.958312, 25.434843 ], [ -100.958252, 25.434465 ], [ -100.959135, 25.434346 ], [ -100.9592, 25.434731 ], [ -100.958312, 25.434843 ] ] ] } },
{ "type": "Feature", "properties": { "INTENSIDAD": "Muy alto", "PUNTAJE": 100, "TITULO": "Riesgo por Inundaciones Pluviales", "FENOMENO": "Hidrometeorológico", "FUENTE": "IMPLAN Saltillo — CARTO SALTILLO, Atlas de Riesgos 2024", "FECHA": "2024" }, "geometry": { "type": "Polygon", "coordinates": [ [ [ -100.961262, 25.434504 ], [ -100.961129, 25.435353 ], [ -100.960505, 25.435269 ], [ -100.960293, 25.434382 ], [ -100.961262, 25.434504 ] ] ] } },
{ "type": "Feature", "properties": { "INTENSIDAD": "Muy alto", "PUNTAJE": 100, "TITULO": "Riesgo por Inundaciones Pluviales", "FENOMENO": "Hidrometeorológico", "FUENTE": "IMPLAN Saltillo — CARTO SALTILLO, Atlas de Riesgos 2024", "FECHA": "2024" }, "geometry": { "type": "Polygon", "coordinates": [ [ [ -100.959962, 25.434709 ], [ -100.960244, 25.434672 ], [ -100.96044, 25.43533 ], [ -100.960007, 25.435299 ], [ -100.959962, 25.434709 ] ] ] } },
{ "type": "Feature", "properties": { "INTENSIDAD": "Muy alto", "PUNTAJE": 100, "TITULO": "Riesgo por Inundaciones Pluviales", "FENOMENO": "Hidrometeorológico", "FUENTE": "IMPLAN Saltillo — CARTO SALTILLO, Atlas de Riesgos 2024", "FECHA": "2024" }, "geometry": { "type": "Polygon", "coordinates": [ [ [ -100.959942, 25.435301 ], [ -100.959606, 25.435281 ], [ -100.959521, 25.434764 ], [ -100.95986, 25.434721 ], [ -100.959942, 25.435301 ] ] ] } },
{ "type": "Feature", "properties": { "INTENSIDAD": "Muy alto", "PUNTAJE": 100, "TITULO": "Riesgo por Inundaciones Pluviales", "FENOMENO": "Hidrometeorológico", "FUENTE": "IMPLAN Saltillo — CARTO SALTILLO, Atlas de Riesgos 2024", "FECHA": "2024" }, "geometry": { "type": "Polygon", "coordinates": [ [ [ -100.958325, 25.434915 ], [ -100.959436, 25.434775 ], [ -100.959515, 25.435276 ], [ -100.958378, 25.435209 ], [ -100.958325, 25.434915 ] ] ] } },
{ "type": "Feature", "properties": { "INTENSIDAD": "Muy alto", "PUNTAJE": 100, "TITULO": "Riesgo por Inundaciones Pluviales", "FENOMENO": "Hidrometeorológico", "FUENTE": "IMPLAN Saltillo — CARTO SALTILLO, Atlas de Riesgos 2024", "FECHA": "2024" }, "geometry": { "type": "Polygon", "coordinates": [ [ [ -100.959444, 25.435751 ], [ -100.958467, 25.435699 ], [ -100.958393, 25.435291 ], [ -100.959453, 25.435353 ], [ -100.959444, 25.435751 ] ] ] } },
{ "type": "Feature", "properties": { "INTENSIDAD": "Muy alto", "PUNTAJE": 100, "TITULO": "Riesgo por Inundaciones Pluviales", "FENOMENO": "Hidrometeorológico", "FUENTE": "IMPLAN Saltillo — CARTO SALTILLO, Atlas de Riesgos 2024", "FECHA": "2024" }, "geometry": { "type": "Polygon", "coordinates": [ [ [ -100.960435, 25.435804 ], [ -100.959487, 25.435753 ], [ -100.959496, 25.435355 ], [ -100.960471, 25.435412 ], [ -100.960435, 25.435804 ] ] ] } },
{ "type": "Feature", "properties": { "INTENSIDAD": "Muy alto", "PUNTAJE": 100, "TITULO": "Riesgo por Inundaciones Pluviales", "FENOMENO": "Hidrometeorológico", "FUENTE": "IMPLAN Saltillo — CARTO SALTILLO, Atlas de Riesgos 2024", "FECHA": "2024" }, "geometry": { "type": "Polygon", "coordinates": [ [ [ -100.960556, 25.435366 ], [ -100.961232, 25.435456 ], [ -100.961174, 25.435801 ], [ -100.960529, 25.435707 ], [ -100.960556, 25.435366 ] ] ] } },
{ "type": "Feature", "properties": { "INTENSIDAD": "Muy alto", "PUNTAJE": 100, "TITULO": "Riesgo por Inundaciones Pluviales", "FENOMENO": "Hidrometeorológico", "FUENTE": "IMPLAN Saltillo — CARTO SALTILLO, Atlas de Riesgos 2024", "FECHA": "2024" }, "geometry": { "type": "Polygon", "coordinates": [ [ [ -100.959434, 25.436235 ], [ -100.958555, 25.436188 ], [ -100.95848, 25.435772 ], [ -100.959443, 25.435824 ], [ -100.959434, 25.436235 ] ] ] } },
{ "type": "Feature", "properties": { "INTENSIDAD": "Muy alto", "PUNTAJE": 100, "TITULO": "Riesgo por Inundaciones Pluviales", "FENOMENO": "Hidrometeorológico", "FUENTE": "IMPLAN Saltillo — CARTO SALTILLO, Atlas de Riesgos 2024", "FECHA": "2024" }, "geometry": { "type": "Polygon", "coordinates": [ [ [ -100.96053, 25.435739 ], [ -100.960865, 25.435786 ], [ -100.960797, 25.436333 ], [ -100.960446, 25.436288 ], [ -100.96053, 25.435739 ] ] ] } },
{ "type": "Feature", "properties": { "INTENSIDAD": "Muy alto", "PUNTAJE": 100, "TITULO": "Riesgo por Inundaciones Pluviales", "FENOMENO": "Hidrometeorológico", "FUENTE": "IMPLAN Saltillo — CARTO SALTILLO, Atlas de Riesgos 2024", "FECHA": "2024" }, "geometry": { "type": "Polygon", "coordinates": [ [ [ -100.959476, 25.436237 ], [ -100.959485, 25.435826 ], [ -100.960423, 25.435877 ], [ -100.960357, 25.436285 ], [ -100.959476, 25.436237 ] ] ] } },
{ "type": "Feature", "properties": { "INTENSIDAD": "Muy alto", "PUNTAJE": 100, "TITULO": "Riesgo por Inundaciones Pluviales", "FENOMENO": "Hidrometeorológico", "FUENTE": "IMPLAN Saltillo — CARTO SALTILLO, Atlas de Riesgos 2024", "FECHA": "2024" }, "geometry": { "type": "Polygon", "coordinates": [ [ [ -100.978235, 25.454814 ], [ -100.979491, 25.455414 ], [ -100.979257, 25.455798 ], [ -100.977958, 25.455192 ], [ -100.978235, 25.454814 ] ] ] } },
{ "type": "Feature", "properties": { "INTENSIDAD": "Muy alto", "PUNTAJE": 100, "TITULO": "Riesgo por Inundaciones Pluviales", "FENOMENO": "Hidrometeorológico", "FUENTE": "IMPLAN Saltillo — CARTO SALTILLO, Atlas de Riesgos 2024", "FECHA": "2024" }, "geometry": { "type": "Polygon", "coordinates": [ [ [ -100.97744, 25.455475 ], [ -100.977692, 25.455159 ], [ -100.979201, 25.455893 ], [ -100.978764, 25.456545 ], [ -100.97785, 25.457504 ], [ -100.976331, 25.45545 ], [ -100.976947, 25.45468 ], [ -100.977573, 25.45509 ], [ -100.977321, 25.455394 ], [ -100.97744, 25.455475 ] ] ] } },
{ "type": "Feature", "properties": { "INTENSIDAD": "Muy alto", "PUNTAJE": 100, "TITULO": "Riesgo por Inundaciones Pluviales", "FENOMENO": "Hidrometeorológico", "FUENTE": "IMPLAN Saltillo — CARTO SALTILLO, Atlas de Riesgos 2024", "FECHA": "2024" }, "geometry": { "type": "Polygon", "coordinates": [ [ [ -100.981082, 25.4554 ], [ -100.982406, 25.456479 ], [ -100.984218, 25.457506 ], [ -100.984038, 25.457861 ], [ -100.981958, 25.457051 ], [ -100.982135, 25.456688 ], [ -100.982042, 25.456647 ], [ -100.981863, 25.457014 ], [ -100.981737, 25.45695 ], [ -100.981153, 25.457948 ], [ -100.980773, 25.458962 ], [ -100.980367, 25.458797 ], [ -100.980065, 25.45933 ], [ -100.980315, 25.459491 ], [ -100.980038, 25.460011 ], [ -100.979339, 25.459705 ], [ -100.978828, 25.460746 ], [ -100.977976, 25.457905 ], [ -100.980191, 25.455536 ], [ -100.980565, 25.455378 ], [ -100.98085, 25.455354 ], [ -100.981082, 25.4554 ] ] ] } },
{ "type": "Feature", "properties": { "INTENSIDAD": "Muy alto", "PUNTAJE": 100, "TITULO": "Riesgo por Inundaciones Pluviales", "FENOMENO": "Hidrometeorológico", "FUENTE": "IMPLAN Saltillo — CARTO SALTILLO, Atlas de Riesgos 2024", "FECHA": "2024" }, "geometry": { "type": "Polygon", "coordinates": [ [ [ -100.980435, 25.459244 ], [ -100.98072, 25.459379 ], [ -100.980333, 25.460149 ], [ -100.980054, 25.460024 ], [ -100.980345, 25.459482 ], [ -100.980098, 25.459332 ], [ -100.980362, 25.45884 ], [ -100.980787, 25.458995 ], [ -100.981179, 25.457958 ], [ -100.981365, 25.458033 ], [ -100.980744, 25.45931 ], [ -100.980474, 25.459174 ], [ -100.980435, 25.459244 ] ] ] } },
{ "type": "Feature", "properties": { "INTENSIDAD": "Muy alto", "PUNTAJE": 100, "TITULO": "Riesgo por Inundaciones Pluviales", "FENOMENO": "Hidrometeorológico", "FUENTE": "IMPLAN Saltillo — CARTO SALTILLO, Atlas de Riesgos 2024", "FECHA": "2024" }, "geometry": { "type": "Polygon", "coordinates": [ [ [ -100.983134, 25.459661 ], [ -100.980533, 25.464982 ], [ -100.980357, 25.465167 ], [ -100.980142, 25.465152 ], [ -100.980003, 25.465 ], [ -100.979283, 25.462584 ], [ -100.981075, 25.458856 ], [ -100.983134, 25.459661 ] ] ] } },
{ "type": "Feature", "properties": { "INTENSIDAD": "Muy alto", "PUNTAJE": 100, "TITULO": "Riesgo por Inundaciones Pluviales", "FENOMENO": "Hidrometeorológico", "FUENTE": "IMPLAN Saltillo — CARTO SALTILLO, Atlas de Riesgos 2024", "FECHA": "2024" }, "geometry": { "type": "Polygon", "coordinates": [ [ [ -100.958057, 25.433431 ], [ -100.957807, 25.43317 ], [ -100.956888, 25.432631 ], [ -100.958422, 25.432398 ], [ -100.958601, 25.433358 ], [ -100.958057, 25.433431 ] ] ] } },
{ "type": "Feature", "properties": { "INTENSIDAD": "Muy alto", "PUNTAJE": 100, "TITULO": "Riesgo por Inundaciones Pluviales", "FENOMENO": "Hidrometeorológico", "FUENTE": "IMPLAN Saltillo — CARTO SALTILLO, Atlas de Riesgos 2024", "FECHA": "2024" }, "geometry": { "type": "Polygon", "coordinates": [ [ [ -100.956957, 25.432913 ], [ -100.957639, 25.433264 ], [ -100.956987, 25.433353 ], [ -100.956957, 25.432913 ] ] ] } },
{ "type": "Feature", "properties": { "INTENSIDAD": "Muy alto", "PUNTAJE": 100, "TITULO": "Riesgo por Inundaciones Pluviales", "FENOMENO": "Hidrometeorológico", "FUENTE": "IMPLAN Saltillo — CARTO SALTILLO, Atlas de Riesgos 2024", "FECHA": "2024" }, "geometry": { "type": "Polygon", "coordinates": [ [ [ -100.958974, 25.433385 ], [ -100.959046, 25.433811 ], [ -100.95817, 25.433932 ], [ -100.958098, 25.433509 ], [ -100.958974, 25.433385 ] ] ] } },
{ "type": "Feature", "properties": { "INTENSIDAD": "Muy alto", "PUNTAJE": 100, "TITULO": "Riesgo por Inundaciones Pluviales", "FENOMENO": "Hidrometeorológico", "FUENTE": "IMPLAN Saltillo — CARTO SALTILLO, Atlas de Riesgos 2024", "FECHA": "2024" }, "geometry": { "type": "Polygon", "coordinates": [ [ [ -100.958241, 25.434389 ], [ -100.958183, 25.433995 ], [ -100.959058, 25.433883 ], [ -100.959123, 25.434274 ], [ -100.958241, 25.434389 ] ] ] } },
{ "type": "Feature", "properties": { "INTENSIDAD": "Muy alto", "PUNTAJE": 100, "TITULO": "Riesgo por Inundaciones Pluviales", "FENOMENO": "Hidrometeorológico", "FUENTE": "IMPLAN Saltillo — CARTO SALTILLO, Atlas de Riesgos 2024", "FECHA": "2024" }, "geometry": { "type": "Polygon", "coordinates": [ [ [ -100.957332, 25.435621 ], [ -100.957043, 25.433782 ], [ -100.956759, 25.433818 ], [ -100.9567, 25.433456 ], [ -100.957763, 25.43334 ], [ -100.957885, 25.433522 ], [ -100.958127, 25.434859 ], [ -100.957886, 25.434892 ], [ -100.957899, 25.434967 ], [ -100.958141, 25.434937 ], [ -100.958434, 25.436559 ], [ -100.958174, 25.436631 ], [ -100.958444, 25.436617 ], [ -100.958532, 25.437105 ], [ -100.958111, 25.437097 ], [ -100.957803, 25.435576 ], [ -100.957332, 25.435621 ] ] ] } },
{ "type": "Feature", "properties": { "INTENSIDAD": "Muy alto", "PUNTAJE": 100, "TITULO": "Riesgo por Inundaciones Pluviales", "FENOMENO": "Hidrometeorológico", "FUENTE": "IMPLAN Saltillo — CARTO SALTILLO, Atlas de Riesgos 2024", "FECHA": "2024" }, "geometry": { "type": "Polygon", "coordinates": [ [ [ -100.957851, 25.436206 ], [ -100.957371, 25.436039 ], [ -100.957345, 25.435689 ], [ -100.957738, 25.435653 ], [ -100.957851, 25.436206 ] ] ] } },
{ "type": "Feature", "properties": { "INTENSIDAD": "Muy alto", "PUNTAJE": 100, "TITULO": "Riesgo por Inundaciones Pluviales", "FENOMENO": "Hidrometeorológico", "FUENTE": "IMPLAN Saltillo — CARTO SALTILLO, Atlas de Riesgos 2024", "FECHA": "2024" }, "geometry": { "type": "Polygon", "coordinates": [ [ [ -100.956989, 25.441933 ], [ -100.957062, 25.442346 ], [ -100.95582, 25.442513 ], [ -100.95575, 25.442138 ], [ -100.956989, 25.441933 ] ] ] } },
{ "type": "Feature", "properties": { "INTENSIDAD": "Muy alto", "PUNTAJE": 100, "TITULO": "Riesgo por Inundaciones Pluviales", "FENOMENO": "Hidrometeorológico", "FUENTE": "IMPLAN Saltillo — CARTO SALTILLO, Atlas de Riesgos 2024", "FECHA": "2024" }, "geometry": { "type": "Polygon", "coordinates": [ [ [ -100.957077, 25.442428 ], [ -100.957146, 25.442821 ], [ -100.955911, 25.443004 ], [ -100.95584, 25.442594 ], [ -100.957077, 25.442428 ] ] ] } },
{ "type": "Feature", "properties": { "INTENSIDAD": "Muy alto", "PUNTAJE": 100, "TITULO": "Riesgo por Inundaciones Pluviales", "FENOMENO": "Hidrometeorológico", "FUENTE": "IMPLAN Saltillo — CARTO SALTILLO, Atlas de Riesgos 2024", "FECHA": "2024" }, "geometry": { "type": "Polygon", "coordinates": [ [ [ -100.954834, 25.443219 ], [ -100.95485, 25.442983 ], [ -100.95479, 25.442981 ], [ -100.954776, 25.443195 ], [ -100.954243, 25.443302 ], [ -100.954018, 25.442224 ], [ -100.954594, 25.44213 ], [ -100.954627, 25.442324 ], [ -100.955712, 25.442166 ], [ -100.955773, 25.442539 ], [ -100.955191, 25.44262 ], [ -100.955143, 25.442731 ], [ -100.9558, 25.442643 ], [ -100.955873, 25.443032 ], [ -100.954937, 25.443167 ], [ -100.954868, 25.443271 ], [ -100.955897, 25.44311 ], [ -100.955971, 25.443517 ], [ -100.954602, 25.443735 ], [ -100.953309, 25.442752 ], [ -100.952594, 25.442472 ], [ -100.953959, 25.442233 ], [ -100.954199, 25.443345 ], [ -100.954834, 25.443219 ] ] ] } },
{ "type": "Feature", "properties": { "INTENSIDAD": "Muy alto", "PUNTAJE": 100, "TITULO": "Riesgo por Inundaciones Pluviales", "FENOMENO": "Hidrometeorológico", "FUENTE": "IMPLAN Saltillo — CARTO SALTILLO, Atlas de Riesgos 2024", "FECHA": "2024" }, "geometry": { "type": "Polygon", "coordinates": [ [ [ -100.957234, 25.443315 ], [ -100.956007, 25.443502 ], [ -100.955927, 25.443087 ], [ -100.957161, 25.442906 ], [ -100.957234, 25.443315 ] ] ] } },
{ "type": "Feature", "properties": { "INTENSIDAD": "Muy alto", "PUNTAJE": 100, "TITULO": "Riesgo por Inundaciones Pluviales", "FENOMENO": "Hidrometeorológico", "FUENTE": "IMPLAN Saltillo — CARTO SALTILLO, Atlas de Riesgos 2024", "FECHA": "2024" }, "geometry": { "type": "Polygon", "coordinates": [ [ [ -100.95459, 25.443738 ], [ -100.954378, 25.443795 ], [ -100.952897, 25.442801 ], [ -100.953002, 25.442652 ], [ -100.9533, 25.442763 ], [ -100.95459, 25.443738 ] ] ] } },
{ "type": "Feature", "properties": { "INTENSIDAD": "Muy alto", "PUNTAJE": 100, "TITULO": "Riesgo por Inundaciones Pluviales", "FENOMENO": "Hidrometeorológico", "FUENTE": "IMPLAN Saltillo — CARTO SALTILLO, Atlas de Riesgos 2024", "FECHA": "2024" }, "geometry": { "type": "Polygon", "coordinates": [ [ [ -100.957247, 25.443392 ], [ -100.957322, 25.443814 ], [ -100.956094, 25.443987 ], [ -100.956021, 25.443579 ], [ -100.957247, 25.443392 ] ] ] } },
{ "type": "Feature", "properties": { "INTENSIDAD": "Muy alto", "PUNTAJE": 100, "TITULO": "Riesgo por Inundaciones Pluviales", "FENOMENO": "Hidrometeorológico", "FUENTE": "IMPLAN Saltillo — CARTO SALTILLO, Atlas de Riesgos 2024", "FECHA": "2024" }, "geometry": { "type": "Polygon", "coordinates": [ [ [ -100.952831, 25.443802 ], [ -100.953906, 25.443552 ], [ -100.954317, 25.443816 ], [ -100.952788, 25.444189 ], [ -100.952831, 25.443802 ] ] ] } },
{ "type": "Feature", "properties": { "INTENSIDAD": "Muy alto", "PUNTAJE": 100, "TITULO": "Riesgo por Inundaciones Pluviales", "FENOMENO": "Hidrometeorológico", "FUENTE": "IMPLAN Saltillo — CARTO SALTILLO, Atlas de Riesgos 2024", "FECHA": "2024" }, "geometry": { "type": "Polygon", "coordinates": [ [ [ -100.957411, 25.444318 ], [ -100.956188, 25.444491 ], [ -100.956107, 25.444058 ], [ -100.957335, 25.443884 ], [ -100.957411, 25.444318 ] ] ] } },
{ "type": "Feature", "properties": { "INTENSIDAD": "Muy alto", "PUNTAJE": 100, "TITULO": "Riesgo por Inundaciones Pluviales", "FENOMENO": "Hidrometeorológico", "FUENTE": "IMPLAN Saltillo — CARTO SALTILLO, Atlas de Riesgos 2024", "FECHA": "2024" }, "geometry": { "type": "Polygon", "coordinates": [ [ [ -100.953716, 25.444403 ], [ -100.952694, 25.444594 ], [ -100.952584, 25.444311 ], [ -100.953603, 25.444082 ], [ -100.953716, 25.444403 ] ] ] } },
{ "type": "Feature", "properties": { "INTENSIDAD": "Muy alto", "PUNTAJE": 100, "TITULO": "Riesgo por Inundaciones Pluviales", "FENOMENO": "Hidrometeorológico", "FUENTE": "IMPLAN Saltillo — CARTO SALTILLO, Atlas de Riesgos 2024", "FECHA": "2024" }, "geometry": { "type": "Polygon", "coordinates": [ [ [ -100.955943, 25.445148 ], [ -100.955914, 25.445014 ], [ -100.95584, 25.445026 ], [ -100.955868, 25.445162 ], [ -100.955511, 25.445227 ], [ -100.955268, 25.444097 ], [ -100.954832, 25.444164 ], [ -100.954744, 25.443787 ], [ -100.955978, 25.443592 ], [ -100.956259, 25.445091 ], [ -100.955943, 25.445148 ] ] ] } },
{ "type": "Feature", "properties": { "INTENSIDAD": "Muy alto", "PUNTAJE": 100, "TITULO": "Riesgo por Inundaciones Pluviales", "FENOMENO": "Hidrometeorológico", "FUENTE": "IMPLAN Saltillo — CARTO SALTILLO, Atlas de Riesgos 2024", "FECHA": "2024" }, "geometry": { "type": "Polygon", "coordinates": [ [ [ -100.954192, 25.444635 ], [ -100.954043, 25.444672 ], [ -100.953951, 25.444696 ], [ -100.953998, 25.445046 ], [ -100.953672, 25.445181 ], [ -100.953615, 25.444963 ], [ -100.953792, 25.444934 ], [ -100.954323, 25.443907 ], [ -100.954673, 25.443803 ], [ -100.954759, 25.444163 ], [ -100.954258, 25.444258 ], [ -100.954317, 25.444487 ], [ -100.95419, 25.444531 ], [ -100.954192, 25.444635 ] ] ] } },
{ "type": "Feature", "properties": { "INTENSIDAD": "Muy alto", "PUNTAJE": 100, "TITULO": "Riesgo por Inundaciones Pluviales", "FENOMENO": "Hidrometeorológico", "FUENTE": "IMPLAN Saltillo — CARTO SALTILLO, Atlas de Riesgos 2024", "FECHA": "2024" }, "geometry": { "type": "Polygon", "coordinates": [ [ [ -100.955028, 25.44531 ], [ -100.954782, 25.444256 ], [ -100.955113, 25.444207 ], [ -100.955344, 25.445249 ], [ -100.955028, 25.44531 ] ] ] } },
{ "type": "Feature", "properties": { "INTENSIDAD": "Muy alto", "PUNTAJE": 100, "TITULO": "Riesgo por Inundaciones Pluviales", "FENOMENO": "Hidrometeorológico", "FUENTE": "IMPLAN Saltillo — CARTO SALTILLO, Atlas de Riesgos 2024", "FECHA": "2024" }, "geometry": { "type": "Polygon", "coordinates": [ [ [ -100.954664, 25.444272 ], [ -100.954911, 25.445331 ], [ -100.9546, 25.445388 ], [ -100.954358, 25.44432 ], [ -100.954664, 25.444272 ] ] ] } },
{ "type": "Feature", "properties": { "INTENSIDAD": "Muy alto", "PUNTAJE": 100, "TITULO": "Riesgo por Inundaciones Pluviales", "FENOMENO": "Hidrometeorológico", "FUENTE": "IMPLAN Saltillo — CARTO SALTILLO, Atlas de Riesgos 2024", "FECHA": "2024" }, "geometry": { "type": "Polygon", "coordinates": [ [ [ -100.956932, 25.444757 ], [ -100.956922, 25.444959 ], [ -100.956296, 25.445074 ], [ -100.9562, 25.444556 ], [ -100.957423, 25.444384 ], [ -100.957476, 25.444678 ], [ -100.957565, 25.444654 ], [ -100.957514, 25.44437 ], [ -100.958522, 25.444228 ], [ -100.958189, 25.445213 ], [ -100.956388, 25.445566 ], [ -100.956308, 25.445135 ], [ -100.956985, 25.445024 ], [ -100.956932, 25.444757 ] ] ] } },
{ "type": "Feature", "properties": { "INTENSIDAD": "Muy alto", "PUNTAJE": 100, "TITULO": "Riesgo por Inundaciones Pluviales", "FENOMENO": "Hidrometeorológico", "FUENTE": "IMPLAN Saltillo — CARTO SALTILLO, Atlas de Riesgos 2024", "FECHA": "2024" }, "geometry": { "type": "Polygon", "coordinates": [ [ [ -100.952911, 25.445054 ], [ -100.953548, 25.444985 ], [ -100.953599, 25.445182 ], [ -100.952914, 25.445306 ], [ -100.952732, 25.444664 ], [ -100.953912, 25.444492 ], [ -100.953762, 25.444822 ], [ -100.952925, 25.444974 ], [ -100.952911, 25.445054 ] ] ] } },
{ "type": "Feature", "properties": { "INTENSIDAD": "Muy alto", "PUNTAJE": 100, "TITULO": "Riesgo por Inundaciones Pluviales", "FENOMENO": "Hidrometeorológico", "FUENTE": "IMPLAN Saltillo — CARTO SALTILLO, Atlas de Riesgos 2024", "FECHA": "2024" }, "geometry": { "type": "Polygon", "coordinates": [ [ [ -100.954193, 25.444637 ], [ -100.954191, 25.444533 ], [ -100.954317, 25.444491 ], [ -100.954502, 25.445406 ], [ -100.954177, 25.445466 ], [ -100.954044, 25.444673 ], [ -100.954193, 25.444637 ] ] ] } },
{ "type": "Feature", "properties": { "INTENSIDAD": "Muy alto", "PUNTAJE": 100, "TITULO": "Riesgo por Inundaciones Pluviales", "FENOMENO": "Hidrometeorológico", "FUENTE": "IMPLAN Saltillo — CARTO SALTILLO, Atlas de Riesgos 2024", "FECHA": "2024" }, "geometry": { "type": "Polygon", "coordinates": [ [ [ -100.954088, 25.445482 ], [ -100.953759, 25.445542 ], [ -100.953672, 25.445186 ], [ -100.954, 25.445052 ], [ -100.954088, 25.445482 ] ] ] } },
{ "type": "Feature", "properties": { "INTENSIDAD": "Muy alto", "PUNTAJE": 100, "TITULO": "Riesgo por Inundaciones Pluviales", "FENOMENO": "Hidrometeorológico", "FUENTE": "IMPLAN Saltillo — CARTO SALTILLO, Atlas de Riesgos 2024", "FECHA": "2024" }, "geometry": { "type": "Polygon", "coordinates": [ [ [ -100.955042, 25.445368 ], [ -100.956197, 25.445156 ], [ -100.956281, 25.445587 ], [ -100.955145, 25.445809 ], [ -100.955042, 25.445368 ] ] ] } },
{ "type": "Feature", "properties": { "INTENSIDAD": "Muy alto", "PUNTAJE": 100, "TITULO": "Riesgo por Inundaciones Pluviales", "FENOMENO": "Hidrometeorológico", "FUENTE": "IMPLAN Saltillo — CARTO SALTILLO, Atlas de Riesgos 2024", "FECHA": "2024" }, "geometry": { "type": "Polygon", "coordinates": [ [ [ -100.953656, 25.445561 ], [ -100.952736, 25.44573 ], [ -100.952671, 25.445421 ], [ -100.953586, 25.445255 ], [ -100.953656, 25.445561 ] ] ] } },
{ "type": "Feature", "properties": { "INTENSIDAD": "Muy alto", "PUNTAJE": 100, "TITULO": "Riesgo por Inundaciones Pluviales", "FENOMENO": "Hidrometeorológico", "FUENTE": "IMPLAN Saltillo — CARTO SALTILLO, Atlas de Riesgos 2024", "FECHA": "2024" }, "geometry": { "type": "Polygon", "coordinates": [ [ [ -100.954925, 25.445389 ], [ -100.955028, 25.445832 ], [ -100.953881, 25.446057 ], [ -100.953769, 25.445601 ], [ -100.954925, 25.445389 ] ] ] } },
{ "type": "Feature", "properties": { "INTENSIDAD": "Muy alto", "PUNTAJE": 100, "TITULO": "Riesgo por Inundaciones Pluviales", "FENOMENO": "Hidrometeorológico", "FUENTE": "IMPLAN Saltillo — CARTO SALTILLO, Atlas de Riesgos 2024", "FECHA": "2024" }, "geometry": { "type": "Polygon", "coordinates": [ [ [ -100.955164, 25.445889 ], [ -100.956296, 25.445668 ], [ -100.956388, 25.446087 ], [ -100.955261, 25.446308 ], [ -100.955164, 25.445889 ] ] ] } },
{ "type": "Feature", "properties": { "INTENSIDAD": "Muy alto", "PUNTAJE": 100, "TITULO": "Riesgo por Inundaciones Pluviales", "FENOMENO": "Hidrometeorológico", "FUENTE": "IMPLAN Saltillo — CARTO SALTILLO, Atlas de Riesgos 2024", "FECHA": "2024" }, "geometry": { "type": "Polygon", "coordinates": [ [ [ -100.952748, 25.445788 ], [ -100.953673, 25.445619 ], [ -100.95378, 25.446073 ], [ -100.953363, 25.446169 ], [ -100.952895, 25.446498 ], [ -100.952748, 25.445788 ] ] ] } },
{ "type": "Feature", "properties": { "INTENSIDAD": "Muy alto", "PUNTAJE": 100, "TITULO": "Riesgo por Inundaciones Pluviales", "FENOMENO": "Hidrometeorológico", "FUENTE": "IMPLAN Saltillo — CARTO SALTILLO, Atlas de Riesgos 2024", "FECHA": "2024" }, "geometry": { "type": "Polygon", "coordinates": [ [ [ -100.933532, 25.464407 ], [ -100.934163, 25.464746 ], [ -100.935803, 25.465302 ], [ -100.937299, 25.466383 ], [ -100.93782, 25.466568 ], [ -100.940512, 25.46656 ], [ -100.940737, 25.467326 ], [ -100.940712, 25.46755 ], [ -100.94053, 25.467679 ], [ -100.940576, 25.468198 ], [ -100.940462, 25.468647 ], [ -100.940398, 25.468594 ], [ -100.940369, 25.468645 ], [ -100.940442, 25.468718 ], [ -100.940245, 25.469684 ], [ -100.940378, 25.470894 ], [ -100.938767, 25.470445 ], [ -100.939439, 25.469769 ], [ -100.937571, 25.469229 ], [ -100.937554, 25.469297 ], [ -100.939301, 25.46981 ], [ -100.938283, 25.470794 ], [ -100.936521, 25.470203 ], [ -100.936433, 25.470287 ], [ -100.938207, 25.47087 ], [ -100.937675, 25.471422 ], [ -100.936093, 25.470911 ], [ -100.935992, 25.470991 ], [ -100.937699, 25.471502 ], [ -100.938091, 25.471106 ], [ -100.938526, 25.47123 ], [ -100.938128, 25.471614 ], [ -100.938608, 25.47185 ], [ -100.938945, 25.471428 ], [ -100.939657, 25.471407 ], [ -100.939851, 25.471161 ], [ -100.940294, 25.471184 ], [ -100.940235, 25.471432 ], [ -100.93955, 25.47144 ], [ -100.939559, 25.471545 ], [ -100.940231, 25.47153 ], [ -100.940237, 25.471876 ], [ -100.940839, 25.474324 ], [ -100.936085, 25.47361 ], [ -100.936015, 25.471294 ], [ -100.935287, 25.471061 ], [ -100.931352, 25.469145 ], [ -100.931074, 25.470876 ], [ -100.93141, 25.470975 ], [ -100.931466, 25.471865 ], [ -100.933033, 25.472529 ], [ -100.933012, 25.472657 ], [ -100.93325, 25.472749 ], [ -100.931927, 25.47577 ], [ -100.933754, 25.476437 ], [ -100.933552, 25.476976 ], [ -100.930792, 25.475964 ], [ -100.928832, 25.47324 ], [ -100.931456, 25.467934 ], [ -100.9326, 25.466242 ], [ -100.933532, 25.464407 ] ] ] } },
{ "type": "Feature", "properties": { "INTENSIDAD": "Muy alto", "PUNTAJE": 100, "TITULO": "Riesgo por Inundaciones Pluviales", "FENOMENO": "Hidrometeorológico", "FUENTE": "IMPLAN Saltillo — CARTO SALTILLO, Atlas de Riesgos 2024", "FECHA": "2024" }, "geometry": { "type": "Polygon", "coordinates": [ [ [ -100.935544, 25.473945 ], [ -100.93605, 25.474121 ], [ -100.935622, 25.475083 ], [ -100.935147, 25.474915 ], [ -100.935544, 25.473945 ] ] ] } },
{ "type": "Feature", "properties": { "INTENSIDAD": "Muy alto", "PUNTAJE": 100, "TITULO": "Riesgo por Inundaciones Pluviales", "FENOMENO": "Hidrometeorológico", "FUENTE": "IMPLAN Saltillo — CARTO SALTILLO, Atlas de Riesgos 2024", "FECHA": "2024" }, "geometry": { "type": "Polygon", "coordinates": [ [ [ -100.932976, 25.474331 ], [ -100.933854, 25.47455 ], [ -100.934137, 25.474681 ], [ -100.934147, 25.474844 ], [ -100.933953, 25.474938 ], [ -100.932949, 25.474607 ], [ -100.932852, 25.474488 ], [ -100.932976, 25.474331 ] ] ] } },
{ "type": "Feature", "properties": { "INTENSIDAD": "Muy alto", "PUNTAJE": 100, "TITULO": "Riesgo por Inundaciones Pluviales", "FENOMENO": "Hidrometeorológico", "FUENTE": "IMPLAN Saltillo — CARTO SALTILLO, Atlas de Riesgos 2024", "FECHA": "2024" }, "geometry": { "type": "Polygon", "coordinates": [ [ [ -100.933286, 25.47477 ], [ -100.933553, 25.474841 ], [ -100.933368, 25.475239 ], [ -100.933108, 25.475153 ], [ -100.933286, 25.47477 ] ] ] } },
{ "type": "Feature", "properties": { "INTENSIDAD": "Muy alto", "PUNTAJE": 100, "TITULO": "Riesgo por Inundaciones Pluviales", "FENOMENO": "Hidrometeorológico", "FUENTE": "IMPLAN Saltillo — CARTO SALTILLO, Atlas de Riesgos 2024", "FECHA": "2024" }, "geometry": { "type": "Polygon", "coordinates": [ [ [ -100.935102, 25.475122 ], [ -100.935388, 25.47507 ], [ -100.93557, 25.47519 ], [ -100.93627, 25.475389 ], [ -100.936567, 25.475524 ], [ -100.936573, 25.475744 ], [ -100.936346, 25.47581 ], [ -100.935346, 25.475458 ], [ -100.935128, 25.475349 ], [ -100.935062, 25.47524 ], [ -100.935102, 25.475122 ] ] ] } },
{ "type": "Feature", "properties": { "INTENSIDAD": "Muy alto", "PUNTAJE": 100, "TITULO": "Riesgo por Inundaciones Pluviales", "FENOMENO": "Hidrometeorológico", "FUENTE": "IMPLAN Saltillo — CARTO SALTILLO, Atlas de Riesgos 2024", "FECHA": "2024" }, "geometry": { "type": "Polygon", "coordinates": [ [ [ -100.933627, 25.474905 ], [ -100.934023, 25.475063 ], [ -100.933618, 25.476015 ], [ -100.933216, 25.475874 ], [ -100.933627, 25.474905 ] ] ] } },
{ "type": "Feature", "properties": { "INTENSIDAD": "Muy alto", "PUNTAJE": 100, "TITULO": "Riesgo por Inundaciones Pluviales", "FENOMENO": "Hidrometeorológico", "FUENTE": "IMPLAN Saltillo — CARTO SALTILLO, Atlas de Riesgos 2024", "FECHA": "2024" }, "geometry": { "type": "Polygon", "coordinates": [ [ [ -100.933072, 25.475227 ], [ -100.933344, 25.475325 ], [ -100.933127, 25.475862 ], [ -100.932838, 25.475755 ], [ -100.933072, 25.475227 ] ] ] } },
{ "type": "Feature", "properties": { "INTENSIDAD": "Muy alto", "PUNTAJE": 100, "TITULO": "Riesgo por Inundaciones Pluviales", "FENOMENO": "Hidrometeorológico", "FUENTE": "IMPLAN Saltillo — CARTO SALTILLO, Atlas de Riesgos 2024", "FECHA": "2024" }, "geometry": { "type": "Polygon", "coordinates": [ [ [ -100.934199, 25.475044 ], [ -100.934297, 25.475177 ], [ -100.93392, 25.476109 ], [ -100.933735, 25.476007 ], [ -100.934119, 25.475061 ], [ -100.934199, 25.475044 ] ] ] } },
{ "type": "Feature", "properties": { "INTENSIDAD": "Muy alto", "PUNTAJE": 100, "TITULO": "Riesgo por Inundaciones Pluviales", "FENOMENO": "Hidrometeorológico", "FUENTE": "IMPLAN Saltillo — CARTO SALTILLO, Atlas de Riesgos 2024", "FECHA": "2024" }, "geometry": { "type": "Polygon", "coordinates": [ [ [ -100.934943, 25.475373 ], [ -100.935438, 25.475599 ], [ -100.935042, 25.476462 ], [ -100.934562, 25.476272 ], [ -100.934943, 25.475373 ] ] ] } },
{ "type": "Feature", "properties": { "INTENSIDAD": "Muy alto", "PUNTAJE": 100, "TITULO": "Riesgo por Inundaciones Pluviales", "FENOMENO": "Hidrometeorológico", "FUENTE": "IMPLAN Saltillo — CARTO SALTILLO, Atlas de Riesgos 2024", "FECHA": "2024" }, "geometry": { "type": "Polygon", "coordinates": [ [ [ -100.932078, 25.475498 ], [ -100.932259, 25.47558 ], [ -100.932244, 25.475643 ], [ -100.933884, 25.476155 ], [ -100.933791, 25.476386 ], [ -100.931958, 25.47575 ], [ -100.932078, 25.475498 ] ] ] } },
{ "type": "Feature", "properties": { "INTENSIDAD": "Muy alto", "PUNTAJE": 100, "TITULO": "Riesgo por Inundaciones Pluviales", "FENOMENO": "Hidrometeorológico", "FUENTE": "IMPLAN Saltillo — CARTO SALTILLO, Atlas de Riesgos 2024", "FECHA": "2024" }, "geometry": { "type": "Polygon", "coordinates": [ [ [ -100.935796, 25.47626 ], [ -100.935696, 25.476667 ], [ -100.935182, 25.476453 ], [ -100.935303, 25.476131 ], [ -100.935796, 25.47626 ] ] ] } },
{ "type": "Feature", "properties": { "INTENSIDAD": "Muy alto", "PUNTAJE": 100, "TITULO": "Riesgo por Inundaciones Pluviales", "FENOMENO": "Hidrometeorológico", "FUENTE": "IMPLAN Saltillo — CARTO SALTILLO, Atlas de Riesgos 2024", "FECHA": "2024" }, "geometry": { "type": "Polygon", "coordinates": [ [ [ -100.910596, 25.446644 ], [ -100.910675, 25.447017 ], [ -100.910069, 25.447136 ], [ -100.910522, 25.448893 ], [ -100.910975, 25.448618 ], [ -100.91099, 25.448694 ], [ -100.910336, 25.449084 ], [ -100.909657, 25.446815 ], [ -100.910596, 25.446644 ] ] ] } },
{ "type": "Feature", "properties": { "INTENSIDAD": "Muy alto", "PUNTAJE": 100, "TITULO": "Riesgo por Inundaciones Pluviales", "FENOMENO": "Hidrometeorológico", "FUENTE": "IMPLAN Saltillo — CARTO SALTILLO, Atlas de Riesgos 2024", "FECHA": "2024" }, "geometry": { "type": "Polygon", "coordinates": [ [ [ -100.910534, 25.448629 ], [ -100.911558, 25.448217 ], [ -100.910575, 25.448794 ], [ -100.910534, 25.448629 ] ] ] } },
{ "type": "Feature", "properties": { "INTENSIDAD": "Muy alto", "PUNTAJE": 100, "TITULO": "Riesgo por Inundaciones Pluviales", "FENOMENO": "Hidrometeorológico", "FUENTE": "IMPLAN Saltillo — CARTO SALTILLO, Atlas de Riesgos 2024", "FECHA": "2024" }, "geometry": { "type": "Polygon", "coordinates": [ [ [ -100.913638, 25.448574 ], [ -100.914758, 25.448468 ], [ -100.914784, 25.448771 ], [ -100.913669, 25.448877 ], [ -100.913638, 25.448574 ] ] ] } },
{ "type": "Feature", "properties": { "INTENSIDAD": "Muy alto", "PUNTAJE": 100, "TITULO": "Riesgo por Inundaciones Pluviales", "FENOMENO": "Hidrometeorológico", "FUENTE": "IMPLAN Saltillo — CARTO SALTILLO, Atlas de Riesgos 2024", "FECHA": "2024" }, "geometry": { "type": "Polygon", "coordinates": [ [ [ -100.911569, 25.44848 ], [ -100.911602, 25.44876 ], [ -100.910869, 25.44916 ], [ -100.910816, 25.448947 ], [ -100.911569, 25.44848 ] ] ] } },
{ "type": "Feature", "properties": { "INTENSIDAD": "Muy alto", "PUNTAJE": 100, "TITULO": "Riesgo por Inundaciones Pluviales", "FENOMENO": "Hidrometeorológico", "FUENTE": "IMPLAN Saltillo — CARTO SALTILLO, Atlas de Riesgos 2024", "FECHA": "2024" }, "geometry": { "type": "Polygon", "coordinates": [ [ [ -100.913532, 25.448564 ], [ -100.913576, 25.448934 ], [ -100.912191, 25.449084 ], [ -100.912152, 25.448704 ], [ -100.913532, 25.448564 ] ] ] } },
{ "type": "Feature", "properties": { "INTENSIDAD": "Muy alto", "PUNTAJE": 100, "TITULO": "Riesgo por Inundaciones Pluviales", "FENOMENO": "Hidrometeorológico", "FUENTE": "IMPLAN Saltillo — CARTO SALTILLO, Atlas de Riesgos 2024", "FECHA": "2024" }, "geometry": { "type": "Polygon", "coordinates": [ [ [ -100.911648, 25.449145 ], [ -100.910883, 25.449216 ], [ -100.91161, 25.448823 ], [ -100.911648, 25.449145 ] ] ] } },
{ "type": "Feature", "properties": { "INTENSIDAD": "Muy alto", "PUNTAJE": 100, "TITULO": "Riesgo por Inundaciones Pluviales", "FENOMENO": "Hidrometeorológico", "FUENTE": "IMPLAN Saltillo — CARTO SALTILLO, Atlas de Riesgos 2024", "FECHA": "2024" }, "geometry": { "type": "Polygon", "coordinates": [ [ [ -100.914822, 25.449157 ], [ -100.91371, 25.449263 ], [ -100.913679, 25.44896 ], [ -100.914793, 25.448855 ], [ -100.914822, 25.449157 ] ] ] } },
{ "type": "Feature", "properties": { "INTENSIDAD": "Muy alto", "PUNTAJE": 100, "TITULO": "Riesgo por Inundaciones Pluviales", "FENOMENO": "Hidrometeorológico", "FUENTE": "IMPLAN Saltillo — CARTO SALTILLO, Atlas de Riesgos 2024", "FECHA": "2024" }, "geometry": { "type": "Polygon", "coordinates": [ [ [ -100.911642, 25.448435 ], [ -100.911998, 25.448214 ], [ -100.912218, 25.449999 ], [ -100.911813, 25.450033 ], [ -100.911642, 25.448435 ] ] ] } },
{ "type": "Feature", "properties": { "INTENSIDAD": "Muy alto", "PUNTAJE": 100, "TITULO": "Riesgo por Inundaciones Pluviales", "FENOMENO": "Hidrometeorológico", "FUENTE": "IMPLAN Saltillo — CARTO SALTILLO, Atlas de Riesgos 2024", "FECHA": "2024" }, "geometry": { "type": "Polygon", "coordinates": [ [ [ -100.913626, 25.449412 ], [ -100.912241, 25.449563 ], [ -100.912199, 25.449158 ], [ -100.913585, 25.449004 ], [ -100.913626, 25.449412 ] ] ] } },
{ "type": "Feature", "properties": { "INTENSIDAD": "Muy alto", "PUNTAJE": 100, "TITULO": "Riesgo por Inundaciones Pluviales", "FENOMENO": "Hidrometeorológico", "FUENTE": "IMPLAN Saltillo — CARTO SALTILLO, Atlas de Riesgos 2024", "FECHA": "2024" }, "geometry": { "type": "Polygon", "coordinates": [ [ [ -100.914828, 25.449242 ], [ -100.914853, 25.449543 ], [ -100.913751, 25.44965 ], [ -100.913719, 25.449345 ], [ -100.914828, 25.449242 ] ] ] } },
{ "type": "Feature", "properties": { "INTENSIDAD": "Muy alto", "PUNTAJE": 100, "TITULO": "Riesgo por Inundaciones Pluviales", "FENOMENO": "Hidrometeorológico", "FUENTE": "IMPLAN Saltillo — CARTO SALTILLO, Atlas de Riesgos 2024", "FECHA": "2024" }, "geometry": { "type": "Polygon", "coordinates": [ [ [ -100.910898, 25.449278 ], [ -100.911656, 25.449208 ], [ -100.911706, 25.449624 ], [ -100.911001, 25.449689 ], [ -100.910898, 25.449278 ] ] ] } },
{ "type": "Feature", "properties": { "INTENSIDAD": "Muy alto", "PUNTAJE": 100, "TITULO": "Riesgo por Inundaciones Pluviales", "FENOMENO": "Hidrometeorológico", "FUENTE": "IMPLAN Saltillo — CARTO SALTILLO, Atlas de Riesgos 2024", "FECHA": "2024" }, "geometry": { "type": "Polygon", "coordinates": [ [ [ -100.910718, 25.450151 ], [ -100.910424, 25.44919 ], [ -100.910747, 25.448989 ], [ -100.911029, 25.450112 ], [ -100.910718, 25.450151 ] ] ] } },
{ "type": "Feature", "properties": { "INTENSIDAD": "Muy alto", "PUNTAJE": 100, "TITULO": "Riesgo por Inundaciones Pluviales", "FENOMENO": "Hidrometeorológico", "FUENTE": "IMPLAN Saltillo — CARTO SALTILLO, Atlas de Riesgos 2024", "FECHA": "2024" }, "geometry": { "type": "Polygon", "coordinates": [ [ [ -100.912249, 25.449637 ], [ -100.913642, 25.449481 ], [ -100.913685, 25.44984 ], [ -100.912296, 25.449982 ], [ -100.912249, 25.449637 ] ] ] } },
{ "type": "Feature", "properties": { "INTENSIDAD": "Muy alto", "PUNTAJE": 100, "TITULO": "Riesgo por Inundaciones Pluviales", "FENOMENO": "Hidrometeorológico", "FUENTE": "IMPLAN Saltillo — CARTO SALTILLO, Atlas de Riesgos 2024", "FECHA": "2024" }, "geometry": { "type": "Polygon", "coordinates": [ [ [ -100.913759, 25.449731 ], [ -100.914862, 25.449629 ], [ -100.9149, 25.450054 ], [ -100.913807, 25.450156 ], [ -100.913759, 25.449731 ] ] ] } },
{ "type": "Feature", "properties": { "INTENSIDAD": "Muy alto", "PUNTAJE": 100, "TITULO": "Riesgo por Inundaciones Pluviales", "FENOMENO": "Hidrometeorológico", "FUENTE": "IMPLAN Saltillo — CARTO SALTILLO, Atlas de Riesgos 2024", "FECHA": "2024" }, "geometry": { "type": "Polygon", "coordinates": [ [ [ -100.911105, 25.450106 ], [ -100.911016, 25.449751 ], [ -100.911713, 25.449687 ], [ -100.911756, 25.450046 ], [ -100.911105, 25.450106 ] ] ] } },
{ "type": "Feature", "properties": { "INTENSIDAD": "Muy alto", "PUNTAJE": 100, "TITULO": "Riesgo por Inundaciones Pluviales", "FENOMENO": "Hidrometeorológico", "FUENTE": "IMPLAN Saltillo — CARTO SALTILLO, Atlas de Riesgos 2024", "FECHA": "2024" }, "geometry": { "type": "Polygon", "coordinates": [ [ [ -100.913692, 25.449899 ], [ -100.913734, 25.450267 ], [ -100.912358, 25.450425 ], [ -100.912307, 25.450058 ], [ -100.913692, 25.449899 ] ] ] } },
{ "type": "Feature", "properties": { "INTENSIDAD": "Muy alto", "PUNTAJE": 100, "TITULO": "Riesgo por Inundaciones Pluviales", "FENOMENO": "Hidrometeorológico", "FUENTE": "IMPLAN Saltillo — CARTO SALTILLO, Atlas de Riesgos 2024", "FECHA": "2024" }, "geometry": { "type": "Polygon", "coordinates": [ [ [ -100.91112, 25.450168 ], [ -100.911764, 25.450109 ], [ -100.911808, 25.450485 ], [ -100.911213, 25.45054 ], [ -100.91112, 25.450168 ] ] ] } },
{ "type": "Feature", "properties": { "INTENSIDAD": "Muy alto", "PUNTAJE": 100, "TITULO": "Riesgo por Inundaciones Pluviales", "FENOMENO": "Hidrometeorológico", "FUENTE": "IMPLAN Saltillo — CARTO SALTILLO, Atlas de Riesgos 2024", "FECHA": "2024" }, "geometry": { "type": "Polygon", "coordinates": [ [ [ -100.913852, 25.450543 ], [ -100.913816, 25.45024 ], [ -100.914909, 25.450138 ], [ -100.914935, 25.45044 ], [ -100.913852, 25.450543 ] ] ] } },
{ "type": "Feature", "properties": { "INTENSIDAD": "Muy alto", "PUNTAJE": 100, "TITULO": "Riesgo por Inundaciones Pluviales", "FENOMENO": "Hidrometeorológico", "FUENTE": "IMPLAN Saltillo — CARTO SALTILLO, Atlas de Riesgos 2024", "FECHA": "2024" }, "geometry": { "type": "Polygon", "coordinates": [ [ [ -100.910364, 25.449226 ], [ -100.911018, 25.451331 ], [ -100.910324, 25.451498 ], [ -100.909771, 25.449594 ], [ -100.910364, 25.449226 ] ] ] } },
{ "type": "Feature", "properties": { "INTENSIDAD": "Muy alto", "PUNTAJE": 100, "TITULO": "Riesgo por Inundaciones Pluviales", "FENOMENO": "Hidrometeorológico", "FUENTE": "IMPLAN Saltillo — CARTO SALTILLO, Atlas de Riesgos 2024", "FECHA": "2024" }, "geometry": { "type": "Polygon", "coordinates": [ [ [ -100.912368, 25.450497 ], [ -100.913744, 25.450338 ], [ -100.913789, 25.450731 ], [ -100.912422, 25.450891 ], [ -100.912368, 25.450497 ] ] ] } },
{ "type": "Feature", "properties": { "INTENSIDAD": "Muy alto", "PUNTAJE": 100, "TITULO": "Riesgo por Inundaciones Pluviales", "FENOMENO": "Hidrometeorológico", "FUENTE": "IMPLAN Saltillo — CARTO SALTILLO, Atlas de Riesgos 2024", "FECHA": "2024" }, "geometry": { "type": "Polygon", "coordinates": [ [ [ -100.913861, 25.450623 ], [ -100.914944, 25.450526 ], [ -100.91497, 25.450829 ], [ -100.913895, 25.450927 ], [ -100.913861, 25.450623 ] ] ] } },
{ "type": "Feature", "properties": { "INTENSIDAD": "Muy alto", "PUNTAJE": 100, "TITULO": "Riesgo por Inundaciones Pluviales", "FENOMENO": "Hidrometeorológico", "FUENTE": "IMPLAN Saltillo — CARTO SALTILLO, Atlas de Riesgos 2024", "FECHA": "2024" }, "geometry": { "type": "Polygon", "coordinates": [ [ [ -100.911228, 25.450602 ], [ -100.911816, 25.450548 ], [ -100.911863, 25.450942 ], [ -100.911326, 25.450992 ], [ -100.911228, 25.450602 ] ] ] } },
{ "type": "Feature", "properties": { "INTENSIDAD": "Muy alto", "PUNTAJE": 100, "TITULO": "Riesgo por Inundaciones Pluviales", "FENOMENO": "Hidrometeorológico", "FUENTE": "IMPLAN Saltillo — CARTO SALTILLO, Atlas de Riesgos 2024", "FECHA": "2024" }, "geometry": { "type": "Polygon", "coordinates": [ [ [ -100.911823, 25.4501 ], [ -100.912224, 25.450065 ], [ -100.912393, 25.45146 ], [ -100.911984, 25.451497 ], [ -100.911823, 25.4501 ] ] ] } },
{ "type": "Feature", "properties": { "INTENSIDAD": "Muy alto", "PUNTAJE": 100, "TITULO": "Riesgo por Inundaciones Pluviales", "FENOMENO": "Hidrometeorológico", "FUENTE": "IMPLAN Saltillo — CARTO SALTILLO, Atlas de Riesgos 2024", "FECHA": "2024" }, "geometry": { "type": "Polygon", "coordinates": [ [ [ -100.911121, 25.451444 ], [ -100.910743, 25.450215 ], [ -100.91104, 25.450179 ], [ -100.911351, 25.451433 ], [ -100.911121, 25.451444 ] ] ] } },
{ "type": "Feature", "properties": { "INTENSIDAD": "Muy alto", "PUNTAJE": 100, "TITULO": "Riesgo por Inundaciones Pluviales", "FENOMENO": "Hidrometeorológico", "FUENTE": "IMPLAN Saltillo — CARTO SALTILLO, Atlas de Riesgos 2024", "FECHA": "2024" }, "geometry": { "type": "Polygon", "coordinates": [ [ [ -100.91501, 25.451217 ], [ -100.913941, 25.451313 ], [ -100.913906, 25.45101 ], [ -100.914979, 25.450912 ], [ -100.91501, 25.451217 ] ] ] } },
{ "type": "Feature", "properties": { "INTENSIDAD": "Muy alto", "PUNTAJE": 100, "TITULO": "Riesgo por Inundaciones Pluviales", "FENOMENO": "Hidrometeorológico", "FUENTE": "IMPLAN Saltillo — CARTO SALTILLO, Atlas de Riesgos 2024", "FECHA": "2024" }, "geometry": { "type": "Polygon", "coordinates": [ [ [ -100.912437, 25.450953 ], [ -100.913798, 25.450796 ], [ -100.91386, 25.451324 ], [ -100.912497, 25.451447 ], [ -100.912437, 25.450953 ] ] ] } },
{ "type": "Feature", "properties": { "INTENSIDAD": "Muy alto", "PUNTAJE": 100, "TITULO": "Riesgo por Inundaciones Pluviales", "FENOMENO": "Hidrometeorológico", "FUENTE": "IMPLAN Saltillo — CARTO SALTILLO, Atlas de Riesgos 2024", "FECHA": "2024" }, "geometry": { "type": "Polygon", "coordinates": [ [ [ -100.911434, 25.451428 ], [ -100.911341, 25.451054 ], [ -100.911871, 25.451005 ], [ -100.911918, 25.451404 ], [ -100.911434, 25.451428 ] ] ] } },
{ "type": "Feature", "properties": { "INTENSIDAD": "Muy alto", "PUNTAJE": 100, "TITULO": "Riesgo por Inundaciones Pluviales", "FENOMENO": "Hidrometeorológico", "FUENTE": "IMPLAN Saltillo — CARTO SALTILLO, Atlas de Riesgos 2024", "FECHA": "2024" }, "geometry": { "type": "Polygon", "coordinates": [ [ [ -100.912507, 25.451526 ], [ -100.91387, 25.451403 ], [ -100.913899, 25.451688 ], [ -100.912543, 25.451821 ], [ -100.912507, 25.451526 ] ] ] } },
{ "type": "Feature", "properties": { "INTENSIDAD": "Muy alto", "PUNTAJE": 100, "TITULO": "Riesgo por Inundaciones Pluviales", "FENOMENO": "Hidrometeorológico", "FUENTE": "IMPLAN Saltillo — CARTO SALTILLO, Atlas de Riesgos 2024", "FECHA": "2024" }, "geometry": { "type": "Polygon", "coordinates": [ [ [ -100.913952, 25.452139 ], [ -100.912601, 25.452285 ], [ -100.912546, 25.451887 ], [ -100.913909, 25.451757 ], [ -100.913952, 25.452139 ] ] ] } },
{ "type": "Feature", "properties": { "INTENSIDAD": "Muy alto", "PUNTAJE": 100, "TITULO": "Riesgo por Inundaciones Pluviales", "FENOMENO": "Hidrometeorológico", "FUENTE": "IMPLAN Saltillo — CARTO SALTILLO, Atlas de Riesgos 2024", "FECHA": "2024" }, "geometry": { "type": "Polygon", "coordinates": [ [ [ -100.911987, 25.452745 ], [ -100.911925, 25.452759 ], [ -100.911455, 25.451512 ], [ -100.911927, 25.451478 ], [ -100.911987, 25.452745 ] ] ] } },
{ "type": "Feature", "properties": { "INTENSIDAD": "Muy alto", "PUNTAJE": 100, "TITULO": "Riesgo por Inundaciones Pluviales", "FENOMENO": "Hidrometeorológico", "FUENTE": "IMPLAN Saltillo — CARTO SALTILLO, Atlas de Riesgos 2024", "FECHA": "2024" }, "geometry": { "type": "Polygon", "coordinates": [ [ [ -100.911986, 25.451575 ], [ -100.9124, 25.451536 ], [ -100.912548, 25.45273 ], [ -100.912125, 25.452773 ], [ -100.911986, 25.451575 ] ] ] } },
{ "type": "Feature", "properties": { "INTENSIDAD": "Muy alto", "PUNTAJE": 100, "TITULO": "Riesgo por Inundaciones Pluviales", "FENOMENO": "Hidrometeorológico", "FUENTE": "IMPLAN Saltillo — CARTO SALTILLO, Atlas de Riesgos 2024", "FECHA": "2024" }, "geometry": { "type": "Polygon", "coordinates": [ [ [ -100.911359, 25.45228 ], [ -100.911138, 25.451535 ], [ -100.911372, 25.451518 ], [ -100.911538, 25.452187 ], [ -100.911804, 25.452813 ], [ -100.911678, 25.452828 ], [ -100.911437, 25.452258 ], [ -100.911359, 25.45228 ] ] ] } },
{ "type": "Feature", "properties": { "INTENSIDAD": "Muy alto", "PUNTAJE": 100, "TITULO": "Riesgo por Inundaciones Pluviales", "FENOMENO": "Hidrometeorológico", "FUENTE": "IMPLAN Saltillo — CARTO SALTILLO, Atlas de Riesgos 2024", "FECHA": "2024" }, "geometry": { "type": "Polygon", "coordinates": [ [ [ -100.911037, 25.451393 ], [ -100.911638, 25.453444 ], [ -100.91095, 25.453618 ], [ -100.910348, 25.451558 ], [ -100.911037, 25.451393 ] ] ] } },
{ "type": "Feature", "properties": { "INTENSIDAD": "Muy alto", "PUNTAJE": 100, "TITULO": "Riesgo por Inundaciones Pluviales", "FENOMENO": "Hidrometeorológico", "FUENTE": "IMPLAN Saltillo — CARTO SALTILLO, Atlas de Riesgos 2024", "FECHA": "2024" }, "geometry": { "type": "Polygon", "coordinates": [ [ [ -100.910855, 25.453641 ], [ -100.910176, 25.453813 ], [ -100.90956, 25.451742 ], [ -100.910261, 25.451579 ], [ -100.910855, 25.453641 ] ] ] } },
{ "type": "Feature", "properties": { "INTENSIDAD": "Muy alto", "PUNTAJE": 100, "TITULO": "Riesgo por Inundaciones Pluviales", "FENOMENO": "Hidrometeorológico", "FUENTE": "IMPLAN Saltillo — CARTO SALTILLO, Atlas de Riesgos 2024", "FECHA": "2024" }, "geometry": { "type": "Polygon", "coordinates": [ [ [ -100.93263, 25.47422 ], [ -100.932818, 25.474266 ], [ -100.932282, 25.475523 ], [ -100.932084, 25.475458 ], [ -100.93263, 25.47422 ] ] ] } },
{ "type": "Feature", "properties": { "INTENSIDAD": "Muy alto", "PUNTAJE": 100, "TITULO": "Riesgo por Inundaciones Pluviales", "FENOMENO": "Hidrometeorológico", "FUENTE": "IMPLAN Saltillo — CARTO SALTILLO, Atlas de Riesgos 2024", "FECHA": "2024" }, "geometry": { "type": "Polygon", "coordinates": [ [ [ -100.932785, 25.474605 ], [ -100.933174, 25.474751 ], [ -100.932773, 25.475721 ], [ -100.932364, 25.47558 ], [ -100.932785, 25.474605 ] ] ] } },
{ "type": "Feature", "properties": { "INTENSIDAD": "Muy alto", "PUNTAJE": 100, "TITULO": "Riesgo por Inundaciones Pluviales", "FENOMENO": "Hidrometeorológico", "FUENTE": "IMPLAN Saltillo — CARTO SALTILLO, Atlas de Riesgos 2024", "FECHA": "2024" }, "geometry": { "type": "Polygon", "coordinates": [ [ [ -100.933464, 25.477161 ], [ -100.933193, 25.47778 ], [ -100.932965, 25.477705 ], [ -100.933137, 25.477307 ], [ -100.932076, 25.476923 ], [ -100.932175, 25.476741 ], [ -100.933464, 25.477161 ] ] ] } },
{ "type": "Feature", "properties": { "INTENSIDAD": "Muy alto", "PUNTAJE": 100, "TITULO": "Riesgo por Inundaciones Pluviales", "FENOMENO": "Hidrometeorológico", "FUENTE": "IMPLAN Saltillo — CARTO SALTILLO, Atlas de Riesgos 2024", "FECHA": "2024" }, "geometry": { "type": "Polygon", "coordinates": [ [ [ -100.932867, 25.477706 ], [ -100.932413, 25.47754 ], [ -100.932574, 25.477184 ], [ -100.933019, 25.477346 ], [ -100.932867, 25.477706 ] ] ] } },
{ "type": "Feature", "properties": { "INTENSIDAD": "Muy alto", "PUNTAJE": 100, "TITULO": "Riesgo por Inundaciones Pluviales", "FENOMENO": "Hidrometeorológico", "FUENTE": "IMPLAN Saltillo — CARTO SALTILLO, Atlas de Riesgos 2024", "FECHA": "2024" }, "geometry": { "type": "Polygon", "coordinates": [ [ [ -100.932044, 25.477 ], [ -100.9325, 25.477161 ], [ -100.932297, 25.477601 ], [ -100.932765, 25.477768 ], [ -100.932609, 25.478178 ], [ -100.93176, 25.477878 ], [ -100.931709, 25.477789 ], [ -100.932044, 25.477 ] ] ] } }
]
}
