{
"type": "FeatureCollection",
"name": "riesgo_deslizamientos",
"crs": { "type": "name", "properties": { "name": "urn:ogc:def:crs:OGC:1.3:CRS84" } },
"xy_coordinate_resolution": 1e-06,
"features": [
{ "type": "Feature", "properties": { "INTENSIDAD": "Bajo", "PUNTAJE": 25, "TITULO": "Riesgo por Deslizamientos Traslacionales", "FENOMENO": "Geológico", "FUENTE": "IMPLAN Saltillo — CARTO SALTILLO, Atlas de Riesgos 2024", "FECHA": "2024" }, "geometry": { "type": "Polygon", "coordinates": [ [ [ -101.046091, 25.34467 ], [ -101.046341, 25.344331 ], [ -101.046697, 25.344142 ], [ -101.046883, 25.343452 ], [ -101.047014, 25.343265 ], [ -101.047274, 25.343127 ], [ -101.047547, 25.34248 ], [ -101.047785, 25.342216 ], [ -101.048654, 25.342843 ], [ -101.049691, 25.341767 ], [ -101.049681, 25.343055 ], [ -101.04984, 25.34405 ], [ -101.050632, 25.347254 ], [ -101.050696, 25.348693 ], [ -101.050457, 25.349952 ], [ -101.050243, 25.350555 ], [ -101.049643, 25.351698 ], [ -101.044652, 25.358097 ], [ -101.043297, 25.357489 ], [ -101.045781, 25.353349 ], [ -101.046055, 25.352592 ], [ -101.046189, 25.351623 ], [ -101.046185, 25.34539 ], [ -101.046091, 25.34467 ] ] ] } },
{ "type": "Feature", "properties": { "INTENSIDAD": "Bajo", "PUNTAJE": 25, "TITULO": "Riesgo por Deslizamientos Traslacionales", "FENOMENO": "Geológico", "FUENTE": "IMPLAN Saltillo — CARTO SALTILLO, Atlas de Riesgos 2024", "FECHA": "2024" }, "geometry": { "type": "Polygon", "coordinates": [ [ [ -101.043704, 25.359765 ], [ -101.0403, 25.370128 ], [ -101.039987, 25.371363 ], [ -101.039863, 25.372374 ], [ -101.039944, 25.375053 ], [ -101.040373, 25.378493 ], [ -101.040608, 25.379272 ], [ -101.038268, 25.379063 ], [ -101.038585, 25.376094 ], [ -101.038327, 25.375036 ], [ -101.037103, 25.371148 ], [ -101.037018, 25.37069 ], [ -101.037086, 25.369966 ], [ -101.037178, 25.369628 ], [ -101.03871, 25.366886 ], [ -101.040584, 25.361954 ], [ -101.041055, 25.360981 ], [ -101.043253, 25.357559 ], [ -101.044605, 25.358168 ], [ -101.043704, 25.359765 ] ] ] } },
{ "type": "Feature", "properties": { "INTENSIDAD": "Bajo", "PUNTAJE": 25, "TITULO": "Riesgo por Deslizamientos Traslacionales", "FENOMENO": "Geológico", "FUENTE": "IMPLAN Saltillo — CARTO SALTILLO, Atlas de Riesgos 2024", "FECHA": "2024" }, "geometry": { "type": "Polygon", "coordinates": [ [ [ -101.038008, 25.386116 ], [ -101.038084, 25.387005 ], [ -101.037078, 25.386766 ], [ -101.036841, 25.385478 ], [ -101.037812, 25.381812 ], [ -101.038584, 25.382026 ], [ -101.038067, 25.3846 ], [ -101.038008, 25.386116 ] ] ] } },
{ "type": "Feature", "properties": { "INTENSIDAD": "Bajo", "PUNTAJE": 25, "TITULO": "Riesgo por Deslizamientos Traslacionales", "FENOMENO": "Geológico", "FUENTE": "IMPLAN Saltillo — CARTO SALTILLO, Atlas de Riesgos 2024", "FECHA": "2024" }, "geometry": { "type": "Polygon", "coordinates": [ [ [ -101.043522, 25.389602 ], [ -101.043509, 25.389915 ], [ -101.042317, 25.389847 ], [ -101.042531, 25.38954 ], [ -101.043522, 25.389602 ] ] ] } },
{ "type": "Feature", "properties": { "INTENSIDAD": "Bajo", "PUNTAJE": 25, "TITULO": "Riesgo por Deslizamientos Traslacionales", "FENOMENO": "Geológico", "FUENTE": "IMPLAN Saltillo — CARTO SALTILLO, Atlas de Riesgos 2024", "FECHA": "2024" }, "geometry": { "type": "Polygon", "coordinates": [ [ [ -101.041664, 25.397972 ], [ -101.041095, 25.39709 ], [ -101.040181, 25.396126 ], [ -101.039325, 25.395583 ], [ -101.038818, 25.395391 ], [ -101.037702, 25.395212 ], [ -101.037202, 25.39501 ], [ -101.035911, 25.394058 ], [ -101.035961, 25.393008 ], [ -101.036487, 25.391983 ], [ -101.035882, 25.392991 ], [ -101.035832, 25.393993 ], [ -101.035487, 25.393861 ], [ -101.035428, 25.39362 ], [ -101.035467, 25.392952 ], [ -101.035868, 25.392226 ], [ -101.036395, 25.391593 ], [ -101.036583, 25.391261 ], [ -101.036583, 25.391119 ], [ -101.036691, 25.391205 ], [ -101.036154, 25.392268 ], [ -101.036532, 25.391718 ], [ -101.036751, 25.391201 ], [ -101.036609, 25.391079 ], [ -101.03721, 25.39022 ], [ -101.037136, 25.389946 ], [ -101.037107, 25.388577 ], [ -101.036974, 25.388018 ], [ -101.037396, 25.388345 ], [ -101.037688, 25.388747 ], [ -101.037949, 25.388886 ], [ -101.038259, 25.388964 ], [ -101.037726, 25.388732 ], [ -101.037423, 25.38833 ], [ -101.037004, 25.387979 ], [ -101.037105, 25.387824 ], [ -101.037093, 25.386868 ], [ -101.039859, 25.387623 ], [ -101.041566, 25.388276 ], [ -101.042, 25.388239 ], [ -101.043053, 25.387829 ], [ -101.043346, 25.388222 ], [ -101.042918, 25.388757 ], [ -101.042667, 25.38928 ], [ -101.042326, 25.389677 ], [ -101.04192, 25.389535 ], [ -101.041577, 25.389559 ], [ -101.041166, 25.389358 ], [ -101.040922, 25.38933 ], [ -101.040889, 25.389387 ], [ -101.041854, 25.38964 ], [ -101.041279, 25.390084 ], [ -101.040685, 25.390318 ], [ -101.041369, 25.390062 ], [ -101.042234, 25.390284 ], [ -101.04215, 25.390912 ], [ -101.041441, 25.390646 ], [ -101.041416, 25.390694 ], [ -101.04215, 25.390967 ], [ -101.04211, 25.391234 ], [ -101.041421, 25.391176 ], [ -101.042102, 25.391308 ], [ -101.042057, 25.391769 ], [ -101.041234, 25.391541 ], [ -101.041239, 25.391599 ], [ -101.042056, 25.391819 ], [ -101.041995, 25.392265 ], [ -101.040345, 25.391877 ], [ -101.041949, 25.392341 ], [ -101.041833, 25.393262 ], [ -101.041642, 25.393238 ], [ -101.041622, 25.393296 ], [ -101.043414, 25.393636 ], [ -101.043422, 25.395335 ], [ -101.043021, 25.395312 ], [ -101.042932, 25.395192 ], [ -101.0429, 25.394371 ], [ -101.042107, 25.394265 ], [ -101.042381, 25.394358 ], [ -101.042397, 25.395273 ], [ -101.041932, 25.395244 ], [ -101.041956, 25.394769 ], [ -101.04188, 25.395215 ], [ -101.041296, 25.39522 ], [ -101.041266, 25.3951 ], [ -101.041273, 25.39526 ], [ -101.043415, 25.395402 ], [ -101.043373, 25.39627 ], [ -101.043078, 25.396261 ], [ -101.043075, 25.396331 ], [ -101.04335, 25.396342 ], [ -101.04329, 25.397073 ], [ -101.041749, 25.397159 ], [ -101.042332, 25.397201 ], [ -101.042348, 25.397481 ], [ -101.042298, 25.397589 ], [ -101.041998, 25.397596 ], [ -101.042256, 25.397994 ], [ -101.041664, 25.397972 ] ] ] } },
{ "type": "Feature", "properties": { "INTENSIDAD": "Bajo", "PUNTAJE": 25, "TITULO": "Riesgo por Deslizamientos Traslacionales", "FENOMENO": "Geológico", "FUENTE": "IMPLAN Saltillo — CARTO SALTILLO, Atlas de Riesgos 2024", "FECHA": "2024" }, "geometry": { "type": "Polygon", "coordinates": [ [ [ -101.036019, 25.394199 ], [ -101.036983, 25.394991 ], [ -101.03745, 25.395165 ], [ -101.03714, 25.395348 ], [ -101.036538, 25.395177 ], [ -101.035916, 25.394619 ], [ -101.035667, 25.3943 ], [ -101.035528, 25.393961 ], [ -101.036019, 25.394199 ] ] ] } },
{ "type": "Feature", "properties": { "INTENSIDAD": "Bajo", "PUNTAJE": 25, "TITULO": "Riesgo por Deslizamientos Traslacionales", "FENOMENO": "Geológico", "FUENTE": "IMPLAN Saltillo — CARTO SALTILLO, Atlas de Riesgos 2024", "FECHA": "2024" }, "geometry": { "type": "Polygon", "coordinates": [ [ [ -101.037068, 25.400343 ], [ -101.036989, 25.400738 ], [ -101.036545, 25.40057 ], [ -101.036715, 25.400211 ], [ -101.037068, 25.400343 ] ] ] } },
{ "type": "Feature", "properties": { "INTENSIDAD": "Bajo", "PUNTAJE": 25, "TITULO": "Riesgo por Deslizamientos Traslacionales", "FENOMENO": "Geológico", "FUENTE": "IMPLAN Saltillo — CARTO SALTILLO, Atlas de Riesgos 2024", "FECHA": "2024" }, "geometry": { "type": "Polygon", "coordinates": [ [ [ -101.036857, 25.401133 ], [ -101.036338, 25.400957 ], [ -101.0365, 25.40062 ], [ -101.036975, 25.400792 ], [ -101.036857, 25.401133 ] ] ] } },
{ "type": "Feature", "properties": { "INTENSIDAD": "Bajo", "PUNTAJE": 25, "TITULO": "Riesgo por Deslizamientos Traslacionales", "FENOMENO": "Geológico", "FUENTE": "IMPLAN Saltillo — CARTO SALTILLO, Atlas de Riesgos 2024", "FECHA": "2024" }, "geometry": { "type": "Polygon", "coordinates": [ [ [ -101.035915, 25.401022 ], [ -101.036367, 25.40037 ], [ -101.036531, 25.400449 ], [ -101.036078, 25.401389 ], [ -101.035863, 25.401318 ], [ -101.035915, 25.401022 ] ] ] } },
{ "type": "Feature", "properties": { "INTENSIDAD": "Bajo", "PUNTAJE": 25, "TITULO": "Riesgo por Deslizamientos Traslacionales", "FENOMENO": "Geológico", "FUENTE": "IMPLAN Saltillo — CARTO SALTILLO, Atlas de Riesgos 2024", "FECHA": "2024" }, "geometry": { "type": "Polygon", "coordinates": [ [ [ -101.036656, 25.401572 ], [ -101.036133, 25.40141 ], [ -101.036306, 25.401013 ], [ -101.036797, 25.401184 ], [ -101.036656, 25.401572 ] ] ] } },
{ "type": "Feature", "properties": { "INTENSIDAD": "Bajo", "PUNTAJE": 25, "TITULO": "Riesgo por Deslizamientos Traslacionales", "FENOMENO": "Geológico", "FUENTE": "IMPLAN Saltillo — CARTO SALTILLO, Atlas de Riesgos 2024", "FECHA": "2024" }, "geometry": { "type": "Polygon", "coordinates": [ [ [ -101.036602, 25.401613 ], [ -101.036792, 25.402051 ], [ -101.036434, 25.401963 ], [ -101.036602, 25.401613 ] ] ] } },
{ "type": "Feature", "properties": { "INTENSIDAD": "Bajo", "PUNTAJE": 25, "TITULO": "Riesgo por Deslizamientos Traslacionales", "FENOMENO": "Geológico", "FUENTE": "IMPLAN Saltillo — CARTO SALTILLO, Atlas de Riesgos 2024", "FECHA": "2024" }, "geometry": { "type": "Polygon", "coordinates": [ [ [ -101.036804, 25.402129 ], [ -101.036902, 25.402528 ], [ -101.036074, 25.40232 ], [ -101.036173, 25.401981 ], [ -101.036804, 25.402129 ] ] ] } },
{ "type": "Feature", "properties": { "INTENSIDAD": "Bajo", "PUNTAJE": 25, "TITULO": "Riesgo por Deslizamientos Traslacionales", "FENOMENO": "Geológico", "FUENTE": "IMPLAN Saltillo — CARTO SALTILLO, Atlas de Riesgos 2024", "FECHA": "2024" }, "geometry": { "type": "Polygon", "coordinates": [ [ [ -101.037006, 25.403052 ], [ -101.036352, 25.402888 ], [ -101.036483, 25.402494 ], [ -101.03703, 25.402635 ], [ -101.037118, 25.403071 ], [ -101.037052, 25.403167 ], [ -101.037006, 25.403052 ] ] ] } },
{ "type": "Feature", "properties": { "INTENSIDAD": "Bajo", "PUNTAJE": 25, "TITULO": "Riesgo por Deslizamientos Traslacionales", "FENOMENO": "Geológico", "FUENTE": "IMPLAN Saltillo — CARTO SALTILLO, Atlas de Riesgos 2024", "FECHA": "2024" }, "geometry": { "type": "Polygon", "coordinates": [ [ [ -101.036794, 25.403491 ], [ -101.036185, 25.403367 ], [ -101.036326, 25.402947 ], [ -101.036935, 25.403104 ], [ -101.036983, 25.403302 ], [ -101.036794, 25.403491 ] ] ] } },
{ "type": "Feature", "properties": { "INTENSIDAD": "Bajo", "PUNTAJE": 25, "TITULO": "Riesgo por Deslizamientos Traslacionales", "FENOMENO": "Geológico", "FUENTE": "IMPLAN Saltillo — CARTO SALTILLO, Atlas de Riesgos 2024", "FECHA": "2024" }, "geometry": { "type": "Polygon", "coordinates": [ [ [ -101.037374, 25.40355 ], [ -101.03706, 25.403999 ], [ -101.036656, 25.403811 ], [ -101.037222, 25.403233 ], [ -101.037374, 25.40355 ] ] ] } },
{ "type": "Feature", "properties": { "INTENSIDAD": "Bajo", "PUNTAJE": 25, "TITULO": "Riesgo por Deslizamientos Traslacionales", "FENOMENO": "Geológico", "FUENTE": "IMPLAN Saltillo — CARTO SALTILLO, Atlas de Riesgos 2024", "FECHA": "2024" }, "geometry": { "type": "Polygon", "coordinates": [ [ [ -101.037816, 25.404427 ], [ -101.037136, 25.40403 ], [ -101.037463, 25.403649 ], [ -101.037823, 25.404341 ], [ -101.037816, 25.404427 ] ] ] } },
{ "type": "Feature", "properties": { "INTENSIDAD": "Bajo", "PUNTAJE": 25, "TITULO": "Riesgo por Deslizamientos Traslacionales", "FENOMENO": "Geológico", "FUENTE": "IMPLAN Saltillo — CARTO SALTILLO, Atlas de Riesgos 2024", "FECHA": "2024" }, "geometry": { "type": "Polygon", "coordinates": [ [ [ -101.037357, 25.405251 ], [ -101.036443, 25.404848 ], [ -101.036721, 25.404522 ], [ -101.037443, 25.404917 ], [ -101.037357, 25.405251 ] ] ] } },
{ "type": "Feature", "properties": { "INTENSIDAD": "Bajo", "PUNTAJE": 25, "TITULO": "Riesgo por Deslizamientos Traslacionales", "FENOMENO": "Geológico", "FUENTE": "IMPLAN Saltillo — CARTO SALTILLO, Atlas de Riesgos 2024", "FECHA": "2024" }, "geometry": { "type": "Polygon", "coordinates": [ [ [ -101.037331, 25.405625 ], [ -101.036176, 25.405171 ], [ -101.03642, 25.404885 ], [ -101.037361, 25.40532 ], [ -101.037331, 25.405625 ] ] ] } },
{ "type": "Feature", "properties": { "INTENSIDAD": "Bajo", "PUNTAJE": 25, "TITULO": "Riesgo por Deslizamientos Traslacionales", "FENOMENO": "Geológico", "FUENTE": "IMPLAN Saltillo — CARTO SALTILLO, Atlas de Riesgos 2024", "FECHA": "2024" }, "geometry": { "type": "Polygon", "coordinates": [ [ [ -101.035581, 25.406725 ], [ -101.035833, 25.406321 ], [ -101.037228, 25.40697 ], [ -101.037656, 25.407828 ], [ -101.035581, 25.406725 ] ] ] } },
{ "type": "Feature", "properties": { "INTENSIDAD": "Bajo", "PUNTAJE": 25, "TITULO": "Riesgo por Deslizamientos Traslacionales", "FENOMENO": "Geológico", "FUENTE": "IMPLAN Saltillo — CARTO SALTILLO, Atlas de Riesgos 2024", "FECHA": "2024" }, "geometry": { "type": "Polygon", "coordinates": [ [ [ -101.036657, 25.408053 ], [ -101.036994, 25.407596 ], [ -101.03762, 25.407932 ], [ -101.037421, 25.408464 ], [ -101.036657, 25.408053 ] ] ] } },
{ "type": "Feature", "properties": { "INTENSIDAD": "Bajo", "PUNTAJE": 25, "TITULO": "Riesgo por Deslizamientos Traslacionales", "FENOMENO": "Geológico", "FUENTE": "IMPLAN Saltillo — CARTO SALTILLO, Atlas de Riesgos 2024", "FECHA": "2024" }, "geometry": { "type": "Polygon", "coordinates": [ [ [ -101.036771, 25.409005 ], [ -101.036367, 25.40873 ], [ -101.036737, 25.408206 ], [ -101.037378, 25.40855 ], [ -101.03713, 25.409101 ], [ -101.036771, 25.409005 ] ] ] } },
{ "type": "Feature", "properties": { "INTENSIDAD": "Bajo", "PUNTAJE": 25, "TITULO": "Riesgo por Deslizamientos Traslacionales", "FENOMENO": "Geológico", "FUENTE": "IMPLAN Saltillo — CARTO SALTILLO, Atlas de Riesgos 2024", "FECHA": "2024" }, "geometry": { "type": "Polygon", "coordinates": [ [ [ -101.037036, 25.409894 ], [ -101.036812, 25.41016 ], [ -101.035736, 25.409529 ], [ -101.035944, 25.409253 ], [ -101.037036, 25.409894 ] ] ] } },
{ "type": "Feature", "properties": { "INTENSIDAD": "Bajo", "PUNTAJE": 25, "TITULO": "Riesgo por Deslizamientos Traslacionales", "FENOMENO": "Geológico", "FUENTE": "IMPLAN Saltillo — CARTO SALTILLO, Atlas de Riesgos 2024", "FECHA": "2024" }, "geometry": { "type": "Polygon", "coordinates": [ [ [ -101.035696, 25.409592 ], [ -101.03644, 25.410026 ], [ -101.03674, 25.410184 ], [ -101.036388, 25.410331 ], [ -101.035515, 25.409828 ], [ -101.035696, 25.409592 ] ] ] } },
{ "type": "Feature", "properties": { "INTENSIDAD": "Bajo", "PUNTAJE": 25, "TITULO": "Riesgo por Deslizamientos Traslacionales", "FENOMENO": "Geológico", "FUENTE": "IMPLAN Saltillo — CARTO SALTILLO, Atlas de Riesgos 2024", "FECHA": "2024" }, "geometry": { "type": "Polygon", "coordinates": [ [ [ -101.035735, 25.410038 ], [ -101.03532, 25.41042 ], [ -101.035098, 25.410248 ], [ -101.035477, 25.409885 ], [ -101.035735, 25.410038 ] ] ] } },
{ "type": "Feature", "properties": { "INTENSIDAD": "Bajo", "PUNTAJE": 25, "TITULO": "Riesgo por Deslizamientos Traslacionales", "FENOMENO": "Geológico", "FUENTE": "IMPLAN Saltillo — CARTO SALTILLO, Atlas de Riesgos 2024", "FECHA": "2024" }, "geometry": { "type": "Polygon", "coordinates": [ [ [ -101.036292, 25.410371 ], [ -101.03599, 25.410533 ], [ -101.035608, 25.410237 ], [ -101.035789, 25.41007 ], [ -101.036292, 25.410371 ] ] ] } },
{ "type": "Feature", "properties": { "INTENSIDAD": "Bajo", "PUNTAJE": 25, "TITULO": "Riesgo por Deslizamientos Traslacionales", "FENOMENO": "Geológico", "FUENTE": "IMPLAN Saltillo — CARTO SALTILLO, Atlas de Riesgos 2024", "FECHA": "2024" }, "geometry": { "type": "Polygon", "coordinates": [ [ [ -101.035693, 25.410705 ], [ -101.035364, 25.410454 ], [ -101.035575, 25.410263 ], [ -101.035963, 25.410563 ], [ -101.035693, 25.410705 ] ] ] } },
{ "type": "Feature", "properties": { "INTENSIDAD": "Bajo", "PUNTAJE": 25, "TITULO": "Riesgo por Deslizamientos Traslacionales", "FENOMENO": "Geológico", "FUENTE": "IMPLAN Saltillo — CARTO SALTILLO, Atlas de Riesgos 2024", "FECHA": "2024" }, "geometry": { "type": "Polygon", "coordinates": [ [ [ -101.03506, 25.410284 ], [ -101.035648, 25.41074 ], [ -101.035304, 25.41097 ], [ -101.034756, 25.410569 ], [ -101.03506, 25.410284 ] ] ] } },
{ "type": "Feature", "properties": { "INTENSIDAD": "Bajo", "PUNTAJE": 25, "TITULO": "Riesgo por Deslizamientos Traslacionales", "FENOMENO": "Geológico", "FUENTE": "IMPLAN Saltillo — CARTO SALTILLO, Atlas de Riesgos 2024", "FECHA": "2024" }, "geometry": { "type": "Polygon", "coordinates": [ [ [ -101.043376, 25.404899 ], [ -101.043587, 25.405228 ], [ -101.04369, 25.406409 ], [ -101.044206, 25.407866 ], [ -101.044422, 25.408029 ], [ -101.044621, 25.408025 ], [ -101.045238, 25.407614 ], [ -101.045469, 25.407592 ], [ -101.045565, 25.408158 ], [ -101.045955, 25.408372 ], [ -101.046206, 25.408748 ], [ -101.046367, 25.409834 ], [ -101.046521, 25.410286 ], [ -101.046816, 25.41066 ], [ -101.04706, 25.410715 ], [ -101.047019, 25.410877 ], [ -101.04676, 25.410983 ], [ -101.046545, 25.411468 ], [ -101.046527, 25.412146 ], [ -101.046698, 25.412459 ], [ -101.04745, 25.41272 ], [ -101.04745, 25.414834 ], [ -101.047253, 25.41549 ], [ -101.046524, 25.41637 ], [ -101.045474, 25.417198 ], [ -101.045016, 25.417369 ], [ -101.044793, 25.417578 ], [ -101.044382, 25.418307 ], [ -101.043874, 25.418597 ], [ -101.043245, 25.420243 ], [ -101.042823, 25.421696 ], [ -101.042421, 25.422199 ], [ -101.042249, 25.421537 ], [ -101.041813, 25.421037 ], [ -101.041725, 25.421049 ], [ -101.041679, 25.420598 ], [ -101.041479, 25.419994 ], [ -101.041257, 25.419825 ], [ -101.041128, 25.418747 ], [ -101.040846, 25.418591 ], [ -101.040918, 25.418089 ], [ -101.041344, 25.417265 ], [ -101.041397, 25.416627 ], [ -101.042078, 25.416528 ], [ -101.042484, 25.415727 ], [ -101.042553, 25.415312 ], [ -101.042493, 25.414016 ], [ -101.041864, 25.412815 ], [ -101.040814, 25.412674 ], [ -101.039795, 25.4121 ], [ -101.039462, 25.411586 ], [ -101.039076, 25.41128 ], [ -101.038592, 25.410324 ], [ -101.0387, 25.41008 ], [ -101.038984, 25.408412 ], [ -101.03867, 25.407424 ], [ -101.038528, 25.406541 ], [ -101.038546, 25.405952 ], [ -101.038606, 25.405441 ], [ -101.038996, 25.404544 ], [ -101.039019, 25.403896 ], [ -101.038566, 25.402821 ], [ -101.038294, 25.402415 ], [ -101.038098, 25.401826 ], [ -101.038134, 25.401305 ], [ -101.038382, 25.400379 ], [ -101.03846, 25.400145 ], [ -101.038652, 25.399921 ], [ -101.039122, 25.399634 ], [ -101.040167, 25.399414 ], [ -101.040418, 25.399109 ], [ -101.040962, 25.399214 ], [ -101.04197, 25.399862 ], [ -101.043105, 25.400907 ], [ -101.04366, 25.401285 ], [ -101.043212, 25.401718 ], [ -101.043116, 25.401906 ], [ -101.043151, 25.402174 ], [ -101.043304, 25.4024 ], [ -101.043364, 25.402869 ], [ -101.042646, 25.404131 ], [ -101.042724, 25.404373 ], [ -101.043376, 25.404899 ] ] ] } },
{ "type": "Feature", "properties": { "INTENSIDAD": "Bajo", "PUNTAJE": 25, "TITULO": "Riesgo por Deslizamientos Traslacionales", "FENOMENO": "Geológico", "FUENTE": "IMPLAN Saltillo — CARTO SALTILLO, Atlas de Riesgos 2024", "FECHA": "2024" }, "geometry": { "type": "Polygon", "coordinates": [ [ [ -101.041186, 25.413308 ], [ -101.041515, 25.413615 ], [ -101.041731, 25.414009 ], [ -101.041809, 25.415287 ], [ -101.041611, 25.415947 ], [ -101.041047, 25.416704 ], [ -101.040841, 25.417794 ], [ -101.040701, 25.418014 ], [ -101.040648, 25.418351 ], [ -101.040767, 25.419163 ], [ -101.040472, 25.418981 ], [ -101.040027, 25.418853 ], [ -101.038253, 25.418787 ], [ -101.037914, 25.418632 ], [ -101.037358, 25.417813 ], [ -101.036853, 25.417283 ], [ -101.035809, 25.416921 ], [ -101.035469, 25.416693 ], [ -101.034719, 25.416532 ], [ -101.03567, 25.414997 ], [ -101.036338, 25.414211 ], [ -101.036091, 25.413549 ], [ -101.036134, 25.413012 ], [ -101.036514, 25.41249 ], [ -101.036638, 25.41216 ], [ -101.03694, 25.411947 ], [ -101.037924, 25.411651 ], [ -101.038202, 25.411438 ], [ -101.038274, 25.410858 ], [ -101.038657, 25.411268 ], [ -101.038857, 25.411819 ], [ -101.039596, 25.412725 ], [ -101.040555, 25.413161 ], [ -101.041186, 25.413308 ] ] ] } },
{ "type": "Feature", "properties": { "INTENSIDAD": "Bajo", "PUNTAJE": 25, "TITULO": "Riesgo por Deslizamientos Traslacionales", "FENOMENO": "Geológico", "FUENTE": "IMPLAN Saltillo — CARTO SALTILLO, Atlas de Riesgos 2024", "FECHA": "2024" }, "geometry": { "type": "Polygon", "coordinates": [ [ [ -101.035327, 25.422849 ], [ -101.035397, 25.423221 ], [ -101.035002, 25.423257 ], [ -101.034966, 25.4228 ], [ -101.035327, 25.422849 ] ] ] } },
{ "type": "Feature", "properties": { "INTENSIDAD": "Bajo", "PUNTAJE": 25, "TITULO": "Riesgo por Deslizamientos Traslacionales", "FENOMENO": "Geológico", "FUENTE": "IMPLAN Saltillo — CARTO SALTILLO, Atlas de Riesgos 2024", "FECHA": "2024" }, "geometry": { "type": "Polygon", "coordinates": [ [ [ -101.035594, 25.424028 ], [ -101.035717, 25.424276 ], [ -101.034856, 25.425893 ], [ -101.034487, 25.425735 ], [ -101.035427, 25.423955 ], [ -101.035594, 25.424028 ] ] ] } },
{ "type": "Feature", "properties": { "INTENSIDAD": "Bajo", "PUNTAJE": 25, "TITULO": "Riesgo por Deslizamientos Traslacionales", "FENOMENO": "Geológico", "FUENTE": "IMPLAN Saltillo — CARTO SALTILLO, Atlas de Riesgos 2024", "FECHA": "2024" }, "geometry": { "type": "Polygon", "coordinates": [ [ [ -101.036447, 25.425118 ], [ -101.036854, 25.425128 ], [ -101.036259, 25.426494 ], [ -101.035833, 25.426312 ], [ -101.036447, 25.425118 ] ] ] } },
{ "type": "Feature", "properties": { "INTENSIDAD": "Bajo", "PUNTAJE": 25, "TITULO": "Riesgo por Deslizamientos Traslacionales", "FENOMENO": "Geológico", "FUENTE": "IMPLAN Saltillo — CARTO SALTILLO, Atlas de Riesgos 2024", "FECHA": "2024" }, "geometry": { "type": "Polygon", "coordinates": [ [ [ -101.035191, 25.428599 ], [ -101.035532, 25.428254 ], [ -101.035818, 25.428417 ], [ -101.035498, 25.428806 ], [ -101.035191, 25.428599 ] ] ] } },
{ "type": "Feature", "properties": { "INTENSIDAD": "Bajo", "PUNTAJE": 25, "TITULO": "Riesgo por Deslizamientos Traslacionales", "FENOMENO": "Geológico", "FUENTE": "IMPLAN Saltillo — CARTO SALTILLO, Atlas de Riesgos 2024", "FECHA": "2024" }, "geometry": { "type": "Polygon", "coordinates": [ [ [ -101.033881, 25.431478 ], [ -101.03377, 25.431443 ], [ -101.034254, 25.430496 ], [ -101.03383, 25.430184 ], [ -101.034183, 25.429289 ], [ -101.034042, 25.429206 ], [ -101.033902, 25.428873 ], [ -101.033812, 25.428853 ], [ -101.03426, 25.428156 ], [ -101.034465, 25.428645 ], [ -101.034888, 25.428786 ], [ -101.035178, 25.428607 ], [ -101.035501, 25.428836 ], [ -101.035911, 25.428342 ], [ -101.036632, 25.427286 ], [ -101.036311, 25.427096 ], [ -101.035876, 25.427697 ], [ -101.035723, 25.427615 ], [ -101.036285, 25.426505 ], [ -101.036888, 25.425119 ], [ -101.037097, 25.424904 ], [ -101.03773, 25.424877 ], [ -101.037961, 25.425023 ], [ -101.038795, 25.425049 ], [ -101.039097, 25.42525 ], [ -101.039601, 25.425964 ], [ -101.03967, 25.426249 ], [ -101.039474, 25.427767 ], [ -101.039302, 25.428508 ], [ -101.038528, 25.429804 ], [ -101.037417, 25.429928 ], [ -101.037424, 25.429992 ], [ -101.037676, 25.429968 ], [ -101.037743, 25.4304 ], [ -101.036932, 25.43026 ], [ -101.036939, 25.430439 ], [ -101.036721, 25.430427 ], [ -101.036733, 25.430516 ], [ -101.037697, 25.430682 ], [ -101.037106, 25.431354 ], [ -101.036636, 25.432105 ], [ -101.036783, 25.43284 ], [ -101.036778, 25.433574 ], [ -101.036291, 25.433824 ], [ -101.036661, 25.434403 ], [ -101.036493, 25.434489 ], [ -101.034898, 25.434146 ], [ -101.034964, 25.433838 ], [ -101.035817, 25.432955 ], [ -101.035745, 25.432902 ], [ -101.035534, 25.433137 ], [ -101.034431, 25.431774 ], [ -101.034442, 25.431663 ], [ -101.034342, 25.431628 ], [ -101.034376, 25.431865 ], [ -101.035039, 25.432577 ], [ -101.035389, 25.433128 ], [ -101.035026, 25.433372 ], [ -101.035424, 25.433181 ], [ -101.035484, 25.433247 ], [ -101.03502, 25.433651 ], [ -101.034387, 25.432929 ], [ -101.033927, 25.431903 ], [ -101.033881, 25.431478 ] ] ] } },
{ "type": "Feature", "properties": { "INTENSIDAD": "Bajo", "PUNTAJE": 25, "TITULO": "Riesgo por Deslizamientos Traslacionales", "FENOMENO": "Geológico", "FUENTE": "IMPLAN Saltillo — CARTO SALTILLO, Atlas de Riesgos 2024", "FECHA": "2024" }, "geometry": { "type": "Polygon", "coordinates": [ [ [ -101.052799, 25.438759 ], [ -101.053841, 25.439118 ], [ -101.054904, 25.439859 ], [ -101.054532, 25.439864 ], [ -101.05361, 25.440151 ], [ -101.052492, 25.440311 ], [ -101.051724, 25.441044 ], [ -101.05059, 25.441782 ], [ -101.050439, 25.442059 ], [ -101.049356, 25.441702 ], [ -101.047956, 25.440748 ], [ -101.047433, 25.440293 ], [ -101.047082, 25.440161 ], [ -101.046731, 25.439849 ], [ -101.046502, 25.439522 ], [ -101.046051, 25.438343 ], [ -101.047292, 25.438572 ], [ -101.047949, 25.43817 ], [ -101.048103, 25.438191 ], [ -101.04872, 25.438618 ], [ -101.050832, 25.438643 ], [ -101.051416, 25.43879 ], [ -101.052341, 25.438716 ], [ -101.052799, 25.438759 ] ] ] } },
{ "type": "Feature", "properties": { "INTENSIDAD": "Bajo", "PUNTAJE": 25, "TITULO": "Riesgo por Deslizamientos Traslacionales", "FENOMENO": "Geológico", "FUENTE": "IMPLAN Saltillo — CARTO SALTILLO, Atlas de Riesgos 2024", "FECHA": "2024" }, "geometry": { "type": "Polygon", "coordinates": [ [ [ -101.028272, 25.442015 ], [ -101.027676, 25.44099 ], [ -101.027023, 25.440353 ], [ -101.026673, 25.439832 ], [ -101.026134, 25.439227 ], [ -101.026652, 25.439149 ], [ -101.026942, 25.438985 ], [ -101.027178, 25.438638 ], [ -101.027435, 25.438601 ], [ -101.027699, 25.438494 ], [ -101.027948, 25.438348 ], [ -101.028118, 25.438181 ], [ -101.028147, 25.438092 ], [ -101.02826, 25.438069 ], [ -101.028542, 25.437938 ], [ -101.028634, 25.437808 ], [ -101.028891, 25.437736 ], [ -101.029052, 25.437626 ], [ -101.029429, 25.437281 ], [ -101.029712, 25.436596 ], [ -101.030138, 25.436401 ], [ -101.030164, 25.436309 ], [ -101.030235, 25.436375 ], [ -101.030472, 25.43629 ], [ -101.030523, 25.436188 ], [ -101.030933, 25.435806 ], [ -101.031174, 25.435501 ], [ -101.030999, 25.436002 ], [ -101.031211, 25.43619 ], [ -101.031189, 25.436363 ], [ -101.032848, 25.437907 ], [ -101.035948, 25.434812 ], [ -101.039961, 25.436583 ], [ -101.041189, 25.436843 ], [ -101.041968, 25.437133 ], [ -101.04151, 25.43884 ], [ -101.041756, 25.438919 ], [ -101.041631, 25.439335 ], [ -101.04168, 25.439349 ], [ -101.041802, 25.438941 ], [ -101.042232, 25.439067 ], [ -101.042158, 25.439337 ], [ -101.042213, 25.439354 ], [ -101.042279, 25.439078 ], [ -101.043178, 25.439397 ], [ -101.043127, 25.4396 ], [ -101.043667, 25.439731 ], [ -101.043636, 25.439854 ], [ -101.043912, 25.439927 ], [ -101.044847, 25.440936 ], [ -101.044506, 25.441556 ], [ -101.044363, 25.441639 ], [ -101.043792, 25.441639 ], [ -101.043512, 25.44155 ], [ -101.043465, 25.441615 ], [ -101.043798, 25.441716 ], [ -101.044405, 25.441698 ], [ -101.044547, 25.441615 ], [ -101.044892, 25.440985 ], [ -101.045172, 25.441621 ], [ -101.045017, 25.441978 ], [ -101.045124, 25.442954 ], [ -101.045178, 25.442942 ], [ -101.045071, 25.441942 ], [ -101.045255, 25.441627 ], [ -101.045142, 25.441324 ], [ -101.044958, 25.440967 ], [ -101.043989, 25.439947 ], [ -101.044401, 25.440019 ], [ -101.044589, 25.439437 ], [ -101.045092, 25.439394 ], [ -101.045263, 25.439199 ], [ -101.045622, 25.439255 ], [ -101.045973, 25.439986 ], [ -101.045982, 25.440911 ], [ -101.046592, 25.441704 ], [ -101.046927, 25.441905 ], [ -101.047143, 25.443245 ], [ -101.047638, 25.443793 ], [ -101.048081, 25.444776 ], [ -101.04829, 25.444981 ], [ -101.04859, 25.445111 ], [ -101.048659, 25.445952 ], [ -101.048598, 25.446581 ], [ -101.048455, 25.447043 ], [ -101.048494, 25.447493 ], [ -101.048776, 25.447846 ], [ -101.049146, 25.447918 ], [ -101.049343, 25.448262 ], [ -101.049239, 25.448571 ], [ -101.047275, 25.449229 ], [ -101.046173, 25.449295 ], [ -101.044542, 25.449187 ], [ -101.040212, 25.449493 ], [ -101.039717, 25.449462 ], [ -101.03888, 25.449011 ], [ -101.03833, 25.448814 ], [ -101.037521, 25.448251 ], [ -101.03716, 25.447399 ], [ -101.036514, 25.446926 ], [ -101.035526, 25.446716 ], [ -101.0349, 25.446443 ], [ -101.034465, 25.445861 ], [ -101.03395, 25.445547 ], [ -101.03408, 25.445344 ], [ -101.033552, 25.444738 ], [ -101.033238, 25.444682 ], [ -101.032853, 25.444444 ], [ -101.032406, 25.44443 ], [ -101.031708, 25.443994 ], [ -101.029257, 25.442975 ], [ -101.028272, 25.442015 ] ] ] } },
{ "type": "Feature", "properties": { "INTENSIDAD": "Bajo", "PUNTAJE": 25, "TITULO": "Riesgo por Deslizamientos Traslacionales", "FENOMENO": "Geológico", "FUENTE": "IMPLAN Saltillo — CARTO SALTILLO, Atlas de Riesgos 2024", "FECHA": "2024" }, "geometry": { "type": "Polygon", "coordinates": [ [ [ -101.048807, 25.445107 ], [ -101.049393, 25.444894 ], [ -101.049702, 25.444634 ], [ -101.049777, 25.444376 ], [ -101.049673, 25.443615 ], [ -101.049813, 25.443295 ], [ -101.050538, 25.442329 ], [ -101.051405, 25.443083 ], [ -101.051374, 25.44364 ], [ -101.051231, 25.44383 ], [ -101.05077, 25.443958 ], [ -101.050985, 25.445079 ], [ -101.051127, 25.445197 ], [ -101.051989, 25.445729 ], [ -101.054078, 25.445884 ], [ -101.054283, 25.446039 ], [ -101.055658, 25.44642 ], [ -101.055731, 25.446568 ], [ -101.053459, 25.44639 ], [ -101.0526, 25.446694 ], [ -101.052013, 25.446708 ], [ -101.051727, 25.447286 ], [ -101.051378, 25.447122 ], [ -101.05136, 25.447186 ], [ -101.051709, 25.447349 ], [ -101.051438, 25.447798 ], [ -101.050956, 25.447741 ], [ -101.050959, 25.447798 ], [ -101.051205, 25.447829 ], [ -101.051195, 25.447983 ], [ -101.051263, 25.447983 ], [ -101.051261, 25.447832 ], [ -101.051435, 25.447873 ], [ -101.051655, 25.448195 ], [ -101.051718, 25.448156 ], [ -101.051491, 25.447823 ], [ -101.052062, 25.446768 ], [ -101.052628, 25.446757 ], [ -101.053488, 25.446448 ], [ -101.054751, 25.446537 ], [ -101.054578, 25.446942 ], [ -101.05432, 25.447027 ], [ -101.054082, 25.44722 ], [ -101.053598, 25.447841 ], [ -101.05251, 25.448303 ], [ -101.052198, 25.44863 ], [ -101.052071, 25.449212 ], [ -101.051237, 25.449508 ], [ -101.05032, 25.448747 ], [ -101.049186, 25.450291 ], [ -101.048403, 25.450895 ], [ -101.047282, 25.451972 ], [ -101.047095, 25.451833 ], [ -101.046923, 25.451871 ], [ -101.047081, 25.451896 ], [ -101.047311, 25.452074 ], [ -101.047743, 25.451663 ], [ -101.048684, 25.452416 ], [ -101.048309, 25.452536 ], [ -101.048033, 25.452886 ], [ -101.047585, 25.453028 ], [ -101.04683, 25.453515 ], [ -101.046241, 25.453566 ], [ -101.045716, 25.454057 ], [ -101.044873, 25.454669 ], [ -101.044288, 25.455368 ], [ -101.044521, 25.454502 ], [ -101.04437, 25.453779 ], [ -101.044589, 25.453318 ], [ -101.045154, 25.453058 ], [ -101.045444, 25.452782 ], [ -101.046026, 25.452593 ], [ -101.046207, 25.452436 ], [ -101.046396, 25.45181 ], [ -101.046619, 25.45171 ], [ -101.046801, 25.451417 ], [ -101.047114, 25.450488 ], [ -101.047262, 25.450361 ], [ -101.047645, 25.45031 ], [ -101.047831, 25.45037 ], [ -101.047936, 25.450598 ], [ -101.048388, 25.450565 ], [ -101.048716, 25.450201 ], [ -101.048904, 25.449831 ], [ -101.049359, 25.448748 ], [ -101.049463, 25.448255 ], [ -101.049218, 25.447774 ], [ -101.048858, 25.447741 ], [ -101.048649, 25.447441 ], [ -101.04858, 25.447033 ], [ -101.048757, 25.446614 ], [ -101.048807, 25.445107 ] ] ] } },
{ "type": "Feature", "properties": { "INTENSIDAD": "Bajo", "PUNTAJE": 25, "TITULO": "Riesgo por Deslizamientos Traslacionales", "FENOMENO": "Geológico", "FUENTE": "IMPLAN Saltillo — CARTO SALTILLO, Atlas de Riesgos 2024", "FECHA": "2024" }, "geometry": { "type": "Polygon", "coordinates": [ [ [ -101.035002, 25.410239 ], [ -101.034698, 25.410533 ], [ -101.033882, 25.409952 ], [ -101.03415, 25.409635 ], [ -101.035002, 25.410239 ] ] ] } },
{ "type": "Feature", "properties": { "INTENSIDAD": "Bajo", "PUNTAJE": 25, "TITULO": "Riesgo por Deslizamientos Traslacionales", "FENOMENO": "Geológico", "FUENTE": "IMPLAN Saltillo — CARTO SALTILLO, Atlas de Riesgos 2024", "FECHA": "2024" }, "geometry": { "type": "Polygon", "coordinates": [ [ [ -101.034361, 25.411674 ], [ -101.033143, 25.410809 ], [ -101.033499, 25.410403 ], [ -101.034741, 25.411274 ], [ -101.034361, 25.411674 ] ] ] } },
{ "type": "Feature", "properties": { "INTENSIDAD": "Bajo", "PUNTAJE": 25, "TITULO": "Riesgo por Deslizamientos Traslacionales", "FENOMENO": "Geológico", "FUENTE": "IMPLAN Saltillo — CARTO SALTILLO, Atlas de Riesgos 2024", "FECHA": "2024" }, "geometry": { "type": "Polygon", "coordinates": [ [ [ -101.03414, 25.412126 ], [ -101.033654, 25.411765 ], [ -101.033916, 25.411474 ], [ -101.034342, 25.411775 ], [ -101.03414, 25.412126 ] ] ] } },
{ "type": "Feature", "properties": { "INTENSIDAD": "Bajo", "PUNTAJE": 25, "TITULO": "Riesgo por Deslizamientos Traslacionales", "FENOMENO": "Geológico", "FUENTE": "IMPLAN Saltillo — CARTO SALTILLO, Atlas de Riesgos 2024", "FECHA": "2024" }, "geometry": { "type": "Polygon", "coordinates": [ [ [ -101.033608, 25.411805 ], [ -101.034119, 25.412199 ], [ -101.033883, 25.412499 ], [ -101.033301, 25.412151 ], [ -101.033608, 25.411805 ] ] ] } },
{ "type": "Feature", "properties": { "INTENSIDAD": "Bajo", "PUNTAJE": 25, "TITULO": "Riesgo por Deslizamientos Traslacionales", "FENOMENO": "Geológico", "FUENTE": "IMPLAN Saltillo — CARTO SALTILLO, Atlas de Riesgos 2024", "FECHA": "2024" }, "geometry": { "type": "Polygon", "coordinates": [ [ [ -101.03359, 25.412429 ], [ -101.034184, 25.412789 ], [ -101.034142, 25.413006 ], [ -101.033449, 25.412648 ], [ -101.03359, 25.412429 ] ] ] } },
{ "type": "Feature", "properties": { "INTENSIDAD": "Bajo", "PUNTAJE": 25, "TITULO": "Riesgo por Deslizamientos Traslacionales", "FENOMENO": "Geológico", "FUENTE": "IMPLAN Saltillo — CARTO SALTILLO, Atlas de Riesgos 2024", "FECHA": "2024" }, "geometry": { "type": "Polygon", "coordinates": [ [ [ -101.033627, 25.413492 ], [ -101.033263, 25.412924 ], [ -101.033428, 25.412683 ], [ -101.03413, 25.413056 ], [ -101.034071, 25.413265 ], [ -101.033939, 25.413291 ], [ -101.033855, 25.413585 ], [ -101.033627, 25.413492 ] ] ] } },
{ "type": "Feature", "properties": { "INTENSIDAD": "Bajo", "PUNTAJE": 25, "TITULO": "Riesgo por Deslizamientos Traslacionales", "FENOMENO": "Geológico", "FUENTE": "IMPLAN Saltillo — CARTO SALTILLO, Atlas de Riesgos 2024", "FECHA": "2024" }, "geometry": { "type": "Polygon", "coordinates": [ [ [ -101.03281, 25.414653 ], [ -101.033653, 25.413557 ], [ -101.033817, 25.413628 ], [ -101.032998, 25.414751 ], [ -101.03281, 25.414653 ] ] ] } },
{ "type": "Feature", "properties": { "INTENSIDAD": "Bajo", "PUNTAJE": 25, "TITULO": "Riesgo por Deslizamientos Traslacionales", "FENOMENO": "Geológico", "FUENTE": "IMPLAN Saltillo — CARTO SALTILLO, Atlas de Riesgos 2024", "FECHA": "2024" }, "geometry": { "type": "Polygon", "coordinates": [ [ [ -101.033946, 25.413601 ], [ -101.034083, 25.413607 ], [ -101.033327, 25.414939 ], [ -101.033103, 25.414814 ], [ -101.033946, 25.413601 ] ] ] } },
{ "type": "Feature", "properties": { "INTENSIDAD": "Bajo", "PUNTAJE": 25, "TITULO": "Riesgo por Deslizamientos Traslacionales", "FENOMENO": "Geológico", "FUENTE": "IMPLAN Saltillo — CARTO SALTILLO, Atlas de Riesgos 2024", "FECHA": "2024" }, "geometry": { "type": "Polygon", "coordinates": [ [ [ -101.032775, 25.414699 ], [ -101.032957, 25.414793 ], [ -101.032701, 25.415162 ], [ -101.032508, 25.415046 ], [ -101.032775, 25.414699 ] ] ] } },
{ "type": "Feature", "properties": { "INTENSIDAD": "Bajo", "PUNTAJE": 25, "TITULO": "Riesgo por Deslizamientos Traslacionales", "FENOMENO": "Geológico", "FUENTE": "IMPLAN Saltillo — CARTO SALTILLO, Atlas de Riesgos 2024", "FECHA": "2024" }, "geometry": { "type": "Polygon", "coordinates": [ [ [ -101.032364, 25.416328 ], [ -101.034111, 25.413856 ], [ -101.034334, 25.41394 ], [ -101.032596, 25.416468 ], [ -101.032364, 25.416328 ] ] ] } },
{ "type": "Feature", "properties": { "INTENSIDAD": "Bajo", "PUNTAJE": 25, "TITULO": "Riesgo por Deslizamientos Traslacionales", "FENOMENO": "Geológico", "FUENTE": "IMPLAN Saltillo — CARTO SALTILLO, Atlas de Riesgos 2024", "FECHA": "2024" }, "geometry": { "type": "Polygon", "coordinates": [ [ [ -101.033242, 25.414966 ], [ -101.032651, 25.415795 ], [ -101.032455, 25.415661 ], [ -101.03305, 25.41483 ], [ -101.033242, 25.414966 ] ] ] } },
{ "type": "Feature", "properties": { "INTENSIDAD": "Bajo", "PUNTAJE": 25, "TITULO": "Riesgo por Deslizamientos Traslacionales", "FENOMENO": "Geológico", "FUENTE": "IMPLAN Saltillo — CARTO SALTILLO, Atlas de Riesgos 2024", "FECHA": "2024" }, "geometry": { "type": "Polygon", "coordinates": [ [ [ -101.032478, 25.415085 ], [ -101.032666, 25.415203 ], [ -101.032384, 25.415615 ], [ -101.032179, 25.415477 ], [ -101.032478, 25.415085 ] ] ] } },
{ "type": "Feature", "properties": { "INTENSIDAD": "Bajo", "PUNTAJE": 25, "TITULO": "Riesgo por Deslizamientos Traslacionales", "FENOMENO": "Geológico", "FUENTE": "IMPLAN Saltillo — CARTO SALTILLO, Atlas de Riesgos 2024", "FECHA": "2024" }, "geometry": { "type": "Polygon", "coordinates": [ [ [ -101.032151, 25.415518 ], [ -101.032358, 25.415657 ], [ -101.032019, 25.416121 ], [ -101.031818, 25.416 ], [ -101.032151, 25.415518 ] ] ] } },
{ "type": "Feature", "properties": { "INTENSIDAD": "Bajo", "PUNTAJE": 25, "TITULO": "Riesgo por Deslizamientos Traslacionales", "FENOMENO": "Geológico", "FUENTE": "IMPLAN Saltillo — CARTO SALTILLO, Atlas de Riesgos 2024", "FECHA": "2024" }, "geometry": { "type": "Polygon", "coordinates": [ [ [ -101.032422, 25.4157 ], [ -101.032623, 25.415836 ], [ -101.032312, 25.416297 ], [ -101.032083, 25.416159 ], [ -101.032422, 25.4157 ] ] ] } },
{ "type": "Feature", "properties": { "INTENSIDAD": "Bajo", "PUNTAJE": 25, "TITULO": "Riesgo por Deslizamientos Traslacionales", "FENOMENO": "Geológico", "FUENTE": "IMPLAN Saltillo — CARTO SALTILLO, Atlas de Riesgos 2024", "FECHA": "2024" }, "geometry": { "type": "Polygon", "coordinates": [ [ [ -101.031216, 25.417447 ], [ -101.030966, 25.417232 ], [ -101.031787, 25.416045 ], [ -101.031994, 25.41617 ], [ -101.031216, 25.417447 ] ] ] } },
{ "type": "Feature", "properties": { "INTENSIDAD": "Bajo", "PUNTAJE": 25, "TITULO": "Riesgo por Deslizamientos Traslacionales", "FENOMENO": "Geológico", "FUENTE": "IMPLAN Saltillo — CARTO SALTILLO, Atlas de Riesgos 2024", "FECHA": "2024" }, "geometry": { "type": "Polygon", "coordinates": [ [ [ -101.032053, 25.416205 ], [ -101.032568, 25.416514 ], [ -101.031608, 25.417799 ], [ -101.031531, 25.41772 ], [ -101.031961, 25.417044 ], [ -101.031899, 25.417004 ], [ -101.031462, 25.417658 ], [ -101.031279, 25.4175 ], [ -101.032053, 25.416205 ] ] ] } },
{ "type": "Feature", "properties": { "INTENSIDAD": "Bajo", "PUNTAJE": 25, "TITULO": "Riesgo por Deslizamientos Traslacionales", "FENOMENO": "Geológico", "FUENTE": "IMPLAN Saltillo — CARTO SALTILLO, Atlas de Riesgos 2024", "FECHA": "2024" }, "geometry": { "type": "Polygon", "coordinates": [ [ [ -101.031081, 25.417693 ], [ -101.030783, 25.417461 ], [ -101.030141, 25.418196 ], [ -101.030367, 25.418374 ], [ -101.03026, 25.418499 ], [ -101.029885, 25.418207 ], [ -101.030777, 25.417172 ], [ -101.03123, 25.41752 ], [ -101.031081, 25.417693 ] ] ] } },
{ "type": "Feature", "properties": { "INTENSIDAD": "Bajo", "PUNTAJE": 25, "TITULO": "Riesgo por Deslizamientos Traslacionales", "FENOMENO": "Geológico", "FUENTE": "IMPLAN Saltillo — CARTO SALTILLO, Atlas de Riesgos 2024", "FECHA": "2024" }, "geometry": { "type": "Polygon", "coordinates": [ [ [ -101.028651, 25.42361 ], [ -101.028556, 25.424056 ], [ -101.028172, 25.424096 ], [ -101.028134, 25.42425 ], [ -101.027233, 25.423628 ], [ -101.027391, 25.423399 ], [ -101.026344, 25.422543 ], [ -101.026673, 25.422119 ], [ -101.026628, 25.422074 ], [ -101.026692, 25.421995 ], [ -101.026721, 25.42171 ], [ -101.027583, 25.420724 ], [ -101.027806, 25.420881 ], [ -101.028303, 25.420251 ], [ -101.02841, 25.420328 ], [ -101.029483, 25.41942 ], [ -101.0294, 25.419343 ], [ -101.029716, 25.419043 ], [ -101.029852, 25.419153 ], [ -101.029992, 25.418984 ], [ -101.030111, 25.41907 ], [ -101.030429, 25.418743 ], [ -101.030399, 25.418348 ], [ -101.030209, 25.418184 ], [ -101.030777, 25.417525 ], [ -101.031087, 25.41776 ], [ -101.031262, 25.417562 ], [ -101.031571, 25.417872 ], [ -101.031623, 25.417811 ], [ -101.032589, 25.416521 ], [ -101.034362, 25.413929 ], [ -101.034122, 25.413826 ], [ -101.034105, 25.413588 ], [ -101.033938, 25.41345 ], [ -101.033954, 25.413301 ], [ -101.034082, 25.413277 ], [ -101.034208, 25.412774 ], [ -101.03389, 25.412501 ], [ -101.03413, 25.412206 ], [ -101.034353, 25.411775 ], [ -101.03438, 25.411683 ], [ -101.034754, 25.411287 ], [ -101.034966, 25.411358 ], [ -101.035192, 25.41114 ], [ -101.035385, 25.411451 ], [ -101.036459, 25.412501 ], [ -101.036102, 25.412996 ], [ -101.036059, 25.413545 ], [ -101.036292, 25.414196 ], [ -101.03558, 25.414933 ], [ -101.034184, 25.417186 ], [ -101.033778, 25.418055 ], [ -101.032216, 25.419148 ], [ -101.031939, 25.419906 ], [ -101.031469, 25.419778 ], [ -101.031278, 25.419833 ], [ -101.029466, 25.421198 ], [ -101.029071, 25.421714 ], [ -101.028919, 25.422207 ], [ -101.029067, 25.422362 ], [ -101.030432, 25.423083 ], [ -101.030847, 25.423755 ], [ -101.030952, 25.424116 ], [ -101.031499, 25.424623 ], [ -101.032066, 25.424946 ], [ -101.031329, 25.424888 ], [ -101.031359, 25.42471 ], [ -101.030538, 25.4245 ], [ -101.030575, 25.424336 ], [ -101.030734, 25.424365 ], [ -101.030787, 25.424077 ], [ -101.028651, 25.42361 ] ] ] } },
{ "type": "Feature", "properties": { "INTENSIDAD": "Bajo", "PUNTAJE": 25, "TITULO": "Riesgo por Deslizamientos Traslacionales", "FENOMENO": "Geológico", "FUENTE": "IMPLAN Saltillo — CARTO SALTILLO, Atlas de Riesgos 2024", "FECHA": "2024" }, "geometry": { "type": "Polygon", "coordinates": [ [ [ -101.029112, 25.422316 ], [ -101.029013, 25.422197 ], [ -101.029154, 25.42179 ], [ -101.029544, 25.421277 ], [ -101.031288, 25.419922 ], [ -101.03147, 25.419837 ], [ -101.031971, 25.419959 ], [ -101.03226, 25.419213 ], [ -101.033772, 25.41819 ], [ -101.034163, 25.418868 ], [ -101.034628, 25.420205 ], [ -101.035429, 25.421317 ], [ -101.035537, 25.421822 ], [ -101.036103, 25.422913 ], [ -101.036074, 25.423254 ], [ -101.035984, 25.423491 ], [ -101.035395, 25.422826 ], [ -101.034964, 25.422774 ], [ -101.034446, 25.422396 ], [ -101.034402, 25.421744 ], [ -101.034342, 25.421746 ], [ -101.034352, 25.422038 ], [ -101.034331, 25.421757 ], [ -101.033891, 25.421767 ], [ -101.03384, 25.421469 ], [ -101.033478, 25.420756 ], [ -101.033205, 25.420599 ], [ -101.031741, 25.420727 ], [ -101.030948, 25.420956 ], [ -101.030321, 25.421172 ], [ -101.029342, 25.421815 ], [ -101.029423, 25.421841 ], [ -101.030347, 25.421219 ], [ -101.03179, 25.420777 ], [ -101.033109, 25.420656 ], [ -101.033356, 25.420726 ], [ -101.033671, 25.421258 ], [ -101.033782, 25.421765 ], [ -101.032736, 25.421883 ], [ -101.032759, 25.422116 ], [ -101.032385, 25.422134 ], [ -101.032534, 25.423427 ], [ -101.032319, 25.423452 ], [ -101.032151, 25.422563 ], [ -101.032092, 25.422572 ], [ -101.032265, 25.423487 ], [ -101.03263, 25.423507 ], [ -101.032669, 25.424342 ], [ -101.032436, 25.424382 ], [ -101.03255, 25.42487 ], [ -101.032133, 25.424952 ], [ -101.031549, 25.424601 ], [ -101.031023, 25.424113 ], [ -101.030694, 25.423307 ], [ -101.030475, 25.423024 ], [ -101.029112, 25.422316 ] ] ] } },
{ "type": "Feature", "properties": { "INTENSIDAD": "Bajo", "PUNTAJE": 25, "TITULO": "Riesgo por Deslizamientos Traslacionales", "FENOMENO": "Geológico", "FUENTE": "IMPLAN Saltillo — CARTO SALTILLO, Atlas de Riesgos 2024", "FECHA": "2024" }, "geometry": { "type": "Polygon", "coordinates": [ [ [ -101.03389, 25.421773 ], [ -101.034323, 25.421763 ], [ -101.034322, 25.422033 ], [ -101.033911, 25.422062 ], [ -101.03389, 25.421773 ] ] ] } },
{ "type": "Feature", "properties": { "INTENSIDAD": "Bajo", "PUNTAJE": 25, "TITULO": "Riesgo por Deslizamientos Traslacionales", "FENOMENO": "Geológico", "FUENTE": "IMPLAN Saltillo — CARTO SALTILLO, Atlas de Riesgos 2024", "FECHA": "2024" }, "geometry": { "type": "Polygon", "coordinates": [ [ [ -101.0324, 25.422209 ], [ -101.03281, 25.422182 ], [ -101.032917, 25.423376 ], [ -101.032556, 25.423412 ], [ -101.0324, 25.422209 ] ] ] } },
{ "type": "Feature", "properties": { "INTENSIDAD": "Bajo", "PUNTAJE": 25, "TITULO": "Riesgo por Deslizamientos Traslacionales", "FENOMENO": "Geológico", "FUENTE": "IMPLAN Saltillo — CARTO SALTILLO, Atlas de Riesgos 2024", "FECHA": "2024" }, "geometry": { "type": "Polygon", "coordinates": [ [ [ -101.032931, 25.423465 ], [ -101.033057, 25.424788 ], [ -101.032729, 25.424838 ], [ -101.032677, 25.423491 ], [ -101.032931, 25.423465 ] ] ] } },
{ "type": "Feature", "properties": { "INTENSIDAD": "Bajo", "PUNTAJE": 25, "TITULO": "Riesgo por Deslizamientos Traslacionales", "FENOMENO": "Geológico", "FUENTE": "IMPLAN Saltillo — CARTO SALTILLO, Atlas de Riesgos 2024", "FECHA": "2024" }, "geometry": { "type": "Polygon", "coordinates": [ [ [ -101.029671, 25.424154 ], [ -101.030528, 25.424325 ], [ -101.030494, 25.424474 ], [ -101.029639, 25.424306 ], [ -101.029671, 25.424154 ] ] ] } },
{ "type": "Feature", "properties": { "INTENSIDAD": "Bajo", "PUNTAJE": 25, "TITULO": "Riesgo por Deslizamientos Traslacionales", "FENOMENO": "Geológico", "FUENTE": "IMPLAN Saltillo — CARTO SALTILLO, Atlas de Riesgos 2024", "FECHA": "2024" }, "geometry": { "type": "Polygon", "coordinates": [ [ [ -101.031518, 25.425394 ], [ -101.031564, 25.425578 ], [ -101.031008, 25.425726 ], [ -101.030905, 25.425499 ], [ -101.031518, 25.425394 ] ] ] } },
{ "type": "Feature", "properties": { "INTENSIDAD": "Bajo", "PUNTAJE": 25, "TITULO": "Riesgo por Deslizamientos Traslacionales", "FENOMENO": "Geológico", "FUENTE": "IMPLAN Saltillo — CARTO SALTILLO, Atlas de Riesgos 2024", "FECHA": "2024" }, "geometry": { "type": "Polygon", "coordinates": [ [ [ -101.032556, 25.424973 ], [ -101.031911, 25.426221 ], [ -101.031457, 25.426031 ], [ -101.032353, 25.425026 ], [ -101.032556, 25.424973 ] ] ] } },
{ "type": "Feature", "properties": { "INTENSIDAD": "Bajo", "PUNTAJE": 25, "TITULO": "Riesgo por Deslizamientos Traslacionales", "FENOMENO": "Geológico", "FUENTE": "IMPLAN Saltillo — CARTO SALTILLO, Atlas de Riesgos 2024", "FECHA": "2024" }, "geometry": { "type": "Polygon", "coordinates": [ [ [ -101.030399, 25.425593 ], [ -101.030856, 25.425506 ], [ -101.030961, 25.42574 ], [ -101.030537, 25.425875 ], [ -101.030399, 25.425593 ] ] ] } },
{ "type": "Feature", "properties": { "INTENSIDAD": "Bajo", "PUNTAJE": 25, "TITULO": "Riesgo por Deslizamientos Traslacionales", "FENOMENO": "Geológico", "FUENTE": "IMPLAN Saltillo — CARTO SALTILLO, Atlas de Riesgos 2024", "FECHA": "2024" }, "geometry": { "type": "Polygon", "coordinates": [ [ [ -101.03061, 25.425905 ], [ -101.031568, 25.425626 ], [ -101.031599, 25.425706 ], [ -101.030655, 25.426009 ], [ -101.03061, 25.425905 ] ] ] } },
{ "type": "Feature", "properties": { "INTENSIDAD": "Bajo", "PUNTAJE": 25, "TITULO": "Riesgo por Deslizamientos Traslacionales", "FENOMENO": "Geológico", "FUENTE": "IMPLAN Saltillo — CARTO SALTILLO, Atlas de Riesgos 2024", "FECHA": "2024" }, "geometry": { "type": "Polygon", "coordinates": [ [ [ -101.0326, 25.425965 ], [ -101.032142, 25.426861 ], [ -101.03191, 25.426431 ], [ -101.032225, 25.425804 ], [ -101.0326, 25.425965 ] ] ] } },
{ "type": "Feature", "properties": { "INTENSIDAD": "Bajo", "PUNTAJE": 25, "TITULO": "Riesgo por Deslizamientos Traslacionales", "FENOMENO": "Geológico", "FUENTE": "IMPLAN Saltillo — CARTO SALTILLO, Atlas de Riesgos 2024", "FECHA": "2024" }, "geometry": { "type": "Polygon", "coordinates": [ [ [ -101.035305, 25.42713 ], [ -101.034926, 25.427863 ], [ -101.034533, 25.427693 ], [ -101.034926, 25.426967 ], [ -101.035305, 25.42713 ] ] ] } },
{ "type": "Feature", "properties": { "INTENSIDAD": "Bajo", "PUNTAJE": 25, "TITULO": "Riesgo por Deslizamientos Traslacionales", "FENOMENO": "Geológico", "FUENTE": "IMPLAN Saltillo — CARTO SALTILLO, Atlas de Riesgos 2024", "FECHA": "2024" }, "geometry": { "type": "Polygon", "coordinates": [ [ [ -101.032675, 25.426961 ], [ -101.032838, 25.427031 ], [ -101.031685, 25.429258 ], [ -101.031496, 25.429176 ], [ -101.032675, 25.426961 ] ] ] } },
{ "type": "Feature", "properties": { "INTENSIDAD": "Bajo", "PUNTAJE": 25, "TITULO": "Riesgo por Deslizamientos Traslacionales", "FENOMENO": "Geológico", "FUENTE": "IMPLAN Saltillo — CARTO SALTILLO, Atlas de Riesgos 2024", "FECHA": "2024" }, "geometry": { "type": "Polygon", "coordinates": [ [ [ -101.031545, 25.43004 ], [ -101.03141, 25.430291 ], [ -101.031166, 25.430052 ], [ -101.030554, 25.429152 ], [ -101.030339, 25.427833 ], [ -101.030306, 25.42691 ], [ -101.030546, 25.426708 ], [ -101.03071, 25.426483 ], [ -101.031285, 25.426251 ], [ -101.031402, 25.426169 ], [ -101.031441, 25.426054 ], [ -101.031904, 25.426248 ], [ -101.031885, 25.426442 ], [ -101.032129, 25.426884 ], [ -101.032572, 25.427105 ], [ -101.031186, 25.429726 ], [ -101.031166, 25.429812 ], [ -101.031545, 25.43004 ] ] ] } },
{ "type": "Feature", "properties": { "INTENSIDAD": "Bajo", "PUNTAJE": 25, "TITULO": "Riesgo por Deslizamientos Traslacionales", "FENOMENO": "Geológico", "FUENTE": "IMPLAN Saltillo — CARTO SALTILLO, Atlas de Riesgos 2024", "FECHA": "2024" }, "geometry": { "type": "Polygon", "coordinates": [ [ [ -101.02998, 25.429173 ], [ -101.030729, 25.42996 ], [ -101.030672, 25.430034 ], [ -101.029719, 25.429453 ], [ -101.02998, 25.429173 ] ] ] } },
{ "type": "Feature", "properties": { "INTENSIDAD": "Bajo", "PUNTAJE": 25, "TITULO": "Riesgo por Deslizamientos Traslacionales", "FENOMENO": "Geológico", "FUENTE": "IMPLAN Saltillo — CARTO SALTILLO, Atlas de Riesgos 2024", "FECHA": "2024" }, "geometry": { "type": "Polygon", "coordinates": [ [ [ -101.030796, 25.430808 ], [ -101.03012, 25.430389 ], [ -101.030366, 25.429954 ], [ -101.031073, 25.430404 ], [ -101.030796, 25.430808 ] ] ] } },
{ "type": "Feature", "properties": { "INTENSIDAD": "Bajo", "PUNTAJE": 25, "TITULO": "Riesgo por Deslizamientos Traslacionales", "FENOMENO": "Geológico", "FUENTE": "IMPLAN Saltillo — CARTO SALTILLO, Atlas de Riesgos 2024", "FECHA": "2024" }, "geometry": { "type": "Polygon", "coordinates": [ [ [ -101.030272, 25.431508 ], [ -101.030003, 25.431336 ], [ -101.030368, 25.430864 ], [ -101.030523, 25.431185 ], [ -101.030272, 25.431508 ] ] ] } },
{ "type": "Feature", "properties": { "INTENSIDAD": "Bajo", "PUNTAJE": 25, "TITULO": "Riesgo por Deslizamientos Traslacionales", "FENOMENO": "Geológico", "FUENTE": "IMPLAN Saltillo — CARTO SALTILLO, Atlas de Riesgos 2024", "FECHA": "2024" }, "geometry": { "type": "Polygon", "coordinates": [ [ [ -101.030332, 25.431545 ], [ -101.030599, 25.431283 ], [ -101.030767, 25.431432 ], [ -101.030876, 25.43191 ], [ -101.030332, 25.431545 ] ] ] } },
{ "type": "Feature", "properties": { "INTENSIDAD": "Bajo", "PUNTAJE": 25, "TITULO": "Riesgo por Deslizamientos Traslacionales", "FENOMENO": "Geológico", "FUENTE": "IMPLAN Saltillo — CARTO SALTILLO, Atlas de Riesgos 2024", "FECHA": "2024" }, "geometry": { "type": "Polygon", "coordinates": [ [ [ -101.030752, 25.432157 ], [ -101.030245, 25.432615 ], [ -101.030137, 25.432514 ], [ -101.030109, 25.432428 ], [ -101.030513, 25.432032 ], [ -101.030752, 25.432157 ] ] ] } },
{ "type": "Feature", "properties": { "INTENSIDAD": "Bajo", "PUNTAJE": 25, "TITULO": "Riesgo por Deslizamientos Traslacionales", "FENOMENO": "Geológico", "FUENTE": "IMPLAN Saltillo — CARTO SALTILLO, Atlas de Riesgos 2024", "FECHA": "2024" }, "geometry": { "type": "Polygon", "coordinates": [ [ [ -101.034823, 25.434121 ], [ -101.034354, 25.433906 ], [ -101.034719, 25.433393 ], [ -101.034992, 25.433686 ], [ -101.034889, 25.433811 ], [ -101.034823, 25.434121 ] ] ] } },
{ "type": "Feature", "properties": { "INTENSIDAD": "Bajo", "PUNTAJE": 25, "TITULO": "Riesgo por Deslizamientos Traslacionales", "FENOMENO": "Geológico", "FUENTE": "IMPLAN Saltillo — CARTO SALTILLO, Atlas de Riesgos 2024", "FECHA": "2024" }, "geometry": { "type": "Polygon", "coordinates": [ [ [ -101.030138, 25.41899 ], [ -101.029563, 25.418571 ], [ -101.029791, 25.418308 ], [ -101.030364, 25.418743 ], [ -101.030138, 25.41899 ] ] ] } },
{ "type": "Feature", "properties": { "INTENSIDAD": "Bajo", "PUNTAJE": 25, "TITULO": "Riesgo por Deslizamientos Traslacionales", "FENOMENO": "Geológico", "FUENTE": "IMPLAN Saltillo — CARTO SALTILLO, Atlas de Riesgos 2024", "FECHA": "2024" }, "geometry": { "type": "Polygon", "coordinates": [ [ [ -101.029509, 25.418629 ], [ -101.029969, 25.418965 ], [ -101.029841, 25.419106 ], [ -101.029714, 25.41901 ], [ -101.029405, 25.419301 ], [ -101.029109, 25.419079 ], [ -101.029509, 25.418629 ] ] ] } },
{ "type": "Feature", "properties": { "INTENSIDAD": "Bajo", "PUNTAJE": 25, "TITULO": "Riesgo por Deslizamientos Traslacionales", "FENOMENO": "Geológico", "FUENTE": "IMPLAN Saltillo — CARTO SALTILLO, Atlas de Riesgos 2024", "FECHA": "2024" }, "geometry": { "type": "Polygon", "coordinates": [ [ [ -101.029183, 25.419564 ], [ -101.028879, 25.419334 ], [ -101.029059, 25.419137 ], [ -101.029376, 25.419377 ], [ -101.029183, 25.419564 ] ] ] } },
{ "type": "Feature", "properties": { "INTENSIDAD": "Bajo", "PUNTAJE": 25, "TITULO": "Riesgo por Deslizamientos Traslacionales", "FENOMENO": "Geológico", "FUENTE": "IMPLAN Saltillo — CARTO SALTILLO, Atlas de Riesgos 2024", "FECHA": "2024" }, "geometry": { "type": "Polygon", "coordinates": [ [ [ -101.026628, 25.422048 ], [ -101.026233, 25.421759 ], [ -101.026738, 25.421155 ], [ -101.026973, 25.421329 ], [ -101.026699, 25.421707 ], [ -101.026628, 25.422048 ] ] ] } },
{ "type": "Feature", "properties": { "INTENSIDAD": "Bajo", "PUNTAJE": 25, "TITULO": "Riesgo por Deslizamientos Traslacionales", "FENOMENO": "Geológico", "FUENTE": "IMPLAN Saltillo — CARTO SALTILLO, Atlas de Riesgos 2024", "FECHA": "2024" }, "geometry": { "type": "Polygon", "coordinates": [ [ [ -101.030691, 25.424112 ], [ -101.030649, 25.424297 ], [ -101.028647, 25.423863 ], [ -101.028689, 25.423689 ], [ -101.030691, 25.424112 ] ] ] } },
{ "type": "Feature", "properties": { "INTENSIDAD": "Bajo", "PUNTAJE": 25, "TITULO": "Riesgo por Deslizamientos Traslacionales", "FENOMENO": "Geológico", "FUENTE": "IMPLAN Saltillo — CARTO SALTILLO, Atlas de Riesgos 2024", "FECHA": "2024" }, "geometry": { "type": "Polygon", "coordinates": [ [ [ -101.028616, 25.423946 ], [ -101.029475, 25.424113 ], [ -101.029439, 25.424274 ], [ -101.02858, 25.424108 ], [ -101.028616, 25.423946 ] ] ] } },
{ "type": "Feature", "properties": { "INTENSIDAD": "Bajo", "PUNTAJE": 25, "TITULO": "Riesgo por Deslizamientos Traslacionales", "FENOMENO": "Geológico", "FUENTE": "IMPLAN Saltillo — CARTO SALTILLO, Atlas de Riesgos 2024", "FECHA": "2024" }, "geometry": { "type": "Polygon", "coordinates": [ [ [ -101.027645, 25.424014 ], [ -101.027974, 25.424203 ], [ -101.027632, 25.424628 ], [ -101.027229, 25.424546 ], [ -101.027645, 25.424014 ] ] ] } },
{ "type": "Feature", "properties": { "INTENSIDAD": "Bajo", "PUNTAJE": 25, "TITULO": "Riesgo por Deslizamientos Traslacionales", "FENOMENO": "Geológico", "FUENTE": "IMPLAN Saltillo — CARTO SALTILLO, Atlas de Riesgos 2024", "FECHA": "2024" }, "geometry": { "type": "Polygon", "coordinates": [ [ [ -101.028613, 25.424397 ], [ -101.028375, 25.424216 ], [ -101.028659, 25.424196 ], [ -101.02949, 25.424357 ], [ -101.029455, 25.424534 ], [ -101.028613, 25.424397 ] ] ] } },
{ "type": "Feature", "properties": { "INTENSIDAD": "Bajo", "PUNTAJE": 25, "TITULO": "Riesgo por Deslizamientos Traslacionales", "FENOMENO": "Geológico", "FUENTE": "IMPLAN Saltillo — CARTO SALTILLO, Atlas de Riesgos 2024", "FECHA": "2024" }, "geometry": { "type": "Polygon", "coordinates": [ [ [ -101.029331, 25.424964 ], [ -101.028143, 25.424736 ], [ -101.027756, 25.424658 ], [ -101.02796, 25.424326 ], [ -101.028304, 25.424494 ], [ -101.028691, 25.424483 ], [ -101.029418, 25.424627 ], [ -101.029331, 25.424964 ] ] ] } },
{ "type": "Feature", "properties": { "INTENSIDAD": "Bajo", "PUNTAJE": 25, "TITULO": "Riesgo por Deslizamientos Traslacionales", "FENOMENO": "Geológico", "FUENTE": "IMPLAN Saltillo — CARTO SALTILLO, Atlas de Riesgos 2024", "FECHA": "2024" }, "geometry": { "type": "Polygon", "coordinates": [ [ [ -101.029477, 25.42848 ], [ -101.02909, 25.427919 ], [ -101.028823, 25.427827 ], [ -101.028712, 25.427585 ], [ -101.028483, 25.427357 ], [ -101.027522, 25.427825 ], [ -101.027414, 25.428101 ], [ -101.026241, 25.427402 ], [ -101.026827, 25.426618 ], [ -101.027762, 25.427154 ], [ -101.02819, 25.427105 ], [ -101.028176, 25.427045 ], [ -101.027755, 25.427082 ], [ -101.026888, 25.426536 ], [ -101.027117, 25.426219 ], [ -101.027608, 25.426492 ], [ -101.028509, 25.426084 ], [ -101.028474, 25.426005 ], [ -101.028083, 25.426128 ], [ -101.027596, 25.426453 ], [ -101.02715, 25.426186 ], [ -101.027335, 25.425938 ], [ -101.027696, 25.426162 ], [ -101.028975, 25.425342 ], [ -101.02912, 25.42584 ], [ -101.029938, 25.425624 ], [ -101.030319, 25.425624 ], [ -101.030495, 25.425938 ], [ -101.030585, 25.425912 ], [ -101.030645, 25.426033 ], [ -101.031648, 25.425709 ], [ -101.031586, 25.425328 ], [ -101.030901, 25.42545 ], [ -101.030918, 25.425316 ], [ -101.031464, 25.42525 ], [ -101.031613, 25.42505 ], [ -101.032308, 25.425033 ], [ -101.03142, 25.426028 ], [ -101.031376, 25.426153 ], [ -101.030689, 25.426463 ], [ -101.030275, 25.426897 ], [ -101.030309, 25.427836 ], [ -101.030525, 25.429161 ], [ -101.031141, 25.430067 ], [ -101.031356, 25.430257 ], [ -101.031329, 25.43042 ], [ -101.030685, 25.430042 ], [ -101.030744, 25.42996 ], [ -101.029975, 25.429101 ], [ -101.029173, 25.428618 ], [ -101.029477, 25.42848 ] ] ] } },
{ "type": "Feature", "properties": { "INTENSIDAD": "Bajo", "PUNTAJE": 25, "TITULO": "Riesgo por Deslizamientos Traslacionales", "FENOMENO": "Geológico", "FUENTE": "IMPLAN Saltillo — CARTO SALTILLO, Atlas de Riesgos 2024", "FECHA": "2024" }, "geometry": { "type": "Polygon", "coordinates": [ [ [ -101.028008, 25.4282 ], [ -101.028798, 25.42784 ], [ -101.029077, 25.427944 ], [ -101.029176, 25.428099 ], [ -101.028348, 25.428473 ], [ -101.028275, 25.42861 ], [ -101.027925, 25.428406 ], [ -101.028008, 25.4282 ] ] ] } },
{ "type": "Feature", "properties": { "INTENSIDAD": "Bajo", "PUNTAJE": 25, "TITULO": "Riesgo por Deslizamientos Traslacionales", "FENOMENO": "Geológico", "FUENTE": "IMPLAN Saltillo — CARTO SALTILLO, Atlas de Riesgos 2024", "FECHA": "2024" }, "geometry": { "type": "Polygon", "coordinates": [ [ [ -101.029197, 25.428161 ], [ -101.02945, 25.428467 ], [ -101.028681, 25.428851 ], [ -101.028343, 25.428647 ], [ -101.028407, 25.428531 ], [ -101.029197, 25.428161 ] ] ] } },
{ "type": "Feature", "properties": { "INTENSIDAD": "Bajo", "PUNTAJE": 25, "TITULO": "Riesgo por Deslizamientos Traslacionales", "FENOMENO": "Geológico", "FUENTE": "IMPLAN Saltillo — CARTO SALTILLO, Atlas de Riesgos 2024", "FECHA": "2024" }, "geometry": { "type": "Polygon", "coordinates": [ [ [ -101.028755, 25.428879 ], [ -101.029149, 25.428679 ], [ -101.029924, 25.429146 ], [ -101.029649, 25.429432 ], [ -101.028755, 25.428879 ] ] ] } },
{ "type": "Feature", "properties": { "INTENSIDAD": "Bajo", "PUNTAJE": 25, "TITULO": "Riesgo por Deslizamientos Traslacionales", "FENOMENO": "Geológico", "FUENTE": "IMPLAN Saltillo — CARTO SALTILLO, Atlas de Riesgos 2024", "FECHA": "2024" }, "geometry": { "type": "Polygon", "coordinates": [ [ [ -101.029852, 25.430042 ], [ -101.028915, 25.430117 ], [ -101.028618, 25.430528 ], [ -101.028231, 25.430326 ], [ -101.028736, 25.428935 ], [ -101.030007, 25.429749 ], [ -101.029852, 25.430042 ] ] ] } },
{ "type": "Feature", "properties": { "INTENSIDAD": "Bajo", "PUNTAJE": 25, "TITULO": "Riesgo por Deslizamientos Traslacionales", "FENOMENO": "Geológico", "FUENTE": "IMPLAN Saltillo — CARTO SALTILLO, Atlas de Riesgos 2024", "FECHA": "2024" }, "geometry": { "type": "Polygon", "coordinates": [ [ [ -101.0303, 25.429918 ], [ -101.030055, 25.430338 ], [ -101.029853, 25.430202 ], [ -101.030086, 25.429794 ], [ -101.0303, 25.429918 ] ] ] } },
{ "type": "Feature", "properties": { "INTENSIDAD": "Bajo", "PUNTAJE": 25, "TITULO": "Riesgo por Deslizamientos Traslacionales", "FENOMENO": "Geológico", "FUENTE": "IMPLAN Saltillo — CARTO SALTILLO, Atlas de Riesgos 2024", "FECHA": "2024" }, "geometry": { "type": "Polygon", "coordinates": [ [ [ -101.02893, 25.430205 ], [ -101.029327, 25.430184 ], [ -101.028926, 25.430699 ], [ -101.028676, 25.430563 ], [ -101.02893, 25.430205 ] ] ] } },
{ "type": "Feature", "properties": { "INTENSIDAD": "Bajo", "PUNTAJE": 25, "TITULO": "Riesgo por Deslizamientos Traslacionales", "FENOMENO": "Geológico", "FUENTE": "IMPLAN Saltillo — CARTO SALTILLO, Atlas de Riesgos 2024", "FECHA": "2024" }, "geometry": { "type": "Polygon", "coordinates": [ [ [ -101.029286, 25.430896 ], [ -101.029008, 25.430744 ], [ -101.029455, 25.430168 ], [ -101.02954, 25.430193 ], [ -101.029724, 25.430298 ], [ -101.029286, 25.430896 ] ] ] } },
{ "type": "Feature", "properties": { "INTENSIDAD": "Bajo", "PUNTAJE": 25, "TITULO": "Riesgo por Deslizamientos Traslacionales", "FENOMENO": "Geológico", "FUENTE": "IMPLAN Saltillo — CARTO SALTILLO, Atlas de Riesgos 2024", "FECHA": "2024" }, "geometry": { "type": "Polygon", "coordinates": [ [ [ -101.029775, 25.430307 ], [ -101.030052, 25.4305 ], [ -101.029592, 25.431049 ], [ -101.029357, 25.430904 ], [ -101.029775, 25.430307 ] ] ] } },
{ "type": "Feature", "properties": { "INTENSIDAD": "Bajo", "PUNTAJE": 25, "TITULO": "Riesgo por Deslizamientos Traslacionales", "FENOMENO": "Geológico", "FUENTE": "IMPLAN Saltillo — CARTO SALTILLO, Atlas de Riesgos 2024", "FECHA": "2024" }, "geometry": { "type": "Polygon", "coordinates": [ [ [ -101.02782, 25.430912 ], [ -101.027562, 25.430864 ], [ -101.027735, 25.430484 ], [ -101.027942, 25.430545 ], [ -101.02782, 25.430912 ] ] ] } },
{ "type": "Feature", "properties": { "INTENSIDAD": "Bajo", "PUNTAJE": 25, "TITULO": "Riesgo por Deslizamientos Traslacionales", "FENOMENO": "Geológico", "FUENTE": "IMPLAN Saltillo — CARTO SALTILLO, Atlas de Riesgos 2024", "FECHA": "2024" }, "geometry": { "type": "Polygon", "coordinates": [ [ [ -101.028159, 25.43097 ], [ -101.027858, 25.430931 ], [ -101.027959, 25.43055 ], [ -101.028204, 25.430611 ], [ -101.028159, 25.43097 ] ] ] } },
{ "type": "Feature", "properties": { "INTENSIDAD": "Bajo", "PUNTAJE": 25, "TITULO": "Riesgo por Deslizamientos Traslacionales", "FENOMENO": "Geológico", "FUENTE": "IMPLAN Saltillo — CARTO SALTILLO, Atlas de Riesgos 2024", "FECHA": "2024" }, "geometry": { "type": "Polygon", "coordinates": [ [ [ -101.028175, 25.430971 ], [ -101.028223, 25.430613 ], [ -101.028407, 25.430638 ], [ -101.028377, 25.430991 ], [ -101.028175, 25.430971 ] ] ] } },
{ "type": "Feature", "properties": { "INTENSIDAD": "Bajo", "PUNTAJE": 25, "TITULO": "Riesgo por Deslizamientos Traslacionales", "FENOMENO": "Geológico", "FUENTE": "IMPLAN Saltillo — CARTO SALTILLO, Atlas de Riesgos 2024", "FECHA": "2024" }, "geometry": { "type": "Polygon", "coordinates": [ [ [ -101.028672, 25.430662 ], [ -101.028643, 25.431015 ], [ -101.028416, 25.431001 ], [ -101.028444, 25.430643 ], [ -101.028672, 25.430662 ] ] ] } },
{ "type": "Feature", "properties": { "INTENSIDAD": "Bajo", "PUNTAJE": 25, "TITULO": "Riesgo por Deslizamientos Traslacionales", "FENOMENO": "Geológico", "FUENTE": "IMPLAN Saltillo — CARTO SALTILLO, Atlas de Riesgos 2024", "FECHA": "2024" }, "geometry": { "type": "Polygon", "coordinates": [ [ [ -101.026282, 25.430536 ], [ -101.026286, 25.431127 ], [ -101.026098, 25.431127 ], [ -101.026093, 25.430546 ], [ -101.026282, 25.430536 ] ] ] } },
{ "type": "Feature", "properties": { "INTENSIDAD": "Bajo", "PUNTAJE": 25, "TITULO": "Riesgo por Deslizamientos Traslacionales", "FENOMENO": "Geológico", "FUENTE": "IMPLAN Saltillo — CARTO SALTILLO, Atlas de Riesgos 2024", "FECHA": "2024" }, "geometry": { "type": "Polygon", "coordinates": [ [ [ -101.025859, 25.43054 ], [ -101.026063, 25.430545 ], [ -101.02608, 25.431127 ], [ -101.025867, 25.431118 ], [ -101.025859, 25.43054 ] ] ] } },
{ "type": "Feature", "properties": { "INTENSIDAD": "Bajo", "PUNTAJE": 25, "TITULO": "Riesgo por Deslizamientos Traslacionales", "FENOMENO": "Geológico", "FUENTE": "IMPLAN Saltillo — CARTO SALTILLO, Atlas de Riesgos 2024", "FECHA": "2024" }, "geometry": { "type": "Polygon", "coordinates": [ [ [ -101.026316, 25.430538 ], [ -101.0266, 25.430569 ], [ -101.026335, 25.431131 ], [ -101.026316, 25.430538 ] ] ] } },
{ "type": "Feature", "properties": { "INTENSIDAD": "Bajo", "PUNTAJE": 25, "TITULO": "Riesgo por Deslizamientos Traslacionales", "FENOMENO": "Geológico", "FUENTE": "IMPLAN Saltillo — CARTO SALTILLO, Atlas de Riesgos 2024", "FECHA": "2024" }, "geometry": { "type": "Polygon", "coordinates": [ [ [ -101.028898, 25.431048 ], [ -101.028704, 25.431027 ], [ -101.028732, 25.430679 ], [ -101.028923, 25.430783 ], [ -101.028898, 25.431048 ] ] ] } },
{ "type": "Feature", "properties": { "INTENSIDAD": "Bajo", "PUNTAJE": 25, "TITULO": "Riesgo por Deslizamientos Traslacionales", "FENOMENO": "Geológico", "FUENTE": "IMPLAN Saltillo — CARTO SALTILLO, Atlas de Riesgos 2024", "FECHA": "2024" }, "geometry": { "type": "Polygon", "coordinates": [ [ [ -101.026557, 25.4312 ], [ -101.026395, 25.431144 ], [ -101.026638, 25.430573 ], [ -101.026848, 25.430653 ], [ -101.026557, 25.4312 ] ] ] } },
{ "type": "Feature", "properties": { "INTENSIDAD": "Bajo", "PUNTAJE": 25, "TITULO": "Riesgo por Deslizamientos Traslacionales", "FENOMENO": "Geológico", "FUENTE": "IMPLAN Saltillo — CARTO SALTILLO, Atlas de Riesgos 2024", "FECHA": "2024" }, "geometry": { "type": "Polygon", "coordinates": [ [ [ -101.029934, 25.431294 ], [ -101.029675, 25.431133 ], [ -101.030114, 25.430561 ], [ -101.03032, 25.430807 ], [ -101.029934, 25.431294 ] ] ] } },
{ "type": "Feature", "properties": { "INTENSIDAD": "Bajo", "PUNTAJE": 25, "TITULO": "Riesgo por Deslizamientos Traslacionales", "FENOMENO": "Geológico", "FUENTE": "IMPLAN Saltillo — CARTO SALTILLO, Atlas de Riesgos 2024", "FECHA": "2024" }, "geometry": { "type": "Polygon", "coordinates": [ [ [ -101.029149, 25.431118 ], [ -101.028928, 25.431039 ], [ -101.02895, 25.430798 ], [ -101.029223, 25.430946 ], [ -101.029149, 25.431118 ] ] ] } },
{ "type": "Feature", "properties": { "INTENSIDAD": "Bajo", "PUNTAJE": 25, "TITULO": "Riesgo por Deslizamientos Traslacionales", "FENOMENO": "Geológico", "FUENTE": "IMPLAN Saltillo — CARTO SALTILLO, Atlas de Riesgos 2024", "FECHA": "2024" }, "geometry": { "type": "Polygon", "coordinates": [ [ [ -101.02679, 25.431291 ], [ -101.02661, 25.431217 ], [ -101.026892, 25.430678 ], [ -101.027031, 25.43076 ], [ -101.02679, 25.431291 ] ] ] } },
{ "type": "Feature", "properties": { "INTENSIDAD": "Bajo", "PUNTAJE": 25, "TITULO": "Riesgo por Deslizamientos Traslacionales", "FENOMENO": "Geológico", "FUENTE": "IMPLAN Saltillo — CARTO SALTILLO, Atlas de Riesgos 2024", "FECHA": "2024" }, "geometry": { "type": "Polygon", "coordinates": [ [ [ -101.029131, 25.431365 ], [ -101.028183, 25.431233 ], [ -101.027494, 25.431113 ], [ -101.02754, 25.430956 ], [ -101.02893, 25.43112 ], [ -101.029131, 25.431202 ], [ -101.029131, 25.431365 ] ] ] } },
{ "type": "Feature", "properties": { "INTENSIDAD": "Bajo", "PUNTAJE": 25, "TITULO": "Riesgo por Deslizamientos Traslacionales", "FENOMENO": "Geológico", "FUENTE": "IMPLAN Saltillo — CARTO SALTILLO, Atlas de Riesgos 2024", "FECHA": "2024" }, "geometry": { "type": "Polygon", "coordinates": [ [ [ -101.027, 25.431414 ], [ -101.026581, 25.43157 ], [ -101.026324, 25.431517 ], [ -101.02685, 25.431362 ], [ -101.027108, 25.430795 ], [ -101.027487, 25.430942 ], [ -101.027442, 25.431103 ], [ -101.027184, 25.431022 ], [ -101.027, 25.431414 ] ] ] } },
{ "type": "Feature", "properties": { "INTENSIDAD": "Bajo", "PUNTAJE": 25, "TITULO": "Riesgo por Deslizamientos Traslacionales", "FENOMENO": "Geológico", "FUENTE": "IMPLAN Saltillo — CARTO SALTILLO, Atlas de Riesgos 2024", "FECHA": "2024" }, "geometry": { "type": "Polygon", "coordinates": [ [ [ -101.026712, 25.431321 ], [ -101.026693, 25.431368 ], [ -101.026367, 25.431462 ], [ -101.026376, 25.431188 ], [ -101.026712, 25.431321 ] ] ] } },
{ "type": "Feature", "properties": { "INTENSIDAD": "Bajo", "PUNTAJE": 25, "TITULO": "Riesgo por Deslizamientos Traslacionales", "FENOMENO": "Geológico", "FUENTE": "IMPLAN Saltillo — CARTO SALTILLO, Atlas de Riesgos 2024", "FECHA": "2024" }, "geometry": { "type": "Polygon", "coordinates": [ [ [ -101.02609, 25.431182 ], [ -101.026074, 25.431489 ], [ -101.02585, 25.431494 ], [ -101.025863, 25.431175 ], [ -101.02609, 25.431182 ] ] ] } },
{ "type": "Feature", "properties": { "INTENSIDAD": "Bajo", "PUNTAJE": 25, "TITULO": "Riesgo por Deslizamientos Traslacionales", "FENOMENO": "Geológico", "FUENTE": "IMPLAN Saltillo — CARTO SALTILLO, Atlas de Riesgos 2024", "FECHA": "2024" }, "geometry": { "type": "Polygon", "coordinates": [ [ [ -101.026315, 25.431487 ], [ -101.026104, 25.43149 ], [ -101.026107, 25.431183 ], [ -101.026312, 25.431198 ], [ -101.026315, 25.431487 ] ] ] } },
{ "type": "Feature", "properties": { "INTENSIDAD": "Bajo", "PUNTAJE": 25, "TITULO": "Riesgo por Deslizamientos Traslacionales", "FENOMENO": "Geológico", "FUENTE": "IMPLAN Saltillo — CARTO SALTILLO, Atlas de Riesgos 2024", "FECHA": "2024" }, "geometry": { "type": "Polygon", "coordinates": [ [ [ -101.030835, 25.432053 ], [ -101.02922, 25.431109 ], [ -101.029328, 25.430969 ], [ -101.030783, 25.431935 ], [ -101.030835, 25.432053 ] ] ] } },
{ "type": "Feature", "properties": { "INTENSIDAD": "Bajo", "PUNTAJE": 25, "TITULO": "Riesgo por Deslizamientos Traslacionales", "FENOMENO": "Geológico", "FUENTE": "IMPLAN Saltillo — CARTO SALTILLO, Atlas de Riesgos 2024", "FECHA": "2024" }, "geometry": { "type": "Polygon", "coordinates": [ [ [ -101.023868, 25.432094 ], [ -101.024117, 25.431604 ], [ -101.025454, 25.431767 ], [ -101.02546, 25.431519 ], [ -101.026583, 25.431584 ], [ -101.027015, 25.431433 ], [ -101.027194, 25.431037 ], [ -101.027488, 25.431138 ], [ -101.029139, 25.431379 ], [ -101.02915, 25.431214 ], [ -101.030494, 25.432021 ], [ -101.030085, 25.432422 ], [ -101.030112, 25.432514 ], [ -101.030225, 25.432634 ], [ -101.030157, 25.432744 ], [ -101.030182, 25.432941 ], [ -101.03032, 25.433102 ], [ -101.030461, 25.433507 ], [ -101.030457, 25.433743 ], [ -101.030349, 25.433973 ], [ -101.030699, 25.434159 ], [ -101.030786, 25.434296 ], [ -101.030908, 25.43428 ], [ -101.031213, 25.43403 ], [ -101.03145, 25.434266 ], [ -101.031147, 25.434654 ], [ -101.031224, 25.435098 ], [ -101.031182, 25.435457 ], [ -101.030932, 25.435793 ], [ -101.03051, 25.436186 ], [ -101.030467, 25.436279 ], [ -101.030229, 25.436355 ], [ -101.030153, 25.436275 ], [ -101.030129, 25.436385 ], [ -101.029703, 25.436572 ], [ -101.029411, 25.437267 ], [ -101.029048, 25.437614 ], [ -101.02863, 25.4378 ], [ -101.028536, 25.437929 ], [ -101.028138, 25.438082 ], [ -101.027944, 25.43834 ], [ -101.027696, 25.438483 ], [ -101.027173, 25.438631 ], [ -101.026932, 25.438975 ], [ -101.026648, 25.439136 ], [ -101.026122, 25.439211 ], [ -101.025126, 25.438434 ], [ -101.025103, 25.43824 ], [ -101.02442, 25.437781 ], [ -101.0244, 25.437568 ], [ -101.02455, 25.437475 ], [ -101.024665, 25.437282 ], [ -101.024675, 25.437078 ], [ -101.024539, 25.436829 ], [ -101.02428, 25.436694 ], [ -101.024179, 25.436494 ], [ -101.024288, 25.435378 ], [ -101.024187, 25.434956 ], [ -101.023271, 25.43219 ], [ -101.023512, 25.431941 ], [ -101.023868, 25.432094 ] ] ] } },
{ "type": "Feature", "properties": { "INTENSIDAD": "Bajo", "PUNTAJE": 25, "TITULO": "Riesgo por Deslizamientos Traslacionales", "FENOMENO": "Geológico", "FUENTE": "IMPLAN Saltillo — CARTO SALTILLO, Atlas de Riesgos 2024", "FECHA": "2024" }, "geometry": { "type": "Polygon", "coordinates": [ [ [ -100.997516, 25.352934 ], [ -100.998302, 25.353775 ], [ -100.998105, 25.353927 ], [ -100.997305, 25.35307 ], [ -100.997516, 25.352934 ] ] ] } },
{ "type": "Feature", "properties": { "INTENSIDAD": "Bajo", "PUNTAJE": 25, "TITULO": "Riesgo por Deslizamientos Traslacionales", "FENOMENO": "Geológico", "FUENTE": "IMPLAN Saltillo — CARTO SALTILLO, Atlas de Riesgos 2024", "FECHA": "2024" }, "geometry": { "type": "Polygon", "coordinates": [ [ [ -100.997196, 25.353136 ], [ -100.998006, 25.354002 ], [ -100.997809, 25.354154 ], [ -100.996987, 25.353275 ], [ -100.997196, 25.353136 ] ] ] } },
{ "type": "Feature", "properties": { "INTENSIDAD": "Bajo", "PUNTAJE": 25, "TITULO": "Riesgo por Deslizamientos Traslacionales", "FENOMENO": "Geológico", "FUENTE": "IMPLAN Saltillo — CARTO SALTILLO, Atlas de Riesgos 2024", "FECHA": "2024" }, "geometry": { "type": "Polygon", "coordinates": [ [ [ -100.996881, 25.353343 ], [ -100.997711, 25.35423 ], [ -100.997514, 25.354382 ], [ -100.99667, 25.353479 ], [ -100.996881, 25.353343 ] ] ] } },
{ "type": "Feature", "properties": { "INTENSIDAD": "Bajo", "PUNTAJE": 25, "TITULO": "Riesgo por Deslizamientos Traslacionales", "FENOMENO": "Geológico", "FUENTE": "IMPLAN Saltillo — CARTO SALTILLO, Atlas de Riesgos 2024", "FECHA": "2024" }, "geometry": { "type": "Polygon", "coordinates": [ [ [ -100.996567, 25.35355 ], [ -100.997416, 25.354458 ], [ -100.997219, 25.35461 ], [ -100.996352, 25.353683 ], [ -100.996567, 25.35355 ] ] ] } },
{ "type": "Feature", "properties": { "INTENSIDAD": "Bajo", "PUNTAJE": 25, "TITULO": "Riesgo por Deslizamientos Traslacionales", "FENOMENO": "Geológico", "FUENTE": "IMPLAN Saltillo — CARTO SALTILLO, Atlas de Riesgos 2024", "FECHA": "2024" }, "geometry": { "type": "Polygon", "coordinates": [ [ [ -100.997103, 25.354667 ], [ -100.99701, 25.354739 ], [ -100.99614, 25.353819 ], [ -100.996246, 25.353751 ], [ -100.997103, 25.354667 ] ] ] } },
{ "type": "Feature", "properties": { "INTENSIDAD": "Bajo", "PUNTAJE": 25, "TITULO": "Riesgo por Deslizamientos Traslacionales", "FENOMENO": "Geológico", "FUENTE": "IMPLAN Saltillo — CARTO SALTILLO, Atlas de Riesgos 2024", "FECHA": "2024" }, "geometry": { "type": "Polygon", "coordinates": [ [ [ -100.998404, 25.355853 ], [ -100.997399, 25.354772 ], [ -100.997604, 25.354611 ], [ -100.998589, 25.355696 ], [ -100.998404, 25.355853 ] ] ] } },
{ "type": "Feature", "properties": { "INTENSIDAD": "Bajo", "PUNTAJE": 25, "TITULO": "Riesgo por Deslizamientos Traslacionales", "FENOMENO": "Geológico", "FUENTE": "IMPLAN Saltillo — CARTO SALTILLO, Atlas de Riesgos 2024", "FECHA": "2024" }, "geometry": { "type": "Polygon", "coordinates": [ [ [ -100.998313, 25.355929 ], [ -100.998199, 25.356015 ], [ -100.997219, 25.35493 ], [ -100.997328, 25.354825 ], [ -100.998313, 25.355929 ] ] ] } },
{ "type": "Feature", "properties": { "INTENSIDAD": "Bajo", "PUNTAJE": 25, "TITULO": "Riesgo por Deslizamientos Traslacionales", "FENOMENO": "Geológico", "FUENTE": "IMPLAN Saltillo — CARTO SALTILLO, Atlas de Riesgos 2024", "FECHA": "2024" }, "geometry": { "type": "Polygon", "coordinates": [ [ [ -100.975338, 25.357249 ], [ -100.975622, 25.357122 ], [ -100.976075, 25.356606 ], [ -100.976401, 25.356548 ], [ -100.976721, 25.356596 ], [ -100.977355, 25.35691 ], [ -100.977658, 25.356947 ], [ -100.978218, 25.356919 ], [ -100.978677, 25.356613 ], [ -100.978823, 25.356609 ], [ -100.980091, 25.356997 ], [ -100.979511, 25.357087 ], [ -100.978818, 25.356974 ], [ -100.978508, 25.35744 ], [ -100.97831, 25.357535 ], [ -100.977292, 25.357679 ], [ -100.977106, 25.357894 ], [ -100.976625, 25.358051 ], [ -100.976058, 25.358016 ], [ -100.975237, 25.35822 ], [ -100.974642, 25.358279 ], [ -100.973957, 25.358587 ], [ -100.973585, 25.358663 ], [ -100.973081, 25.358563 ], [ -100.972328, 25.35856 ], [ -100.971831, 25.358341 ], [ -100.971348, 25.358422 ], [ -100.970916, 25.358133 ], [ -100.97129, 25.357703 ], [ -100.972045, 25.357685 ], [ -100.972428, 25.35731 ], [ -100.972627, 25.3573 ], [ -100.973159, 25.357533 ], [ -100.973517, 25.357481 ], [ -100.973663, 25.357343 ], [ -100.973858, 25.356736 ], [ -100.974014, 25.356631 ], [ -100.974188, 25.356669 ], [ -100.974957, 25.357235 ], [ -100.975338, 25.357249 ] ] ] } },
{ "type": "Feature", "properties": { "INTENSIDAD": "Bajo", "PUNTAJE": 25, "TITULO": "Riesgo por Deslizamientos Traslacionales", "FENOMENO": "Geológico", "FUENTE": "IMPLAN Saltillo — CARTO SALTILLO, Atlas de Riesgos 2024", "FECHA": "2024" }, "geometry": { "type": "Polygon", "coordinates": [ [ [ -100.980566, 25.359238 ], [ -100.981119, 25.359782 ], [ -100.981246, 25.360173 ], [ -100.980786, 25.359818 ], [ -100.980597, 25.359766 ], [ -100.980008, 25.360073 ], [ -100.979563, 25.360201 ], [ -100.979208, 25.360199 ], [ -100.978818, 25.360502 ], [ -100.978068, 25.36048 ], [ -100.977806, 25.360335 ], [ -100.977251, 25.36039 ], [ -100.976809, 25.360274 ], [ -100.976966, 25.360094 ], [ -100.97772, 25.359677 ], [ -100.978253, 25.359646 ], [ -100.978544, 25.359523 ], [ -100.9787, 25.359333 ], [ -100.97863, 25.35903 ], [ -100.978709, 25.358965 ], [ -100.979072, 25.359121 ], [ -100.979427, 25.359462 ], [ -100.979603, 25.359432 ], [ -100.979712, 25.359245 ], [ -100.980017, 25.359297 ], [ -100.980566, 25.359238 ] ] ] } },
{ "type": "Feature", "properties": { "INTENSIDAD": "Bajo", "PUNTAJE": 25, "TITULO": "Riesgo por Deslizamientos Traslacionales", "FENOMENO": "Geológico", "FUENTE": "IMPLAN Saltillo — CARTO SALTILLO, Atlas de Riesgos 2024", "FECHA": "2024" }, "geometry": { "type": "Polygon", "coordinates": [ [ [ -100.977722, 25.358244 ], [ -100.977852, 25.35812 ], [ -100.978283, 25.358254 ], [ -100.978553, 25.35821 ], [ -100.97902, 25.357826 ], [ -100.979425, 25.35799 ], [ -100.980013, 25.358042 ], [ -100.980753, 25.357922 ], [ -100.981233, 25.357728 ], [ -100.981291, 25.357774 ], [ -100.981243, 25.35833 ], [ -100.981317, 25.358528 ], [ -100.981919, 25.35939 ], [ -100.983615, 25.360673 ], [ -100.984103, 25.36087 ], [ -100.984901, 25.360951 ], [ -100.985158, 25.361082 ], [ -100.985419, 25.36134 ], [ -100.985503, 25.361967 ], [ -100.985282, 25.361926 ], [ -100.984841, 25.361547 ], [ -100.982524, 25.360913 ], [ -100.982194, 25.360564 ], [ -100.981864, 25.360743 ], [ -100.981698, 25.360743 ], [ -100.981398, 25.360316 ], [ -100.981171, 25.35974 ], [ -100.980632, 25.359197 ], [ -100.980021, 25.359236 ], [ -100.979702, 25.359172 ], [ -100.979478, 25.359407 ], [ -100.979089, 25.359051 ], [ -100.978704, 25.358881 ], [ -100.97855, 25.359032 ], [ -100.978603, 25.359365 ], [ -100.97842, 25.359516 ], [ -100.978096, 25.359604 ], [ -100.977098, 25.359592 ], [ -100.976572, 25.359384 ], [ -100.976192, 25.359078 ], [ -100.97599, 25.359048 ], [ -100.975814, 25.359257 ], [ -100.975574, 25.359341 ], [ -100.975372, 25.359722 ], [ -100.974916, 25.359526 ], [ -100.974711, 25.359573 ], [ -100.974655, 25.359771 ], [ -100.974907, 25.360006 ], [ -100.974879, 25.360096 ], [ -100.974578, 25.360116 ], [ -100.974037, 25.359989 ], [ -100.973995, 25.360063 ], [ -100.974122, 25.360499 ], [ -100.973546, 25.360751 ], [ -100.973214, 25.360186 ], [ -100.972153, 25.35922 ], [ -100.971984, 25.358723 ], [ -100.972045, 25.35866 ], [ -100.97245, 25.358744 ], [ -100.973015, 25.358636 ], [ -100.973623, 25.358755 ], [ -100.973966, 25.358667 ], [ -100.974363, 25.358447 ], [ -100.9761, 25.358113 ], [ -100.976996, 25.358521 ], [ -100.977584, 25.358551 ], [ -100.977732, 25.358445 ], [ -100.977722, 25.358244 ] ] ] } },
{ "type": "Feature", "properties": { "INTENSIDAD": "Bajo", "PUNTAJE": 25, "TITULO": "Riesgo por Deslizamientos Traslacionales", "FENOMENO": "Geológico", "FUENTE": "IMPLAN Saltillo — CARTO SALTILLO, Atlas de Riesgos 2024", "FECHA": "2024" }, "geometry": { "type": "Polygon", "coordinates": [ [ [ -100.974181, 25.360091 ], [ -100.9748, 25.360237 ], [ -100.97502, 25.360071 ], [ -100.975604, 25.360155 ], [ -100.976325, 25.361138 ], [ -100.976762, 25.361459 ], [ -100.977247, 25.361631 ], [ -100.976885, 25.361835 ], [ -100.976546, 25.361874 ], [ -100.976471, 25.362139 ], [ -100.975458, 25.361097 ], [ -100.975356, 25.361154 ], [ -100.976454, 25.362212 ], [ -100.976719, 25.362756 ], [ -100.976864, 25.362794 ], [ -100.976563, 25.362257 ], [ -100.976624, 25.361932 ], [ -100.977787, 25.363461 ], [ -100.977419, 25.36356 ], [ -100.976976, 25.363478 ], [ -100.975924, 25.362705 ], [ -100.975553, 25.362157 ], [ -100.975443, 25.361626 ], [ -100.975024, 25.36133 ], [ -100.974181, 25.360091 ] ] ] } },
{ "type": "Feature", "properties": { "INTENSIDAD": "Bajo", "PUNTAJE": 25, "TITULO": "Riesgo por Deslizamientos Traslacionales", "FENOMENO": "Geológico", "FUENTE": "IMPLAN Saltillo — CARTO SALTILLO, Atlas de Riesgos 2024", "FECHA": "2024" }, "geometry": { "type": "Polygon", "coordinates": [ [ [ -100.977309, 25.361678 ], [ -100.978272, 25.362244 ], [ -100.977869, 25.36304 ], [ -100.977324, 25.362586 ], [ -100.976799, 25.361949 ], [ -100.977309, 25.361678 ] ] ] } },
{ "type": "Feature", "properties": { "INTENSIDAD": "Bajo", "PUNTAJE": 25, "TITULO": "Riesgo por Deslizamientos Traslacionales", "FENOMENO": "Geológico", "FUENTE": "IMPLAN Saltillo — CARTO SALTILLO, Atlas de Riesgos 2024", "FECHA": "2024" }, "geometry": { "type": "Polygon", "coordinates": [ [ [ -100.977757, 25.360402 ], [ -100.978083, 25.360551 ], [ -100.978884, 25.360566 ], [ -100.979245, 25.360271 ], [ -100.980014, 25.360141 ], [ -100.98061, 25.359833 ], [ -100.981302, 25.360291 ], [ -100.981602, 25.360739 ], [ -100.981204, 25.360613 ], [ -100.980961, 25.360293 ], [ -100.980769, 25.360287 ], [ -100.980637, 25.36042 ], [ -100.980594, 25.36081 ], [ -100.980051, 25.361017 ], [ -100.979939, 25.361313 ], [ -100.979879, 25.361137 ], [ -100.979719, 25.361006 ], [ -100.97958, 25.361012 ], [ -100.979465, 25.361119 ], [ -100.979517, 25.36138 ], [ -100.979731, 25.3615 ], [ -100.979979, 25.361396 ], [ -100.980145, 25.361047 ], [ -100.980636, 25.360875 ], [ -100.98071, 25.360734 ], [ -100.980703, 25.360462 ], [ -100.980807, 25.36034 ], [ -100.980941, 25.360356 ], [ -100.981177, 25.360674 ], [ -100.981683, 25.360859 ], [ -100.981857, 25.360833 ], [ -100.982103, 25.360636 ], [ -100.982234, 25.360662 ], [ -100.982372, 25.361124 ], [ -100.982164, 25.36194 ], [ -100.982264, 25.36279 ], [ -100.982432, 25.363013 ], [ -100.982897, 25.363264 ], [ -100.983024, 25.363913 ], [ -100.983601, 25.36525 ], [ -100.982341, 25.365457 ], [ -100.982052, 25.365694 ], [ -100.981766, 25.365138 ], [ -100.981537, 25.364422 ], [ -100.981548, 25.363918 ], [ -100.980512, 25.36301 ], [ -100.979817, 25.362664 ], [ -100.979005, 25.362472 ], [ -100.977645, 25.361695 ], [ -100.976804, 25.361366 ], [ -100.976353, 25.361035 ], [ -100.975611, 25.360069 ], [ -100.975062, 25.359982 ], [ -100.974764, 25.359794 ], [ -100.974737, 25.359687 ], [ -100.974847, 25.359597 ], [ -100.975231, 25.359776 ], [ -100.975424, 25.35978 ], [ -100.975527, 25.359687 ], [ -100.975615, 25.359397 ], [ -100.976102, 25.359123 ], [ -100.976827, 25.359575 ], [ -100.977143, 25.359675 ], [ -100.977523, 25.359672 ], [ -100.976793, 25.360133 ], [ -100.976732, 25.36026 ], [ -100.976789, 25.36037 ], [ -100.977397, 25.360463 ], [ -100.977757, 25.360402 ] ] ] } },
{ "type": "Feature", "properties": { "INTENSIDAD": "Bajo", "PUNTAJE": 25, "TITULO": "Riesgo por Deslizamientos Traslacionales", "FENOMENO": "Geológico", "FUENTE": "IMPLAN Saltillo — CARTO SALTILLO, Atlas de Riesgos 2024", "FECHA": "2024" }, "geometry": { "type": "Polygon", "coordinates": [ [ [ -100.973586, 25.360848 ], [ -100.97426, 25.360578 ], [ -100.974309, 25.360484 ], [ -100.974609, 25.361113 ], [ -100.974868, 25.361437 ], [ -100.975297, 25.361788 ], [ -100.975379, 25.362237 ], [ -100.975607, 25.362546 ], [ -100.975801, 25.362804 ], [ -100.976362, 25.363266 ], [ -100.976834, 25.363569 ], [ -100.977163, 25.36366 ], [ -100.977456, 25.36368 ], [ -100.977881, 25.363561 ], [ -100.976836, 25.364534 ], [ -100.976348, 25.363707 ], [ -100.975531, 25.363091 ], [ -100.975309, 25.362732 ], [ -100.974878, 25.362431 ], [ -100.974321, 25.362438 ], [ -100.973891, 25.361718 ], [ -100.973586, 25.360848 ] ] ] } },
{ "type": "Feature", "properties": { "INTENSIDAD": "Bajo", "PUNTAJE": 25, "TITULO": "Riesgo por Deslizamientos Traslacionales", "FENOMENO": "Geológico", "FUENTE": "IMPLAN Saltillo — CARTO SALTILLO, Atlas de Riesgos 2024", "FECHA": "2024" }, "geometry": { "type": "Polygon", "coordinates": [ [ [ -100.974661, 25.364251 ], [ -100.973998, 25.362472 ], [ -100.974185, 25.362346 ], [ -100.975775, 25.364688 ], [ -100.975133, 25.365046 ], [ -100.974661, 25.364251 ] ] ] } },
{ "type": "Feature", "properties": { "INTENSIDAD": "Bajo", "PUNTAJE": 25, "TITULO": "Riesgo por Deslizamientos Traslacionales", "FENOMENO": "Geológico", "FUENTE": "IMPLAN Saltillo — CARTO SALTILLO, Atlas de Riesgos 2024", "FECHA": "2024" }, "geometry": { "type": "Polygon", "coordinates": [ [ [ -100.977768, 25.365371 ], [ -100.978536, 25.366435 ], [ -100.979111, 25.366088 ], [ -100.979972, 25.367379 ], [ -100.980893, 25.368171 ], [ -100.980868, 25.368358 ], [ -100.979342, 25.36925 ], [ -100.979023, 25.368948 ], [ -100.97987, 25.368463 ], [ -100.979835, 25.368406 ], [ -100.978976, 25.368884 ], [ -100.978564, 25.368396 ], [ -100.978371, 25.367942 ], [ -100.97908, 25.36757 ], [ -100.979041, 25.367501 ], [ -100.978319, 25.367885 ], [ -100.977935, 25.367012 ], [ -100.977259, 25.366178 ], [ -100.977436, 25.366031 ], [ -100.977378, 25.365966 ], [ -100.9772, 25.366109 ], [ -100.975805, 25.364616 ], [ -100.974394, 25.362515 ], [ -100.974833, 25.362498 ], [ -100.975294, 25.36283 ], [ -100.975467, 25.363132 ], [ -100.976324, 25.363795 ], [ -100.976878, 25.364704 ], [ -100.978221, 25.365093 ], [ -100.977768, 25.365371 ] ] ] } },
{ "type": "Feature", "properties": { "INTENSIDAD": "Bajo", "PUNTAJE": 25, "TITULO": "Riesgo por Deslizamientos Traslacionales", "FENOMENO": "Geológico", "FUENTE": "IMPLAN Saltillo — CARTO SALTILLO, Atlas de Riesgos 2024", "FECHA": "2024" }, "geometry": { "type": "Polygon", "coordinates": [ [ [ -101.025222, 25.430483 ], [ -101.02544, 25.430525 ], [ -101.025291, 25.431094 ], [ -101.025063, 25.431059 ], [ -101.025222, 25.430483 ] ] ] } },
{ "type": "Feature", "properties": { "INTENSIDAD": "Bajo", "PUNTAJE": 25, "TITULO": "Riesgo por Deslizamientos Traslacionales", "FENOMENO": "Geológico", "FUENTE": "IMPLAN Saltillo — CARTO SALTILLO, Atlas de Riesgos 2024", "FECHA": "2024" }, "geometry": { "type": "Polygon", "coordinates": [ [ [ -101.02561, 25.43112 ], [ -101.025308, 25.431096 ], [ -101.025451, 25.430526 ], [ -101.025607, 25.430541 ], [ -101.02561, 25.43112 ] ] ] } },
{ "type": "Feature", "properties": { "INTENSIDAD": "Bajo", "PUNTAJE": 25, "TITULO": "Riesgo por Deslizamientos Traslacionales", "FENOMENO": "Geológico", "FUENTE": "IMPLAN Saltillo — CARTO SALTILLO, Atlas de Riesgos 2024", "FECHA": "2024" }, "geometry": { "type": "Polygon", "coordinates": [ [ [ -101.025846, 25.431119 ], [ -101.025625, 25.43112 ], [ -101.025637, 25.430544 ], [ -101.025845, 25.430542 ], [ -101.025846, 25.431119 ] ] ] } },
{ "type": "Feature", "properties": { "INTENSIDAD": "Bajo", "PUNTAJE": 25, "TITULO": "Riesgo por Deslizamientos Traslacionales", "FENOMENO": "Geológico", "FUENTE": "IMPLAN Saltillo — CARTO SALTILLO, Atlas de Riesgos 2024", "FECHA": "2024" }, "geometry": { "type": "Polygon", "coordinates": [ [ [ -101.023825, 25.430758 ], [ -101.024094, 25.430844 ], [ -101.023941, 25.431397 ], [ -101.023629, 25.431258 ], [ -101.023825, 25.430758 ] ] ] } },
{ "type": "Feature", "properties": { "INTENSIDAD": "Bajo", "PUNTAJE": 25, "TITULO": "Riesgo por Deslizamientos Traslacionales", "FENOMENO": "Geológico", "FUENTE": "IMPLAN Saltillo — CARTO SALTILLO, Atlas de Riesgos 2024", "FECHA": "2024" }, "geometry": { "type": "Polygon", "coordinates": [ [ [ -101.024133, 25.430862 ], [ -101.024342, 25.430939 ], [ -101.024236, 25.431415 ], [ -101.023994, 25.431406 ], [ -101.024133, 25.430862 ] ] ] } },
{ "type": "Feature", "properties": { "INTENSIDAD": "Bajo", "PUNTAJE": 25, "TITULO": "Riesgo por Deslizamientos Traslacionales", "FENOMENO": "Geológico", "FUENTE": "IMPLAN Saltillo — CARTO SALTILLO, Atlas de Riesgos 2024", "FECHA": "2024" }, "geometry": { "type": "Polygon", "coordinates": [ [ [ -101.024374, 25.430946 ], [ -101.024596, 25.431007 ], [ -101.024462, 25.431407 ], [ -101.024284, 25.4314 ], [ -101.024374, 25.430946 ] ] ] } },
{ "type": "Feature", "properties": { "INTENSIDAD": "Bajo", "PUNTAJE": 25, "TITULO": "Riesgo por Deslizamientos Traslacionales", "FENOMENO": "Geológico", "FUENTE": "IMPLAN Saltillo — CARTO SALTILLO, Atlas de Riesgos 2024", "FECHA": "2024" }, "geometry": { "type": "Polygon", "coordinates": [ [ [ -101.024803, 25.431064 ], [ -101.024721, 25.431432 ], [ -101.024497, 25.431413 ], [ -101.02463, 25.431012 ], [ -101.024803, 25.431064 ] ] ] } },
{ "type": "Feature", "properties": { "INTENSIDAD": "Bajo", "PUNTAJE": 25, "TITULO": "Riesgo por Deslizamientos Traslacionales", "FENOMENO": "Geológico", "FUENTE": "IMPLAN Saltillo — CARTO SALTILLO, Atlas de Riesgos 2024", "FECHA": "2024" }, "geometry": { "type": "Polygon", "coordinates": [ [ [ -101.024971, 25.431457 ], [ -101.024761, 25.431434 ], [ -101.024833, 25.43107 ], [ -101.025053, 25.431114 ], [ -101.024971, 25.431457 ] ] ] } },
{ "type": "Feature", "properties": { "INTENSIDAD": "Bajo", "PUNTAJE": 25, "TITULO": "Riesgo por Deslizamientos Traslacionales", "FENOMENO": "Geológico", "FUENTE": "IMPLAN Saltillo — CARTO SALTILLO, Atlas de Riesgos 2024", "FECHA": "2024" }, "geometry": { "type": "Polygon", "coordinates": [ [ [ -101.024989, 25.431458 ], [ -101.02507, 25.431117 ], [ -101.025269, 25.431147 ], [ -101.025192, 25.431475 ], [ -101.024989, 25.431458 ] ] ] } },
{ "type": "Feature", "properties": { "INTENSIDAD": "Bajo", "PUNTAJE": 25, "TITULO": "Riesgo por Deslizamientos Traslacionales", "FENOMENO": "Geológico", "FUENTE": "IMPLAN Saltillo — CARTO SALTILLO, Atlas de Riesgos 2024", "FECHA": "2024" }, "geometry": { "type": "Polygon", "coordinates": [ [ [ -101.025582, 25.431493 ], [ -101.025222, 25.431478 ], [ -101.025287, 25.431149 ], [ -101.025582, 25.431176 ], [ -101.025582, 25.431493 ] ] ] } },
{ "type": "Feature", "properties": { "INTENSIDAD": "Bajo", "PUNTAJE": 25, "TITULO": "Riesgo por Deslizamientos Traslacionales", "FENOMENO": "Geológico", "FUENTE": "IMPLAN Saltillo — CARTO SALTILLO, Atlas de Riesgos 2024", "FECHA": "2024" }, "geometry": { "type": "Polygon", "coordinates": [ [ [ -101.02563, 25.431175 ], [ -101.025832, 25.431176 ], [ -101.025821, 25.431493 ], [ -101.02562, 25.431492 ], [ -101.02563, 25.431175 ] ] ] } },
{ "type": "Feature", "properties": { "INTENSIDAD": "Bajo", "PUNTAJE": 25, "TITULO": "Riesgo por Deslizamientos Traslacionales", "FENOMENO": "Geológico", "FUENTE": "IMPLAN Saltillo — CARTO SALTILLO, Atlas de Riesgos 2024", "FECHA": "2024" }, "geometry": { "type": "Polygon", "coordinates": [ [ [ -101.023575, 25.431288 ], [ -101.023266, 25.431815 ], [ -101.022812, 25.431592 ], [ -101.023145, 25.431073 ], [ -101.023575, 25.431288 ] ] ] } },
{ "type": "Feature", "properties": { "INTENSIDAD": "Bajo", "PUNTAJE": 25, "TITULO": "Riesgo por Deslizamientos Traslacionales", "FENOMENO": "Geológico", "FUENTE": "IMPLAN Saltillo — CARTO SALTILLO, Atlas de Riesgos 2024", "FECHA": "2024" }, "geometry": { "type": "Polygon", "coordinates": [ [ [ -101.024195, 25.431458 ], [ -101.025431, 25.43152 ], [ -101.025436, 25.43175 ], [ -101.024115, 25.431589 ], [ -101.024195, 25.431458 ] ] ] } },
{ "type": "Feature", "properties": { "INTENSIDAD": "Bajo", "PUNTAJE": 25, "TITULO": "Riesgo por Deslizamientos Traslacionales", "FENOMENO": "Geológico", "FUENTE": "IMPLAN Saltillo — CARTO SALTILLO, Atlas de Riesgos 2024", "FECHA": "2024" }, "geometry": { "type": "Polygon", "coordinates": [ [ [ -101.023859, 25.43207 ], [ -101.023329, 25.43185 ], [ -101.023635, 25.431346 ], [ -101.024096, 25.431592 ], [ -101.023859, 25.43207 ] ] ] } },
{ "type": "Feature", "properties": { "INTENSIDAD": "Bajo", "PUNTAJE": 25, "TITULO": "Riesgo por Deslizamientos Traslacionales", "FENOMENO": "Geológico", "FUENTE": "IMPLAN Saltillo — CARTO SALTILLO, Atlas de Riesgos 2024", "FECHA": "2024" }, "geometry": { "type": "Polygon", "coordinates": [ [ [ -101.022625, 25.431886 ], [ -101.022784, 25.431637 ], [ -101.023337, 25.4319 ], [ -101.023366, 25.43199 ], [ -101.023247, 25.432177 ], [ -101.022625, 25.431886 ] ] ] } },
{ "type": "Feature", "properties": { "INTENSIDAD": "Bajo", "PUNTAJE": 25, "TITULO": "Riesgo por Deslizamientos Traslacionales", "FENOMENO": "Geológico", "FUENTE": "IMPLAN Saltillo — CARTO SALTILLO, Atlas de Riesgos 2024", "FECHA": "2024" }, "geometry": { "type": "Polygon", "coordinates": [ [ [ -101.025238, 25.441848 ], [ -101.024485, 25.441668 ], [ -101.024242, 25.441348 ], [ -101.024147, 25.441377 ], [ -101.023839, 25.441155 ], [ -101.024649, 25.440227 ], [ -101.024347, 25.43993 ], [ -101.02456, 25.439699 ], [ -101.024194, 25.439377 ], [ -101.023406, 25.438399 ], [ -101.023542, 25.438202 ], [ -101.022981, 25.437742 ], [ -101.022487, 25.438286 ], [ -101.021912, 25.437695 ], [ -101.021539, 25.437662 ], [ -101.022196, 25.437317 ], [ -101.022117, 25.437155 ], [ -101.021515, 25.436776 ], [ -101.02071, 25.43684 ], [ -101.020768, 25.436496 ], [ -101.020689, 25.436138 ], [ -101.020874, 25.436131 ], [ -101.020926, 25.435919 ], [ -101.020722, 25.435868 ], [ -101.020919, 25.434888 ], [ -101.020766, 25.434807 ], [ -101.020786, 25.434666 ], [ -101.020947, 25.434662 ], [ -101.021398, 25.433955 ], [ -101.021566, 25.433423 ], [ -101.021478, 25.433326 ], [ -101.021749, 25.432952 ], [ -101.021949, 25.432969 ], [ -101.022529, 25.432186 ], [ -101.022575, 25.432015 ], [ -101.023266, 25.432257 ], [ -101.024159, 25.434964 ], [ -101.024258, 25.43538 ], [ -101.024148, 25.436497 ], [ -101.024204, 25.436653 ], [ -101.024517, 25.43685 ], [ -101.024645, 25.437084 ], [ -101.024635, 25.437275 ], [ -101.024372, 25.437553 ], [ -101.024393, 25.437795 ], [ -101.025075, 25.438256 ], [ -101.025097, 25.438447 ], [ -101.026099, 25.439227 ], [ -101.027, 25.44037 ], [ -101.027652, 25.441007 ], [ -101.028069, 25.441788 ], [ -101.028679, 25.442491 ], [ -101.027185, 25.442135 ], [ -101.026432, 25.442166 ], [ -101.026119, 25.442278 ], [ -101.025238, 25.441848 ] ] ] } },
{ "type": "Feature", "properties": { "INTENSIDAD": "Bajo", "PUNTAJE": 25, "TITULO": "Riesgo por Deslizamientos Traslacionales", "FENOMENO": "Geológico", "FUENTE": "IMPLAN Saltillo — CARTO SALTILLO, Atlas de Riesgos 2024", "FECHA": "2024" }, "geometry": { "type": "Polygon", "coordinates": [ [ [ -101.023455, 25.442416 ], [ -101.024416, 25.441588 ], [ -101.024508, 25.441716 ], [ -101.023916, 25.44228 ], [ -101.024011, 25.442369 ], [ -101.023768, 25.442628 ], [ -101.023455, 25.442416 ] ] ] } },
{ "type": "Feature", "properties": { "INTENSIDAD": "Bajo", "PUNTAJE": 25, "TITULO": "Riesgo por Deslizamientos Traslacionales", "FENOMENO": "Geológico", "FUENTE": "IMPLAN Saltillo — CARTO SALTILLO, Atlas de Riesgos 2024", "FECHA": "2024" }, "geometry": { "type": "Polygon", "coordinates": [ [ [ -100.9603, 25.502029 ], [ -100.960811, 25.502405 ], [ -100.96108, 25.502878 ], [ -100.960812, 25.503408 ], [ -100.960685, 25.504249 ], [ -100.960985, 25.507885 ], [ -100.960883, 25.509222 ], [ -100.960446, 25.510401 ], [ -100.958171, 25.514324 ], [ -100.953651, 25.522442 ], [ -100.953453, 25.522479 ], [ -100.952395, 25.522305 ], [ -100.951912, 25.522397 ], [ -100.951571, 25.52258 ], [ -100.949493, 25.522837 ], [ -100.948458, 25.522788 ], [ -100.947791, 25.522575 ], [ -100.946379, 25.521469 ], [ -100.945782, 25.520156 ], [ -100.945678, 25.518645 ], [ -100.945862, 25.518503 ], [ -100.946142, 25.517982 ], [ -100.946762, 25.515769 ], [ -100.948282, 25.512145 ], [ -100.948238, 25.511447 ], [ -100.948333, 25.511038 ], [ -100.948304, 25.510636 ], [ -100.952457, 25.505456 ], [ -100.951907, 25.504838 ], [ -100.953338, 25.503446 ], [ -100.954399, 25.502923 ], [ -100.956505, 25.502122 ], [ -100.958513, 25.501938 ], [ -100.9603, 25.502029 ] ] ] } },
{ "type": "Feature", "properties": { "INTENSIDAD": "Medio", "PUNTAJE": 50, "TITULO": "Riesgo por Deslizamientos Traslacionales", "FENOMENO": "Geológico", "FUENTE": "IMPLAN Saltillo — CARTO SALTILLO, Atlas de Riesgos 2024", "FECHA": "2024" }, "geometry": { "type": "Polygon", "coordinates": [ [ [ -101.064155, 25.450978 ], [ -101.062871, 25.450901 ], [ -101.062128, 25.450891 ], [ -101.060808, 25.450627 ], [ -101.060738, 25.450691 ], [ -101.060194, 25.450651 ], [ -101.060132, 25.450768 ], [ -101.059665, 25.450756 ], [ -101.059092, 25.450977 ], [ -101.058, 25.451069 ], [ -101.058052, 25.450747 ], [ -101.057465, 25.450642 ], [ -101.057438, 25.450909 ], [ -101.056288, 25.450824 ], [ -101.056292, 25.45075 ], [ -101.054846, 25.450752 ], [ -101.054809, 25.450618 ], [ -101.055847, 25.450531 ], [ -101.055849, 25.450459 ], [ -101.055706, 25.450463 ], [ -101.055692, 25.450095 ], [ -101.056418, 25.450141 ], [ -101.056417, 25.450051 ], [ -101.055699, 25.450001 ], [ -101.055662, 25.449665 ], [ -101.055046, 25.44968 ], [ -101.055027, 25.449563 ], [ -101.054947, 25.449568 ], [ -101.05496, 25.449682 ], [ -101.054562, 25.449728 ], [ -101.05448, 25.44963 ], [ -101.054457, 25.449741 ], [ -101.053451, 25.449867 ], [ -101.053349, 25.449465 ], [ -101.052978, 25.449023 ], [ -101.052973, 25.448926 ], [ -101.053125, 25.448683 ], [ -101.054287, 25.448424 ], [ -101.054469, 25.44848 ], [ -101.054654, 25.449116 ], [ -101.055532, 25.449471 ], [ -101.056293, 25.449624 ], [ -101.056699, 25.449505 ], [ -101.056939, 25.449595 ], [ -101.057404, 25.449598 ], [ -101.058203, 25.449886 ], [ -101.06022, 25.449732 ], [ -101.063918, 25.449962 ], [ -101.06553, 25.449991 ], [ -101.066288, 25.449836 ], [ -101.066909, 25.449902 ], [ -101.066848, 25.450213 ], [ -101.066528, 25.450586 ], [ -101.065388, 25.451118 ], [ -101.064155, 25.450978 ] ] ] } },
{ "type": "Feature", "properties": { "INTENSIDAD": "Medio", "PUNTAJE": 50, "TITULO": "Riesgo por Deslizamientos Traslacionales", "FENOMENO": "Geológico", "FUENTE": "IMPLAN Saltillo — CARTO SALTILLO, Atlas de Riesgos 2024", "FECHA": "2024" }, "geometry": { "type": "Polygon", "coordinates": [ [ [ -101.053564, 25.450242 ], [ -101.053488, 25.449949 ], [ -101.054482, 25.449829 ], [ -101.054549, 25.450085 ], [ -101.053564, 25.450242 ] ] ] } },
{ "type": "Feature", "properties": { "INTENSIDAD": "Medio", "PUNTAJE": 50, "TITULO": "Riesgo por Deslizamientos Traslacionales", "FENOMENO": "Geológico", "FUENTE": "IMPLAN Saltillo — CARTO SALTILLO, Atlas de Riesgos 2024", "FECHA": "2024" }, "geometry": { "type": "Polygon", "coordinates": [ [ [ -101.055638, 25.450469 ], [ -101.055198, 25.450493 ], [ -101.055068, 25.449761 ], [ -101.055587, 25.449746 ], [ -101.055638, 25.450469 ] ] ] } },
{ "type": "Feature", "properties": { "INTENSIDAD": "Medio", "PUNTAJE": 50, "TITULO": "Riesgo por Deslizamientos Traslacionales", "FENOMENO": "Geológico", "FUENTE": "IMPLAN Saltillo — CARTO SALTILLO, Atlas de Riesgos 2024", "FECHA": "2024" }, "geometry": { "type": "Polygon", "coordinates": [ [ [ -101.054981, 25.449767 ], [ -101.055126, 25.450504 ], [ -101.054783, 25.45054 ], [ -101.054596, 25.449807 ], [ -101.054981, 25.449767 ] ] ] } },
{ "type": "Feature", "properties": { "INTENSIDAD": "Medio", "PUNTAJE": 50, "TITULO": "Riesgo por Deslizamientos Traslacionales", "FENOMENO": "Geológico", "FUENTE": "IMPLAN Saltillo — CARTO SALTILLO, Atlas de Riesgos 2024", "FECHA": "2024" }, "geometry": { "type": "Polygon", "coordinates": [ [ [ -101.053466, 25.450308 ], [ -101.052564, 25.450499 ], [ -101.052436, 25.450254 ], [ -101.05259, 25.450105 ], [ -101.053379, 25.449969 ], [ -101.053466, 25.450308 ] ] ] } },
{ "type": "Feature", "properties": { "INTENSIDAD": "Medio", "PUNTAJE": 50, "TITULO": "Riesgo por Deslizamientos Traslacionales", "FENOMENO": "Geológico", "FUENTE": "IMPLAN Saltillo — CARTO SALTILLO, Atlas de Riesgos 2024", "FECHA": "2024" }, "geometry": { "type": "Polygon", "coordinates": [ [ [ -101.054647, 25.450463 ], [ -101.05361, 25.450648 ], [ -101.05354, 25.450293 ], [ -101.054594, 25.450174 ], [ -101.054647, 25.450463 ] ] ] } },
{ "type": "Feature", "properties": { "INTENSIDAD": "Medio", "PUNTAJE": 50, "TITULO": "Riesgo por Deslizamientos Traslacionales", "FENOMENO": "Geológico", "FUENTE": "IMPLAN Saltillo — CARTO SALTILLO, Atlas de Riesgos 2024", "FECHA": "2024" }, "geometry": { "type": "Polygon", "coordinates": [ [ [ -101.052584, 25.450561 ], [ -101.053486, 25.450385 ], [ -101.053542, 25.450632 ], [ -101.052668, 25.450804 ], [ -101.052584, 25.450561 ] ] ] } },
{ "type": "Feature", "properties": { "INTENSIDAD": "Medio", "PUNTAJE": 50, "TITULO": "Riesgo por Deslizamientos Traslacionales", "FENOMENO": "Geológico", "FUENTE": "IMPLAN Saltillo — CARTO SALTILLO, Atlas de Riesgos 2024", "FECHA": "2024" }, "geometry": { "type": "Polygon", "coordinates": [ [ [ -101.052777, 25.451155 ], [ -101.052694, 25.450886 ], [ -101.053567, 25.450714 ], [ -101.053642, 25.450992 ], [ -101.052777, 25.451155 ] ] ] } },
{ "type": "Feature", "properties": { "INTENSIDAD": "Medio", "PUNTAJE": 50, "TITULO": "Riesgo por Deslizamientos Traslacionales", "FENOMENO": "Geológico", "FUENTE": "IMPLAN Saltillo — CARTO SALTILLO, Atlas de Riesgos 2024", "FECHA": "2024" }, "geometry": { "type": "Polygon", "coordinates": [ [ [ -101.060735, 25.450706 ], [ -101.060721, 25.452046 ], [ -101.060164, 25.452033 ], [ -101.060205, 25.450664 ], [ -101.060735, 25.450706 ] ] ] } },
{ "type": "Feature", "properties": { "INTENSIDAD": "Medio", "PUNTAJE": 50, "TITULO": "Riesgo por Deslizamientos Traslacionales", "FENOMENO": "Geológico", "FUENTE": "IMPLAN Saltillo — CARTO SALTILLO, Atlas de Riesgos 2024", "FECHA": "2024" }, "geometry": { "type": "Polygon", "coordinates": [ [ [ -101.05366, 25.451067 ], [ -101.053798, 25.45162 ], [ -101.052984, 25.451788 ], [ -101.052801, 25.451227 ], [ -101.05366, 25.451067 ] ] ] } },
{ "type": "Feature", "properties": { "INTENSIDAD": "Medio", "PUNTAJE": 50, "TITULO": "Riesgo por Deslizamientos Traslacionales", "FENOMENO": "Geológico", "FUENTE": "IMPLAN Saltillo — CARTO SALTILLO, Atlas de Riesgos 2024", "FECHA": "2024" }, "geometry": { "type": "Polygon", "coordinates": [ [ [ -101.064208, 25.451865 ], [ -101.06423, 25.451033 ], [ -101.065365, 25.451132 ], [ -101.064792, 25.4515 ], [ -101.064208, 25.451865 ] ] ] } },
{ "type": "Feature", "properties": { "INTENSIDAD": "Medio", "PUNTAJE": 50, "TITULO": "Riesgo por Deslizamientos Traslacionales", "FENOMENO": "Geológico", "FUENTE": "IMPLAN Saltillo — CARTO SALTILLO, Atlas de Riesgos 2024", "FECHA": "2024" }, "geometry": { "type": "Polygon", "coordinates": [ [ [ -101.062035, 25.451164 ], [ -101.061937, 25.453341 ], [ -101.060784, 25.453323 ], [ -101.06082, 25.45065 ], [ -101.062082, 25.450886 ], [ -101.062035, 25.451164 ] ] ] } },
{ "type": "Feature", "properties": { "INTENSIDAD": "Medio", "PUNTAJE": 50, "TITULO": "Riesgo por Deslizamientos Traslacionales", "FENOMENO": "Geológico", "FUENTE": "IMPLAN Saltillo — CARTO SALTILLO, Atlas de Riesgos 2024", "FECHA": "2024" }, "geometry": { "type": "Polygon", "coordinates": [ [ [ -101.053711, 25.451059 ], [ -101.05397, 25.451009 ], [ -101.053952, 25.450936 ], [ -101.053691, 25.45098 ], [ -101.053634, 25.450697 ], [ -101.054644, 25.450511 ], [ -101.055319, 25.453365 ], [ -101.054356, 25.453554 ], [ -101.053711, 25.451059 ] ] ] } },
{ "type": "Feature", "properties": { "INTENSIDAD": "Medio", "PUNTAJE": 50, "TITULO": "Riesgo por Deslizamientos Traslacionales", "FENOMENO": "Geológico", "FUENTE": "IMPLAN Saltillo — CARTO SALTILLO, Atlas de Riesgos 2024", "FECHA": "2024" }, "geometry": { "type": "Polygon", "coordinates": [ [ [ -101.057999, 25.450765 ], [ -101.057314, 25.453268 ], [ -101.055417, 25.453421 ], [ -101.055096, 25.451936 ], [ -101.056252, 25.451963 ], [ -101.056251, 25.451881 ], [ -101.055082, 25.451856 ], [ -101.054988, 25.451395 ], [ -101.055534, 25.451325 ], [ -101.055526, 25.451264 ], [ -101.054972, 25.451319 ], [ -101.054858, 25.450797 ], [ -101.056275, 25.4508 ], [ -101.05628, 25.450833 ], [ -101.057452, 25.450931 ], [ -101.05749, 25.450663 ], [ -101.057999, 25.450765 ] ] ] } },
{ "type": "Feature", "properties": { "INTENSIDAD": "Medio", "PUNTAJE": 50, "TITULO": "Riesgo por Deslizamientos Traslacionales", "FENOMENO": "Geológico", "FUENTE": "IMPLAN Saltillo — CARTO SALTILLO, Atlas de Riesgos 2024", "FECHA": "2024" }, "geometry": { "type": "Polygon", "coordinates": [ [ [ -101.059096, 25.451004 ], [ -101.059673, 25.450776 ], [ -101.059972, 25.450771 ], [ -101.059948, 25.452128 ], [ -101.0601, 25.452124 ], [ -101.060068, 25.453342 ], [ -101.057387, 25.45327 ], [ -101.057995, 25.451088 ], [ -101.059096, 25.451004 ] ] ] } },
{ "type": "Feature", "properties": { "INTENSIDAD": "Medio", "PUNTAJE": 50, "TITULO": "Riesgo por Deslizamientos Traslacionales", "FENOMENO": "Geológico", "FUENTE": "IMPLAN Saltillo — CARTO SALTILLO, Atlas de Riesgos 2024", "FECHA": "2024" }, "geometry": { "type": "Polygon", "coordinates": [ [ [ -101.064165, 25.451002 ], [ -101.064161, 25.451123 ], [ -101.063962, 25.451107 ], [ -101.063967, 25.451174 ], [ -101.064159, 25.451195 ], [ -101.064139, 25.451908 ], [ -101.063132, 25.45253 ], [ -101.063198, 25.451443 ], [ -101.063135, 25.451457 ], [ -101.063057, 25.452576 ], [ -101.062001, 25.453222 ], [ -101.062097, 25.450894 ], [ -101.064165, 25.451002 ] ] ] } },
{ "type": "Feature", "properties": { "INTENSIDAD": "Medio", "PUNTAJE": 50, "TITULO": "Riesgo por Deslizamientos Traslacionales", "FENOMENO": "Geológico", "FUENTE": "IMPLAN Saltillo — CARTO SALTILLO, Atlas de Riesgos 2024", "FECHA": "2024" }, "geometry": { "type": "Polygon", "coordinates": [ [ [ -101.060719, 25.452135 ], [ -101.060702, 25.453326 ], [ -101.060108, 25.453311 ], [ -101.06016, 25.452127 ], [ -101.060719, 25.452135 ] ] ] } },
{ "type": "Feature", "properties": { "INTENSIDAD": "Medio", "PUNTAJE": 50, "TITULO": "Riesgo por Deslizamientos Traslacionales", "FENOMENO": "Geológico", "FUENTE": "IMPLAN Saltillo — CARTO SALTILLO, Atlas de Riesgos 2024", "FECHA": "2024" }, "geometry": { "type": "Polygon", "coordinates": [ [ [ -101.053609, 25.453762 ], [ -101.053009, 25.451866 ], [ -101.053819, 25.451702 ], [ -101.054277, 25.453621 ], [ -101.053609, 25.453762 ] ] ] } },
{ "type": "Feature", "properties": { "INTENSIDAD": "Medio", "PUNTAJE": 50, "TITULO": "Riesgo por Deslizamientos Traslacionales", "FENOMENO": "Geológico", "FUENTE": "IMPLAN Saltillo — CARTO SALTILLO, Atlas de Riesgos 2024", "FECHA": "2024" }, "geometry": { "type": "Polygon", "coordinates": [ [ [ -101.006564, 25.344523 ], [ -101.006662, 25.344586 ], [ -101.00509, 25.34519 ], [ -101.005045, 25.345106 ], [ -101.006564, 25.344523 ] ] ] } },
{ "type": "Feature", "properties": { "INTENSIDAD": "Medio", "PUNTAJE": 50, "TITULO": "Riesgo por Deslizamientos Traslacionales", "FENOMENO": "Geológico", "FUENTE": "IMPLAN Saltillo — CARTO SALTILLO, Atlas de Riesgos 2024", "FECHA": "2024" }, "geometry": { "type": "Polygon", "coordinates": [ [ [ -101.005833, 25.345033 ], [ -101.006493, 25.344794 ], [ -101.006693, 25.344982 ], [ -101.00594, 25.345265 ], [ -101.005833, 25.345033 ] ] ] } },
{ "type": "Feature", "properties": { "INTENSIDAD": "Medio", "PUNTAJE": 50, "TITULO": "Riesgo por Deslizamientos Traslacionales", "FENOMENO": "Geológico", "FUENTE": "IMPLAN Saltillo — CARTO SALTILLO, Atlas de Riesgos 2024", "FECHA": "2024" }, "geometry": { "type": "Polygon", "coordinates": [ [ [ -101.006808, 25.344627 ], [ -101.007799, 25.345493 ], [ -101.007647, 25.345636 ], [ -101.006585, 25.344716 ], [ -101.006808, 25.344627 ] ] ] } },
{ "type": "Feature", "properties": { "INTENSIDAD": "Medio", "PUNTAJE": 50, "TITULO": "Riesgo por Deslizamientos Traslacionales", "FENOMENO": "Geológico", "FUENTE": "IMPLAN Saltillo — CARTO SALTILLO, Atlas de Riesgos 2024", "FECHA": "2024" }, "geometry": { "type": "Polygon", "coordinates": [ [ [ -101.006915, 25.34439 ], [ -101.008799, 25.34599 ], [ -101.008675, 25.346123 ], [ -101.006731, 25.344458 ], [ -101.006915, 25.34439 ] ] ] } },
{ "type": "Feature", "properties": { "INTENSIDAD": "Medio", "PUNTAJE": 50, "TITULO": "Riesgo por Deslizamientos Traslacionales", "FENOMENO": "Geológico", "FUENTE": "IMPLAN Saltillo — CARTO SALTILLO, Atlas de Riesgos 2024", "FECHA": "2024" }, "geometry": { "type": "Polygon", "coordinates": [ [ [ -101.005714, 25.345089 ], [ -101.005818, 25.345316 ], [ -101.005461, 25.345454 ], [ -101.005351, 25.345234 ], [ -101.005714, 25.345089 ] ] ] } },
{ "type": "Feature", "properties": { "INTENSIDAD": "Medio", "PUNTAJE": 50, "TITULO": "Riesgo por Deslizamientos Traslacionales", "FENOMENO": "Geológico", "FUENTE": "IMPLAN Saltillo — CARTO SALTILLO, Atlas de Riesgos 2024", "FECHA": "2024" }, "geometry": { "type": "Polygon", "coordinates": [ [ [ -101.005298, 25.34552 ], [ -101.005134, 25.345318 ], [ -101.005301, 25.345252 ], [ -101.005404, 25.345479 ], [ -101.005298, 25.34552 ] ] ] } },
{ "type": "Feature", "properties": { "INTENSIDAD": "Medio", "PUNTAJE": 50, "TITULO": "Riesgo por Deslizamientos Traslacionales", "FENOMENO": "Geológico", "FUENTE": "IMPLAN Saltillo — CARTO SALTILLO, Atlas de Riesgos 2024", "FECHA": "2024" }, "geometry": { "type": "Polygon", "coordinates": [ [ [ -101.006457, 25.345204 ], [ -101.006657, 25.345372 ], [ -101.00609, 25.345589 ], [ -101.006, 25.345375 ], [ -101.006457, 25.345204 ] ] ] } },
{ "type": "Feature", "properties": { "INTENSIDAD": "Medio", "PUNTAJE": 50, "TITULO": "Riesgo por Deslizamientos Traslacionales", "FENOMENO": "Geológico", "FUENTE": "IMPLAN Saltillo — CARTO SALTILLO, Atlas de Riesgos 2024", "FECHA": "2024" }, "geometry": { "type": "Polygon", "coordinates": [ [ [ -101.006725, 25.345038 ], [ -101.007523, 25.345722 ], [ -101.007344, 25.345862 ], [ -101.006484, 25.345133 ], [ -101.006725, 25.345038 ] ] ] } },
{ "type": "Feature", "properties": { "INTENSIDAD": "Medio", "PUNTAJE": 50, "TITULO": "Riesgo por Deslizamientos Traslacionales", "FENOMENO": "Geológico", "FUENTE": "IMPLAN Saltillo — CARTO SALTILLO, Atlas de Riesgos 2024", "FECHA": "2024" }, "geometry": { "type": "Polygon", "coordinates": [ [ [ -101.005404, 25.345625 ], [ -101.005872, 25.345447 ], [ -101.005965, 25.345636 ], [ -101.005479, 25.345818 ], [ -101.005404, 25.345625 ] ] ] } },
{ "type": "Feature", "properties": { "INTENSIDAD": "Medio", "PUNTAJE": 50, "TITULO": "Riesgo por Deslizamientos Traslacionales", "FENOMENO": "Geológico", "FUENTE": "IMPLAN Saltillo — CARTO SALTILLO, Atlas de Riesgos 2024", "FECHA": "2024" }, "geometry": { "type": "Polygon", "coordinates": [ [ [ -101.006761, 25.345468 ], [ -101.006982, 25.345661 ], [ -101.006247, 25.345932 ], [ -101.006132, 25.3457 ], [ -101.006761, 25.345468 ] ] ] } },
{ "type": "Feature", "properties": { "INTENSIDAD": "Medio", "PUNTAJE": 50, "TITULO": "Riesgo por Deslizamientos Traslacionales", "FENOMENO": "Geológico", "FUENTE": "IMPLAN Saltillo — CARTO SALTILLO, Atlas de Riesgos 2024", "FECHA": "2024" }, "geometry": { "type": "Polygon", "coordinates": [ [ [ -101.006007, 25.345743 ], [ -101.006111, 25.345964 ], [ -101.005818, 25.346071 ], [ -101.005725, 25.345854 ], [ -101.006007, 25.345743 ] ] ] } },
{ "type": "Feature", "properties": { "INTENSIDAD": "Medio", "PUNTAJE": 50, "TITULO": "Riesgo por Deslizamientos Traslacionales", "FENOMENO": "Geológico", "FUENTE": "IMPLAN Saltillo — CARTO SALTILLO, Atlas de Riesgos 2024", "FECHA": "2024" }, "geometry": { "type": "Polygon", "coordinates": [ [ [ -101.006282, 25.346028 ], [ -101.007078, 25.345725 ], [ -101.007288, 25.345911 ], [ -101.006389, 25.34626 ], [ -101.006282, 25.346028 ] ] ] } },
{ "type": "Feature", "properties": { "INTENSIDAD": "Medio", "PUNTAJE": 50, "TITULO": "Riesgo por Deslizamientos Traslacionales", "FENOMENO": "Geológico", "FUENTE": "IMPLAN Saltillo — CARTO SALTILLO, Atlas de Riesgos 2024", "FECHA": "2024" }, "geometry": { "type": "Polygon", "coordinates": [ [ [ -101.003408, 25.349553 ], [ -101.003796, 25.349473 ], [ -101.004158, 25.349408 ], [ -101.00368, 25.349778 ], [ -101.003408, 25.349553 ] ] ] } },
{ "type": "Feature", "properties": { "INTENSIDAD": "Medio", "PUNTAJE": 50, "TITULO": "Riesgo por Deslizamientos Traslacionales", "FENOMENO": "Geológico", "FUENTE": "IMPLAN Saltillo — CARTO SALTILLO, Atlas de Riesgos 2024", "FECHA": "2024" }, "geometry": { "type": "Polygon", "coordinates": [ [ [ -101.003766, 25.349864 ], [ -101.004714, 25.349074 ], [ -101.004966, 25.349386 ], [ -101.004028, 25.350146 ], [ -101.003766, 25.349864 ] ] ] } },
{ "type": "Feature", "properties": { "INTENSIDAD": "Medio", "PUNTAJE": 50, "TITULO": "Riesgo por Deslizamientos Traslacionales", "FENOMENO": "Geológico", "FUENTE": "IMPLAN Saltillo — CARTO SALTILLO, Atlas de Riesgos 2024", "FECHA": "2024" }, "geometry": { "type": "Polygon", "coordinates": [ [ [ -101.004301, 25.350567 ], [ -101.003483, 25.351248 ], [ -101.00319, 25.350975 ], [ -101.004022, 25.350287 ], [ -101.004301, 25.350567 ] ] ] } },
{ "type": "Feature", "properties": { "INTENSIDAD": "Medio", "PUNTAJE": 50, "TITULO": "Riesgo por Deslizamientos Traslacionales", "FENOMENO": "Geológico", "FUENTE": "IMPLAN Saltillo — CARTO SALTILLO, Atlas de Riesgos 2024", "FECHA": "2024" }, "geometry": { "type": "Polygon", "coordinates": [ [ [ -101.039216, 25.395801 ], [ -101.038412, 25.395569 ], [ -101.037203, 25.395367 ], [ -101.037515, 25.395209 ], [ -101.038633, 25.395402 ], [ -101.039555, 25.395783 ], [ -101.04012, 25.396164 ], [ -101.040751, 25.396743 ], [ -101.04167, 25.398004 ], [ -101.043234, 25.398073 ], [ -101.043069, 25.39882 ], [ -101.042086, 25.398723 ], [ -101.041617, 25.398462 ], [ -101.040706, 25.396996 ], [ -101.04018, 25.396495 ], [ -101.039216, 25.395801 ] ] ] } },
{ "type": "Feature", "properties": { "INTENSIDAD": "Medio", "PUNTAJE": 50, "TITULO": "Riesgo por Deslizamientos Traslacionales", "FENOMENO": "Geológico", "FUENTE": "IMPLAN Saltillo — CARTO SALTILLO, Atlas de Riesgos 2024", "FECHA": "2024" }, "geometry": { "type": "Polygon", "coordinates": [ [ [ -101.040293, 25.39882 ], [ -101.040337, 25.399009 ], [ -101.038201, 25.398937 ], [ -101.037535, 25.399112 ], [ -101.037742, 25.398757 ], [ -101.038282, 25.3986 ], [ -101.038873, 25.398267 ], [ -101.039305, 25.398339 ], [ -101.040293, 25.39882 ] ] ] } },
{ "type": "Feature", "properties": { "INTENSIDAD": "Medio", "PUNTAJE": 50, "TITULO": "Riesgo por Deslizamientos Traslacionales", "FENOMENO": "Geológico", "FUENTE": "IMPLAN Saltillo — CARTO SALTILLO, Atlas de Riesgos 2024", "FECHA": "2024" }, "geometry": { "type": "Polygon", "coordinates": [ [ [ -101.035912, 25.450613 ], [ -101.035936, 25.450554 ], [ -101.035426, 25.450331 ], [ -101.035709, 25.4493 ], [ -101.033596, 25.44892 ], [ -101.032709, 25.448451 ], [ -101.032056, 25.448212 ], [ -101.031759, 25.448705 ], [ -101.031845, 25.448842 ], [ -101.030573, 25.448112 ], [ -101.029514, 25.447601 ], [ -101.029444, 25.447728 ], [ -101.029189, 25.447604 ], [ -101.029277, 25.447499 ], [ -101.028277, 25.447101 ], [ -101.026978, 25.448578 ], [ -101.026142, 25.448025 ], [ -101.027417, 25.446709 ], [ -101.026058, 25.445774 ], [ -101.024886, 25.447016 ], [ -101.024258, 25.446484 ], [ -101.025354, 25.445435 ], [ -101.025369, 25.444853 ], [ -101.02503, 25.444601 ], [ -101.02576, 25.443878 ], [ -101.025661, 25.443158 ], [ -101.025299, 25.442926 ], [ -101.025257, 25.442749 ], [ -101.024647, 25.442789 ], [ -101.024383, 25.443138 ], [ -101.023919, 25.442854 ], [ -101.023994, 25.442774 ], [ -101.023858, 25.442688 ], [ -101.024109, 25.442417 ], [ -101.023933, 25.442281 ], [ -101.024523, 25.441717 ], [ -101.025216, 25.441877 ], [ -101.025692, 25.442165 ], [ -101.026119, 25.442316 ], [ -101.026429, 25.442207 ], [ -101.027182, 25.442187 ], [ -101.028706, 25.44254 ], [ -101.029217, 25.442989 ], [ -101.03168, 25.44405 ], [ -101.032399, 25.444467 ], [ -101.032841, 25.44447 ], [ -101.033223, 25.444705 ], [ -101.033532, 25.444755 ], [ -101.034054, 25.445349 ], [ -101.033903, 25.445554 ], [ -101.03444, 25.445888 ], [ -101.034869, 25.446457 ], [ -101.035522, 25.44674 ], [ -101.036498, 25.446944 ], [ -101.037126, 25.447407 ], [ -101.037483, 25.448259 ], [ -101.037651, 25.448404 ], [ -101.038324, 25.448845 ], [ -101.039719, 25.449494 ], [ -101.041021, 25.449509 ], [ -101.04454, 25.449236 ], [ -101.046178, 25.449342 ], [ -101.047269, 25.449274 ], [ -101.049189, 25.448599 ], [ -101.048841, 25.449171 ], [ -101.048524, 25.449493 ], [ -101.047887, 25.449837 ], [ -101.046893, 25.450128 ], [ -101.04631, 25.450495 ], [ -101.044636, 25.450761 ], [ -101.04455, 25.450959 ], [ -101.044075, 25.451111 ], [ -101.042817, 25.45177 ], [ -101.042087, 25.452532 ], [ -101.041592, 25.452174 ], [ -101.042167, 25.451688 ], [ -101.042072, 25.451629 ], [ -101.041465, 25.452173 ], [ -101.04202, 25.45261 ], [ -101.041894, 25.452781 ], [ -101.041972, 25.454295 ], [ -101.040726, 25.455587 ], [ -101.034135, 25.453897 ], [ -101.033151, 25.453365 ], [ -101.035869, 25.450683 ], [ -101.038619, 25.451883 ], [ -101.038794, 25.451398 ], [ -101.038709, 25.451386 ], [ -101.038567, 25.451751 ], [ -101.035912, 25.450613 ] ] ] } },
{ "type": "Feature", "properties": { "INTENSIDAD": "Medio", "PUNTAJE": 50, "TITULO": "Riesgo por Deslizamientos Traslacionales", "FENOMENO": "Geológico", "FUENTE": "IMPLAN Saltillo — CARTO SALTILLO, Atlas de Riesgos 2024", "FECHA": "2024" }, "geometry": { "type": "Polygon", "coordinates": [ [ [ -101.000716, 25.349717 ], [ -101.000464, 25.349436 ], [ -101.001105, 25.348939 ], [ -101.001365, 25.349222 ], [ -101.000716, 25.349717 ] ] ] } },
{ "type": "Feature", "properties": { "INTENSIDAD": "Medio", "PUNTAJE": 50, "TITULO": "Riesgo por Deslizamientos Traslacionales", "FENOMENO": "Geológico", "FUENTE": "IMPLAN Saltillo — CARTO SALTILLO, Atlas de Riesgos 2024", "FECHA": "2024" }, "geometry": { "type": "Polygon", "coordinates": [ [ [ -101.001849, 25.349054 ], [ -101.002509, 25.349194 ], [ -101.002643, 25.349158 ], [ -101.003322, 25.349456 ], [ -101.002477, 25.350186 ], [ -101.000897, 25.348637 ], [ -101.001849, 25.349054 ] ] ] } },
{ "type": "Feature", "properties": { "INTENSIDAD": "Medio", "PUNTAJE": 50, "TITULO": "Riesgo por Deslizamientos Traslacionales", "FENOMENO": "Geológico", "FUENTE": "IMPLAN Saltillo — CARTO SALTILLO, Atlas de Riesgos 2024", "FECHA": "2024" }, "geometry": { "type": "Polygon", "coordinates": [ [ [ -101.00076, 25.349774 ], [ -101.001423, 25.349272 ], [ -101.001723, 25.349601 ], [ -101.001063, 25.350096 ], [ -101.00076, 25.349774 ] ] ] } },
{ "type": "Feature", "properties": { "INTENSIDAD": "Medio", "PUNTAJE": 50, "TITULO": "Riesgo por Deslizamientos Traslacionales", "FENOMENO": "Geológico", "FUENTE": "IMPLAN Saltillo — CARTO SALTILLO, Atlas de Riesgos 2024", "FECHA": "2024" }, "geometry": { "type": "Polygon", "coordinates": [ [ [ -101.00333, 25.349583 ], [ -101.00362, 25.349863 ], [ -101.002823, 25.350519 ], [ -101.002531, 25.350232 ], [ -101.00333, 25.349583 ] ] ] } },
{ "type": "Feature", "properties": { "INTENSIDAD": "Medio", "PUNTAJE": 50, "TITULO": "Riesgo por Deslizamientos Traslacionales", "FENOMENO": "Geológico", "FUENTE": "IMPLAN Saltillo — CARTO SALTILLO, Atlas de Riesgos 2024", "FECHA": "2024" }, "geometry": { "type": "Polygon", "coordinates": [ [ [ -101.00138, 25.350474 ], [ -101.001095, 25.350164 ], [ -101.001785, 25.349648 ], [ -101.002045, 25.349909 ], [ -101.00138, 25.350474 ] ] ] } },
{ "type": "Feature", "properties": { "INTENSIDAD": "Medio", "PUNTAJE": 50, "TITULO": "Riesgo por Deslizamientos Traslacionales", "FENOMENO": "Geológico", "FUENTE": "IMPLAN Saltillo — CARTO SALTILLO, Atlas de Riesgos 2024", "FECHA": "2024" }, "geometry": { "type": "Polygon", "coordinates": [ [ [ -101.000409, 25.350629 ], [ -101.000032, 25.350273 ], [ -101.000547, 25.349828 ], [ -101.000936, 25.350199 ], [ -101.000409, 25.350629 ] ] ] } },
{ "type": "Feature", "properties": { "INTENSIDAD": "Medio", "PUNTAJE": 50, "TITULO": "Riesgo por Deslizamientos Traslacionales", "FENOMENO": "Geológico", "FUENTE": "IMPLAN Saltillo — CARTO SALTILLO, Atlas de Riesgos 2024", "FECHA": "2024" }, "geometry": { "type": "Polygon", "coordinates": [ [ [ -101.00206, 25.349983 ], [ -101.002391, 25.350261 ], [ -101.001731, 25.350833 ], [ -101.001425, 25.350515 ], [ -101.00206, 25.349983 ] ] ] } },
{ "type": "Feature", "properties": { "INTENSIDAD": "Medio", "PUNTAJE": 50, "TITULO": "Riesgo por Deslizamientos Traslacionales", "FENOMENO": "Geológico", "FUENTE": "IMPLAN Saltillo — CARTO SALTILLO, Atlas de Riesgos 2024", "FECHA": "2024" }, "geometry": { "type": "Polygon", "coordinates": [ [ [ -101.003116, 25.350905 ], [ -101.002839, 25.350634 ], [ -101.003678, 25.349936 ], [ -101.003955, 25.350218 ], [ -101.003116, 25.350905 ] ] ] } },
{ "type": "Feature", "properties": { "INTENSIDAD": "Medio", "PUNTAJE": 50, "TITULO": "Riesgo por Deslizamientos Traslacionales", "FENOMENO": "Geológico", "FUENTE": "IMPLAN Saltillo — CARTO SALTILLO, Atlas de Riesgos 2024", "FECHA": "2024" }, "geometry": { "type": "Polygon", "coordinates": [ [ [ -101.001741, 25.350901 ], [ -101.002467, 25.350319 ], [ -101.002727, 25.35059 ], [ -101.001995, 25.351199 ], [ -101.001741, 25.350901 ] ] ] } },
{ "type": "Feature", "properties": { "INTENSIDAD": "Medio", "PUNTAJE": 50, "TITULO": "Riesgo por Deslizamientos Traslacionales", "FENOMENO": "Geológico", "FUENTE": "IMPLAN Saltillo — CARTO SALTILLO, Atlas de Riesgos 2024", "FECHA": "2024" }, "geometry": { "type": "Polygon", "coordinates": [ [ [ -101.001048, 25.350807 ], [ -101.001314, 25.350608 ], [ -101.001617, 25.350915 ], [ -101.001086, 25.351321 ], [ -101.000472, 25.350673 ], [ -101.000967, 25.350268 ], [ -101.001275, 25.350571 ], [ -101.001048, 25.350807 ] ] ] } },
{ "type": "Feature", "properties": { "INTENSIDAD": "Medio", "PUNTAJE": 50, "TITULO": "Riesgo por Deslizamientos Traslacionales", "FENOMENO": "Geológico", "FUENTE": "IMPLAN Saltillo — CARTO SALTILLO, Atlas de Riesgos 2024", "FECHA": "2024" }, "geometry": { "type": "Polygon", "coordinates": [ [ [ -101.000057, 25.350636 ], [ -100.999828, 25.350388 ], [ -100.999909, 25.350324 ], [ -101.001089, 25.351443 ], [ -101.001624, 25.351007 ], [ -101.001898, 25.351283 ], [ -101.00124, 25.35182 ], [ -101.001114, 25.35171 ], [ -101.000998, 25.351807 ], [ -100.999949, 25.350765 ], [ -101.000057, 25.350636 ] ] ] } },
{ "type": "Feature", "properties": { "INTENSIDAD": "Medio", "PUNTAJE": 50, "TITULO": "Riesgo por Deslizamientos Traslacionales", "FENOMENO": "Geológico", "FUENTE": "IMPLAN Saltillo — CARTO SALTILLO, Atlas de Riesgos 2024", "FECHA": "2024" }, "geometry": { "type": "Polygon", "coordinates": [ [ [ -101.002792, 25.350661 ], [ -101.003079, 25.35094 ], [ -101.002358, 25.351529 ], [ -101.002103, 25.351313 ], [ -101.002792, 25.350661 ] ] ] } },
{ "type": "Feature", "properties": { "INTENSIDAD": "Medio", "PUNTAJE": 50, "TITULO": "Riesgo por Deslizamientos Traslacionales", "FENOMENO": "Geológico", "FUENTE": "IMPLAN Saltillo — CARTO SALTILLO, Atlas de Riesgos 2024", "FECHA": "2024" }, "geometry": { "type": "Polygon", "coordinates": [ [ [ -101.002405, 25.351575 ], [ -101.003127, 25.350986 ], [ -101.003395, 25.351275 ], [ -101.00269, 25.351852 ], [ -101.002405, 25.351575 ] ] ] } },
{ "type": "Feature", "properties": { "INTENSIDAD": "Medio", "PUNTAJE": 50, "TITULO": "Riesgo por Deslizamientos Traslacionales", "FENOMENO": "Geológico", "FUENTE": "IMPLAN Saltillo — CARTO SALTILLO, Atlas de Riesgos 2024", "FECHA": "2024" }, "geometry": { "type": "Polygon", "coordinates": [ [ [ -100.983084, 25.361613 ], [ -100.982692, 25.362083 ], [ -100.982249, 25.362097 ], [ -100.982283, 25.361761 ], [ -100.983084, 25.361613 ] ] ] } },
{ "type": "Feature", "properties": { "INTENSIDAD": "Medio", "PUNTAJE": 50, "TITULO": "Riesgo por Deslizamientos Traslacionales", "FENOMENO": "Geológico", "FUENTE": "IMPLAN Saltillo — CARTO SALTILLO, Atlas de Riesgos 2024", "FECHA": "2024" }, "geometry": { "type": "Polygon", "coordinates": [ [ [ -100.982745, 25.362085 ], [ -100.983141, 25.361626 ], [ -100.983149, 25.361403 ], [ -100.98309, 25.36139 ], [ -100.983083, 25.361568 ], [ -100.982292, 25.361716 ], [ -100.982458, 25.361143 ], [ -100.982732, 25.361019 ], [ -100.984079, 25.361365 ], [ -100.983622, 25.362495 ], [ -100.98304, 25.363428 ], [ -100.982835, 25.363099 ], [ -100.982875, 25.362488 ], [ -100.982745, 25.362085 ] ] ] } },
{ "type": "Feature", "properties": { "INTENSIDAD": "Medio", "PUNTAJE": 50, "TITULO": "Riesgo por Deslizamientos Traslacionales", "FENOMENO": "Geológico", "FUENTE": "IMPLAN Saltillo — CARTO SALTILLO, Atlas de Riesgos 2024", "FECHA": "2024" }, "geometry": { "type": "Polygon", "coordinates": [ [ [ -100.992791, 25.493616 ], [ -100.992902, 25.493435 ], [ -100.993799, 25.493298 ], [ -100.99493, 25.492845 ], [ -100.99572, 25.492675 ], [ -100.995908, 25.4925 ], [ -100.996813, 25.492544 ], [ -100.997128, 25.492438 ], [ -100.9981, 25.49179 ], [ -100.999535, 25.491662 ], [ -100.999882, 25.491395 ], [ -101.000165, 25.490985 ], [ -101.001642, 25.490335 ], [ -101.002091, 25.489636 ], [ -101.002633, 25.489093 ], [ -101.003061, 25.488336 ], [ -101.003871, 25.487868 ], [ -101.004109, 25.487614 ], [ -101.004399, 25.486881 ], [ -101.005287, 25.486065 ], [ -101.005668, 25.485576 ], [ -101.006148, 25.485223 ], [ -101.007312, 25.484639 ], [ -101.005961, 25.486303 ], [ -101.005084, 25.487706 ], [ -101.005255, 25.489684 ], [ -101.003133, 25.491196 ], [ -101.001816, 25.492525 ], [ -101.000732, 25.492417 ], [ -101.000146, 25.492266 ], [ -101.000184, 25.492404 ], [ -101.000067, 25.492525 ], [ -100.999565, 25.492588 ], [ -100.998529, 25.492915 ], [ -100.997972, 25.493274 ], [ -100.997274, 25.494194 ], [ -100.997271, 25.494324 ], [ -100.997677, 25.494904 ], [ -100.997577, 25.495226 ], [ -100.996156, 25.497194 ], [ -100.995923, 25.497385 ], [ -100.995784, 25.497447 ], [ -100.995588, 25.497408 ], [ -100.994556, 25.496561 ], [ -100.993418, 25.49589 ], [ -100.992544, 25.495662 ], [ -100.992437, 25.495587 ], [ -100.992291, 25.495161 ], [ -100.991889, 25.494684 ], [ -100.991277, 25.494451 ], [ -100.990782, 25.494157 ], [ -100.991046, 25.493962 ], [ -100.991379, 25.493846 ], [ -100.991969, 25.493943 ], [ -100.992791, 25.493616 ] ] ] } }
]
}
