{
"type": "FeatureCollection",
"name": "servicios_basicos",
"crs": { "type": "name", "properties": { "name": "urn:ogc:def:crs:OGC:1.3:CRS84" } },
"xy_coordinate_resolution": 1e-06,
"features": [
{ "type": "Feature", "properties": { "CVEGEO": "0503000012687", "NOM_MUN": "Saltillo", "COLONIA": "VISTA HERMOSA", "POBTOT": 2010.0, "TVIVHAB": 534.0, "PCT_ELECTRICIDAD": 99.812734082397, "PCT_AGUA": 99.812734082397, "PCT_DRENAJE": 99.812734082397, "PCT_INTERNET": 68.726591760299627, "SERVICIOS_INDEX": 92.041198501872657, "MOTIVO_SIN_DATO": null }, "geometry": { "type": "Polygon", "coordinates": [ [ [ -100.945265, 25.40321 ], [ -100.945702, 25.403119 ], [ -100.945148, 25.40138 ], [ -100.946741, 25.400932 ], [ -100.946568, 25.400393 ], [ -100.948145, 25.399971 ], [ -100.949501, 25.404196 ], [ -100.947928, 25.404637 ], [ -100.948155, 25.40533 ], [ -100.946142, 25.405879 ], [ -100.945265, 25.40321 ] ] ] } },
{ "type": "Feature", "properties": { "CVEGEO": "0503000012259", "NOM_MUN": "Saltillo", "COLONIA": "ISABEL AMALIA DE FLORES TAPIA", "POBTOT": 1165.0, "TVIVHAB": 297.0, "PCT_ELECTRICIDAD": 99.663299663299668, "PCT_AGUA": 100.0, "PCT_DRENAJE": 100.0, "PCT_INTERNET": 59.932659932659938, "SERVICIOS_INDEX": 89.898989898989896, "MOTIVO_SIN_DATO": null }, "geometry": { "type": "Polygon", "coordinates": [ [ [ -101.010873, 25.441438 ], [ -101.011992, 25.442366 ], [ -101.011047, 25.443995 ], [ -101.011598, 25.444356 ], [ -101.011165, 25.445127 ], [ -101.011277, 25.445168 ], [ -101.011, 25.445588 ], [ -101.008738, 25.444639 ], [ -101.010873, 25.441438 ] ] ] } },
{ "type": "Feature", "properties": { "CVEGEO": "0503000015802", "NOM_MUN": "Saltillo", "COLONIA": "SAN IGNACIO", "POBTOT": 38.0, "TVIVHAB": 7.0, "PCT_ELECTRICIDAD": 100.0, "PCT_AGUA": 100.0, "PCT_DRENAJE": 100.0, "PCT_INTERNET": 57.142857142857139, "SERVICIOS_INDEX": 89.285714285714278, "MOTIVO_SIN_DATO": null }, "geometry": { "type": "Polygon", "coordinates": [ [ [ -100.935585, 25.407247 ], [ -100.935144, 25.405924 ], [ -100.935449, 25.405837 ], [ -100.935728, 25.406773 ], [ -100.936029, 25.40669 ], [ -100.936167, 25.407092 ], [ -100.935585, 25.407247 ] ] ] } },
{ "type": "Feature", "properties": { "CVEGEO": "0503000012085", "NOM_MUN": "Saltillo", "COLONIA": "PORTAL DE ARAGÓN", "POBTOT": 1537.0, "TVIVHAB": 517.0, "PCT_ELECTRICIDAD": 99.613152804642169, "PCT_AGUA": 99.613152804642169, "PCT_DRENAJE": 99.613152804642169, "PCT_INTERNET": 94.777562862669242, "SERVICIOS_INDEX": 98.404255319148945, "MOTIVO_SIN_DATO": null }, "geometry": { "type": "Polygon", "coordinates": [ [ [ -100.965993, 25.450809 ], [ -100.967666, 25.446988 ], [ -100.967105, 25.446479 ], [ -100.967571, 25.446081 ], [ -100.970245, 25.446668 ], [ -100.97065, 25.44661 ], [ -100.970822, 25.447824 ], [ -100.97117, 25.448711 ], [ -100.96794, 25.454107 ], [ -100.965903, 25.45309 ], [ -100.966988, 25.451304 ], [ -100.965993, 25.450809 ] ] ] } },
{ "type": "Feature", "properties": { "CVEGEO": "0503000014965", "NOM_MUN": "Saltillo", "COLONIA": "PUERTA DEL ORIENTE", "POBTOT": 1671.0, "TVIVHAB": 434.0, "PCT_ELECTRICIDAD": 100.0, "PCT_AGUA": 98.84792626728111, "PCT_DRENAJE": 99.078341013824883, "PCT_INTERNET": 49.769585253456221, "SERVICIOS_INDEX": 86.923963133640555, "MOTIVO_SIN_DATO": null }, "geometry": { "type": "Polygon", "coordinates": [ [ [ -100.910499, 25.436011 ], [ -100.904091, 25.417998 ], [ -100.906139, 25.417394 ], [ -100.91024, 25.429146 ], [ -100.910179, 25.429263 ], [ -100.912416, 25.435691 ], [ -100.910499, 25.436011 ] ] ] } },
{ "type": "Feature", "properties": { "CVEGEO": "0503000012206", "NOM_MUN": "Saltillo", "COLONIA": "VALLE DE LAS FLORES", "POBTOT": 3825.0, "TVIVHAB": 1125.0, "PCT_ELECTRICIDAD": 100.0, "PCT_AGUA": 100.0, "PCT_DRENAJE": 100.0, "PCT_INTERNET": 74.4, "SERVICIOS_INDEX": 93.6, "MOTIVO_SIN_DATO": null }, "geometry": { "type": "Polygon", "coordinates": [ [ [ -100.963259, 25.43325 ], [ -100.963339, 25.434544 ], [ -100.963208, 25.435616 ], [ -100.963082, 25.435785 ], [ -100.962689, 25.43596 ], [ -100.962544, 25.436621 ], [ -100.962224, 25.437226 ], [ -100.962222, 25.43817 ], [ -100.961909, 25.438777 ], [ -100.961799, 25.439987 ], [ -100.961887, 25.440876 ], [ -100.959614, 25.441217 ], [ -100.958904, 25.438495 ], [ -100.958643, 25.43715 ], [ -100.958081, 25.437139 ], [ -100.957774, 25.435621 ], [ -100.957266, 25.435667 ], [ -100.957018, 25.433831 ], [ -100.956709, 25.433871 ], [ -100.956642, 25.43344 ], [ -100.957811, 25.433276 ], [ -100.958022, 25.433482 ], [ -100.960073, 25.433213 ], [ -100.960263, 25.43283 ], [ -100.963259, 25.43325 ] ] ] } },
{ "type": "Feature", "properties": { "CVEGEO": "0503000010055", "NOM_MUN": "Saltillo", "COLONIA": "LOS MAESTROS", "POBTOT": 1501.0, "TVIVHAB": 559.0, "PCT_ELECTRICIDAD": 96.422182468694089, "PCT_AGUA": 96.422182468694089, "PCT_DRENAJE": 96.422182468694089, "PCT_INTERNET": 86.940966010733462, "SERVICIOS_INDEX": 94.051878354203936, "MOTIVO_SIN_DATO": null }, "geometry": { "type": "Polygon", "coordinates": [ [ [ -101.005251, 25.446427 ], [ -101.005266, 25.446787 ], [ -101.005134, 25.447232 ], [ -101.002663, 25.452474 ], [ -100.996019, 25.449914 ], [ -100.989449, 25.447061 ], [ -100.992382, 25.440897 ], [ -100.997209, 25.442672 ], [ -101.003645, 25.445177 ], [ -101.003672, 25.445107 ], [ -101.004664, 25.445559 ], [ -101.005091, 25.446022 ], [ -101.005251, 25.446427 ] ] ] } },
{ "type": "Feature", "properties": { "CVEGEO": "0503000014096", "NOM_MUN": "Saltillo", "COLONIA": "PUERTO DE FLORES", "POBTOT": 299.0, "TVIVHAB": 84.0, "PCT_ELECTRICIDAD": 96.428571428571431, "PCT_AGUA": 95.238095238095227, "PCT_DRENAJE": 97.61904761904762, "PCT_INTERNET": 30.952380952380953, "SERVICIOS_INDEX": 80.05952380952381, "MOTIVO_SIN_DATO": null }, "geometry": { "type": "Polygon", "coordinates": [ [ [ -101.028717, 25.442505 ], [ -101.028091, 25.441784 ], [ -101.027673, 25.441002 ], [ -101.027021, 25.440365 ], [ -101.026118, 25.439221 ], [ -101.026657, 25.439143 ], [ -101.026944, 25.438982 ], [ -101.027184, 25.438639 ], [ -101.027706, 25.438491 ], [ -101.027955, 25.438347 ], [ -101.02815, 25.438089 ], [ -101.029059, 25.43762 ], [ -101.029423, 25.437273 ], [ -101.029715, 25.436578 ], [ -101.030141, 25.436391 ], [ -101.030169, 25.436304 ], [ -101.030236, 25.436363 ], [ -101.030479, 25.436286 ], [ -101.031199, 25.435476 ], [ -101.03102, 25.436002 ], [ -101.031228, 25.436184 ], [ -101.031203, 25.436364 ], [ -101.032121, 25.437183 ], [ -101.033276, 25.436057 ], [ -101.034043, 25.436672 ], [ -101.035967, 25.43477 ], [ -101.040037, 25.436584 ], [ -101.041203, 25.436836 ], [ -101.041994, 25.437134 ], [ -101.042179, 25.437439 ], [ -101.042286, 25.437401 ], [ -101.043211, 25.437678 ], [ -101.043637, 25.437931 ], [ -101.045601, 25.438122 ], [ -101.045528, 25.438648 ], [ -101.045925, 25.43981 ], [ -101.04608, 25.440036 ], [ -101.046181, 25.440836 ], [ -101.046312, 25.441079 ], [ -101.047168, 25.442011 ], [ -101.047266, 25.442951 ], [ -101.04743, 25.443329 ], [ -101.047931, 25.443822 ], [ -101.04815, 25.444608 ], [ -101.048707, 25.445053 ], [ -101.04871, 25.44627 ], [ -101.048651, 25.446747 ], [ -101.048552, 25.446926 ], [ -101.048549, 25.447332 ], [ -101.048749, 25.44769 ], [ -101.04886, 25.447781 ], [ -101.049156, 25.447812 ], [ -101.049254, 25.447914 ], [ -101.049397, 25.448432 ], [ -101.04935, 25.44856 ], [ -101.047285, 25.44924 ], [ -101.046181, 25.449305 ], [ -101.044551, 25.449197 ], [ -101.040221, 25.449503 ], [ -101.039724, 25.449472 ], [ -101.038885, 25.44902 ], [ -101.038335, 25.448824 ], [ -101.037524, 25.448259 ], [ -101.037162, 25.447407 ], [ -101.036519, 25.446936 ], [ -101.035533, 25.446726 ], [ -101.034903, 25.446451 ], [ -101.034469, 25.44587 ], [ -101.03395, 25.445553 ], [ -101.03408, 25.445349 ], [ -101.033557, 25.444748 ], [ -101.033243, 25.444692 ], [ -101.032859, 25.444454 ], [ -101.032412, 25.44444 ], [ -101.031713, 25.444004 ], [ -101.029261, 25.442984 ], [ -101.028717, 25.442505 ] ] ] } },
{ "type": "Feature", "properties": { "CVEGEO": "0503000014486", "NOM_MUN": "Saltillo", "COLONIA": "PROFESOR FEDERICO BERRUETO RAMÓN", "POBTOT": 4616.0, "TVIVHAB": 1189.0, "PCT_ELECTRICIDAD": 99.915895710681241, "PCT_AGUA": 99.663582842724978, "PCT_DRENAJE": 99.915895710681241, "PCT_INTERNET": 67.619848612279227, "SERVICIOS_INDEX": 91.778805719091665, "MOTIVO_SIN_DATO": null }, "geometry": { "type": "Polygon", "coordinates": [ [ [ -100.978259, 25.381815 ], [ -100.978163, 25.380874 ], [ -100.977733, 25.379772 ], [ -100.977006, 25.378273 ], [ -100.978866, 25.377013 ], [ -100.981603, 25.380282 ], [ -100.982521, 25.381512 ], [ -100.979084, 25.384272 ], [ -100.978294, 25.382768 ], [ -100.978212, 25.382455 ], [ -100.978259, 25.381815 ] ] ] } },
{ "type": "Feature", "properties": { "CVEGEO": "0503000013045", "NOM_MUN": "Saltillo", "COLONIA": "SATÉLITE SUR", "POBTOT": 5379.0, "TVIVHAB": 1404.0, "PCT_ELECTRICIDAD": 99.857549857549856, "PCT_AGUA": 99.857549857549856, "PCT_DRENAJE": 99.857549857549856, "PCT_INTERNET": 70.655270655270655, "SERVICIOS_INDEX": 92.556980056980052, "MOTIVO_SIN_DATO": null }, "geometry": { "type": "Polygon", "coordinates": [ [ [ -101.01331, 25.456488 ], [ -101.010109, 25.455288 ], [ -101.010395, 25.454742 ], [ -101.010938, 25.454727 ], [ -101.012597, 25.451726 ], [ -101.01509, 25.452819 ], [ -101.023358, 25.452561 ], [ -101.0232, 25.451732 ], [ -101.024939, 25.452514 ], [ -101.025437, 25.455097 ], [ -101.015393, 25.456672 ], [ -101.014384, 25.456671 ], [ -101.01331, 25.456488 ] ] ] } },
{ "type": "Feature", "properties": { "CVEGEO": "0503000010074", "NOM_MUN": "Saltillo", "COLONIA": "DEL ISSSTE", "POBTOT": 1674.0, "TVIVHAB": 557.0, "PCT_ELECTRICIDAD": 98.74326750448833, "PCT_AGUA": 98.74326750448833, "PCT_DRENAJE": 98.74326750448833, "PCT_INTERNET": 88.8689407540395, "SERVICIOS_INDEX": 96.274685816876115, "MOTIVO_SIN_DATO": null }, "geometry": { "type": "Polygon", "coordinates": [ [ [ -100.98356, 25.444692 ], [ -100.980643, 25.443561 ], [ -100.983966, 25.436222 ], [ -100.986896, 25.437375 ], [ -100.98356, 25.444692 ] ] ] } },
{ "type": "Feature", "properties": { "CVEGEO": "0503000012600", "NOM_MUN": "Saltillo", "COLONIA": "VISTA HERMOSA", "POBTOT": 2228.0, "TVIVHAB": 625.0, "PCT_ELECTRICIDAD": 99.04, "PCT_AGUA": 98.56, "PCT_DRENAJE": 98.56, "PCT_INTERNET": 68.96, "SERVICIOS_INDEX": 91.28, "MOTIVO_SIN_DATO": null }, "geometry": { "type": "Polygon", "coordinates": [ [ [ -100.946552, 25.405767 ], [ -100.948155, 25.40533 ], [ -100.947928, 25.404637 ], [ -100.949501, 25.404196 ], [ -100.950734, 25.407962 ], [ -100.950852, 25.407979 ], [ -100.950978, 25.408386 ], [ -100.950379, 25.409481 ], [ -100.949562, 25.409685 ], [ -100.949868, 25.410633 ], [ -100.948276, 25.411061 ], [ -100.946552, 25.405767 ] ] ] } },
{ "type": "Feature", "properties": { "CVEGEO": "0503000012511", "NOM_MUN": "Saltillo", "COLONIA": "VISTA HERMOSA", "POBTOT": 2976.0, "TVIVHAB": 822.0, "PCT_ELECTRICIDAD": 100.0, "PCT_AGUA": 99.878345498783446, "PCT_DRENAJE": 100.0, "PCT_INTERNET": 72.627737226277361, "SERVICIOS_INDEX": 93.126520681265205, "MOTIVO_SIN_DATO": null }, "geometry": { "type": "Polygon", "coordinates": [ [ [ -100.945534, 25.419461 ], [ -100.944967, 25.417688 ], [ -100.94803, 25.41688 ], [ -100.947435, 25.415107 ], [ -100.949408, 25.414582 ], [ -100.949704, 25.415492 ], [ -100.951288, 25.415021 ], [ -100.951351, 25.415214 ], [ -100.953036, 25.414768 ], [ -100.953842, 25.417304 ], [ -100.952177, 25.417766 ], [ -100.952148, 25.41767 ], [ -100.950556, 25.418107 ], [ -100.950273, 25.417239 ], [ -100.949379, 25.417482 ], [ -100.949125, 25.417428 ], [ -100.949259, 25.418461 ], [ -100.945534, 25.419461 ] ] ] } },
{ "type": "Feature", "properties": { "CVEGEO": "050300001561A", "NOM_MUN": "Saltillo", "COLONIA": "NUEVO MIRASIERRA", "POBTOT": 6157.0, "TVIVHAB": 1648.0, "PCT_ELECTRICIDAD": 99.757281553398059, "PCT_AGUA": 99.635922330097088, "PCT_DRENAJE": 99.939320388349515, "PCT_INTERNET": 71.966019417475721, "SERVICIOS_INDEX": 92.824635922330089, "MOTIVO_SIN_DATO": null }, "geometry": { "type": "Polygon", "coordinates": [ [ [ -100.919, 25.409417 ], [ -100.918762, 25.408527 ], [ -100.91956, 25.407383 ], [ -100.919775, 25.404568 ], [ -100.920083, 25.404308 ], [ -100.919906, 25.403865 ], [ -100.91999, 25.403198 ], [ -100.919439, 25.402735 ], [ -100.918369, 25.40135 ], [ -100.920422, 25.400761 ], [ -100.921619, 25.403985 ], [ -100.921804, 25.403954 ], [ -100.922627, 25.406529 ], [ -100.922581, 25.406629 ], [ -100.921276, 25.406908 ], [ -100.921046, 25.408555 ], [ -100.920918, 25.408954 ], [ -100.920189, 25.415563 ], [ -100.920164, 25.416674 ], [ -100.920247, 25.417552 ], [ -100.917841, 25.418151 ], [ -100.917742, 25.41706 ], [ -100.918369, 25.415393 ], [ -100.91812, 25.4139 ], [ -100.918726, 25.411839 ], [ -100.918606, 25.410817 ], [ -100.918823, 25.410499 ], [ -100.918858, 25.409744 ], [ -100.919, 25.409417 ] ] ] } },
{ "type": "Feature", "properties": { "CVEGEO": "0503000012066", "NOM_MUN": "Saltillo", "COLONIA": "CUMBRES", "POBTOT": 834.0, "TVIVHAB": 324.0, "PCT_ELECTRICIDAD": 100.0, "PCT_AGUA": 100.0, "PCT_DRENAJE": 100.0, "PCT_INTERNET": 95.061728395061735, "SERVICIOS_INDEX": 98.76543209876543, "MOTIVO_SIN_DATO": null }, "geometry": { "type": "Polygon", "coordinates": [ [ [ -100.976345, 25.449955 ], [ -100.975213, 25.449575 ], [ -100.976648, 25.446251 ], [ -100.975114, 25.445691 ], [ -100.975775, 25.444737 ], [ -100.975037, 25.444468 ], [ -100.975313, 25.443402 ], [ -100.975162, 25.443381 ], [ -100.975313, 25.442999 ], [ -100.975374, 25.442462 ], [ -100.975034, 25.442201 ], [ -100.974349, 25.441951 ], [ -100.973944, 25.441566 ], [ -100.974032, 25.441169 ], [ -100.974425, 25.4406 ], [ -100.974576, 25.43994 ], [ -100.974848, 25.439766 ], [ -100.975646, 25.44062 ], [ -100.977524, 25.442063 ], [ -100.978871, 25.442823 ], [ -100.980643, 25.443561 ], [ -100.97959, 25.44576 ], [ -100.979465, 25.446624 ], [ -100.980853, 25.44718 ], [ -100.980114, 25.448322 ], [ -100.979935, 25.448575 ], [ -100.979624, 25.448793 ], [ -100.979004, 25.448949 ], [ -100.978502, 25.449218 ], [ -100.978255, 25.449502 ], [ -100.97852, 25.449615 ], [ -100.978048, 25.450031 ], [ -100.977207, 25.449574 ], [ -100.976345, 25.449955 ] ] ] } },
{ "type": "Feature", "properties": { "CVEGEO": "0503000011941", "NOM_MUN": "Saltillo", "COLONIA": "CIUDAD SATÉLITE II NORTE", "POBTOT": 2785.0, "TVIVHAB": 731.0, "PCT_ELECTRICIDAD": 99.863201094391243, "PCT_AGUA": 99.863201094391243, "PCT_DRENAJE": 99.863201094391243, "PCT_INTERNET": 68.673050615595074, "SERVICIOS_INDEX": 92.065663474692201, "MOTIVO_SIN_DATO": null }, "geometry": { "type": "Polygon", "coordinates": [ [ [ -101.01657, 25.46101 ], [ -101.012862, 25.457964 ], [ -101.01331, 25.456488 ], [ -101.014384, 25.456671 ], [ -101.015393, 25.456672 ], [ -101.015517, 25.457399 ], [ -101.014462, 25.458188 ], [ -101.017458, 25.46071 ], [ -101.018144, 25.460224 ], [ -101.019305, 25.461096 ], [ -101.019741, 25.463218 ], [ -101.016648, 25.46431 ], [ -101.016197, 25.461625 ], [ -101.016664, 25.461561 ], [ -101.01657, 25.46101 ] ] ] } },
{ "type": "Feature", "properties": { "CVEGEO": "0503000012102", "NOM_MUN": "Saltillo", "COLONIA": "OCEANÍA", "POBTOT": 3518.0, "TVIVHAB": 1083.0, "PCT_ELECTRICIDAD": 99.907663896583571, "PCT_AGUA": 99.907663896583571, "PCT_DRENAJE": 99.907663896583571, "PCT_INTERNET": 80.88642659279779, "SERVICIOS_INDEX": 95.152354570637129, "MOTIVO_SIN_DATO": null }, "geometry": { "type": "Polygon", "coordinates": [ [ [ -100.963555, 25.440209 ], [ -100.967516, 25.437116 ], [ -100.969335, 25.440964 ], [ -100.969043, 25.441195 ], [ -100.969538, 25.442215 ], [ -100.969741, 25.442414 ], [ -100.969095, 25.443877 ], [ -100.968985, 25.443745 ], [ -100.966881, 25.445428 ], [ -100.964821, 25.443264 ], [ -100.965762, 25.442523 ], [ -100.96549, 25.442248 ], [ -100.965259, 25.442425 ], [ -100.964634, 25.441739 ], [ -100.964874, 25.441551 ], [ -100.963555, 25.440209 ] ] ] } },
{ "type": "Feature", "properties": { "CVEGEO": "0503000012121", "NOM_MUN": "Saltillo", "COLONIA": "BONANZA", "POBTOT": 2611.0, "TVIVHAB": 782.0, "PCT_ELECTRICIDAD": 100.0, "PCT_AGUA": 99.872122762148337, "PCT_DRENAJE": 100.0, "PCT_INTERNET": 84.143222506393869, "SERVICIOS_INDEX": 96.003836317135551, "MOTIVO_SIN_DATO": null }, "geometry": { "type": "Polygon", "coordinates": [ [ [ -100.95128, 25.443706 ], [ -100.951093, 25.44254 ], [ -100.95956, 25.441233 ], [ -100.958238, 25.445261 ], [ -100.953394, 25.446204 ], [ -100.952871, 25.446566 ], [ -100.951784, 25.446742 ], [ -100.95148, 25.445259 ], [ -100.951052, 25.444303 ], [ -100.95128, 25.443706 ] ] ] } },
{ "type": "Feature", "properties": { "CVEGEO": "050300001127A", "NOM_MUN": "Saltillo", "COLONIA": "SAN ISIDRO", "POBTOT": 1805.0, "TVIVHAB": 631.0, "PCT_ELECTRICIDAD": 99.841521394611732, "PCT_AGUA": 99.841521394611732, "PCT_DRENAJE": 99.841521394611732, "PCT_INTERNET": 96.513470681458003, "SERVICIOS_INDEX": 99.009508716323296, "MOTIVO_SIN_DATO": null }, "geometry": { "type": "Polygon", "coordinates": [ [ [ -100.971947, 25.468471 ], [ -100.967506, 25.466303 ], [ -100.968046, 25.465636 ], [ -100.969004, 25.464786 ], [ -100.969107, 25.464552 ], [ -100.969188, 25.464289 ], [ -100.969205, 25.463613 ], [ -100.969305, 25.463477 ], [ -100.969481, 25.462354 ], [ -100.969398, 25.462003 ], [ -100.969458, 25.461737 ], [ -100.969719, 25.461518 ], [ -100.969528, 25.460951 ], [ -100.969672, 25.459199 ], [ -100.970174, 25.458526 ], [ -100.970735, 25.457575 ], [ -100.971117, 25.457463 ], [ -100.970588, 25.45847 ], [ -100.970242, 25.458862 ], [ -100.974675, 25.461348 ], [ -100.979723, 25.464443 ], [ -100.980176, 25.465983 ], [ -100.977578, 25.471424 ], [ -100.973668, 25.469698 ], [ -100.973233, 25.469463 ], [ -100.971947, 25.468471 ] ] ] } },
{ "type": "Feature", "properties": { "CVEGEO": "0503000014700", "NOM_MUN": "Saltillo", "COLONIA": "LA HERRADURA III", "POBTOT": 1733.0, "TVIVHAB": 489.0, "PCT_ELECTRICIDAD": 100.0, "PCT_AGUA": 98.568507157464211, "PCT_DRENAJE": 100.0, "PCT_INTERNET": 55.214723926380373, "SERVICIOS_INDEX": 88.445807770961139, "MOTIVO_SIN_DATO": null }, "geometry": { "type": "Polygon", "coordinates": [ [ [ -100.972888, 25.403835 ], [ -100.971247, 25.402797 ], [ -100.972249, 25.401753 ], [ -100.973577, 25.402832 ], [ -100.975305, 25.401408 ], [ -100.975351, 25.401776 ], [ -100.975241, 25.402549 ], [ -100.975319, 25.402733 ], [ -100.975607, 25.40289 ], [ -100.97624, 25.402977 ], [ -100.976669, 25.405302 ], [ -100.977175, 25.406134 ], [ -100.972888, 25.403835 ] ] ] } },
{ "type": "Feature", "properties": { "CVEGEO": "0503000014908", "NOM_MUN": "Saltillo", "COLONIA": "CERRO DEL PUEBLO", "POBTOT": 2650.0, "TVIVHAB": 662.0, "PCT_ELECTRICIDAD": 98.036253776435046, "PCT_AGUA": 97.432024169184288, "PCT_DRENAJE": 97.734138972809674, "PCT_INTERNET": 62.990936555891238, "SERVICIOS_INDEX": 89.048338368580062, "MOTIVO_SIN_DATO": null }, "geometry": { "type": "Polygon", "coordinates": [ [ [ -101.018739, 25.439897 ], [ -101.018814, 25.439352 ], [ -101.018584, 25.43877 ], [ -101.018553, 25.438253 ], [ -101.019038, 25.434169 ], [ -101.019698, 25.431629 ], [ -101.01964, 25.431095 ], [ -101.019462, 25.430731 ], [ -101.019133, 25.430375 ], [ -101.022525, 25.431989 ], [ -101.022566, 25.431924 ], [ -101.022535, 25.432188 ], [ -101.021958, 25.432956 ], [ -101.021762, 25.432937 ], [ -101.021474, 25.433324 ], [ -101.021564, 25.433428 ], [ -101.021395, 25.433954 ], [ -101.020934, 25.434678 ], [ -101.020784, 25.434656 ], [ -101.02076, 25.434808 ], [ -101.020918, 25.434896 ], [ -101.020723, 25.435877 ], [ -101.020926, 25.435927 ], [ -101.020879, 25.436118 ], [ -101.020679, 25.436129 ], [ -101.020762, 25.436503 ], [ -101.020706, 25.43685 ], [ -101.021084, 25.436868 ], [ -101.02154, 25.437736 ], [ -101.021919, 25.437714 ], [ -101.022515, 25.43832 ], [ -101.020056, 25.440939 ], [ -101.019903, 25.4409 ], [ -101.018739, 25.439897 ] ] ] } },
{ "type": "Feature", "properties": { "CVEGEO": "0503000012850", "NOM_MUN": "Saltillo", "COLONIA": "26 DE MARZO", "POBTOT": 1652.0, "TVIVHAB": 463.0, "PCT_ELECTRICIDAD": 99.784017278617711, "PCT_AGUA": 99.784017278617711, "PCT_DRENAJE": 99.784017278617711, "PCT_INTERNET": 76.673866090712735, "SERVICIOS_INDEX": 94.006479481641463, "MOTIVO_SIN_DATO": null }, "geometry": { "type": "Polygon", "coordinates": [ [ [ -101.014987, 25.393982 ], [ -101.012346, 25.397745 ], [ -101.011943, 25.397507 ], [ -101.01144, 25.398645 ], [ -101.007641, 25.396408 ], [ -101.008283, 25.395463 ], [ -101.009271, 25.393306 ], [ -101.009684, 25.393488 ], [ -101.009594, 25.393701 ], [ -101.011024, 25.394232 ], [ -101.011129, 25.393989 ], [ -101.011585, 25.394172 ], [ -101.01235, 25.392426 ], [ -101.014987, 25.393982 ] ] ] } },
{ "type": "Feature", "properties": { "CVEGEO": "0503000012009", "NOM_MUN": "Saltillo", "COLONIA": "FRANCISCO I. MADERO", "POBTOT": 2103.0, "TVIVHAB": 615.0, "PCT_ELECTRICIDAD": 98.861788617886177, "PCT_AGUA": 98.861788617886177, "PCT_DRENAJE": 98.699186991869908, "PCT_INTERNET": 81.463414634146332, "SERVICIOS_INDEX": 94.471544715447138, "MOTIVO_SIN_DATO": null }, "geometry": { "type": "Polygon", "coordinates": [ [ [ -101.032273, 25.454032 ], [ -101.025437, 25.455097 ], [ -101.024343, 25.449538 ], [ -101.026012, 25.448018 ], [ -101.031462, 25.452273 ], [ -101.03271, 25.453167 ], [ -101.034113, 25.453964 ], [ -101.032273, 25.454032 ] ] ] } },
{ "type": "Feature", "properties": { "CVEGEO": "050300001515A", "NOM_MUN": "Saltillo", "COLONIA": "RÍO BRAVO", "POBTOT": 1057.0, "TVIVHAB": 342.0, "PCT_ELECTRICIDAD": 100.0, "PCT_AGUA": 100.0, "PCT_DRENAJE": 100.0, "PCT_INTERNET": 73.68421052631578, "SERVICIOS_INDEX": 93.421052631578945, "MOTIVO_SIN_DATO": null }, "geometry": { "type": "Polygon", "coordinates": [ [ [ -100.988668, 25.468647 ], [ -100.991444, 25.462899 ], [ -100.991251, 25.464349 ], [ -100.995055, 25.465827 ], [ -100.99333, 25.470014 ], [ -100.99183, 25.469025 ], [ -100.992012, 25.468587 ], [ -100.991942, 25.468417 ], [ -100.989763, 25.467567 ], [ -100.989182, 25.468853 ], [ -100.988668, 25.468647 ] ] ] } },
{ "type": "Feature", "properties": { "CVEGEO": "0503000015357", "NOM_MUN": "Saltillo", "COLONIA": "RECREATIVO SECCIÓN 38", "POBTOT": 2612.0, "TVIVHAB": 660.0, "PCT_ELECTRICIDAD": 99.848484848484858, "PCT_AGUA": 99.848484848484858, "PCT_DRENAJE": 99.848484848484858, "PCT_INTERNET": 71.36363636363636, "SERVICIOS_INDEX": 92.727272727272734, "MOTIVO_SIN_DATO": null }, "geometry": { "type": "Polygon", "coordinates": [ [ [ -100.931819, 25.417812 ], [ -100.930835, 25.414777 ], [ -100.927352, 25.415708 ], [ -100.92604, 25.411674 ], [ -100.927209, 25.411373 ], [ -100.927391, 25.41191 ], [ -100.92848, 25.411613 ], [ -100.928303, 25.411059 ], [ -100.929539, 25.410724 ], [ -100.930103, 25.410722 ], [ -100.931599, 25.41028 ], [ -100.932539, 25.413041 ], [ -100.932498, 25.413091 ], [ -100.932665, 25.413608 ], [ -100.932967, 25.414187 ], [ -100.93391, 25.417277 ], [ -100.931819, 25.417812 ] ] ] } },
{ "type": "Feature", "properties": { "CVEGEO": "0503000014293", "NOM_MUN": "Saltillo", "COLONIA": "ZONA AMPLIACIÓN REAL DE PEÑA", "POBTOT": 1248.0, "TVIVHAB": 492.0, "PCT_ELECTRICIDAD": 99.59349593495935, "PCT_AGUA": 99.59349593495935, "PCT_DRENAJE": 99.59349593495935, "PCT_INTERNET": 93.495934959349597, "SERVICIOS_INDEX": 98.069105691056905, "MOTIVO_SIN_DATO": null }, "geometry": { "type": "Polygon", "coordinates": [ [ [ -100.96678, 25.46802 ], [ -100.967449, 25.466681 ], [ -100.967506, 25.466303 ], [ -100.971562, 25.468238 ], [ -100.972153, 25.468595 ], [ -100.973233, 25.469463 ], [ -100.973668, 25.469698 ], [ -100.977578, 25.471424 ], [ -100.975947, 25.474872 ], [ -100.973988, 25.474103 ], [ -100.974277, 25.473476 ], [ -100.97361, 25.473203 ], [ -100.973207, 25.472946 ], [ -100.971815, 25.471898 ], [ -100.971708, 25.471705 ], [ -100.971176, 25.471597 ], [ -100.970022, 25.470638 ], [ -100.968408, 25.469866 ], [ -100.967737, 25.468492 ], [ -100.96678, 25.46802 ] ] ] } },
{ "type": "Feature", "properties": { "CVEGEO": "0503000012916", "NOM_MUN": "Saltillo", "COLONIA": "GIRASOL", "POBTOT": 3444.0, "TVIVHAB": 869.0, "PCT_ELECTRICIDAD": 98.849252013808979, "PCT_AGUA": 98.849252013808979, "PCT_DRENAJE": 98.849252013808979, "PCT_INTERNET": 63.06098964326813, "SERVICIOS_INDEX": 89.902186421173781, "MOTIVO_SIN_DATO": null }, "geometry": { "type": "Polygon", "coordinates": [ [ [ -101.016983, 25.384714 ], [ -101.019355, 25.386854 ], [ -101.020367, 25.387631 ], [ -101.020269, 25.387797 ], [ -101.019805, 25.38736 ], [ -101.01896, 25.388466 ], [ -101.01891, 25.388443 ], [ -101.016788, 25.391463 ], [ -101.013368, 25.390161 ], [ -101.015086, 25.386192 ], [ -101.016008, 25.386736 ], [ -101.016529, 25.385787 ], [ -101.016919, 25.386016 ], [ -101.016853, 25.385254 ], [ -101.016983, 25.384714 ] ] ] } },
{ "type": "Feature", "properties": { "CVEGEO": "0503000014772", "NOM_MUN": "Saltillo", "COLONIA": "AMPLIACIÓN NIÑOS HÉROES", "POBTOT": 2506.0, "TVIVHAB": 636.0, "PCT_ELECTRICIDAD": 99.842767295597483, "PCT_AGUA": 98.899371069182379, "PCT_DRENAJE": 98.899371069182379, "PCT_INTERNET": 52.04402515723271, "SERVICIOS_INDEX": 87.421383647798734, "MOTIVO_SIN_DATO": null }, "geometry": { "type": "Polygon", "coordinates": [ [ [ -101.008808, 25.359792 ], [ -101.006453, 25.357415 ], [ -101.005782, 25.357967 ], [ -101.005706, 25.35781 ], [ -101.005472, 25.357631 ], [ -101.006107, 25.357138 ], [ -101.003459, 25.354304 ], [ -101.002135, 25.353029 ], [ -101.003048, 25.352285 ], [ -101.00269, 25.351935 ], [ -101.004381, 25.350582 ], [ -101.003698, 25.349871 ], [ -101.004709, 25.349005 ], [ -101.005316, 25.349805 ], [ -101.005614, 25.350802 ], [ -101.006293, 25.352106 ], [ -101.006237, 25.352202 ], [ -101.006829, 25.352978 ], [ -101.007489, 25.354369 ], [ -101.008017, 25.354845 ], [ -101.010191, 25.357559 ], [ -101.008511, 25.358909 ], [ -101.009033, 25.3596 ], [ -101.008808, 25.359792 ] ] ] } },
{ "type": "Feature", "properties": { "CVEGEO": "0503000012352", "NOM_MUN": "Saltillo", "COLONIA": "FRANCISCO VILLA", "POBTOT": 1245.0, "TVIVHAB": 290.0, "PCT_ELECTRICIDAD": 100.0, "PCT_AGUA": 99.310344827586206, "PCT_DRENAJE": 100.0, "PCT_INTERNET": 52.413793103448278, "SERVICIOS_INDEX": 87.931034482758619, "MOTIVO_SIN_DATO": null }, "geometry": { "type": "Polygon", "coordinates": [ [ [ -101.024282, 25.435383 ], [ -101.023267, 25.432188 ], [ -101.02338, 25.43201 ], [ -101.023526, 25.431934 ], [ -101.023871, 25.432083 ], [ -101.024118, 25.431598 ], [ -101.025452, 25.431762 ], [ -101.025446, 25.431507 ], [ -101.026322, 25.431506 ], [ -101.026402, 25.431593 ], [ -101.02659, 25.43158 ], [ -101.027014, 25.431422 ], [ -101.027192, 25.431036 ], [ -101.027471, 25.431124 ], [ -101.027742, 25.430458 ], [ -101.028123, 25.430571 ], [ -101.028199, 25.430356 ], [ -101.028633, 25.430573 ], [ -101.028934, 25.430169 ], [ -101.029549, 25.430139 ], [ -101.030125, 25.430505 ], [ -101.030821, 25.4314 ], [ -101.030906, 25.431961 ], [ -101.031454, 25.432432 ], [ -101.032694, 25.433073 ], [ -101.03117, 25.434667 ], [ -101.031247, 25.43517 ], [ -101.031199, 25.435476 ], [ -101.030479, 25.436286 ], [ -101.030236, 25.436363 ], [ -101.030169, 25.436304 ], [ -101.030141, 25.436391 ], [ -101.029715, 25.436578 ], [ -101.029423, 25.437273 ], [ -101.029059, 25.43762 ], [ -101.02815, 25.438089 ], [ -101.027955, 25.438347 ], [ -101.027706, 25.438491 ], [ -101.027184, 25.438639 ], [ -101.026944, 25.438982 ], [ -101.026657, 25.439143 ], [ -101.026118, 25.439221 ], [ -101.02512, 25.438444 ], [ -101.025098, 25.438252 ], [ -101.024415, 25.437792 ], [ -101.024395, 25.437565 ], [ -101.024659, 25.437283 ], [ -101.024669, 25.437085 ], [ -101.024537, 25.436843 ], [ -101.024226, 25.43665 ], [ -101.024172, 25.4365 ], [ -101.024282, 25.435383 ] ] ] } },
{ "type": "Feature", "properties": { "CVEGEO": "0503000012865", "NOM_MUN": "Saltillo", "COLONIA": "AMPLIACIÓN 26 DE MARZO II SECTOR", "POBTOT": 2148.0, "TVIVHAB": 632.0, "PCT_ELECTRICIDAD": 99.050632911392398, "PCT_AGUA": 99.050632911392398, "PCT_DRENAJE": 99.050632911392398, "PCT_INTERNET": 79.27215189873418, "SERVICIOS_INDEX": 94.10601265822784, "MOTIVO_SIN_DATO": null }, "geometry": { "type": "Polygon", "coordinates": [ [ [ -101.003451, 25.393945 ], [ -101.006477, 25.387468 ], [ -101.011066, 25.389272 ], [ -101.008283, 25.395463 ], [ -101.007641, 25.396408 ], [ -101.003451, 25.393945 ] ] ] } },
{ "type": "Feature", "properties": { "CVEGEO": "0503000015342", "NOM_MUN": "Saltillo", "COLONIA": "VALLE DORADO", "POBTOT": 2052.0, "TVIVHAB": 584.0, "PCT_ELECTRICIDAD": 99.828767123287676, "PCT_AGUA": 99.315068493150676, "PCT_DRENAJE": 99.828767123287676, "PCT_INTERNET": 88.356164383561648, "SERVICIOS_INDEX": 96.832191780821915, "MOTIVO_SIN_DATO": null }, "geometry": { "type": "Polygon", "coordinates": [ [ [ -100.988672, 25.388511 ], [ -100.987837, 25.3877 ], [ -100.986522, 25.386012 ], [ -100.986517, 25.385772 ], [ -100.986248, 25.385585 ], [ -100.986107, 25.385352 ], [ -100.986077, 25.385092 ], [ -100.98592, 25.384913 ], [ -100.985278, 25.384256 ], [ -100.983699, 25.383053 ], [ -100.982521, 25.381512 ], [ -100.983549, 25.380439 ], [ -100.984092, 25.380183 ], [ -100.983717, 25.379618 ], [ -100.983621, 25.378584 ], [ -100.983517, 25.378385 ], [ -100.983231, 25.378419 ], [ -100.983262, 25.378015 ], [ -100.982232, 25.37574 ], [ -100.982342, 25.374511 ], [ -100.981737, 25.373292 ], [ -100.982078, 25.372979 ], [ -100.982179, 25.372569 ], [ -100.982471, 25.372166 ], [ -100.982926, 25.371769 ], [ -100.983582, 25.372637 ], [ -100.983391, 25.373096 ], [ -100.983633, 25.374114 ], [ -100.983748, 25.375022 ], [ -100.984362, 25.376921 ], [ -100.984412, 25.377295 ], [ -100.984637, 25.377763 ], [ -100.988666, 25.383368 ], [ -100.988897, 25.383507 ], [ -100.989283, 25.383562 ], [ -100.989981, 25.383509 ], [ -100.99024, 25.383314 ], [ -100.990548, 25.384262 ], [ -100.991058, 25.384747 ], [ -100.990893, 25.385393 ], [ -100.990504, 25.388194 ], [ -100.991139, 25.38809 ], [ -100.990829, 25.388313 ], [ -100.990475, 25.388791 ], [ -100.990199, 25.390152 ], [ -100.989848, 25.389797 ], [ -100.989352, 25.388924 ], [ -100.989235, 25.388917 ], [ -100.988672, 25.388511 ] ] ] } },
{ "type": "Feature", "properties": { "CVEGEO": "0503000012808", "NOM_MUN": "Saltillo", "COLONIA": "MIRAVALLE", "POBTOT": 1304.0, "TVIVHAB": 419.0, "PCT_ELECTRICIDAD": 99.761336515513122, "PCT_AGUA": 99.761336515513122, "PCT_DRENAJE": 99.761336515513122, "PCT_INTERNET": 91.646778042959426, "SERVICIOS_INDEX": 97.732696897374694, "MOTIVO_SIN_DATO": null }, "geometry": { "type": "Polygon", "coordinates": [ [ [ -100.9993, 25.391484 ], [ -101.003451, 25.393945 ], [ -101.00286, 25.394964 ], [ -101.002432, 25.396229 ], [ -101.001093, 25.399085 ], [ -100.996476, 25.398049 ], [ -100.997472, 25.396247 ], [ -100.999644, 25.393102 ], [ -100.998647, 25.392487 ], [ -100.9993, 25.391484 ] ] ] } },
{ "type": "Feature", "properties": { "CVEGEO": "0503000014880", "NOM_MUN": "Saltillo", "COLONIA": "UNIDAD HABITACIONAL HUMBERTO DÁVILA ESQUIVEL", "POBTOT": 2808.0, "TVIVHAB": 759.0, "PCT_ELECTRICIDAD": 100.0, "PCT_AGUA": 100.0, "PCT_DRENAJE": 100.0, "PCT_INTERNET": 82.345191040843218, "SERVICIOS_INDEX": 95.586297760210812, "MOTIVO_SIN_DATO": null }, "geometry": { "type": "Polygon", "coordinates": [ [ [ -101.002075, 25.374487 ], [ -100.999499, 25.372989 ], [ -101.001916, 25.369892 ], [ -101.002755, 25.369472 ], [ -101.003471, 25.369376 ], [ -101.004019, 25.369477 ], [ -101.004667, 25.369907 ], [ -101.007025, 25.372476 ], [ -101.006571, 25.373094 ], [ -101.006188, 25.372849 ], [ -101.005588, 25.373681 ], [ -101.00511, 25.373239 ], [ -101.004858, 25.373479 ], [ -101.005744, 25.374261 ], [ -101.005333, 25.374812 ], [ -101.004741, 25.376038 ], [ -101.003293, 25.375102 ], [ -101.002075, 25.374487 ] ] ] } },
{ "type": "Feature", "properties": { "CVEGEO": "0503000015747", "NOM_MUN": "Saltillo", "COLONIA": "PORTAL DEL PEDREGAL", "POBTOT": 4085.0, "TVIVHAB": 1129.0, "PCT_ELECTRICIDAD": 99.822852081488051, "PCT_AGUA": 99.291408325952162, "PCT_DRENAJE": 99.468556244464125, "PCT_INTERNET": 84.1452612931798, "SERVICIOS_INDEX": 95.682019486271031, "MOTIVO_SIN_DATO": null }, "geometry": { "type": "Polygon", "coordinates": [ [ [ -101.043681, 25.456447 ], [ -101.043284, 25.457009 ], [ -101.042656, 25.457379 ], [ -101.04222, 25.457468 ], [ -101.042112, 25.457562 ], [ -101.042049, 25.45851 ], [ -101.041649, 25.459535 ], [ -101.041422, 25.459886 ], [ -101.041503, 25.46206 ], [ -101.041329, 25.462996 ], [ -101.041022, 25.463615 ], [ -101.039924, 25.464024 ], [ -101.039388, 25.464494 ], [ -101.039235, 25.465156 ], [ -101.038836, 25.466181 ], [ -101.038395, 25.466886 ], [ -101.038108, 25.467198 ], [ -101.037432, 25.467473 ], [ -101.036695, 25.467367 ], [ -101.036168, 25.467111 ], [ -101.036018, 25.467108 ], [ -101.035995, 25.466571 ], [ -101.032174, 25.462325 ], [ -101.033035, 25.462262 ], [ -101.033024, 25.461969 ], [ -101.035745, 25.461943 ], [ -101.035498, 25.460975 ], [ -101.038788, 25.457367 ], [ -101.039567, 25.457667 ], [ -101.040325, 25.45558 ], [ -101.043681, 25.456447 ] ] ] } },
{ "type": "Feature", "properties": { "CVEGEO": "050300001248A", "NOM_MUN": "Saltillo", "COLONIA": "RODRÍGUEZ GUAYULERA (CHAMIZAL)", "POBTOT": 4492.0, "TVIVHAB": 1197.0, "PCT_ELECTRICIDAD": 99.749373433583955, "PCT_AGUA": 99.665831244778616, "PCT_DRENAJE": 99.749373433583955, "PCT_INTERNET": 70.760233918128662, "SERVICIOS_INDEX": 92.481203007518801, "MOTIVO_SIN_DATO": null }, "geometry": { "type": "Polygon", "coordinates": [ [ [ -101.019083, 25.424299 ], [ -101.019593, 25.421859 ], [ -101.017865, 25.420843 ], [ -101.019929, 25.418417 ], [ -101.026655, 25.423317 ], [ -101.026088, 25.423995 ], [ -101.026276, 25.424111 ], [ -101.025696, 25.42486 ], [ -101.025283, 25.424599 ], [ -101.024767, 25.425273 ], [ -101.024424, 25.42506 ], [ -101.02384, 25.425715 ], [ -101.023635, 25.425442 ], [ -101.023438, 25.425675 ], [ -101.021846, 25.425331 ], [ -101.021152, 25.426157 ], [ -101.020726, 25.425858 ], [ -101.019919, 25.426795 ], [ -101.018709, 25.425929 ], [ -101.019701, 25.424757 ], [ -101.019083, 25.424299 ] ] ] } },
{ "type": "Feature", "properties": { "CVEGEO": "0503000012846", "NOM_MUN": "Saltillo", "COLONIA": "BUENOS AIRES", "POBTOT": 2975.0, "TVIVHAB": 774.0, "PCT_ELECTRICIDAD": 97.157622739018095, "PCT_AGUA": 97.286821705426348, "PCT_DRENAJE": 97.286821705426348, "PCT_INTERNET": 61.627906976744185, "SERVICIOS_INDEX": 88.339793281653755, "MOTIVO_SIN_DATO": null }, "geometry": { "type": "Polygon", "coordinates": [ [ [ -101.019805, 25.38736 ], [ -101.021437, 25.389011 ], [ -101.019126, 25.393553 ], [ -101.018819, 25.394495 ], [ -101.018259, 25.396761 ], [ -101.017605, 25.395887 ], [ -101.016652, 25.39541 ], [ -101.016726, 25.395082 ], [ -101.016136, 25.395892 ], [ -101.014432, 25.394924 ], [ -101.014407, 25.394835 ], [ -101.014987, 25.393982 ], [ -101.01891, 25.388443 ], [ -101.01896, 25.388466 ], [ -101.019595, 25.387593 ], [ -101.019805, 25.38736 ] ] ] } },
{ "type": "Feature", "properties": { "CVEGEO": "0503000015412", "NOM_MUN": "Saltillo", "COLONIA": "SALTILLO 2000", "POBTOT": 4186.0, "TVIVHAB": 1127.0, "PCT_ELECTRICIDAD": 100.0, "PCT_AGUA": 100.0, "PCT_DRENAJE": 100.0, "PCT_INTERNET": 67.524401064773727, "SERVICIOS_INDEX": 91.881100266193428, "MOTIVO_SIN_DATO": null }, "geometry": { "type": "Polygon", "coordinates": [ [ [ -101.029108, 25.463095 ], [ -101.030144, 25.46862 ], [ -101.028102, 25.46893 ], [ -101.028029, 25.468551 ], [ -101.025891, 25.468885 ], [ -101.024936, 25.463506 ], [ -101.028765, 25.462902 ], [ -101.028966, 25.463086 ], [ -101.029108, 25.463095 ] ] ] } },
{ "type": "Feature", "properties": { "CVEGEO": "0503000012776", "NOM_MUN": "Saltillo", "COLONIA": "LANDÍN", "POBTOT": 3303.0, "TVIVHAB": 895.0, "PCT_ELECTRICIDAD": 98.882681564245814, "PCT_AGUA": 98.659217877094974, "PCT_DRENAJE": 98.770949720670387, "PCT_INTERNET": 67.150837988826822, "SERVICIOS_INDEX": 90.865921787709496, "MOTIVO_SIN_DATO": null }, "geometry": { "type": "Polygon", "coordinates": [ [ [ -101.01755, 25.399579 ], [ -101.018819, 25.394495 ], [ -101.019126, 25.393553 ], [ -101.019413, 25.393083 ], [ -101.023006, 25.395967 ], [ -101.024071, 25.396891 ], [ -101.024431, 25.397316 ], [ -101.024865, 25.400146 ], [ -101.022989, 25.400181 ], [ -101.022476, 25.400257 ], [ -101.02094, 25.400943 ], [ -101.020218, 25.401555 ], [ -101.01755, 25.399579 ] ] ] } },
{ "type": "Feature", "properties": { "CVEGEO": "0503000012278", "NOM_MUN": "Saltillo", "COLONIA": "JARDINES DEL VALLE", "POBTOT": 1045.0, "TVIVHAB": 394.0, "PCT_ELECTRICIDAD": 99.492385786802032, "PCT_AGUA": 99.492385786802032, "PCT_DRENAJE": 99.492385786802032, "PCT_INTERNET": 89.847715736040612, "SERVICIOS_INDEX": 97.081218274111677, "MOTIVO_SIN_DATO": null }, "geometry": { "type": "Polygon", "coordinates": [ [ [ -101.006512, 25.438454 ], [ -101.003645, 25.445177 ], [ -100.996405, 25.442381 ], [ -100.99663, 25.441784 ], [ -100.997272, 25.441122 ], [ -100.997468, 25.440078 ], [ -100.997559, 25.439925 ], [ -100.998892, 25.439746 ], [ -101.003133, 25.438441 ], [ -101.003206, 25.438478 ], [ -101.004658, 25.435386 ], [ -101.005353, 25.436085 ], [ -101.006348, 25.436647 ], [ -101.007095, 25.43743 ], [ -101.006512, 25.438454 ] ] ] } },
{ "type": "Feature", "properties": { "CVEGEO": "050300001013A", "NOM_MUN": "Saltillo", "COLONIA": "RANCHO LAS VARAS", "POBTOT": 904.0, "TVIVHAB": 318.0, "PCT_ELECTRICIDAD": 93.710691823899367, "PCT_AGUA": 94.025157232704402, "PCT_DRENAJE": 94.025157232704402, "PCT_INTERNET": 76.729559748427675, "SERVICIOS_INDEX": 89.622641509433961, "MOTIVO_SIN_DATO": null }, "geometry": { "type": "Polygon", "coordinates": [ [ [ -100.972467, 25.426945 ], [ -100.983767, 25.425392 ], [ -100.983321, 25.426882 ], [ -100.984286, 25.427243 ], [ -100.980659, 25.435162 ], [ -100.975992, 25.433848 ], [ -100.975081, 25.433872 ], [ -100.972106, 25.434406 ], [ -100.969759, 25.427249 ], [ -100.972467, 25.426945 ] ] ] } },
{ "type": "Feature", "properties": { "CVEGEO": "0503000015060", "NOM_MUN": "Saltillo", "COLONIA": "LOS NOGALES", "POBTOT": 3064.0, "TVIVHAB": 789.0, "PCT_ELECTRICIDAD": 99.873257287705954, "PCT_AGUA": 99.366286438529784, "PCT_DRENAJE": 99.619771863117862, "PCT_INTERNET": 71.863117870722434, "SERVICIOS_INDEX": 92.680608365019012, "MOTIVO_SIN_DATO": null }, "geometry": { "type": "Polygon", "coordinates": [ [ [ -100.973577, 25.402832 ], [ -100.972249, 25.401753 ], [ -100.971247, 25.402797 ], [ -100.970488, 25.402321 ], [ -100.968379, 25.400448 ], [ -100.969022, 25.397347 ], [ -100.969158, 25.396983 ], [ -100.968663, 25.39673 ], [ -100.968713, 25.3965 ], [ -100.968203, 25.396242 ], [ -100.968222, 25.394792 ], [ -100.96807, 25.394404 ], [ -100.968145, 25.394041 ], [ -100.968365, 25.394065 ], [ -100.968612, 25.392646 ], [ -100.968808, 25.39313 ], [ -100.969185, 25.393084 ], [ -100.969455, 25.393909 ], [ -100.96952, 25.393895 ], [ -100.969923, 25.394962 ], [ -100.969837, 25.395087 ], [ -100.969998, 25.395157 ], [ -100.970197, 25.395541 ], [ -100.970238, 25.39621 ], [ -100.970611, 25.396402 ], [ -100.971051, 25.396788 ], [ -100.971496, 25.396923 ], [ -100.971596, 25.397041 ], [ -100.971489, 25.397163 ], [ -100.971595, 25.397416 ], [ -100.971859, 25.397518 ], [ -100.972242, 25.397964 ], [ -100.972657, 25.398165 ], [ -100.973198, 25.398783 ], [ -100.973404, 25.399143 ], [ -100.975295, 25.401049 ], [ -100.975443, 25.401061 ], [ -100.975305, 25.401408 ], [ -100.973577, 25.402832 ] ] ] } },
{ "type": "Feature", "properties": { "CVEGEO": "050300001305A", "NOM_MUN": "Saltillo", "COLONIA": "SATÉLITE SUR", "POBTOT": 2698.0, "TVIVHAB": 711.0, "PCT_ELECTRICIDAD": 99.718706047819978, "PCT_AGUA": 99.718706047819978, "PCT_DRENAJE": 99.859353023909989, "PCT_INTERNET": 70.042194092827003, "SERVICIOS_INDEX": 92.334739803094237, "MOTIVO_SIN_DATO": null }, "geometry": { "type": "Polygon", "coordinates": [ [ [ -101.012597, 25.451726 ], [ -101.016289, 25.445071 ], [ -101.016851, 25.44426 ], [ -101.017541, 25.444766 ], [ -101.016994, 25.445489 ], [ -101.017983, 25.44619 ], [ -101.017699, 25.446286 ], [ -101.017905, 25.446431 ], [ -101.01718, 25.447669 ], [ -101.01768, 25.447963 ], [ -101.017366, 25.448505 ], [ -101.017396, 25.44857 ], [ -101.022755, 25.451046 ], [ -101.022787, 25.451546 ], [ -101.0232, 25.451732 ], [ -101.023358, 25.452561 ], [ -101.01509, 25.452819 ], [ -101.012597, 25.451726 ] ] ] } },
{ "type": "Feature", "properties": { "CVEGEO": "0503000015643", "NOM_MUN": "Saltillo", "COLONIA": "PRIVADAS LA TORRE", "POBTOT": 5563.0, "TVIVHAB": 1629.0, "PCT_ELECTRICIDAD": 99.877225291589937, "PCT_AGUA": 99.815837937384899, "PCT_DRENAJE": 99.877225291589937, "PCT_INTERNET": 74.708410067526088, "SERVICIOS_INDEX": 93.569674647022708, "MOTIVO_SIN_DATO": null }, "geometry": { "type": "Polygon", "coordinates": [ [ [ -100.934526, 25.432132 ], [ -100.932061, 25.424533 ], [ -100.934467, 25.423874 ], [ -100.933869, 25.42204 ], [ -100.93463, 25.421842 ], [ -100.933451, 25.41819 ], [ -100.935183, 25.41773 ], [ -100.936384, 25.421408 ], [ -100.936626, 25.421339 ], [ -100.939067, 25.428968 ], [ -100.940738, 25.428401 ], [ -100.941548, 25.430852 ], [ -100.941705, 25.431136 ], [ -100.934526, 25.432132 ] ] ] } },
{ "type": "Feature", "properties": { "CVEGEO": "0503000010271", "NOM_MUN": "Saltillo", "COLONIA": "ZONA CENTRO", "POBTOT": 1770.0, "TVIVHAB": 483.0, "PCT_ELECTRICIDAD": 98.343685300207042, "PCT_AGUA": 97.722567287784685, "PCT_DRENAJE": 98.343685300207042, "PCT_INTERNET": 61.904761904761905, "SERVICIOS_INDEX": 89.078674948240177, "MOTIVO_SIN_DATO": null }, "geometry": { "type": "Polygon", "coordinates": [ [ [ -101.013529, 25.420805 ], [ -101.014722, 25.419065 ], [ -101.015184, 25.418207 ], [ -101.016331, 25.416432 ], [ -101.018803, 25.417735 ], [ -101.019929, 25.418417 ], [ -101.017865, 25.420843 ], [ -101.019593, 25.421859 ], [ -101.019596, 25.421926 ], [ -101.018947, 25.424698 ], [ -101.01687, 25.427236 ], [ -101.016854, 25.427458 ], [ -101.01732, 25.428024 ], [ -101.017402, 25.428362 ], [ -101.016926, 25.429313 ], [ -101.010227, 25.426043 ], [ -101.013529, 25.420805 ] ] ] } },
{ "type": "Feature", "properties": { "CVEGEO": "0503000011956", "NOM_MUN": "Saltillo", "COLONIA": "VIRREYES RESIDENCIAL", "POBTOT": 2108.0, "TVIVHAB": 694.0, "PCT_ELECTRICIDAD": 99.85590778097982, "PCT_AGUA": 99.85590778097982, "PCT_DRENAJE": 99.85590778097982, "PCT_INTERNET": 88.904899135446698, "SERVICIOS_INDEX": 97.118155619596536, "MOTIVO_SIN_DATO": null }, "geometry": { "type": "Polygon", "coordinates": [ [ [ -100.987339, 25.461627 ], [ -100.987535, 25.461174 ], [ -100.983363, 25.459543 ], [ -100.986473, 25.45324 ], [ -100.989503, 25.454276 ], [ -100.990578, 25.455098 ], [ -100.994472, 25.456598 ], [ -100.991314, 25.46317 ], [ -100.987339, 25.461627 ] ] ] } },
{ "type": "Feature", "properties": { "CVEGEO": "0503000015200", "NOM_MUN": "Saltillo", "COLONIA": "NUEVO MIRASIERRA", "POBTOT": 2654.0, "TVIVHAB": 679.0, "PCT_ELECTRICIDAD": 99.705449189985274, "PCT_AGUA": 98.085419734904264, "PCT_DRENAJE": 99.705449189985274, "PCT_INTERNET": 64.06480117820324, "SERVICIOS_INDEX": 90.390279823269523, "MOTIVO_SIN_DATO": null }, "geometry": { "type": "Polygon", "coordinates": [ [ [ -100.927043, 25.422125 ], [ -100.925125, 25.416235 ], [ -100.922983, 25.416778 ], [ -100.923329, 25.417863 ], [ -100.920729, 25.418568 ], [ -100.92046, 25.417805 ], [ -100.920247, 25.417552 ], [ -100.922587, 25.416896 ], [ -100.922101, 25.415428 ], [ -100.922515, 25.415322 ], [ -100.921804, 25.413506 ], [ -100.922926, 25.412787 ], [ -100.924403, 25.412372 ], [ -100.927465, 25.42201 ], [ -100.927043, 25.422125 ] ] ] } },
{ "type": "Feature", "properties": { "CVEGEO": "0503000014274", "NOM_MUN": "Saltillo", "COLONIA": "ROMA", "POBTOT": 3001.0, "TVIVHAB": 806.0, "PCT_ELECTRICIDAD": 100.0, "PCT_AGUA": 99.75186104218362, "PCT_DRENAJE": 100.0, "PCT_INTERNET": 67.741935483870961, "SERVICIOS_INDEX": 91.873449131513652, "MOTIVO_SIN_DATO": null }, "geometry": { "type": "Polygon", "coordinates": [ [ [ -101.022162, 25.448475 ], [ -101.021196, 25.449708 ], [ -101.021012, 25.450254 ], [ -101.017396, 25.44857 ], [ -101.017366, 25.448505 ], [ -101.01768, 25.447963 ], [ -101.01718, 25.447669 ], [ -101.017905, 25.446431 ], [ -101.017699, 25.446286 ], [ -101.021357, 25.445104 ], [ -101.022634, 25.446712 ], [ -101.022162, 25.448475 ] ] ] } },
{ "type": "Feature", "properties": { "CVEGEO": "0503000011960", "NOM_MUN": "Saltillo", "COLONIA": "RESIDENCIAL LOS LAGOS", "POBTOT": 613.0, "TVIVHAB": 221.0, "PCT_ELECTRICIDAD": 99.547511312217196, "PCT_AGUA": 99.547511312217196, "PCT_DRENAJE": 99.547511312217196, "PCT_INTERNET": 95.475113122171948, "SERVICIOS_INDEX": 98.529411764705884, "MOTIVO_SIN_DATO": null }, "geometry": { "type": "Polygon", "coordinates": [ [ [ -100.973069, 25.460436 ], [ -100.973794, 25.458822 ], [ -100.974714, 25.457607 ], [ -100.975606, 25.456253 ], [ -100.976259, 25.455616 ], [ -100.977516, 25.457274 ], [ -100.977713, 25.45767 ], [ -100.979723, 25.464443 ], [ -100.973069, 25.460436 ] ] ] } },
{ "type": "Feature", "properties": { "CVEGEO": "050300001216A", "NOM_MUN": "Saltillo", "COLONIA": "ANÁHUAC", "POBTOT": 2123.0, "TVIVHAB": 548.0, "PCT_ELECTRICIDAD": 99.635036496350367, "PCT_AGUA": 99.635036496350367, "PCT_DRENAJE": 99.635036496350367, "PCT_INTERNET": 55.474452554744524, "SERVICIOS_INDEX": 88.5948905109489, "MOTIVO_SIN_DATO": null }, "geometry": { "type": "Polygon", "coordinates": [ [ [ -101.009648, 25.445019 ], [ -101.007487, 25.448249 ], [ -101.007326, 25.448182 ], [ -101.006928, 25.44774 ], [ -101.006333, 25.447409 ], [ -101.006351, 25.447251 ], [ -101.006499, 25.447173 ], [ -101.006708, 25.446817 ], [ -101.006655, 25.446418 ], [ -101.006456, 25.445971 ], [ -101.006656, 25.445557 ], [ -101.006681, 25.445073 ], [ -101.007094, 25.443958 ], [ -101.007837, 25.444266 ], [ -101.010666, 25.440121 ], [ -101.011425, 25.440638 ], [ -101.008738, 25.444639 ], [ -101.009648, 25.445019 ] ] ] } },
{ "type": "Feature", "properties": { "CVEGEO": "0503000012441", "NOM_MUN": "Saltillo", "COLONIA": "SAN RAMÓN", "POBTOT": 2324.0, "TVIVHAB": 602.0, "PCT_ELECTRICIDAD": 99.501661129568106, "PCT_AGUA": 99.169435215946848, "PCT_DRENAJE": 99.003322259136212, "PCT_INTERNET": 63.787375415282391, "SERVICIOS_INDEX": 90.365448504983391, "MOTIVO_SIN_DATO": null }, "geometry": { "type": "Polygon", "coordinates": [ [ [ -100.971548, 25.424125 ], [ -100.972731, 25.421584 ], [ -100.970661, 25.420763 ], [ -100.976386, 25.415038 ], [ -100.977681, 25.415549 ], [ -100.976977, 25.417044 ], [ -100.976513, 25.416858 ], [ -100.97542, 25.41917 ], [ -100.975118, 25.419026 ], [ -100.972532, 25.424496 ], [ -100.971548, 25.424125 ] ] ] } },
{ "type": "Feature", "properties": { "CVEGEO": "0503000015179", "NOM_MUN": "Saltillo", "COLONIA": "VALLE DE LAS FLORES", "POBTOT": 2660.0, "TVIVHAB": 799.0, "PCT_ELECTRICIDAD": 99.874843554443046, "PCT_AGUA": 99.874843554443046, "PCT_DRENAJE": 99.874843554443046, "PCT_INTERNET": 81.351689612015022, "SERVICIOS_INDEX": 95.244055068836047, "MOTIVO_SIN_DATO": null }, "geometry": { "type": "Polygon", "coordinates": [ [ [ -100.952766, 25.429622 ], [ -100.958964, 25.428772 ], [ -100.958343, 25.429224 ], [ -100.958473, 25.429207 ], [ -100.958795, 25.431065 ], [ -100.959086, 25.431028 ], [ -100.959201, 25.431756 ], [ -100.960344, 25.431603 ], [ -100.960435, 25.432289 ], [ -100.960263, 25.43283 ], [ -100.960073, 25.433213 ], [ -100.958022, 25.433482 ], [ -100.957811, 25.433276 ], [ -100.956642, 25.43344 ], [ -100.956709, 25.433871 ], [ -100.953577, 25.43431 ], [ -100.952862, 25.430191 ], [ -100.95289, 25.429973 ], [ -100.95282, 25.429943 ], [ -100.952766, 25.429622 ] ] ] } },
{ "type": "Feature", "properties": { "CVEGEO": "0503000014838", "NOM_MUN": "Saltillo", "COLONIA": "VALLE DE LAS TORRES", "POBTOT": 2522.0, "TVIVHAB": 651.0, "PCT_ELECTRICIDAD": 99.846390168970814, "PCT_AGUA": 99.385560675883255, "PCT_DRENAJE": 99.692780337941628, "PCT_INTERNET": 61.597542242703526, "SERVICIOS_INDEX": 90.130568356374795, "MOTIVO_SIN_DATO": null }, "geometry": { "type": "Polygon", "coordinates": [ [ [ -101.015404, 25.469471 ], [ -101.017008, 25.466607 ], [ -101.017904, 25.467134 ], [ -101.018093, 25.466913 ], [ -101.019718, 25.466155 ], [ -101.020173, 25.466988 ], [ -101.019688, 25.467225 ], [ -101.019328, 25.467611 ], [ -101.019028, 25.46741 ], [ -101.018777, 25.467655 ], [ -101.020479, 25.468467 ], [ -101.021997, 25.47099 ], [ -101.022723, 25.471874 ], [ -101.022121, 25.472269 ], [ -101.021651, 25.472403 ], [ -101.020632, 25.47223 ], [ -101.020233, 25.472062 ], [ -101.019489, 25.47207 ], [ -101.019094, 25.472146 ], [ -101.018713, 25.472356 ], [ -101.017279, 25.472727 ], [ -101.01624, 25.472791 ], [ -101.015347, 25.471209 ], [ -101.016173, 25.47033 ], [ -101.015758, 25.470122 ], [ -101.016044, 25.469781 ], [ -101.015404, 25.469471 ] ] ] } },
{ "type": "Feature", "properties": { "CVEGEO": "0503000011975", "NOM_MUN": "Saltillo", "COLONIA": "LOS REALES RESIDENCIAL", "POBTOT": 1839.0, "TVIVHAB": 583.0, "PCT_ELECTRICIDAD": 99.14236706689536, "PCT_AGUA": 99.14236706689536, "PCT_DRENAJE": 99.14236706689536, "PCT_INTERNET": 95.711835334476845, "SERVICIOS_INDEX": 98.284734133790735, "MOTIVO_SIN_DATO": null }, "geometry": { "type": "Polygon", "coordinates": [ [ [ -100.967404, 25.466253 ], [ -100.96745, 25.464866 ], [ -100.968071, 25.463657 ], [ -100.968105, 25.46322 ], [ -100.967793, 25.462613 ], [ -100.966382, 25.460996 ], [ -100.9656, 25.459959 ], [ -100.965074, 25.458882 ], [ -100.97117, 25.448711 ], [ -100.971515, 25.449293 ], [ -100.976259, 25.455616 ], [ -100.975606, 25.456253 ], [ -100.974714, 25.457607 ], [ -100.973794, 25.458822 ], [ -100.973069, 25.460436 ], [ -100.970242, 25.458862 ], [ -100.970588, 25.45847 ], [ -100.971117, 25.457463 ], [ -100.970735, 25.457575 ], [ -100.970174, 25.458526 ], [ -100.969672, 25.459199 ], [ -100.969528, 25.460951 ], [ -100.969719, 25.461518 ], [ -100.969458, 25.461737 ], [ -100.969398, 25.462003 ], [ -100.969481, 25.462354 ], [ -100.969305, 25.463477 ], [ -100.969205, 25.463613 ], [ -100.969188, 25.464289 ], [ -100.969107, 25.464552 ], [ -100.969004, 25.464786 ], [ -100.968046, 25.465636 ], [ -100.967506, 25.466303 ], [ -100.967404, 25.466253 ] ] ] } },
{ "type": "Feature", "properties": { "CVEGEO": "050300001312A", "NOM_MUN": "Saltillo", "COLONIA": "VISTA HERMOSA", "POBTOT": 2515.0, "TVIVHAB": 631.0, "PCT_ELECTRICIDAD": 97.46434231378764, "PCT_AGUA": 94.453248811410461, "PCT_DRENAJE": 97.305863708399372, "PCT_INTERNET": 52.297939778129951, "SERVICIOS_INDEX": 85.380348652931858, "MOTIVO_SIN_DATO": null }, "geometry": { "type": "Polygon", "coordinates": [ [ [ -100.942479, 25.395708 ], [ -100.942302, 25.395174 ], [ -100.941865, 25.395291 ], [ -100.941208, 25.393288 ], [ -100.942175, 25.392832 ], [ -100.941986, 25.391514 ], [ -100.941679, 25.391059 ], [ -100.94158, 25.390529 ], [ -100.941347, 25.389976 ], [ -100.941817, 25.389835 ], [ -100.941403, 25.389617 ], [ -100.941162, 25.389085 ], [ -100.940539, 25.387335 ], [ -100.940605, 25.386767 ], [ -100.940459, 25.386331 ], [ -100.941736, 25.385965 ], [ -100.94164, 25.385848 ], [ -100.94424, 25.385532 ], [ -100.944326, 25.386454 ], [ -100.944526, 25.38665 ], [ -100.944661, 25.387037 ], [ -100.944627, 25.387169 ], [ -100.944745, 25.38738 ], [ -100.944893, 25.387437 ], [ -100.944926, 25.387744 ], [ -100.945107, 25.387881 ], [ -100.945113, 25.388287 ], [ -100.945249, 25.388471 ], [ -100.945185, 25.388566 ], [ -100.945509, 25.388789 ], [ -100.945534, 25.38896 ], [ -100.944691, 25.389157 ], [ -100.946683, 25.395415 ], [ -100.945077, 25.39585 ], [ -100.945011, 25.395643 ], [ -100.944211, 25.395831 ], [ -100.944503, 25.396744 ], [ -100.943279, 25.397071 ], [ -100.942847, 25.395791 ], [ -100.942479, 25.395708 ] ] ] } },
{ "type": "Feature", "properties": { "CVEGEO": "0503000012136", "NOM_MUN": "Saltillo", "COLONIA": "BONANZA", "POBTOT": 1792.0, "TVIVHAB": 551.0, "PCT_ELECTRICIDAD": 99.092558983666052, "PCT_AGUA": 99.274047186932847, "PCT_DRENAJE": 99.274047186932847, "PCT_INTERNET": 84.392014519056261, "SERVICIOS_INDEX": 95.508166969146998, "MOTIVO_SIN_DATO": null }, "geometry": { "type": "Polygon", "coordinates": [ [ [ -100.946154, 25.446501 ], [ -100.946947, 25.445392 ], [ -100.94725, 25.444464 ], [ -100.947498, 25.444162 ], [ -100.947727, 25.443666 ], [ -100.947837, 25.443057 ], [ -100.951093, 25.44254 ], [ -100.95128, 25.443706 ], [ -100.951052, 25.444303 ], [ -100.95148, 25.445259 ], [ -100.951784, 25.446742 ], [ -100.945799, 25.44783 ], [ -100.945592, 25.447809 ], [ -100.946154, 25.446501 ] ] ] } },
{ "type": "Feature", "properties": { "CVEGEO": "0503000012564", "NOM_MUN": "Saltillo", "COLONIA": "ZONA CENTRO", "POBTOT": 2703.0, "TVIVHAB": 783.0, "PCT_ELECTRICIDAD": 99.616858237547888, "PCT_AGUA": 99.361430395913146, "PCT_DRENAJE": 99.361430395913146, "PCT_INTERNET": 68.837803320561946, "SERVICIOS_INDEX": 91.794380587484028, "MOTIVO_SIN_DATO": null }, "geometry": { "type": "Polygon", "coordinates": [ [ [ -100.997183, 25.409243 ], [ -100.99888, 25.409745 ], [ -100.998993, 25.408886 ], [ -100.999136, 25.40894 ], [ -100.99903, 25.409433 ], [ -100.999066, 25.410381 ], [ -100.999484, 25.411178 ], [ -100.999641, 25.411323 ], [ -100.999676, 25.411242 ], [ -101.00286, 25.41242 ], [ -101.002695, 25.412974 ], [ -101.002721, 25.413284 ], [ -101.003488, 25.413712 ], [ -101.002336, 25.416155 ], [ -101.002948, 25.416527 ], [ -101.00248, 25.417169 ], [ -101.002269, 25.417896 ], [ -101.000032, 25.417053 ], [ -101.000087, 25.416966 ], [ -100.999413, 25.416626 ], [ -101.000067, 25.415665 ], [ -100.999816, 25.41465 ], [ -100.999438, 25.41436 ], [ -100.998608, 25.413974 ], [ -100.998058, 25.413602 ], [ -100.997462, 25.412878 ], [ -100.997335, 25.412167 ], [ -100.997138, 25.411592 ], [ -100.996996, 25.410463 ], [ -100.996993, 25.410037 ], [ -100.997183, 25.409243 ] ] ] } },
{ "type": "Feature", "properties": { "CVEGEO": "0503000014202", "NOM_MUN": "Saltillo", "COLONIA": "RINCÓN DE LOS PASTORES", "POBTOT": 1162.0, "TVIVHAB": 279.0, "PCT_ELECTRICIDAD": 97.849462365591393, "PCT_AGUA": 35.12544802867383, "PCT_DRENAJE": 83.154121863799276, "PCT_INTERNET": 3.5842293906810032, "SERVICIOS_INDEX": 54.928315412186379, "MOTIVO_SIN_DATO": null }, "geometry": { "type": "Polygon", "coordinates": [ [ [ -101.044852, 25.401701 ], [ -101.043695, 25.401274 ], [ -101.043157, 25.400892 ], [ -101.04201, 25.399832 ], [ -101.040955, 25.399164 ], [ -101.040397, 25.399056 ], [ -101.03824, 25.399021 ], [ -101.037618, 25.399182 ], [ -101.037096, 25.399442 ], [ -101.036747, 25.39973 ], [ -101.036639, 25.399683 ], [ -101.036715, 25.395674 ], [ -101.036485, 25.395199 ], [ -101.035657, 25.394362 ], [ -101.03538, 25.393647 ], [ -101.035378, 25.393248 ], [ -101.035424, 25.392957 ], [ -101.035868, 25.392138 ], [ -101.037166, 25.390214 ], [ -101.037023, 25.389052 ], [ -101.037038, 25.388372 ], [ -101.036922, 25.387982 ], [ -101.036818, 25.38787 ], [ -101.037028, 25.386783 ], [ -101.036783, 25.38523 ], [ -101.037777, 25.381748 ], [ -101.038172, 25.379097 ], [ -101.040696, 25.379327 ], [ -101.041654, 25.381374 ], [ -101.042007, 25.381672 ], [ -101.04357, 25.382413 ], [ -101.047107, 25.383564 ], [ -101.048264, 25.384314 ], [ -101.049066, 25.385105 ], [ -101.04949, 25.385762 ], [ -101.050104, 25.387139 ], [ -101.050231, 25.388631 ], [ -101.050158, 25.389126 ], [ -101.050059, 25.3896 ], [ -101.049305, 25.391512 ], [ -101.04905, 25.392532 ], [ -101.048964, 25.393402 ], [ -101.049481, 25.398043 ], [ -101.049437, 25.398855 ], [ -101.049318, 25.399389 ], [ -101.048928, 25.400152 ], [ -101.048492, 25.400668 ], [ -101.047986, 25.401089 ], [ -101.047502, 25.401363 ], [ -101.046798, 25.401613 ], [ -101.046103, 25.401742 ], [ -101.044852, 25.401701 ] ] ] } },
{ "type": "Feature", "properties": { "CVEGEO": "0503000012117", "NOM_MUN": "Saltillo", "COLONIA": "OCEANÍA", "POBTOT": 3280.0, "TVIVHAB": 1082.0, "PCT_ELECTRICIDAD": 99.907578558225509, "PCT_AGUA": 99.907578558225509, "PCT_DRENAJE": 99.907578558225509, "PCT_INTERNET": 80.59149722735674, "SERVICIOS_INDEX": 95.078558225508317, "MOTIVO_SIN_DATO": null }, "geometry": { "type": "Polygon", "coordinates": [ [ [ -100.961887, 25.440876 ], [ -100.962959, 25.440608 ], [ -100.963555, 25.440209 ], [ -100.964874, 25.441551 ], [ -100.964634, 25.441739 ], [ -100.964949, 25.442092 ], [ -100.965259, 25.442425 ], [ -100.96549, 25.442248 ], [ -100.965762, 25.442523 ], [ -100.964821, 25.443264 ], [ -100.967397, 25.445987 ], [ -100.967571, 25.446081 ], [ -100.967105, 25.446479 ], [ -100.967666, 25.446988 ], [ -100.966324, 25.450001 ], [ -100.963708, 25.447225 ], [ -100.963988, 25.4469 ], [ -100.96389, 25.446716 ], [ -100.963743, 25.446636 ], [ -100.963767, 25.44637 ], [ -100.963608, 25.445992 ], [ -100.963315, 25.442893 ], [ -100.962935, 25.442479 ], [ -100.962472, 25.442138 ], [ -100.962235, 25.441507 ], [ -100.961909, 25.441064 ], [ -100.961887, 25.440876 ] ] ] } },
{ "type": "Feature", "properties": { "CVEGEO": "050300001554A", "NOM_MUN": "Saltillo", "COLONIA": "LOMAS DEL REFUGIO", "POBTOT": 6615.0, "TVIVHAB": 1681.0, "PCT_ELECTRICIDAD": 99.821534800713863, "PCT_AGUA": 99.107674003569301, "PCT_DRENAJE": 99.702558001189772, "PCT_INTERNET": 63.5930993456276, "SERVICIOS_INDEX": 90.556216537775128, "MOTIVO_SIN_DATO": null }, "geometry": { "type": "Polygon", "coordinates": [ [ [ -101.015855, 25.356564 ], [ -101.015124, 25.356467 ], [ -101.014614, 25.356199 ], [ -101.01429, 25.355714 ], [ -101.013526, 25.355261 ], [ -101.013401, 25.355037 ], [ -101.011514, 25.353264 ], [ -101.011205, 25.353141 ], [ -101.011205, 25.352545 ], [ -101.011037, 25.352346 ], [ -101.010092, 25.35226 ], [ -101.009912, 25.351983 ], [ -101.009106, 25.35176 ], [ -101.008554, 25.350703 ], [ -101.008292, 25.349951 ], [ -101.00807, 25.349618 ], [ -101.007395, 25.348967 ], [ -101.006892, 25.348624 ], [ -101.009997, 25.347618 ], [ -101.010337, 25.347428 ], [ -101.012973, 25.349725 ], [ -101.015493, 25.351964 ], [ -101.015477, 25.353011 ], [ -101.015038, 25.35361 ], [ -101.017465, 25.355716 ], [ -101.016059, 25.357059 ], [ -101.016087, 25.356724 ], [ -101.015855, 25.356564 ] ] ] } },
{ "type": "Feature", "properties": { "CVEGEO": "0503000010394", "NOM_MUN": "Saltillo", "COLONIA": "BELLAVISTA", "POBTOT": 4859.0, "TVIVHAB": 1356.0, "PCT_ELECTRICIDAD": 99.631268436578168, "PCT_AGUA": 99.557522123893804, "PCT_DRENAJE": 99.557522123893804, "PCT_INTERNET": 62.389380530973447, "SERVICIOS_INDEX": 90.283923303834797, "MOTIVO_SIN_DATO": null }, "geometry": { "type": "Polygon", "coordinates": [ [ [ -101.009443, 25.403107 ], [ -101.006225, 25.410391 ], [ -101.001929, 25.408841 ], [ -101.005202, 25.401377 ], [ -101.009443, 25.403107 ] ] ] } },
{ "type": "Feature", "properties": { "CVEGEO": "0503000012899", "NOM_MUN": "Saltillo", "COLONIA": "26 DE MARZO", "POBTOT": 1643.0, "TVIVHAB": 450.0, "PCT_ELECTRICIDAD": 95.555555555555557, "PCT_AGUA": 95.555555555555557, "PCT_DRENAJE": 95.555555555555557, "PCT_INTERNET": 71.555555555555543, "SERVICIOS_INDEX": 89.555555555555557, "MOTIVO_SIN_DATO": null }, "geometry": { "type": "Polygon", "coordinates": [ [ [ -101.016788, 25.391463 ], [ -101.014987, 25.393982 ], [ -101.01235, 25.392426 ], [ -101.011585, 25.394172 ], [ -101.011129, 25.393989 ], [ -101.011024, 25.394232 ], [ -101.009594, 25.393701 ], [ -101.009684, 25.393488 ], [ -101.009271, 25.393306 ], [ -101.011066, 25.389272 ], [ -101.016788, 25.391463 ] ] ] } },
{ "type": "Feature", "properties": { "CVEGEO": "0503000012403", "NOM_MUN": "Saltillo", "COLONIA": "RINCÓN DE GUADALUPE", "POBTOT": 2008.0, "TVIVHAB": 513.0, "PCT_ELECTRICIDAD": 99.415204678362571, "PCT_AGUA": 98.44054580896686, "PCT_DRENAJE": 99.025341130604289, "PCT_INTERNET": 62.768031189083814, "SERVICIOS_INDEX": 89.912280701754383, "MOTIVO_SIN_DATO": null }, "geometry": { "type": "Polygon", "coordinates": [ [ [ -101.028633, 25.430573 ], [ -101.026575, 25.429582 ], [ -101.02562, 25.429263 ], [ -101.025929, 25.427267 ], [ -101.02618, 25.427418 ], [ -101.027327, 25.425885 ], [ -101.027242, 25.425832 ], [ -101.028622, 25.424891 ], [ -101.029398, 25.425011 ], [ -101.02956, 25.424345 ], [ -101.03093, 25.424625 ], [ -101.031178, 25.424734 ], [ -101.031361, 25.424959 ], [ -101.032329, 25.424982 ], [ -101.031409, 25.426173 ], [ -101.030717, 25.426487 ], [ -101.030313, 25.426914 ], [ -101.030346, 25.427837 ], [ -101.030561, 25.429157 ], [ -101.031173, 25.430057 ], [ -101.031444, 25.430325 ], [ -101.031359, 25.430488 ], [ -101.031592, 25.430586 ], [ -101.031066, 25.431349 ], [ -101.031345, 25.431856 ], [ -101.031454, 25.432432 ], [ -101.030906, 25.431961 ], [ -101.030821, 25.4314 ], [ -101.030125, 25.430505 ], [ -101.029788, 25.430284 ], [ -101.029549, 25.430139 ], [ -101.028934, 25.430169 ], [ -101.028633, 25.430573 ] ] ] } },
{ "type": "Feature", "properties": { "CVEGEO": "0503000012155", "NOM_MUN": "Saltillo", "COLONIA": "PUEBLO INSURGENTE", "POBTOT": 4730.0, "TVIVHAB": 1111.0, "PCT_ELECTRICIDAD": 99.189918991899191, "PCT_AGUA": 98.649864986498642, "PCT_DRENAJE": 98.919891989198916, "PCT_INTERNET": 50.945094509450954, "SERVICIOS_INDEX": 86.926192619261926, "MOTIVO_SIN_DATO": null }, "geometry": { "type": "Polygon", "coordinates": [ [ [ -101.012419, 25.447754 ], [ -101.009407, 25.448566 ], [ -101.009388, 25.447957 ], [ -101.009738, 25.447581 ], [ -101.009368, 25.447314 ], [ -101.008376, 25.446896 ], [ -101.009648, 25.445019 ], [ -101.011, 25.445588 ], [ -101.011277, 25.445168 ], [ -101.011165, 25.445127 ], [ -101.011598, 25.444356 ], [ -101.011047, 25.443995 ], [ -101.012101, 25.442193 ], [ -101.016289, 25.445071 ], [ -101.014346, 25.44859 ], [ -101.012419, 25.447754 ] ] ] } },
{ "type": "Feature", "properties": { "CVEGEO": "0503000015554", "NOM_MUN": "Saltillo", "COLONIA": "PARAJES DE SANTA ELENA", "POBTOT": 3409.0, "TVIVHAB": 939.0, "PCT_ELECTRICIDAD": 100.0, "PCT_AGUA": 99.787007454739083, "PCT_DRENAJE": 99.680511182108617, "PCT_INTERNET": 70.287539936102235, "SERVICIOS_INDEX": 92.438764643237477, "MOTIVO_SIN_DATO": null }, "geometry": { "type": "Polygon", "coordinates": [ [ [ -101.020505, 25.355784 ], [ -101.015749, 25.351674 ], [ -101.015493, 25.351964 ], [ -101.010072, 25.34723 ], [ -101.010346, 25.347117 ], [ -101.009793, 25.346597 ], [ -101.01014, 25.346082 ], [ -101.01105, 25.345219 ], [ -101.011949, 25.344507 ], [ -101.014087, 25.345846 ], [ -101.014149, 25.347899 ], [ -101.015497, 25.348799 ], [ -101.017821, 25.350608 ], [ -101.021271, 25.352635 ], [ -101.022294, 25.352909 ], [ -101.020883, 25.356 ], [ -101.020505, 25.355784 ] ] ] } },
{ "type": "Feature", "properties": { "CVEGEO": "0503000014378", "NOM_MUN": "Saltillo", "COLONIA": "LANDÍN", "POBTOT": 3870.0, "TVIVHAB": 1040.0, "PCT_ELECTRICIDAD": 100.0, "PCT_AGUA": 99.90384615384616, "PCT_DRENAJE": 99.90384615384616, "PCT_INTERNET": 62.980769230769226, "SERVICIOS_INDEX": 90.697115384615387, "MOTIVO_SIN_DATO": null }, "geometry": { "type": "Polygon", "coordinates": [ [ [ -101.022365, 25.404363 ], [ -101.021144, 25.405422 ], [ -101.018931, 25.40843 ], [ -101.01399, 25.405557 ], [ -101.016302, 25.402028 ], [ -101.016614, 25.40166 ], [ -101.016496, 25.401586 ], [ -101.01731, 25.400387 ], [ -101.01755, 25.399579 ], [ -101.020218, 25.401555 ], [ -101.02094, 25.400943 ], [ -101.022476, 25.400257 ], [ -101.022989, 25.400181 ], [ -101.024865, 25.400146 ], [ -101.025061, 25.402298 ], [ -101.02497, 25.402592 ], [ -101.024393, 25.403062 ], [ -101.022365, 25.404363 ] ] ] } },
{ "type": "Feature", "properties": { "CVEGEO": "0503000010110", "NOM_MUN": "Saltillo", "COLONIA": "REPÚBLICA PONIENTE", "POBTOT": 1159.0, "TVIVHAB": 417.0, "PCT_ELECTRICIDAD": 99.520383693045574, "PCT_AGUA": 99.520383693045574, "PCT_DRENAJE": 99.520383693045574, "PCT_INTERNET": 88.968824940047966, "SERVICIOS_INDEX": 96.882494004796172, "MOTIVO_SIN_DATO": null }, "geometry": { "type": "Polygon", "coordinates": [ [ [ -100.993757, 25.431998 ], [ -100.996081, 25.432899 ], [ -100.995558, 25.43399 ], [ -100.995424, 25.434446 ], [ -100.992944, 25.439701 ], [ -100.983966, 25.436222 ], [ -100.983995, 25.436156 ], [ -100.984538, 25.436239 ], [ -100.98527, 25.436135 ], [ -100.992935, 25.433485 ], [ -100.993757, 25.431998 ] ] ] } },
{ "type": "Feature", "properties": { "CVEGEO": "0503000014749", "NOM_MUN": "Saltillo", "COLONIA": "IGNACIO ZARAGOZA", "POBTOT": 2535.0, "TVIVHAB": 664.0, "PCT_ELECTRICIDAD": 100.0, "PCT_AGUA": 98.343373493975903, "PCT_DRENAJE": 99.548192771084345, "PCT_INTERNET": 54.969879518072283, "SERVICIOS_INDEX": 88.215361445783131, "MOTIVO_SIN_DATO": null }, "geometry": { "type": "Polygon", "coordinates": [ [ [ -100.922661, 25.401312 ], [ -100.922233, 25.39996 ], [ -100.925768, 25.399074 ], [ -100.926207, 25.400342 ], [ -100.926238, 25.400759 ], [ -100.926408, 25.401182 ], [ -100.926522, 25.401231 ], [ -100.927727, 25.404993 ], [ -100.924187, 25.405965 ], [ -100.92275, 25.401372 ], [ -100.922661, 25.401312 ] ] ] } },
{ "type": "Feature", "properties": { "CVEGEO": "0503000015770", "NOM_MUN": "Saltillo", "COLONIA": "PARAJES DE SANTA ELENA", "POBTOT": 3092.0, "TVIVHAB": 831.0, "PCT_ELECTRICIDAD": 99.518652226233456, "PCT_AGUA": 99.157641395908541, "PCT_DRENAJE": 99.638989169675085, "PCT_INTERNET": 68.110709987966302, "SERVICIOS_INDEX": 91.606498194945843, "MOTIVO_SIN_DATO": null }, "geometry": { "type": "Polygon", "coordinates": [ [ [ -101.014087, 25.345848 ], [ -101.023039, 25.351306 ], [ -101.022294, 25.352909 ], [ -101.021271, 25.352635 ], [ -101.017821, 25.350608 ], [ -101.015497, 25.348799 ], [ -101.014149, 25.347899 ], [ -101.014087, 25.345848 ] ] ] } },
{ "type": "Feature", "properties": { "CVEGEO": "0503000015234", "NOM_MUN": "Saltillo", "COLONIA": "LOMAS DEL REFUGIO", "POBTOT": 2495.0, "TVIVHAB": 648.0, "PCT_ELECTRICIDAD": 100.0, "PCT_AGUA": 99.845679012345684, "PCT_DRENAJE": 100.0, "PCT_INTERNET": 69.907407407407405, "SERVICIOS_INDEX": 92.438271604938265, "MOTIVO_SIN_DATO": null }, "geometry": { "type": "Polygon", "coordinates": [ [ [ -101.019572, 25.357515 ], [ -101.015038, 25.35361 ], [ -101.015477, 25.353011 ], [ -101.015493, 25.351964 ], [ -101.015749, 25.351674 ], [ -101.020505, 25.355784 ], [ -101.020883, 25.356 ], [ -101.020081, 25.357769 ], [ -101.019572, 25.357515 ] ] ] } },
{ "type": "Feature", "properties": { "CVEGEO": "0503000012812", "NOM_MUN": "Saltillo", "COLONIA": "ACUEDUCTO", "POBTOT": 2329.0, "TVIVHAB": 716.0, "PCT_ELECTRICIDAD": 100.0, "PCT_AGUA": 100.0, "PCT_DRENAJE": 100.0, "PCT_INTERNET": 92.458100558659211, "SERVICIOS_INDEX": 98.114525139664806, "MOTIVO_SIN_DATO": null }, "geometry": { "type": "Polygon", "coordinates": [ [ [ -100.996334, 25.398356 ], [ -100.99268, 25.395671 ], [ -100.997229, 25.390318 ], [ -100.9993, 25.391484 ], [ -100.998647, 25.392487 ], [ -100.999644, 25.393102 ], [ -100.997472, 25.396247 ], [ -100.996334, 25.398356 ] ] ] } },
{ "type": "Feature", "properties": { "CVEGEO": "0503000014645", "NOM_MUN": "Saltillo", "COLONIA": "LOS PINOS SEGUNDO Y TERCER SECTOR", "POBTOT": 1291.0, "TVIVHAB": 413.0, "PCT_ELECTRICIDAD": 99.27360774818402, "PCT_AGUA": 99.27360774818402, "PCT_DRENAJE": 99.27360774818402, "PCT_INTERNET": 97.820823244552059, "SERVICIOS_INDEX": 98.91041162227603, "MOTIVO_SIN_DATO": null }, "geometry": { "type": "Polygon", "coordinates": [ [ [ -100.964872, 25.458389 ], [ -100.9656, 25.459959 ], [ -100.966382, 25.460996 ], [ -100.967793, 25.462613 ], [ -100.968105, 25.46322 ], [ -100.968071, 25.463657 ], [ -100.96745, 25.464866 ], [ -100.967404, 25.466253 ], [ -100.958732, 25.461678 ], [ -100.959267, 25.460094 ], [ -100.958197, 25.459425 ], [ -100.958408, 25.458809 ], [ -100.958912, 25.459142 ], [ -100.961691, 25.4564 ], [ -100.961703, 25.45593 ], [ -100.962033, 25.454883 ], [ -100.962216, 25.45481 ], [ -100.962449, 25.455572 ], [ -100.962742, 25.45582 ], [ -100.963122, 25.45596 ], [ -100.96352, 25.456577 ], [ -100.963885, 25.45697 ], [ -100.964728, 25.457277 ], [ -100.965027, 25.457535 ], [ -100.964872, 25.458389 ] ] ] } },
{ "type": "Feature", "properties": { "CVEGEO": "0503000011481", "NOM_MUN": "Saltillo", "COLONIA": "AMÉRICA", "POBTOT": 950.0, "TVIVHAB": 299.0, "PCT_ELECTRICIDAD": 100.0, "PCT_AGUA": 99.665551839464882, "PCT_DRENAJE": 99.331103678929765, "PCT_INTERNET": 79.933110367892979, "SERVICIOS_INDEX": 94.732441471571903, "MOTIVO_SIN_DATO": null }, "geometry": { "type": "Polygon", "coordinates": [ [ [ -100.963276, 25.4335 ], [ -100.963404, 25.432127 ], [ -100.963594, 25.431514 ], [ -100.963775, 25.431285 ], [ -100.96381, 25.43097 ], [ -100.964193, 25.43036 ], [ -100.964354, 25.429841 ], [ -100.964396, 25.428489 ], [ -100.964587, 25.427972 ], [ -100.969759, 25.427249 ], [ -100.972106, 25.434406 ], [ -100.971133, 25.43458 ], [ -100.970121, 25.435053 ], [ -100.963248, 25.44044 ], [ -100.962758, 25.44069 ], [ -100.961887, 25.440876 ], [ -100.961799, 25.439987 ], [ -100.961909, 25.438777 ], [ -100.962222, 25.43817 ], [ -100.962224, 25.437226 ], [ -100.962544, 25.436621 ], [ -100.962689, 25.43596 ], [ -100.963082, 25.435785 ], [ -100.963208, 25.435616 ], [ -100.963339, 25.434544 ], [ -100.963276, 25.4335 ] ] ] } },
{ "type": "Feature", "properties": { "CVEGEO": "0503000015018", "NOM_MUN": "Saltillo", "COLONIA": "LA ROSA", "POBTOT": 2911.0, "TVIVHAB": 881.0, "PCT_ELECTRICIDAD": 100.0, "PCT_AGUA": 100.0, "PCT_DRENAJE": 100.0, "PCT_INTERNET": 90.805902383654939, "SERVICIOS_INDEX": 97.701475595913735, "MOTIVO_SIN_DATO": null }, "geometry": { "type": "Polygon", "coordinates": [ [ [ -100.953394, 25.446204 ], [ -100.958238, 25.445261 ], [ -100.956314, 25.450837 ], [ -100.953178, 25.451763 ], [ -100.952746, 25.450782 ], [ -100.950678, 25.451367 ], [ -100.949805, 25.447893 ], [ -100.95194, 25.447477 ], [ -100.951784, 25.446742 ], [ -100.952871, 25.446566 ], [ -100.953394, 25.446204 ] ] ] } },
{ "type": "Feature", "properties": { "CVEGEO": "0503000014363", "NOM_MUN": "Saltillo", "COLONIA": "15 DE ABRIL", "POBTOT": 2184.0, "TVIVHAB": 472.0, "PCT_ELECTRICIDAD": 96.186440677966104, "PCT_AGUA": 95.762711864406782, "PCT_DRENAJE": 96.186440677966104, "PCT_INTERNET": 52.96610169491526, "SERVICIOS_INDEX": 85.275423728813564, "MOTIVO_SIN_DATO": null }, "geometry": { "type": "Polygon", "coordinates": [ [ [ -101.019319, 25.407924 ], [ -101.021334, 25.405237 ], [ -101.022365, 25.404363 ], [ -101.024393, 25.403062 ], [ -101.02497, 25.402592 ], [ -101.025061, 25.402298 ], [ -101.024865, 25.400146 ], [ -101.025493, 25.400176 ], [ -101.025648, 25.400258 ], [ -101.028252, 25.402601 ], [ -101.025731, 25.405223 ], [ -101.023811, 25.406278 ], [ -101.022285, 25.407383 ], [ -101.021899, 25.407768 ], [ -101.021067, 25.408872 ], [ -101.019319, 25.407924 ] ] ] } },
{ "type": "Feature", "properties": { "CVEGEO": "0503000012579", "NOM_MUN": "Saltillo", "COLONIA": "ZONA CENTRO", "POBTOT": 2465.0, "TVIVHAB": 787.0, "PCT_ELECTRICIDAD": 99.491740787801774, "PCT_AGUA": 98.856416772553999, "PCT_DRENAJE": 99.491740787801774, "PCT_INTERNET": 70.648030495552732, "SERVICIOS_INDEX": 92.121982210927584, "MOTIVO_SIN_DATO": null }, "geometry": { "type": "Polygon", "coordinates": [ [ [ -100.987636, 25.413778 ], [ -100.985499, 25.413448 ], [ -100.986067, 25.409637 ], [ -100.990888, 25.410521 ], [ -100.990257, 25.412219 ], [ -100.994204, 25.414099 ], [ -100.992616, 25.41747 ], [ -100.989167, 25.415669 ], [ -100.989535, 25.415006 ], [ -100.987594, 25.413925 ], [ -100.987636, 25.413778 ] ] ] } },
{ "type": "Feature", "properties": { "CVEGEO": "0503000012992", "NOM_MUN": "Saltillo", "COLONIA": "HACIENDA EL CORTIJO", "POBTOT": 1760.0, "TVIVHAB": 491.0, "PCT_ELECTRICIDAD": 99.796334012219958, "PCT_AGUA": 99.796334012219958, "PCT_DRENAJE": 99.796334012219958, "PCT_INTERNET": 91.649694501018331, "SERVICIOS_INDEX": 97.759674134419555, "MOTIVO_SIN_DATO": null }, "geometry": { "type": "Polygon", "coordinates": [ [ [ -101.002075, 25.374487 ], [ -101.003293, 25.375102 ], [ -101.004576, 25.375944 ], [ -101.00669, 25.377127 ], [ -101.005992, 25.378103 ], [ -101.003941, 25.376845 ], [ -101.003917, 25.377029 ], [ -101.003545, 25.377667 ], [ -100.998541, 25.374747 ], [ -100.999116, 25.374072 ], [ -100.998814, 25.373906 ], [ -100.999499, 25.372989 ], [ -101.002075, 25.374487 ] ] ] } },
{ "type": "Feature", "properties": { "CVEGEO": "0503000012634", "NOM_MUN": "Saltillo", "COLONIA": "ZONA CENTRO", "POBTOT": 2635.0, "TVIVHAB": 867.0, "PCT_ELECTRICIDAD": 99.423298731257205, "PCT_AGUA": 99.423298731257205, "PCT_DRENAJE": 99.307958477508649, "PCT_INTERNET": 68.16608996539793, "SERVICIOS_INDEX": 91.580161476355244, "MOTIVO_SIN_DATO": null }, "geometry": { "type": "Polygon", "coordinates": [ [ [ -100.986067, 25.409637 ], [ -100.986132, 25.409171 ], [ -100.985853, 25.409051 ], [ -100.986422, 25.408155 ], [ -100.985987, 25.407928 ], [ -100.986744, 25.406734 ], [ -100.988896, 25.407907 ], [ -100.988872, 25.408027 ], [ -100.990448, 25.408281 ], [ -100.990677, 25.407639 ], [ -100.991721, 25.408424 ], [ -100.992887, 25.40877 ], [ -100.992976, 25.408138 ], [ -100.993031, 25.408124 ], [ -100.993466, 25.408414 ], [ -100.993612, 25.409153 ], [ -100.994542, 25.409615 ], [ -100.994297, 25.410096 ], [ -100.995672, 25.410853 ], [ -100.994204, 25.414099 ], [ -100.990257, 25.412219 ], [ -100.990888, 25.410521 ], [ -100.986067, 25.409637 ] ] ] } },
{ "type": "Feature", "properties": { "CVEGEO": "0503000014310", "NOM_MUN": "Saltillo", "COLONIA": "GUSTAVO DÍAZ ORDAZ", "POBTOT": 4408.0, "TVIVHAB": 1322.0, "PCT_ELECTRICIDAD": 99.621785173978822, "PCT_AGUA": 99.621785173978822, "PCT_DRENAJE": 99.621785173978822, "PCT_INTERNET": 85.930408472012104, "SERVICIOS_INDEX": 96.198940998487146, "MOTIVO_SIN_DATO": null }, "geometry": { "type": "Polygon", "coordinates": [ [ [ -100.943886, 25.452858 ], [ -100.944148, 25.45247 ], [ -100.944343, 25.451815 ], [ -100.944433, 25.450471 ], [ -100.944719, 25.450167 ], [ -100.945282, 25.448344 ], [ -100.945443, 25.447965 ], [ -100.945592, 25.447809 ], [ -100.945799, 25.44783 ], [ -100.951784, 25.446742 ], [ -100.95194, 25.447477 ], [ -100.949805, 25.447893 ], [ -100.950848, 25.451871 ], [ -100.950112, 25.45211 ], [ -100.950135, 25.452157 ], [ -100.948435, 25.452655 ], [ -100.948552, 25.453129 ], [ -100.945191, 25.454159 ], [ -100.94436, 25.453768 ], [ -100.943886, 25.452858 ] ] ] } },
{ "type": "Feature", "properties": { "CVEGEO": "0503000012418", "NOM_MUN": "Saltillo", "COLONIA": "UNIVERSO", "POBTOT": 3011.0, "TVIVHAB": 824.0, "PCT_ELECTRICIDAD": 98.90776699029125, "PCT_AGUA": 98.90776699029125, "PCT_DRENAJE": 98.90776699029125, "PCT_INTERNET": 68.446601941747574, "SERVICIOS_INDEX": 91.292475728155338, "MOTIVO_SIN_DATO": null }, "geometry": { "type": "Polygon", "coordinates": [ [ [ -101.024374, 25.428879 ], [ -101.023285, 25.42865 ], [ -101.022667, 25.428266 ], [ -101.021548, 25.427925 ], [ -101.020331, 25.427089 ], [ -101.021846, 25.425331 ], [ -101.023438, 25.425675 ], [ -101.023635, 25.425442 ], [ -101.02384, 25.425715 ], [ -101.024424, 25.42506 ], [ -101.024767, 25.425273 ], [ -101.025283, 25.424599 ], [ -101.025696, 25.42486 ], [ -101.026276, 25.424111 ], [ -101.027105, 25.424623 ], [ -101.027592, 25.423991 ], [ -101.027991, 25.424201 ], [ -101.027974, 25.424321 ], [ -101.028136, 25.424438 ], [ -101.028322, 25.424483 ], [ -101.028654, 25.424478 ], [ -101.028373, 25.424192 ], [ -101.028675, 25.424171 ], [ -101.02956, 25.424345 ], [ -101.029398, 25.425011 ], [ -101.028622, 25.424891 ], [ -101.027242, 25.425832 ], [ -101.027327, 25.425885 ], [ -101.02618, 25.427418 ], [ -101.025929, 25.427267 ], [ -101.02562, 25.429263 ], [ -101.024374, 25.428879 ] ] ] } },
{ "type": "Feature", "properties": { "CVEGEO": "0503000012761", "NOM_MUN": "Saltillo", "COLONIA": "VISTA HERMOSA", "POBTOT": 2599.0, "TVIVHAB": 686.0, "PCT_ELECTRICIDAD": 99.708454810495624, "PCT_AGUA": 99.125364431486886, "PCT_DRENAJE": 99.416909620991262, "PCT_INTERNET": 64.723032069970841, "SERVICIOS_INDEX": 90.743440233236143, "MOTIVO_SIN_DATO": null }, "geometry": { "type": "Polygon", "coordinates": [ [ [ -100.945265, 25.40321 ], [ -100.945116, 25.402761 ], [ -100.944876, 25.402679 ], [ -100.944396, 25.401105 ], [ -100.944527, 25.400876 ], [ -100.943279, 25.397071 ], [ -100.944503, 25.396744 ], [ -100.944211, 25.395831 ], [ -100.945011, 25.395643 ], [ -100.945077, 25.39585 ], [ -100.946683, 25.395415 ], [ -100.948145, 25.399971 ], [ -100.946568, 25.400393 ], [ -100.946741, 25.400932 ], [ -100.945148, 25.40138 ], [ -100.945702, 25.403119 ], [ -100.945265, 25.40321 ] ] ] } },
{ "type": "Feature", "properties": { "CVEGEO": "0503000015037", "NOM_MUN": "Saltillo", "COLONIA": "PORTAL DEL SUR", "POBTOT": 4640.0, "TVIVHAB": 1244.0, "PCT_ELECTRICIDAD": 99.517684887459808, "PCT_AGUA": 99.437299035369776, "PCT_DRENAJE": 99.517684887459808, "PCT_INTERNET": 80.225080385852081, "SERVICIOS_INDEX": 94.674437299035375, "MOTIVO_SIN_DATO": null }, "geometry": { "type": "Polygon", "coordinates": [ [ [ -100.996068, 25.385569 ], [ -100.9955, 25.385141 ], [ -100.994457, 25.382519 ], [ -100.99376, 25.380427 ], [ -100.995538, 25.3779 ], [ -100.998814, 25.373906 ], [ -100.999116, 25.374072 ], [ -100.998541, 25.374747 ], [ -101.00122, 25.376358 ], [ -101.003545, 25.377667 ], [ -101.003917, 25.377029 ], [ -101.003941, 25.376845 ], [ -101.005992, 25.378103 ], [ -101.003324, 25.381861 ], [ -101.00636, 25.383647 ], [ -101.005014, 25.385544 ], [ -101.002042, 25.383761 ], [ -100.999364, 25.387513 ], [ -100.996068, 25.385569 ] ] ] } },
{ "type": "Feature", "properties": { "CVEGEO": "0503000011937", "NOM_MUN": "Saltillo", "COLONIA": "CIUDAD SATÉLITE II NORTE", "POBTOT": 3204.0, "TVIVHAB": 853.0, "PCT_ELECTRICIDAD": 99.76553341148886, "PCT_AGUA": 99.76553341148886, "PCT_DRENAJE": 99.76553341148886, "PCT_INTERNET": 68.229777256740903, "SERVICIOS_INDEX": 91.881594372801885, "MOTIVO_SIN_DATO": null }, "geometry": { "type": "Polygon", "coordinates": [ [ [ -101.021351, 25.462634 ], [ -101.019741, 25.463218 ], [ -101.019305, 25.461096 ], [ -101.018144, 25.460224 ], [ -101.017458, 25.46071 ], [ -101.014462, 25.458188 ], [ -101.015517, 25.457399 ], [ -101.015393, 25.456672 ], [ -101.016474, 25.456508 ], [ -101.017571, 25.457784 ], [ -101.020834, 25.460168 ], [ -101.021351, 25.462634 ] ] ] } },
{ "type": "Feature", "properties": { "CVEGEO": "0503000012437", "NOM_MUN": "Saltillo", "COLONIA": "ZAPALINAMÉ", "POBTOT": 2296.0, "TVIVHAB": 711.0, "PCT_ELECTRICIDAD": 100.0, "PCT_AGUA": 100.0, "PCT_DRENAJE": 100.0, "PCT_INTERNET": 68.495077355836855, "SERVICIOS_INDEX": 92.123769338959221, "MOTIVO_SIN_DATO": null }, "geometry": { "type": "Polygon", "coordinates": [ [ [ -100.97542, 25.41917 ], [ -100.975874, 25.418213 ], [ -100.976309, 25.41846 ], [ -100.980979, 25.420259 ], [ -100.983133, 25.420762 ], [ -100.984486, 25.421307 ], [ -100.9855, 25.421433 ], [ -100.985067, 25.422849 ], [ -100.983767, 25.425392 ], [ -100.97874, 25.426067 ], [ -100.978991, 25.425268 ], [ -100.979263, 25.423219 ], [ -100.979654, 25.421341 ], [ -100.9749, 25.419487 ], [ -100.975118, 25.419026 ], [ -100.97542, 25.41917 ] ] ] } },
{ "type": "Feature", "properties": { "CVEGEO": "0503000012545", "NOM_MUN": "Saltillo", "COLONIA": "VISTA HERMOSA", "POBTOT": 2669.0, "TVIVHAB": 700.0, "PCT_ELECTRICIDAD": 100.0, "PCT_AGUA": 100.0, "PCT_DRENAJE": 100.0, "PCT_INTERNET": 70.142857142857139, "SERVICIOS_INDEX": 92.535714285714278, "MOTIVO_SIN_DATO": null }, "geometry": { "type": "Polygon", "coordinates": [ [ [ -100.944967, 25.417688 ], [ -100.943826, 25.414147 ], [ -100.949642, 25.412623 ], [ -100.94992, 25.413485 ], [ -100.950721, 25.413279 ], [ -100.951077, 25.414364 ], [ -100.952769, 25.413915 ], [ -100.953036, 25.414768 ], [ -100.951351, 25.415214 ], [ -100.951288, 25.415021 ], [ -100.949704, 25.415492 ], [ -100.949408, 25.414582 ], [ -100.947435, 25.415107 ], [ -100.94803, 25.41688 ], [ -100.944967, 25.417688 ] ] ] } },
{ "type": "Feature", "properties": { "CVEGEO": "0503000012494", "NOM_MUN": "Saltillo", "COLONIA": "URDIÑOLA", "POBTOT": 3816.0, "TVIVHAB": 1191.0, "PCT_ELECTRICIDAD": 99.580184718723757, "PCT_AGUA": 99.580184718723757, "PCT_DRENAJE": 99.580184718723757, "PCT_INTERNET": 75.398824517212432, "SERVICIOS_INDEX": 93.534844668345926, "MOTIVO_SIN_DATO": null }, "geometry": { "type": "Polygon", "coordinates": [ [ [ -100.976513, 25.416858 ], [ -100.976977, 25.417044 ], [ -100.977681, 25.415549 ], [ -100.981534, 25.417068 ], [ -100.982242, 25.415559 ], [ -100.983183, 25.415932 ], [ -100.982471, 25.417421 ], [ -100.984693, 25.41828 ], [ -100.986254, 25.418599 ], [ -100.9855, 25.421433 ], [ -100.984486, 25.421307 ], [ -100.983133, 25.420762 ], [ -100.980979, 25.420259 ], [ -100.976309, 25.41846 ], [ -100.975874, 25.418213 ], [ -100.976513, 25.416858 ] ] ] } },
{ "type": "Feature", "properties": { "CVEGEO": "050300001458A", "NOM_MUN": "Saltillo", "COLONIA": "NUEVA JERUSALÉN", "POBTOT": 3769.0, "TVIVHAB": 836.0, "PCT_ELECTRICIDAD": 100.0, "PCT_AGUA": 98.803827751196167, "PCT_DRENAJE": 99.641148325358856, "PCT_INTERNET": 57.177033492822972, "SERVICIOS_INDEX": 88.905502392344488, "MOTIVO_SIN_DATO": null }, "geometry": { "type": "Polygon", "coordinates": [ [ [ -101.02808, 25.39143 ], [ -101.027973, 25.391377 ], [ -101.027788, 25.39067 ], [ -101.027233, 25.389384 ], [ -101.027142, 25.388964 ], [ -101.02719, 25.388892 ], [ -101.029896, 25.389887 ], [ -101.030096, 25.389426 ], [ -101.032498, 25.391162 ], [ -101.032433, 25.391226 ], [ -101.032467, 25.39223 ], [ -101.032179, 25.39264 ], [ -101.031375, 25.39504 ], [ -101.030768, 25.395859 ], [ -101.03007, 25.396608 ], [ -101.029415, 25.397549 ], [ -101.029692, 25.396736 ], [ -101.029759, 25.396137 ], [ -101.029519, 25.39597 ], [ -101.02938, 25.395614 ], [ -101.028779, 25.394723 ], [ -101.028618, 25.394188 ], [ -101.028538, 25.393296 ], [ -101.028299, 25.392579 ], [ -101.02808, 25.39143 ] ] ] } },
{ "type": "Feature", "properties": { "CVEGEO": "0503000012028", "NOM_MUN": "Saltillo", "COLONIA": "PUEBLO INSURGENTE", "POBTOT": 4164.0, "TVIVHAB": 1088.0, "PCT_ELECTRICIDAD": 98.713235294117652, "PCT_AGUA": 98.253676470588232, "PCT_DRENAJE": 98.529411764705884, "PCT_INTERNET": 59.650735294117652, "SERVICIOS_INDEX": 88.786764705882348, "MOTIVO_SIN_DATO": null }, "geometry": { "type": "Polygon", "coordinates": [ [ [ -101.00727, 25.454211 ], [ -101.007686, 25.453758 ], [ -101.007987, 25.452431 ], [ -101.007809, 25.451651 ], [ -101.00834, 25.450536 ], [ -101.008388, 25.449996 ], [ -101.008083, 25.449323 ], [ -101.007419, 25.448678 ], [ -101.007326, 25.448182 ], [ -101.007487, 25.448249 ], [ -101.008376, 25.446896 ], [ -101.009368, 25.447314 ], [ -101.009738, 25.447581 ], [ -101.009388, 25.447957 ], [ -101.009407, 25.448566 ], [ -101.012419, 25.447754 ], [ -101.014346, 25.44859 ], [ -101.010938, 25.454727 ], [ -101.010395, 25.454742 ], [ -101.010109, 25.455288 ], [ -101.00727, 25.454211 ] ] ] } },
{ "type": "Feature", "properties": { "CVEGEO": "050300001006A", "NOM_MUN": "Saltillo", "COLONIA": "AMPLIACIÓN REPÚBLICA ORIENTE", "POBTOT": 1755.0, "TVIVHAB": 684.0, "PCT_ELECTRICIDAD": 100.0, "PCT_AGUA": 99.853801169590639, "PCT_DRENAJE": 99.853801169590639, "PCT_INTERNET": 90.789473684210535, "SERVICIOS_INDEX": 97.62426900584795, "MOTIVO_SIN_DATO": null }, "geometry": { "type": "Polygon", "coordinates": [ [ [ -100.98356, 25.444692 ], [ -100.986896, 25.437375 ], [ -100.992944, 25.439701 ], [ -100.989449, 25.447061 ], [ -100.98356, 25.444692 ] ] ] } },
{ "type": "Feature", "properties": { "CVEGEO": "0503000015484", "NOM_MUN": "Saltillo", "COLONIA": "RESIDENCIAL SAN ALBERTO", "POBTOT": 781.0, "TVIVHAB": 238.0, "PCT_ELECTRICIDAD": 100.0, "PCT_AGUA": 100.0, "PCT_DRENAJE": 100.0, "PCT_INTERNET": 95.378151260504211, "SERVICIOS_INDEX": 98.844537815126046, "MOTIVO_SIN_DATO": null }, "geometry": { "type": "Polygon", "coordinates": [ [ [ -100.948139, 25.47129 ], [ -100.950446, 25.46807 ], [ -100.950931, 25.466621 ], [ -100.952446, 25.467526 ], [ -100.953107, 25.467786 ], [ -100.954077, 25.468343 ], [ -100.956809, 25.468535 ], [ -100.958733, 25.470349 ], [ -100.959208, 25.469762 ], [ -100.960823, 25.471322 ], [ -100.959667, 25.474696 ], [ -100.959253, 25.475452 ], [ -100.956886, 25.478 ], [ -100.951023, 25.473789 ], [ -100.948139, 25.47129 ] ] ] } },
{ "type": "Feature", "properties": { "CVEGEO": "0503000015164", "NOM_MUN": "Saltillo", "COLONIA": "VALLE DE LAS FLORES", "POBTOT": 2194.0, "TVIVHAB": 619.0, "PCT_ELECTRICIDAD": 99.838449111470112, "PCT_AGUA": 100.0, "PCT_DRENAJE": 100.0, "PCT_INTERNET": 72.374798061389328, "SERVICIOS_INDEX": 93.053311793214874, "MOTIVO_SIN_DATO": null }, "geometry": { "type": "Polygon", "coordinates": [ [ [ -100.960263, 25.43283 ], [ -100.960435, 25.432289 ], [ -100.960344, 25.431603 ], [ -100.959201, 25.431756 ], [ -100.959086, 25.431028 ], [ -100.958795, 25.431065 ], [ -100.958473, 25.429207 ], [ -100.958343, 25.429224 ], [ -100.958964, 25.428772 ], [ -100.964587, 25.427972 ], [ -100.964396, 25.428489 ], [ -100.964354, 25.429841 ], [ -100.964193, 25.43036 ], [ -100.96381, 25.43097 ], [ -100.963775, 25.431285 ], [ -100.963594, 25.431514 ], [ -100.963338, 25.432391 ], [ -100.963259, 25.43325 ], [ -100.960263, 25.43283 ] ] ] } },
{ "type": "Feature", "properties": { "CVEGEO": "0503000015446", "NOM_MUN": "Saltillo", "COLONIA": "AMISTAD", "POBTOT": 5149.0, "TVIVHAB": 1367.0, "PCT_ELECTRICIDAD": 99.926847110460855, "PCT_AGUA": 99.780541331382594, "PCT_DRENAJE": 99.926847110460855, "PCT_INTERNET": 77.395757132406729, "SERVICIOS_INDEX": 94.257498171177758, "MOTIVO_SIN_DATO": null }, "geometry": { "type": "Polygon", "coordinates": [ [ [ -100.939515, 25.413422 ], [ -100.939249, 25.413495 ], [ -100.937518, 25.4082 ], [ -100.938084, 25.408048 ], [ -100.937746, 25.406982 ], [ -100.939061, 25.406636 ], [ -100.941116, 25.412994 ], [ -100.943271, 25.412385 ], [ -100.944401, 25.415924 ], [ -100.940361, 25.416988 ], [ -100.939515, 25.413422 ] ] ] } },
{ "type": "Feature", "properties": { "CVEGEO": "050300001198A", "NOM_MUN": "Saltillo", "COLONIA": "PORTAL DE ARAGÓN", "POBTOT": 2693.0, "TVIVHAB": 944.0, "PCT_ELECTRICIDAD": 99.894067796610159, "PCT_AGUA": 99.894067796610159, "PCT_DRENAJE": 100.0, "PCT_INTERNET": 88.029661016949163, "SERVICIOS_INDEX": 96.954449152542367, "MOTIVO_SIN_DATO": null }, "geometry": { "type": "Polygon", "coordinates": [ [ [ -100.9632, 25.452404 ], [ -100.962451, 25.449669 ], [ -100.962441, 25.448857 ], [ -100.96263, 25.448136 ], [ -100.962763, 25.447814 ], [ -100.963453, 25.447109 ], [ -100.963743, 25.446636 ], [ -100.96389, 25.446716 ], [ -100.963988, 25.4469 ], [ -100.963708, 25.447225 ], [ -100.966324, 25.450001 ], [ -100.965993, 25.450809 ], [ -100.966988, 25.451304 ], [ -100.965903, 25.45309 ], [ -100.96794, 25.454107 ], [ -100.965074, 25.458882 ], [ -100.964872, 25.458389 ], [ -100.965027, 25.457535 ], [ -100.964728, 25.457277 ], [ -100.963885, 25.45697 ], [ -100.96352, 25.456577 ], [ -100.963122, 25.45596 ], [ -100.962742, 25.45582 ], [ -100.962449, 25.455572 ], [ -100.962343, 25.455267 ], [ -100.962216, 25.45481 ], [ -100.962339, 25.454779 ], [ -100.96311, 25.453347 ], [ -100.9632, 25.452404 ] ] ] } },
{ "type": "Feature", "properties": { "CVEGEO": "0503000015427", "NOM_MUN": "Saltillo", "COLONIA": "SALTILLO 2000 SEGUNDA AMPLIACIÓN", "POBTOT": 4917.0, "TVIVHAB": 1268.0, "PCT_ELECTRICIDAD": 99.921135646687702, "PCT_AGUA": 99.605678233438482, "PCT_DRENAJE": 99.921135646687702, "PCT_INTERNET": 71.372239747634069, "SERVICIOS_INDEX": 92.705047318611989, "MOTIVO_SIN_DATO": null }, "geometry": { "type": "Polygon", "coordinates": [ [ [ -101.029317, 25.462807 ], [ -101.029223, 25.463051 ], [ -101.029108, 25.463095 ], [ -101.028966, 25.463086 ], [ -101.028765, 25.462902 ], [ -101.024936, 25.463506 ], [ -101.024555, 25.461683 ], [ -101.02378, 25.461821 ], [ -101.023598, 25.461934 ], [ -101.023513, 25.462101 ], [ -101.0213, 25.462388 ], [ -101.020867, 25.460318 ], [ -101.028269, 25.45922 ], [ -101.028672, 25.461324 ], [ -101.030917, 25.461005 ], [ -101.032174, 25.462325 ], [ -101.029317, 25.462807 ] ] ] } },
{ "type": "Feature", "properties": { "CVEGEO": "0503000012263", "NOM_MUN": "Saltillo", "COLONIA": "GUSTAVO ESPINOZA MIRELES", "POBTOT": 2001.0, "TVIVHAB": 523.0, "PCT_ELECTRICIDAD": 100.0, "PCT_AGUA": 100.0, "PCT_DRENAJE": 100.0, "PCT_INTERNET": 57.170172084130023, "SERVICIOS_INDEX": 89.2925430210325, "MOTIVO_SIN_DATO": null }, "geometry": { "type": "Polygon", "coordinates": [ [ [ -101.013266, 25.443023 ], [ -101.012101, 25.442193 ], [ -101.011992, 25.442366 ], [ -101.010873, 25.441438 ], [ -101.011425, 25.440638 ], [ -101.011853, 25.44093 ], [ -101.012765, 25.439449 ], [ -101.014177, 25.437394 ], [ -101.014683, 25.438375 ], [ -101.014525, 25.43856 ], [ -101.015224, 25.439053 ], [ -101.016385, 25.438193 ], [ -101.016939, 25.439217 ], [ -101.014708, 25.440873 ], [ -101.013266, 25.443023 ] ] ] } },
{ "type": "Feature", "properties": { "CVEGEO": "0503000012174", "NOM_MUN": "Saltillo", "COLONIA": "ISABEL AMALIA DE FLORES TAPIA", "POBTOT": 3275.0, "TVIVHAB": 881.0, "PCT_ELECTRICIDAD": 99.659477866061295, "PCT_AGUA": 99.432463110102148, "PCT_DRENAJE": 99.545970488081721, "PCT_INTERNET": 64.245175936435871, "SERVICIOS_INDEX": 90.720771850170266, "MOTIVO_SIN_DATO": null }, "geometry": { "type": "Polygon", "coordinates": [ [ [ -101.007945, 25.449155 ], [ -101.008373, 25.449862 ], [ -101.008377, 25.450267 ], [ -101.0082, 25.450922 ], [ -101.007809, 25.451651 ], [ -101.007987, 25.452431 ], [ -101.007686, 25.453758 ], [ -101.00727, 25.454211 ], [ -101.002663, 25.452474 ], [ -101.005134, 25.447232 ], [ -101.005266, 25.446787 ], [ -101.005251, 25.446427 ], [ -101.004912, 25.445783 ], [ -101.004664, 25.445559 ], [ -101.003672, 25.445107 ], [ -101.006512, 25.438454 ], [ -101.007095, 25.43743 ], [ -101.008425, 25.438569 ], [ -101.010666, 25.440121 ], [ -101.007837, 25.444266 ], [ -101.007094, 25.443958 ], [ -101.006681, 25.445073 ], [ -101.006656, 25.445557 ], [ -101.006456, 25.445971 ], [ -101.006655, 25.446418 ], [ -101.006708, 25.446817 ], [ -101.006499, 25.447173 ], [ -101.006351, 25.447251 ], [ -101.006333, 25.447409 ], [ -101.007043, 25.447826 ], [ -101.007369, 25.448275 ], [ -101.007419, 25.448678 ], [ -101.007945, 25.449155 ] ] ] } },
{ "type": "Feature", "properties": { "CVEGEO": "0503000010286", "NOM_MUN": "Saltillo", "COLONIA": "ZONA CENTRO", "POBTOT": 2347.0, "TVIVHAB": 822.0, "PCT_ELECTRICIDAD": 99.756690997566906, "PCT_AGUA": 99.756690997566906, "PCT_DRENAJE": 99.756690997566906, "PCT_INTERNET": 79.075425790754267, "SERVICIOS_INDEX": 94.586374695863739, "MOTIVO_SIN_DATO": null }, "geometry": { "type": "Polygon", "coordinates": [ [ [ -101.009352, 25.425615 ], [ -101.010494, 25.42357 ], [ -101.00887, 25.422921 ], [ -101.007779, 25.424846 ], [ -101.001458, 25.421946 ], [ -101.001628, 25.420844 ], [ -101.002269, 25.417896 ], [ -101.005742, 25.419087 ], [ -101.006071, 25.418842 ], [ -101.007588, 25.419954 ], [ -101.009676, 25.421119 ], [ -101.010752, 25.419815 ], [ -101.013297, 25.421166 ], [ -101.010227, 25.426043 ], [ -101.009352, 25.425615 ] ] ] } },
{ "type": "Feature", "properties": { "CVEGEO": "0503000011392", "NOM_MUN": "Saltillo", "COLONIA": "NUEVA AURORA", "POBTOT": 3056.0, "TVIVHAB": 900.0, "PCT_ELECTRICIDAD": 99.444444444444443, "PCT_AGUA": 99.444444444444443, "PCT_DRENAJE": 99.222222222222229, "PCT_INTERNET": 83.333333333333343, "SERVICIOS_INDEX": 95.361111111111114, "MOTIVO_SIN_DATO": null }, "geometry": { "type": "Polygon", "coordinates": [ [ [ -100.940828, 25.454249 ], [ -100.940613, 25.453557 ], [ -100.940315, 25.453103 ], [ -100.938868, 25.451682 ], [ -100.940186, 25.450454 ], [ -100.940183, 25.450371 ], [ -100.939892, 25.45026 ], [ -100.938237, 25.449065 ], [ -100.937228, 25.448454 ], [ -100.93624, 25.447631 ], [ -100.935761, 25.447453 ], [ -100.934602, 25.446236 ], [ -100.934591, 25.446124 ], [ -100.934902, 25.445824 ], [ -100.935386, 25.444945 ], [ -100.935512, 25.444564 ], [ -100.935922, 25.444124 ], [ -100.936895, 25.444531 ], [ -100.93751, 25.444636 ], [ -100.937874, 25.444613 ], [ -100.947837, 25.443057 ], [ -100.947779, 25.44354 ], [ -100.947498, 25.444162 ], [ -100.94725, 25.444464 ], [ -100.946947, 25.445392 ], [ -100.946765, 25.445753 ], [ -100.946154, 25.446501 ], [ -100.945898, 25.446989 ], [ -100.945686, 25.447636 ], [ -100.94538, 25.448088 ], [ -100.944719, 25.450167 ], [ -100.944433, 25.450471 ], [ -100.944343, 25.451815 ], [ -100.944148, 25.45247 ], [ -100.943791, 25.45306 ], [ -100.943699, 25.453865 ], [ -100.942927, 25.455179 ], [ -100.942758, 25.45571 ], [ -100.941027, 25.454659 ], [ -100.940961, 25.454922 ], [ -100.940783, 25.454898 ], [ -100.940828, 25.454249 ] ] ] } },
{ "type": "Feature", "properties": { "CVEGEO": "0503000015836", "NOM_MUN": "Saltillo", "COLONIA": "AMPLIACIÓN LOMAS DEL REFUGIO", "POBTOT": 2628.0, "TVIVHAB": 709.0, "PCT_ELECTRICIDAD": 100.0, "PCT_AGUA": 100.0, "PCT_DRENAJE": 99.576868829337101, "PCT_INTERNET": 66.854724964739063, "SERVICIOS_INDEX": 91.607898448519052, "MOTIVO_SIN_DATO": null }, "geometry": { "type": "Polygon", "coordinates": [ [ [ -101.005048, 25.3451 ], [ -101.006931, 25.344382 ], [ -101.008819, 25.345957 ], [ -101.009793, 25.346597 ], [ -101.010346, 25.347117 ], [ -101.010072, 25.34723 ], [ -101.010337, 25.347428 ], [ -101.009997, 25.347618 ], [ -101.007429, 25.348421 ], [ -101.006093, 25.347594 ], [ -101.005783, 25.346544 ], [ -101.005048, 25.3451 ] ] ] } },
{ "type": "Feature", "properties": { "CVEGEO": "0503000012386", "NOM_MUN": "Saltillo", "COLONIA": "TOPOCHICO", "POBTOT": 2134.0, "TVIVHAB": 654.0, "PCT_ELECTRICIDAD": 97.706422018348633, "PCT_AGUA": 97.706422018348633, "PCT_DRENAJE": 97.553516819571868, "PCT_INTERNET": 68.042813455657495, "SERVICIOS_INDEX": 90.252293577981661, "MOTIVO_SIN_DATO": null }, "geometry": { "type": "Polygon", "coordinates": [ [ [ -100.983859, 25.428202 ], [ -100.987123, 25.429442 ], [ -100.984046, 25.436169 ], [ -100.980659, 25.435162 ], [ -100.983859, 25.428202 ] ] ] } },
{ "type": "Feature", "properties": { "CVEGEO": "0503000012973", "NOM_MUN": "Saltillo", "COLONIA": "PARQUES DE LA CAÑADA", "POBTOT": 863.0, "TVIVHAB": 278.0, "PCT_ELECTRICIDAD": 98.561151079136692, "PCT_AGUA": 98.561151079136692, "PCT_DRENAJE": 98.561151079136692, "PCT_INTERNET": 96.043165467625897, "SERVICIOS_INDEX": 97.931654676258987, "MOTIVO_SIN_DATO": null }, "geometry": { "type": "Polygon", "coordinates": [ [ [ -101.018841, 25.382996 ], [ -101.016972, 25.384649 ], [ -101.014536, 25.382032 ], [ -101.014317, 25.382086 ], [ -101.014081, 25.381969 ], [ -101.014021, 25.381796 ], [ -101.014138, 25.381569 ], [ -101.014086, 25.381447 ], [ -101.013349, 25.380691 ], [ -101.016285, 25.37663 ], [ -101.016549, 25.376894 ], [ -101.016433, 25.377052 ], [ -101.017004, 25.377499 ], [ -101.01694, 25.378109 ], [ -101.018577, 25.378046 ], [ -101.018683, 25.378149 ], [ -101.019023, 25.379721 ], [ -101.019145, 25.379826 ], [ -101.019134, 25.380383 ], [ -101.019431, 25.38167 ], [ -101.019307, 25.382362 ], [ -101.018841, 25.382996 ] ] ] } },
{ "type": "Feature", "properties": { "CVEGEO": "0503000012780", "NOM_MUN": "Saltillo", "COLONIA": "AMPLIACIÓN BUENOS AIRES", "POBTOT": 3386.0, "TVIVHAB": 873.0, "PCT_ELECTRICIDAD": 98.969072164948457, "PCT_AGUA": 99.083619702176406, "PCT_DRENAJE": 99.083619702176406, "PCT_INTERNET": 68.957617411225655, "SERVICIOS_INDEX": 91.523482245131731, "MOTIVO_SIN_DATO": null }, "geometry": { "type": "Polygon", "coordinates": [ [ [ -101.018259, 25.396761 ], [ -101.01731, 25.400387 ], [ -101.016496, 25.401586 ], [ -101.01144, 25.398645 ], [ -101.011943, 25.397507 ], [ -101.012346, 25.397745 ], [ -101.014407, 25.394835 ], [ -101.014432, 25.394924 ], [ -101.016136, 25.395892 ], [ -101.016726, 25.395082 ], [ -101.016652, 25.39541 ], [ -101.017605, 25.395887 ], [ -101.018259, 25.396761 ] ] ] } },
{ "type": "Feature", "properties": { "CVEGEO": "0503000015639", "NOM_MUN": "Saltillo", "COLONIA": "SAN JOSÉ DE LOS CERRITOS II", "POBTOT": 594.0, "TVIVHAB": 165.0, "PCT_ELECTRICIDAD": 100.0, "PCT_AGUA": 100.0, "PCT_DRENAJE": 100.0, "PCT_INTERNET": 90.909090909090907, "SERVICIOS_INDEX": 97.72727272727272, "MOTIVO_SIN_DATO": null }, "geometry": { "type": "Polygon", "coordinates": [ [ [ -100.942099, 25.421523 ], [ -100.943709, 25.421103 ], [ -100.94377, 25.42112 ], [ -100.943974, 25.421815 ], [ -100.946142, 25.421211 ], [ -100.946751, 25.422982 ], [ -100.944983, 25.423445 ], [ -100.947204, 25.43037 ], [ -100.943731, 25.430846 ], [ -100.940801, 25.421744 ], [ -100.942151, 25.421731 ], [ -100.942099, 25.421523 ] ] ] } },
{ "type": "Feature", "properties": { "CVEGEO": "0503000015728", "NOM_MUN": "Saltillo", "COLONIA": "BALCONES DE LAS TORRES", "POBTOT": 2115.0, "TVIVHAB": 549.0, "PCT_ELECTRICIDAD": 100.0, "PCT_AGUA": 99.635701275045534, "PCT_DRENAJE": 99.817850637522767, "PCT_INTERNET": 55.009107468123865, "SERVICIOS_INDEX": 88.615664845173043, "MOTIVO_SIN_DATO": null }, "geometry": { "type": "Polygon", "coordinates": [ [ [ -101.021997, 25.47099 ], [ -101.020479, 25.468467 ], [ -101.018777, 25.467655 ], [ -101.019028, 25.46741 ], [ -101.019328, 25.467611 ], [ -101.019688, 25.467225 ], [ -101.020173, 25.466988 ], [ -101.019718, 25.466155 ], [ -101.019922, 25.466158 ], [ -101.020661, 25.465699 ], [ -101.023441, 25.47021 ], [ -101.023252, 25.470394 ], [ -101.023598, 25.47099 ], [ -101.022578, 25.471715 ], [ -101.021997, 25.47099 ] ] ] } },
{ "type": "Feature", "properties": { "CVEGEO": "0503000014289", "NOM_MUN": "Saltillo", "COLONIA": "VALLE SAN ÁNGEL", "POBTOT": 895.0, "TVIVHAB": 317.0, "PCT_ELECTRICIDAD": 100.0, "PCT_AGUA": 100.0, "PCT_DRENAJE": 100.0, "PCT_INTERNET": 96.529968454258679, "SERVICIOS_INDEX": 99.132492113564666, "MOTIVO_SIN_DATO": null }, "geometry": { "type": "Polygon", "coordinates": [ [ [ -100.965456, 25.473595 ], [ -100.965934, 25.472677 ], [ -100.966403, 25.472155 ], [ -100.966618, 25.471651 ], [ -100.966587, 25.470982 ], [ -100.966094, 25.470156 ], [ -100.966075, 25.46948 ], [ -100.966255, 25.468968 ], [ -100.966682, 25.468415 ], [ -100.96678, 25.46802 ], [ -100.967737, 25.468492 ], [ -100.968408, 25.469866 ], [ -100.970022, 25.470638 ], [ -100.971176, 25.471597 ], [ -100.971708, 25.471705 ], [ -100.971815, 25.471898 ], [ -100.973207, 25.472946 ], [ -100.97361, 25.473203 ], [ -100.974277, 25.473476 ], [ -100.973988, 25.474103 ], [ -100.975947, 25.474872 ], [ -100.97492, 25.477048 ], [ -100.973699, 25.476351 ], [ -100.973046, 25.476102 ], [ -100.970407, 25.475717 ], [ -100.969369, 25.475275 ], [ -100.966827, 25.473858 ], [ -100.965456, 25.473595 ] ] ] } },
{ "type": "Feature", "properties": { "CVEGEO": "0503000015817", "NOM_MUN": "Saltillo", "COLONIA": "NUEVO MIRASIERRA", "POBTOT": 1723.0, "TVIVHAB": 465.0, "PCT_ELECTRICIDAD": 100.0, "PCT_AGUA": 100.0, "PCT_DRENAJE": 100.0, "PCT_INTERNET": 62.795698924731184, "SERVICIOS_INDEX": 90.6989247311828, "MOTIVO_SIN_DATO": null }, "geometry": { "type": "Polygon", "coordinates": [ [ [ -100.918813, 25.401954 ], [ -100.919602, 25.40291 ], [ -100.91999, 25.403198 ], [ -100.919906, 25.403865 ], [ -100.920083, 25.404308 ], [ -100.919775, 25.404568 ], [ -100.919751, 25.405543 ], [ -100.919589, 25.406536 ], [ -100.91876, 25.406793 ], [ -100.918616, 25.406341 ], [ -100.918139, 25.406481 ], [ -100.91703, 25.40276 ], [ -100.918813, 25.401954 ] ] ] } },
{ "type": "Feature", "properties": { "CVEGEO": "0503000012032", "NOM_MUN": "Saltillo", "COLONIA": "LA SALLE INDUSTRIAL", "POBTOT": 1097.0, "TVIVHAB": 371.0, "PCT_ELECTRICIDAD": 100.0, "PCT_AGUA": 100.0, "PCT_DRENAJE": 100.0, "PCT_INTERNET": 87.601078167115901, "SERVICIOS_INDEX": 96.900269541778982, "MOTIVO_SIN_DATO": null }, "geometry": { "type": "Polygon", "coordinates": [ [ [ -100.994472, 25.456598 ], [ -100.990578, 25.455098 ], [ -100.989503, 25.454276 ], [ -100.986473, 25.45324 ], [ -100.989449, 25.447061 ], [ -100.996019, 25.449914 ], [ -100.997367, 25.45043 ], [ -100.994472, 25.456598 ] ] ] } },
{ "type": "Feature", "properties": { "CVEGEO": "0503000012314", "NOM_MUN": "Saltillo", "COLONIA": "JOSEFA ORTIZ DE DOMÍNGUEZ", "POBTOT": 741.0, "TVIVHAB": 205.0, "PCT_ELECTRICIDAD": 100.0, "PCT_AGUA": 99.024390243902445, "PCT_DRENAJE": 99.512195121951223, "PCT_INTERNET": 51.707317073170735, "SERVICIOS_INDEX": 87.560975609756099, "MOTIVO_SIN_DATO": null }, "geometry": { "type": "Polygon", "coordinates": [ [ [ -101.038015, 25.435724 ], [ -101.035488, 25.434564 ], [ -101.035629, 25.434377 ], [ -101.036492, 25.434535 ], [ -101.036731, 25.434412 ], [ -101.036357, 25.433836 ], [ -101.038633, 25.432634 ], [ -101.039015, 25.433246 ], [ -101.03953, 25.432985 ], [ -101.040424, 25.434435 ], [ -101.038015, 25.435724 ] ] ] } },
{ "type": "Feature", "properties": { "CVEGEO": "0503000011886", "NOM_MUN": "Saltillo", "COLONIA": "EJIDO ANGOSTURA", "POBTOT": 1349.0, "TVIVHAB": 328.0, "PCT_ELECTRICIDAD": 97.560975609756099, "PCT_AGUA": 96.951219512195124, "PCT_DRENAJE": 96.646341463414629, "PCT_INTERNET": 51.524390243902438, "SERVICIOS_INDEX": 85.67073170731706, "MOTIVO_SIN_DATO": null }, "geometry": { "type": "Polygon", "coordinates": [ [ [ -101.037657, 25.355138 ], [ -101.036644, 25.354252 ], [ -101.036133, 25.355125 ], [ -101.034315, 25.354784 ], [ -101.034644, 25.354116 ], [ -101.035386, 25.353297 ], [ -101.035319, 25.35305 ], [ -101.034893, 25.352746 ], [ -101.03509, 25.351358 ], [ -101.034916, 25.350795 ], [ -101.033629, 25.350241 ], [ -101.034053, 25.346497 ], [ -101.034453, 25.345218 ], [ -101.042298, 25.343828 ], [ -101.042644, 25.34375 ], [ -101.043202, 25.343481 ], [ -101.04371, 25.34302 ], [ -101.046066, 25.339921 ], [ -101.046424, 25.339145 ], [ -101.046833, 25.33786 ], [ -101.04697, 25.341592 ], [ -101.048658, 25.342811 ], [ -101.049709, 25.341677 ], [ -101.049724, 25.34306 ], [ -101.04988, 25.344058 ], [ -101.05068, 25.34725 ], [ -101.050752, 25.34797 ], [ -101.050716, 25.348935 ], [ -101.050507, 25.349961 ], [ -101.050293, 25.350567 ], [ -101.049692, 25.35172 ], [ -101.044675, 25.358152 ], [ -101.041936, 25.356947 ], [ -101.040684, 25.356482 ], [ -101.040603, 25.355978 ], [ -101.040517, 25.355886 ], [ -101.03803, 25.355302 ], [ -101.037657, 25.355138 ] ] ] } },
{ "type": "Feature", "properties": { "CVEGEO": "0503000014429", "NOM_MUN": "Saltillo", "COLONIA": "NUEVA TLAXCALA", "POBTOT": 3350.0, "TVIVHAB": 764.0, "PCT_ELECTRICIDAD": 99.214659685863865, "PCT_AGUA": 98.429319371727757, "PCT_DRENAJE": 99.083769633507856, "PCT_INTERNET": 53.926701570680621, "SERVICIOS_INDEX": 87.663612565445021, "MOTIVO_SIN_DATO": null }, "geometry": { "type": "Polygon", "coordinates": [ [ [ -100.954593, 25.404057 ], [ -100.954522, 25.403794 ], [ -100.955101, 25.403892 ], [ -100.955144, 25.403224 ], [ -100.95855, 25.40368 ], [ -100.959072, 25.403783 ], [ -100.959064, 25.403879 ], [ -100.959683, 25.403881 ], [ -100.959693, 25.40281 ], [ -100.960488, 25.402827 ], [ -100.960498, 25.402361 ], [ -100.960574, 25.402347 ], [ -100.961272, 25.402408 ], [ -100.962164, 25.402325 ], [ -100.964399, 25.402466 ], [ -100.96452, 25.40305 ], [ -100.964871, 25.403164 ], [ -100.962657, 25.405095 ], [ -100.962044, 25.405979 ], [ -100.961651, 25.405879 ], [ -100.955659, 25.40585 ], [ -100.955637, 25.404879 ], [ -100.955352, 25.40498 ], [ -100.955112, 25.40463 ], [ -100.955021, 25.404289 ], [ -100.954593, 25.404057 ] ] ] } },
{ "type": "Feature", "properties": { "CVEGEO": "050300001262A", "NOM_MUN": "Saltillo", "COLONIA": "OJO DE AGUA", "POBTOT": 2691.0, "TVIVHAB": 750.0, "PCT_ELECTRICIDAD": 99.733333333333334, "PCT_AGUA": 99.2, "PCT_DRENAJE": 99.6, "PCT_INTERNET": 65.466666666666669, "SERVICIOS_INDEX": 91.0, "MOTIVO_SIN_DATO": null }, "geometry": { "type": "Polygon", "coordinates": [ [ [ -101.006225, 25.410391 ], [ -101.00493, 25.413299 ], [ -101.004544, 25.414368 ], [ -101.002721, 25.413284 ], [ -101.002695, 25.412974 ], [ -101.00286, 25.41242 ], [ -100.999676, 25.411242 ], [ -100.999641, 25.411323 ], [ -100.999484, 25.411178 ], [ -100.999066, 25.410381 ], [ -100.99903, 25.409433 ], [ -100.999136, 25.40894 ], [ -100.998993, 25.408886 ], [ -100.99888, 25.409745 ], [ -100.996527, 25.408977 ], [ -100.99738, 25.407153 ], [ -100.999791, 25.408088 ], [ -100.999761, 25.408305 ], [ -101.00077, 25.408667 ], [ -101.000859, 25.408455 ], [ -101.006225, 25.410391 ] ] ] } },
{ "type": "Feature", "properties": { "CVEGEO": "0503000015592", "NOM_MUN": "Saltillo", "COLONIA": "SIERRA BLANCA", "POBTOT": 358.0, "TVIVHAB": 98.0, "PCT_ELECTRICIDAD": 100.0, "PCT_AGUA": 98.979591836734699, "PCT_DRENAJE": 100.0, "PCT_INTERNET": 45.91836734693878, "SERVICIOS_INDEX": 86.224489795918373, "MOTIVO_SIN_DATO": null }, "geometry": { "type": "Polygon", "coordinates": [ [ [ -100.900317, 25.41247 ], [ -100.901962, 25.412009 ], [ -100.902355, 25.41312 ], [ -100.900656, 25.413636 ], [ -100.900317, 25.41247 ] ] ] } },
{ "type": "Feature", "properties": { "CVEGEO": "0503000015183", "NOM_MUN": "Saltillo", "COLONIA": "LOMA LINDA", "POBTOT": 2443.0, "TVIVHAB": 643.0, "PCT_ELECTRICIDAD": 99.688958009331259, "PCT_AGUA": 92.690513219284597, "PCT_DRENAJE": 100.0, "PCT_INTERNET": 42.923794712286153, "SERVICIOS_INDEX": 83.825816485225502, "MOTIVO_SIN_DATO": null }, "geometry": { "type": "Polygon", "coordinates": [ [ [ -100.904934, 25.413898 ], [ -100.907128, 25.413255 ], [ -100.908286, 25.416831 ], [ -100.908189, 25.417697 ], [ -100.908282, 25.418425 ], [ -100.908653, 25.418781 ], [ -100.906815, 25.419328 ], [ -100.904934, 25.413898 ] ] ] } },
{ "type": "Feature", "properties": { "CVEGEO": "0503000011320", "NOM_MUN": "Saltillo", "COLONIA": "ZONA INDUSTRIAL", "POBTOT": 72.0, "TVIVHAB": 25.0, "PCT_ELECTRICIDAD": 100.0, "PCT_AGUA": 100.0, "PCT_DRENAJE": 100.0, "PCT_INTERNET": 80.0, "SERVICIOS_INDEX": 95.0, "MOTIVO_SIN_DATO": null }, "geometry": { "type": "Polygon", "coordinates": [ [ [ -100.99333, 25.470014 ], [ -100.995055, 25.465827 ], [ -100.991251, 25.464349 ], [ -100.991444, 25.462899 ], [ -100.997367, 25.45043 ], [ -101.002663, 25.452474 ], [ -100.998409, 25.461534 ], [ -100.994251, 25.471172 ], [ -100.99333, 25.470014 ] ] ] } },
{ "type": "Feature", "properties": { "CVEGEO": "0503000012193", "NOM_MUN": "Saltillo", "COLONIA": "EL OLMO", "POBTOT": 1523.0, "TVIVHAB": 525.0, "PCT_ELECTRICIDAD": 100.0, "PCT_AGUA": 100.0, "PCT_DRENAJE": 100.0, "PCT_INTERNET": 87.61904761904762, "SERVICIOS_INDEX": 96.904761904761898, "MOTIVO_SIN_DATO": null }, "geometry": { "type": "Polygon", "coordinates": [ [ [ -100.975992, 25.433848 ], [ -100.980659, 25.435162 ], [ -100.977524, 25.442063 ], [ -100.975646, 25.44062 ], [ -100.974281, 25.43908 ], [ -100.973702, 25.438195 ], [ -100.972977, 25.436841 ], [ -100.972106, 25.434406 ], [ -100.975081, 25.433872 ], [ -100.975992, 25.433848 ] ] ] } },
{ "type": "Feature", "properties": { "CVEGEO": "0503000014575", "NOM_MUN": "Saltillo", "COLONIA": "AUSTRALIA", "POBTOT": 3813.0, "TVIVHAB": 1061.0, "PCT_ELECTRICIDAD": 99.05749293119699, "PCT_AGUA": 99.05749293119699, "PCT_DRENAJE": 99.05749293119699, "PCT_INTERNET": 74.646559849198866, "SERVICIOS_INDEX": 92.954759660697462, "MOTIVO_SIN_DATO": null }, "geometry": { "type": "Polygon", "coordinates": [ [ [ -101.024865, 25.400146 ], [ -101.024431, 25.397316 ], [ -101.024071, 25.396891 ], [ -101.023006, 25.395967 ], [ -101.019413, 25.393083 ], [ -101.021437, 25.389011 ], [ -101.0215, 25.389265 ], [ -101.024027, 25.390255 ], [ -101.024169, 25.389983 ], [ -101.027525, 25.391334 ], [ -101.02808, 25.39143 ], [ -101.028299, 25.392579 ], [ -101.028538, 25.393296 ], [ -101.028618, 25.394188 ], [ -101.028779, 25.394723 ], [ -101.02938, 25.395614 ], [ -101.029519, 25.39597 ], [ -101.029759, 25.396137 ], [ -101.029771, 25.396392 ], [ -101.029415, 25.397549 ], [ -101.029266, 25.398422 ], [ -101.028974, 25.401171 ], [ -101.028524, 25.401986 ], [ -101.028138, 25.402509 ], [ -101.025648, 25.400258 ], [ -101.025493, 25.400176 ], [ -101.024865, 25.400146 ] ] ] } },
{ "type": "Feature", "properties": { "CVEGEO": "0503000015041", "NOM_MUN": "Saltillo", "COLONIA": "PROFESOR FEDERICO BERRUETO RAMÓN", "POBTOT": 2469.0, "TVIVHAB": 628.0, "PCT_ELECTRICIDAD": 99.363057324840767, "PCT_AGUA": 99.203821656050948, "PCT_DRENAJE": 99.363057324840767, "PCT_INTERNET": 53.34394904458599, "SERVICIOS_INDEX": 87.818471337579624, "MOTIVO_SIN_DATO": null }, "geometry": { "type": "Polygon", "coordinates": [ [ [ -100.977738, 25.388074 ], [ -100.977758, 25.384925 ], [ -100.976588, 25.384936 ], [ -100.976593, 25.385028 ], [ -100.974889, 25.385165 ], [ -100.974794, 25.384356 ], [ -100.974011, 25.384375 ], [ -100.974163, 25.383972 ], [ -100.974263, 25.383185 ], [ -100.976422, 25.383041 ], [ -100.977693, 25.383058 ], [ -100.977656, 25.382632 ], [ -100.977715, 25.38269 ], [ -100.97833, 25.383541 ], [ -100.978918, 25.384685 ], [ -100.979095, 25.38462 ], [ -100.9795, 25.385621 ], [ -100.980133, 25.38638 ], [ -100.979562, 25.386842 ], [ -100.980289, 25.38751 ], [ -100.978673, 25.388863 ], [ -100.977738, 25.388074 ] ] ] } },
{ "type": "Feature", "properties": { "CVEGEO": "0503000010290", "NOM_MUN": "Saltillo", "COLONIA": "AGUILA DE ORO", "POBTOT": 3039.0, "TVIVHAB": 952.0, "PCT_ELECTRICIDAD": 99.159663865546221, "PCT_AGUA": 99.264705882352942, "PCT_DRENAJE": 99.264705882352942, "PCT_INTERNET": 67.331932773109244, "SERVICIOS_INDEX": 91.255252100840337, "MOTIVO_SIN_DATO": null }, "geometry": { "type": "Polygon", "coordinates": [ [ [ -101.002269, 25.417896 ], [ -101.001628, 25.420844 ], [ -101.001515, 25.421715 ], [ -101.000194, 25.421423 ], [ -100.999573, 25.421189 ], [ -100.992616, 25.41747 ], [ -100.996527, 25.408977 ], [ -100.99723, 25.409206 ], [ -100.997066, 25.409598 ], [ -100.996996, 25.410463 ], [ -100.997138, 25.411592 ], [ -100.997335, 25.412167 ], [ -100.997462, 25.412878 ], [ -100.998058, 25.413602 ], [ -100.998608, 25.413974 ], [ -100.999438, 25.41436 ], [ -100.999816, 25.41465 ], [ -100.999894, 25.414831 ], [ -101.000067, 25.415665 ], [ -100.999413, 25.416626 ], [ -101.000087, 25.416966 ], [ -101.000032, 25.417053 ], [ -101.002269, 25.417896 ] ] ] } },
{ "type": "Feature", "properties": { "CVEGEO": "0503000014912", "NOM_MUN": "Saltillo", "COLONIA": "RESIDENCIAL VILLAS DE SAN MIGUEL", "POBTOT": 919.0, "TVIVHAB": 268.0, "PCT_ELECTRICIDAD": 99.626865671641795, "PCT_AGUA": 99.626865671641795, "PCT_DRENAJE": 99.626865671641795, "PCT_INTERNET": 97.388059701492537, "SERVICIOS_INDEX": 99.067164179104481, "MOTIVO_SIN_DATO": null }, "geometry": { "type": "Polygon", "coordinates": [ [ [ -100.956886, 25.478 ], [ -100.959065, 25.475715 ], [ -100.959667, 25.474696 ], [ -100.960907, 25.471148 ], [ -100.961086, 25.47016 ], [ -100.961335, 25.469567 ], [ -100.962846, 25.470203 ], [ -100.962605, 25.47073 ], [ -100.963257, 25.471 ], [ -100.96349, 25.470473 ], [ -100.966423, 25.471687 ], [ -100.966618, 25.471651 ], [ -100.966403, 25.472155 ], [ -100.965934, 25.472677 ], [ -100.965506, 25.473538 ], [ -100.964281, 25.474691 ], [ -100.964001, 25.475166 ], [ -100.963925, 25.475566 ], [ -100.963907, 25.476648 ], [ -100.964279, 25.477529 ], [ -100.964336, 25.477929 ], [ -100.96401, 25.478536 ], [ -100.963739, 25.478689 ], [ -100.963794, 25.479122 ], [ -100.963726, 25.479243 ], [ -100.96347, 25.479381 ], [ -100.963321, 25.479613 ], [ -100.963375, 25.480011 ], [ -100.963575, 25.480211 ], [ -100.963626, 25.480477 ], [ -100.962884, 25.481133 ], [ -100.962632, 25.481594 ], [ -100.960702, 25.480669 ], [ -100.956886, 25.478 ] ] ] } },
{ "type": "Feature", "properties": { "CVEGEO": "0503000012649", "NOM_MUN": "Saltillo", "COLONIA": "GONZÁLEZ CEPEDA", "POBTOT": 2696.0, "TVIVHAB": 740.0, "PCT_ELECTRICIDAD": 98.108108108108098, "PCT_AGUA": 97.972972972972968, "PCT_DRENAJE": 98.108108108108098, "PCT_INTERNET": 59.054054054054049, "SERVICIOS_INDEX": 88.310810810810807, "MOTIVO_SIN_DATO": null }, "geometry": { "type": "Polygon", "coordinates": [ [ [ -100.985799, 25.411422 ], [ -100.980257, 25.408443 ], [ -100.981266, 25.40714 ], [ -100.982579, 25.406251 ], [ -100.982771, 25.405742 ], [ -100.983069, 25.405499 ], [ -100.98359, 25.405804 ], [ -100.984285, 25.405428 ], [ -100.986744, 25.406734 ], [ -100.985987, 25.407928 ], [ -100.986422, 25.408155 ], [ -100.985853, 25.409051 ], [ -100.986132, 25.409171 ], [ -100.985799, 25.411422 ] ] ] } },
{ "type": "Feature", "properties": { "CVEGEO": "0503000012051", "NOM_MUN": "Saltillo", "COLONIA": "LOS ÁNGELES", "POBTOT": 1622.0, "TVIVHAB": 526.0, "PCT_ELECTRICIDAD": 97.718631178707227, "PCT_AGUA": 97.718631178707227, "PCT_DRENAJE": 97.718631178707227, "PCT_INTERNET": 84.030418250950561, "SERVICIOS_INDEX": 94.296577946768053, "MOTIVO_SIN_DATO": null }, "geometry": { "type": "Polygon", "coordinates": [ [ [ -100.975307, 25.450846 ], [ -100.976036, 25.450152 ], [ -100.976564, 25.449816 ], [ -100.977207, 25.449574 ], [ -100.978048, 25.450031 ], [ -100.97852, 25.449615 ], [ -100.978255, 25.449502 ], [ -100.978502, 25.449218 ], [ -100.979004, 25.448949 ], [ -100.979624, 25.448793 ], [ -100.979935, 25.448575 ], [ -100.980853, 25.44718 ], [ -100.979465, 25.446624 ], [ -100.97959, 25.44576 ], [ -100.979906, 25.445079 ], [ -100.98495, 25.44703 ], [ -100.984003, 25.44896 ], [ -100.983852, 25.449114 ], [ -100.982453, 25.449936 ], [ -100.981987, 25.449554 ], [ -100.978585, 25.452781 ], [ -100.97672, 25.451209 ], [ -100.975307, 25.450846 ] ] ] } },
{ "type": "Feature", "properties": { "CVEGEO": "0503000015821", "NOM_MUN": "Saltillo", "COLONIA": "ZONA DE AMORTIGUAMIENTO DE LA SIERRA DE ZAPALINAMÉ IV", "POBTOT": 116.0, "TVIVHAB": 30.0, "PCT_ELECTRICIDAD": 100.0, "PCT_AGUA": 23.333333333333332, "PCT_DRENAJE": 93.333333333333329, "PCT_INTERNET": null, "SERVICIOS_INDEX": 72.222222222222214, "MOTIVO_SIN_DATO": null }, "geometry": { "type": "Polygon", "coordinates": [ [ [ -100.956777, 25.383371 ], [ -100.955895, 25.380525 ], [ -100.957055, 25.380131 ], [ -100.957451, 25.380074 ], [ -100.957625, 25.379883 ], [ -100.957443, 25.379509 ], [ -100.957472, 25.37915 ], [ -100.958712, 25.378971 ], [ -100.95864, 25.378059 ], [ -100.958888, 25.377556 ], [ -100.960568, 25.377303 ], [ -100.960744, 25.378367 ], [ -100.960371, 25.379203 ], [ -100.960469, 25.380294 ], [ -100.9606, 25.380592 ], [ -100.959906, 25.380645 ], [ -100.959913, 25.381768 ], [ -100.960043, 25.382385 ], [ -100.959703, 25.382551 ], [ -100.95857, 25.382235 ], [ -100.957882, 25.382598 ], [ -100.956777, 25.383371 ] ] ] } },
{ "type": "Feature", "properties": { "CVEGEO": "0503000010322", "NOM_MUN": "Saltillo", "COLONIA": "ZONA CENTRO", "POBTOT": 4001.0, "TVIVHAB": 1215.0, "PCT_ELECTRICIDAD": 99.506172839506164, "PCT_AGUA": 99.094650205761312, "PCT_DRENAJE": 99.423868312757207, "PCT_INTERNET": 70.781893004115233, "SERVICIOS_INDEX": 92.201646090534979, "MOTIVO_SIN_DATO": null }, "geometry": { "type": "Polygon", "coordinates": [ [ [ -101.002269, 25.417896 ], [ -101.00248, 25.417169 ], [ -101.002948, 25.416527 ], [ -101.002336, 25.416155 ], [ -101.003488, 25.413712 ], [ -101.004544, 25.414368 ], [ -101.005199, 25.412754 ], [ -101.005508, 25.413805 ], [ -101.005956, 25.414645 ], [ -101.006562, 25.415248 ], [ -101.007139, 25.416345 ], [ -101.007564, 25.416517 ], [ -101.008371, 25.416073 ], [ -101.008661, 25.415785 ], [ -101.009107, 25.414945 ], [ -101.00901, 25.414458 ], [ -101.009367, 25.413764 ], [ -101.009442, 25.413449 ], [ -101.012123, 25.415016 ], [ -101.012236, 25.41446 ], [ -101.014032, 25.415276 ], [ -101.012794, 25.416567 ], [ -101.012694, 25.416761 ], [ -101.012611, 25.417378 ], [ -101.009676, 25.421119 ], [ -101.007588, 25.419954 ], [ -101.006071, 25.418842 ], [ -101.005742, 25.419087 ], [ -101.002269, 25.417896 ] ] ] } },
{ "type": "Feature", "properties": { "CVEGEO": "0503000012988", "NOM_MUN": "Saltillo", "COLONIA": "LOMAS LOURDES", "POBTOT": 1919.0, "TVIVHAB": 563.0, "PCT_ELECTRICIDAD": 99.644760213143869, "PCT_AGUA": 99.644760213143869, "PCT_DRENAJE": 99.822380106571941, "PCT_INTERNET": 76.731793960923625, "SERVICIOS_INDEX": 93.960923623445836, "MOTIVO_SIN_DATO": null }, "geometry": { "type": "Polygon", "coordinates": [ [ [ -100.987013, 25.38109 ], [ -100.984637, 25.377763 ], [ -100.984412, 25.377295 ], [ -100.984362, 25.376921 ], [ -100.983748, 25.375022 ], [ -100.983633, 25.374114 ], [ -100.983391, 25.373096 ], [ -100.983582, 25.372637 ], [ -100.982926, 25.371769 ], [ -100.983369, 25.370975 ], [ -100.983554, 25.371273 ], [ -100.984314, 25.371953 ], [ -100.985535, 25.37271 ], [ -100.985558, 25.372907 ], [ -100.985837, 25.372849 ], [ -100.985961, 25.372925 ], [ -100.986059, 25.373027 ], [ -100.98606, 25.373298 ], [ -100.986508, 25.373499 ], [ -100.986528, 25.373592 ], [ -100.986404, 25.373722 ], [ -100.986443, 25.373809 ], [ -100.987018, 25.373876 ], [ -100.987368, 25.374121 ], [ -100.987495, 25.374508 ], [ -100.987417, 25.374769 ], [ -100.987546, 25.375028 ], [ -100.987496, 25.375314 ], [ -100.987944, 25.3757 ], [ -100.987895, 25.37597 ], [ -100.98816, 25.376317 ], [ -100.988334, 25.377122 ], [ -100.988608, 25.37726 ], [ -100.988665, 25.377393 ], [ -100.988749, 25.377922 ], [ -100.988553, 25.37885 ], [ -100.988609, 25.379387 ], [ -100.989138, 25.37997 ], [ -100.987013, 25.38109 ] ] ] } },
{ "type": "Feature", "properties": { "CVEGEO": "050300001230A", "NOM_MUN": "Saltillo", "COLONIA": "UNIDAD HABITACIONAL DEL MAGISTERIO", "POBTOT": 1501.0, "TVIVHAB": 478.0, "PCT_ELECTRICIDAD": 99.372384937238493, "PCT_AGUA": 99.372384937238493, "PCT_DRENAJE": 99.372384937238493, "PCT_INTERNET": 92.677824267782427, "SERVICIOS_INDEX": 97.69874476987448, "MOTIVO_SIN_DATO": null }, "geometry": { "type": "Polygon", "coordinates": [ [ [ -100.949159, 25.436671 ], [ -100.949086, 25.435815 ], [ -100.949458, 25.435899 ], [ -100.949748, 25.435859 ], [ -100.949919, 25.434008 ], [ -100.949833, 25.432894 ], [ -100.949731, 25.432604 ], [ -100.950528, 25.432498 ], [ -100.950117, 25.429997 ], [ -100.952766, 25.429622 ], [ -100.95282, 25.429943 ], [ -100.95289, 25.429973 ], [ -100.952956, 25.430755 ], [ -100.95369, 25.434795 ], [ -100.953492, 25.437229 ], [ -100.949572, 25.436915 ], [ -100.949606, 25.436706 ], [ -100.949159, 25.436671 ] ] ] } },
{ "type": "Feature", "properties": { "CVEGEO": "0503000015272", "NOM_MUN": "Saltillo", "COLONIA": "NUEVO MIRASIERRA", "POBTOT": 4794.0, "TVIVHAB": 1233.0, "PCT_ELECTRICIDAD": 99.837793998377947, "PCT_AGUA": 99.756690997566906, "PCT_DRENAJE": 99.837793998377947, "PCT_INTERNET": 64.557988645579883, "SERVICIOS_INDEX": 90.997566909975674, "MOTIVO_SIN_DATO": null }, "geometry": { "type": "Polygon", "coordinates": [ [ [ -100.921276, 25.406908 ], [ -100.922581, 25.406629 ], [ -100.922757, 25.406968 ], [ -100.923198, 25.410568 ], [ -100.923619, 25.410913 ], [ -100.924101, 25.412439 ], [ -100.922926, 25.412787 ], [ -100.921804, 25.413506 ], [ -100.922515, 25.415322 ], [ -100.922101, 25.415428 ], [ -100.922587, 25.416896 ], [ -100.920247, 25.417552 ], [ -100.920164, 25.416674 ], [ -100.920189, 25.415563 ], [ -100.920918, 25.408954 ], [ -100.921046, 25.408555 ], [ -100.921276, 25.406908 ] ] ] } },
{ "type": "Feature", "properties": { "CVEGEO": "0503000014221", "NOM_MUN": "Saltillo", "COLONIA": "RINCÓN DE LOS PASTORES", "POBTOT": 19.0, "TVIVHAB": 5.0, "PCT_ELECTRICIDAD": 80.0, "PCT_AGUA": 0.0, "PCT_DRENAJE": 0.0, "PCT_INTERNET": 0.0, "SERVICIOS_INDEX": 20.0, "MOTIVO_SIN_DATO": null }, "geometry": { "type": "Polygon", "coordinates": [ [ [ -101.038172, 25.379097 ], [ -101.038502, 25.376039 ], [ -101.038144, 25.374657 ], [ -101.037002, 25.371089 ], [ -101.03695, 25.370758 ], [ -101.037042, 25.369825 ], [ -101.038601, 25.366935 ], [ -101.040187, 25.362693 ], [ -101.040952, 25.360965 ], [ -101.043179, 25.357473 ], [ -101.044675, 25.358152 ], [ -101.043918, 25.359445 ], [ -101.043516, 25.360437 ], [ -101.040345, 25.370202 ], [ -101.040048, 25.37137 ], [ -101.039925, 25.372376 ], [ -101.040021, 25.375083 ], [ -101.040455, 25.378523 ], [ -101.040696, 25.379327 ], [ -101.038172, 25.379097 ] ] ] } },
{ "type": "Feature", "properties": { "CVEGEO": "0503000015022", "NOM_MUN": "Saltillo", "COLONIA": "COLINAS DEL SUR", "POBTOT": 2503.0, "TVIVHAB": 650.0, "PCT_ELECTRICIDAD": 100.0, "PCT_AGUA": 99.846153846153854, "PCT_DRENAJE": 100.0, "PCT_INTERNET": 80.307692307692307, "SERVICIOS_INDEX": 95.038461538461547, "MOTIVO_SIN_DATO": null }, "geometry": { "type": "Polygon", "coordinates": [ [ [ -101.003324, 25.381861 ], [ -101.007187, 25.376448 ], [ -101.009184, 25.377607 ], [ -101.009394, 25.377319 ], [ -101.01073, 25.37818 ], [ -101.006868, 25.386586 ], [ -101.005014, 25.385544 ], [ -101.00636, 25.383647 ], [ -101.003324, 25.381861 ] ] ] } },
{ "type": "Feature", "properties": { "CVEGEO": "0503000010233", "NOM_MUN": "Saltillo", "COLONIA": "ZONA CENTRO", "POBTOT": 1495.0, "TVIVHAB": 523.0, "PCT_ELECTRICIDAD": 98.661567877629068, "PCT_AGUA": 98.661567877629068, "PCT_DRENAJE": 98.661567877629068, "PCT_INTERNET": 76.48183556405354, "SERVICIOS_INDEX": 93.116634799235186, "MOTIVO_SIN_DATO": null }, "geometry": { "type": "Polygon", "coordinates": [ [ [ -101.010494, 25.42357 ], [ -101.009352, 25.425615 ], [ -101.010227, 25.426043 ], [ -101.007381, 25.430501 ], [ -100.999341, 25.426738 ], [ -101.000513, 25.424608 ], [ -101.000941, 25.423641 ], [ -101.001102, 25.422717 ], [ -101.001458, 25.421946 ], [ -101.007779, 25.424846 ], [ -101.00887, 25.422921 ], [ -101.010494, 25.42357 ] ] ] } },
{ "type": "Feature", "properties": { "CVEGEO": "0503000012422", "NOM_MUN": "Saltillo", "COLONIA": "MIRADOR", "POBTOT": 2137.0, "TVIVHAB": 594.0, "PCT_ELECTRICIDAD": 99.831649831649827, "PCT_AGUA": 99.663299663299668, "PCT_DRENAJE": 99.663299663299668, "PCT_INTERNET": 63.804713804713806, "SERVICIOS_INDEX": 90.740740740740733, "MOTIVO_SIN_DATO": null }, "geometry": { "type": "Polygon", "coordinates": [ [ [ -101.02367, 25.430143 ], [ -101.0238, 25.430161 ], [ -101.024022, 25.430349 ], [ -101.023771, 25.430714 ], [ -101.023612, 25.431274 ], [ -101.024089, 25.431454 ], [ -101.024118, 25.431598 ], [ -101.023871, 25.432083 ], [ -101.023526, 25.431934 ], [ -101.02338, 25.43201 ], [ -101.023279, 25.432224 ], [ -101.022566, 25.431924 ], [ -101.022525, 25.431989 ], [ -101.016926, 25.429313 ], [ -101.017402, 25.428362 ], [ -101.01732, 25.428024 ], [ -101.016854, 25.427458 ], [ -101.01687, 25.427236 ], [ -101.018947, 25.424698 ], [ -101.019083, 25.424299 ], [ -101.019701, 25.424757 ], [ -101.018709, 25.425929 ], [ -101.019919, 25.426795 ], [ -101.020726, 25.425858 ], [ -101.021152, 25.426157 ], [ -101.020331, 25.427089 ], [ -101.021548, 25.427925 ], [ -101.022667, 25.428266 ], [ -101.023285, 25.42865 ], [ -101.024374, 25.428879 ], [ -101.02367, 25.430143 ] ] ] } },
{ "type": "Feature", "properties": { "CVEGEO": "0503000015605", "NOM_MUN": "Saltillo", "COLONIA": "AMPLIACIÓN LOMA LINDA", "POBTOT": 446.0, "TVIVHAB": 111.0, "PCT_ELECTRICIDAD": 100.0, "PCT_AGUA": 98.198198198198199, "PCT_DRENAJE": 100.0, "PCT_INTERNET": 59.45945945945946, "SERVICIOS_INDEX": 89.414414414414424, "MOTIVO_SIN_DATO": null }, "geometry": { "type": "Polygon", "coordinates": [ [ [ -100.90326, 25.406777 ], [ -100.90446, 25.406398 ], [ -100.905287, 25.408079 ], [ -100.903599, 25.408575 ], [ -100.90326, 25.406777 ] ] ] } },
{ "type": "Feature", "properties": { "CVEGEO": "0503000015198", "NOM_MUN": "Saltillo", "COLONIA": "PRIVADAS LA TORRE", "POBTOT": 2087.0, "TVIVHAB": 573.0, "PCT_ELECTRICIDAD": 99.825479930191975, "PCT_AGUA": 98.429319371727757, "PCT_DRENAJE": 100.0, "PCT_INTERNET": 63.350785340314133, "SERVICIOS_INDEX": 90.401396160558463, "MOTIVO_SIN_DATO": null }, "geometry": { "type": "Polygon", "coordinates": [ [ [ -100.928398, 25.400258 ], [ -100.929716, 25.399986 ], [ -100.932943, 25.409924 ], [ -100.931704, 25.410245 ], [ -100.931404, 25.409316 ], [ -100.931207, 25.409039 ], [ -100.931003, 25.408431 ], [ -100.931122, 25.4084 ], [ -100.928398, 25.400258 ] ] ] } },
{ "type": "Feature", "properties": { "CVEGEO": "0503000012691", "NOM_MUN": "Saltillo", "COLONIA": "15 DE SEPTIEMBRE", "POBTOT": 4558.0, "TVIVHAB": 1186.0, "PCT_ELECTRICIDAD": 99.747048903878593, "PCT_AGUA": 99.662731871838105, "PCT_DRENAJE": 99.915682967959526, "PCT_INTERNET": 68.549747048903882, "SERVICIOS_INDEX": 91.968802698145026, "MOTIVO_SIN_DATO": null }, "geometry": { "type": "Polygon", "coordinates": [ [ [ -100.939385, 25.407673 ], [ -100.938563, 25.405041 ], [ -100.939063, 25.404904 ], [ -100.937901, 25.401329 ], [ -100.939724, 25.400859 ], [ -100.940303, 25.402654 ], [ -100.943962, 25.401636 ], [ -100.943694, 25.400807 ], [ -100.944438, 25.400602 ], [ -100.944527, 25.400876 ], [ -100.944396, 25.401105 ], [ -100.944876, 25.402679 ], [ -100.945116, 25.402761 ], [ -100.946142, 25.405879 ], [ -100.939385, 25.407673 ] ] ] } },
{ "type": "Feature", "properties": { "CVEGEO": "0503000012742", "NOM_MUN": "Saltillo", "COLONIA": "CHAPULTEPEC", "POBTOT": 3234.0, "TVIVHAB": 964.0, "PCT_ELECTRICIDAD": 99.896265560165972, "PCT_AGUA": 99.896265560165972, "PCT_DRENAJE": 99.896265560165972, "PCT_INTERNET": 78.008298755186729, "SERVICIOS_INDEX": 94.424273858921168, "MOTIVO_SIN_DATO": null }, "geometry": { "type": "Polygon", "coordinates": [ [ [ -100.994149, 25.397696 ], [ -100.994392, 25.396935 ], [ -100.996334, 25.398356 ], [ -100.996476, 25.398049 ], [ -101.001093, 25.399085 ], [ -100.999132, 25.403329 ], [ -100.996178, 25.402613 ], [ -100.995992, 25.403437 ], [ -100.995501, 25.403347 ], [ -100.996196, 25.400213 ], [ -100.993464, 25.399567 ], [ -100.993664, 25.39867 ], [ -100.994149, 25.397696 ] ] ] } },
{ "type": "Feature", "properties": { "CVEGEO": "0503000015713", "NOM_MUN": "Saltillo", "COLONIA": "SALTILLO 2000 SEXTA AMPLIACIÓN", "POBTOT": 2241.0, "TVIVHAB": 571.0, "PCT_ELECTRICIDAD": 99.649737302977243, "PCT_AGUA": 99.299474605954458, "PCT_DRENAJE": 99.649737302977243, "PCT_INTERNET": 67.250437828371275, "SERVICIOS_INDEX": 91.462346760070062, "MOTIVO_SIN_DATO": null }, "geometry": { "type": "Polygon", "coordinates": [ [ [ -101.03365, 25.46682 ], [ -101.034291, 25.46632 ], [ -101.035023, 25.465499 ], [ -101.035995, 25.466571 ], [ -101.036018, 25.467108 ], [ -101.035427, 25.467153 ], [ -101.035367, 25.467278 ], [ -101.035419, 25.467956 ], [ -101.035274, 25.468898 ], [ -101.034963, 25.469802 ], [ -101.034663, 25.470099 ], [ -101.033335, 25.469997 ], [ -101.032594, 25.470077 ], [ -101.031544, 25.47083 ], [ -101.030849, 25.471064 ], [ -101.029371, 25.470898 ], [ -101.028622, 25.470917 ], [ -101.028038, 25.471025 ], [ -101.027278, 25.470622 ], [ -101.026151, 25.470527 ], [ -101.025891, 25.468885 ], [ -101.028029, 25.468551 ], [ -101.028102, 25.46893 ], [ -101.031199, 25.468409 ], [ -101.032275, 25.468012 ], [ -101.033898, 25.46709 ], [ -101.03365, 25.46682 ] ] ] } },
{ "type": "Feature", "properties": { "CVEGEO": "0503000014397", "NOM_MUN": "Saltillo", "COLONIA": "EL ÁLAMO", "POBTOT": 2871.0, "TVIVHAB": 703.0, "PCT_ELECTRICIDAD": 99.004267425320052, "PCT_AGUA": 98.71977240398293, "PCT_DRENAJE": 99.14651493598862, "PCT_INTERNET": 48.790896159317207, "SERVICIOS_INDEX": 86.415362731152186, "MOTIVO_SIN_DATO": null }, "geometry": { "type": "Polygon", "coordinates": [ [ [ -101.02719, 25.388892 ], [ -101.027323, 25.388673 ], [ -101.027318, 25.388499 ], [ -101.02694, 25.387816 ], [ -101.026273, 25.387071 ], [ -101.025993, 25.386559 ], [ -101.025838, 25.384533 ], [ -101.025438, 25.383778 ], [ -101.024264, 25.383104 ], [ -101.025047, 25.381379 ], [ -101.032704, 25.390936 ], [ -101.032498, 25.391162 ], [ -101.030096, 25.389426 ], [ -101.029896, 25.389887 ], [ -101.02719, 25.388892 ] ] ] } },
{ "type": "Feature", "properties": { "CVEGEO": "0503000014787", "NOM_MUN": "Saltillo", "COLONIA": "AMISTAD", "POBTOT": 467.0, "TVIVHAB": 117.0, "PCT_ELECTRICIDAD": 100.0, "PCT_AGUA": 100.0, "PCT_DRENAJE": 100.0, "PCT_INTERNET": 80.341880341880341, "SERVICIOS_INDEX": 95.085470085470092, "MOTIVO_SIN_DATO": null }, "geometry": { "type": "Polygon", "coordinates": [ [ [ -100.936925, 25.406437 ], [ -100.938837, 25.405918 ], [ -100.939061, 25.406636 ], [ -100.937746, 25.406982 ], [ -100.938084, 25.408048 ], [ -100.937518, 25.4082 ], [ -100.936925, 25.406437 ] ] ] } },
{ "type": "Feature", "properties": { "CVEGEO": "0503000012901", "NOM_MUN": "Saltillo", "COLONIA": "MIGUEL HIDALGO", "POBTOT": 5025.0, "TVIVHAB": 1225.0, "PCT_ELECTRICIDAD": 99.591836734693871, "PCT_AGUA": 99.34693877551021, "PCT_DRENAJE": 99.510204081632665, "PCT_INTERNET": 67.673469387755105, "SERVICIOS_INDEX": 91.530612244897966, "MOTIVO_SIN_DATO": null }, "geometry": { "type": "Polygon", "coordinates": [ [ [ -100.982521, 25.381512 ], [ -100.983699, 25.383053 ], [ -100.985278, 25.384256 ], [ -100.98592, 25.384913 ], [ -100.986077, 25.385092 ], [ -100.986107, 25.385352 ], [ -100.986248, 25.385585 ], [ -100.986517, 25.385772 ], [ -100.986522, 25.386012 ], [ -100.987837, 25.3877 ], [ -100.988672, 25.388511 ], [ -100.982714, 25.389932 ], [ -100.982021, 25.388483 ], [ -100.98101, 25.387482 ], [ -100.9795, 25.385621 ], [ -100.979095, 25.38462 ], [ -100.979214, 25.384572 ], [ -100.979084, 25.384272 ], [ -100.982521, 25.381512 ] ] ] } },
{ "type": "Feature", "properties": { "CVEGEO": "0503000012530", "NOM_MUN": "Saltillo", "COLONIA": "AMPLIACIÓN SAN RAMÓN", "POBTOT": 2212.0, "TVIVHAB": 630.0, "PCT_ELECTRICIDAD": 99.365079365079367, "PCT_AGUA": 99.365079365079367, "PCT_DRENAJE": 99.523809523809518, "PCT_INTERNET": 70.158730158730151, "SERVICIOS_INDEX": 92.103174603174608, "MOTIVO_SIN_DATO": null }, "geometry": { "type": "Polygon", "coordinates": [ [ [ -100.981534, 25.417068 ], [ -100.976386, 25.415038 ], [ -100.977208, 25.414133 ], [ -100.977436, 25.41372 ], [ -100.978944, 25.407524 ], [ -100.98008, 25.408333 ], [ -100.981474, 25.409117 ], [ -100.980513, 25.410696 ], [ -100.980045, 25.413355 ], [ -100.98213, 25.413716 ], [ -100.982264, 25.413821 ], [ -100.981641, 25.415306 ], [ -100.981889, 25.415327 ], [ -100.981805, 25.41605 ], [ -100.981553, 25.416525 ], [ -100.981657, 25.416789 ], [ -100.981534, 25.417068 ] ] ] } },
{ "type": "Feature", "properties": { "CVEGEO": "0503000010360", "NOM_MUN": "Saltillo", "COLONIA": "LADRILLERA", "POBTOT": 1624.0, "TVIVHAB": 407.0, "PCT_ELECTRICIDAD": 95.823095823095827, "PCT_AGUA": 95.577395577395578, "PCT_DRENAJE": 95.823095823095827, "PCT_INTERNET": 48.402948402948404, "SERVICIOS_INDEX": 83.906633906633914, "MOTIVO_SIN_DATO": null }, "geometry": { "type": "Polygon", "coordinates": [ [ [ -101.0202, 25.418631 ], [ -101.018803, 25.417735 ], [ -101.016289, 25.416408 ], [ -101.021052, 25.408896 ], [ -101.022714, 25.409719 ], [ -101.022684, 25.409779 ], [ -101.028553, 25.408704 ], [ -101.020596, 25.417759 ], [ -101.0202, 25.418631 ] ] ] } },
{ "type": "Feature", "properties": { "CVEGEO": "0503000014448", "NOM_MUN": "Saltillo", "COLONIA": "TIERRA Y LIBERTAD", "POBTOT": 5816.0, "TVIVHAB": 1332.0, "PCT_ELECTRICIDAD": 99.249249249249246, "PCT_AGUA": 99.02402402402403, "PCT_DRENAJE": 99.249249249249246, "PCT_INTERNET": 50.225225225225223, "SERVICIOS_INDEX": 86.936936936936945, "MOTIVO_SIN_DATO": null }, "geometry": { "type": "Polygon", "coordinates": [ [ [ -100.957472, 25.39758 ], [ -100.961066, 25.396963 ], [ -100.960888, 25.396133 ], [ -100.961083, 25.395631 ], [ -100.961734, 25.396269 ], [ -100.962096, 25.396468 ], [ -100.96236, 25.396999 ], [ -100.962811, 25.397536 ], [ -100.963313, 25.397822 ], [ -100.963508, 25.398024 ], [ -100.963632, 25.39827 ], [ -100.963656, 25.398807 ], [ -100.964241, 25.399587 ], [ -100.964327, 25.399982 ], [ -100.964478, 25.400216 ], [ -100.964613, 25.401417 ], [ -100.965326, 25.402036 ], [ -100.965446, 25.402681 ], [ -100.964871, 25.403164 ], [ -100.96452, 25.40305 ], [ -100.964399, 25.402466 ], [ -100.962164, 25.402325 ], [ -100.961272, 25.402408 ], [ -100.960574, 25.402347 ], [ -100.960498, 25.402361 ], [ -100.960488, 25.402827 ], [ -100.959693, 25.40281 ], [ -100.959714, 25.403237 ], [ -100.958599, 25.403068 ], [ -100.957472, 25.39758 ] ] ] } },
{ "type": "Feature", "properties": { "CVEGEO": "0503000012723", "NOM_MUN": "Saltillo", "COLONIA": "LA MADRID", "POBTOT": 2817.0, "TVIVHAB": 837.0, "PCT_ELECTRICIDAD": 99.880525686977293, "PCT_AGUA": 99.880525686977293, "PCT_DRENAJE": 99.880525686977293, "PCT_INTERNET": 66.069295101553166, "SERVICIOS_INDEX": 91.427718040621258, "MOTIVO_SIN_DATO": null }, "geometry": { "type": "Polygon", "coordinates": [ [ [ -100.992945, 25.399413 ], [ -100.993464, 25.399567 ], [ -100.992262, 25.404902 ], [ -100.992127, 25.405244 ], [ -100.991503, 25.405488 ], [ -100.991133, 25.406361 ], [ -100.989554, 25.4053 ], [ -100.989876, 25.403997 ], [ -100.989306, 25.403876 ], [ -100.989653, 25.40225 ], [ -100.988642, 25.401714 ], [ -100.989303, 25.40051 ], [ -100.988986, 25.40045 ], [ -100.9893, 25.400023 ], [ -100.989457, 25.398953 ], [ -100.992407, 25.399557 ], [ -100.992945, 25.399413 ] ] ] } },
{ "type": "Feature", "properties": { "CVEGEO": "0503000010229", "NOM_MUN": "Saltillo", "COLONIA": "EJERCITO CONSTITUCIONALISTA", "POBTOT": 2550.0, "TVIVHAB": 735.0, "PCT_ELECTRICIDAD": 99.72789115646259, "PCT_AGUA": 99.863945578231295, "PCT_DRENAJE": 100.0, "PCT_INTERNET": 57.823129251700678, "SERVICIOS_INDEX": 89.35374149659863, "MOTIVO_SIN_DATO": null }, "geometry": { "type": "Polygon", "coordinates": [ [ [ -101.015611, 25.428677 ], [ -101.019133, 25.430375 ], [ -101.019462, 25.430731 ], [ -101.019682, 25.431199 ], [ -101.019698, 25.431629 ], [ -101.019038, 25.434169 ], [ -101.018585, 25.437988 ], [ -101.018079, 25.438214 ], [ -101.01623, 25.436 ], [ -101.014665, 25.433112 ], [ -101.01388, 25.432994 ], [ -101.012955, 25.432345 ], [ -101.012694, 25.432653 ], [ -101.012447, 25.432484 ], [ -101.015611, 25.428677 ] ] ] } },
{ "type": "Feature", "properties": { "CVEGEO": "0503000013030", "NOM_MUN": "Saltillo", "COLONIA": "RESIDENCIAL SAN PATRICIO", "POBTOT": 2300.0, "TVIVHAB": 729.0, "PCT_ELECTRICIDAD": 99.862825788751721, "PCT_AGUA": 99.862825788751721, "PCT_DRENAJE": 99.862825788751721, "PCT_INTERNET": 98.353909465020578, "SERVICIOS_INDEX": 99.485596707818942, "MOTIVO_SIN_DATO": null }, "geometry": { "type": "Polygon", "coordinates": [ [ [ -100.953356, 25.459427 ], [ -100.955435, 25.453279 ], [ -100.958627, 25.45414 ], [ -100.960035, 25.450029 ], [ -100.962658, 25.451412 ], [ -100.962936, 25.45149 ], [ -100.9632, 25.452404 ], [ -100.96311, 25.453347 ], [ -100.962339, 25.454779 ], [ -100.961986, 25.454944 ], [ -100.961703, 25.45593 ], [ -100.961691, 25.4564 ], [ -100.958912, 25.459142 ], [ -100.958408, 25.458809 ], [ -100.958197, 25.459425 ], [ -100.959267, 25.460094 ], [ -100.958732, 25.461678 ], [ -100.956494, 25.460453 ], [ -100.953356, 25.459427 ] ] ] } },
{ "type": "Feature", "properties": { "CVEGEO": "0503000015111", "NOM_MUN": "Saltillo", "COLONIA": "PRIVADAS LA TORRE", "POBTOT": 1739.0, "TVIVHAB": 531.0, "PCT_ELECTRICIDAD": 100.0, "PCT_AGUA": 99.811676082862519, "PCT_DRENAJE": 100.0, "PCT_INTERNET": 77.024482109227876, "SERVICIOS_INDEX": 94.209039548022588, "MOTIVO_SIN_DATO": null }, "geometry": { "type": "Polygon", "coordinates": [ [ [ -100.932665, 25.413608 ], [ -100.931599, 25.41028 ], [ -100.932943, 25.409924 ], [ -100.936626, 25.421339 ], [ -100.936384, 25.421408 ], [ -100.935183, 25.41773 ], [ -100.933451, 25.41819 ], [ -100.933224, 25.417452 ], [ -100.93391, 25.417277 ], [ -100.932967, 25.414187 ], [ -100.932665, 25.413608 ] ] ] } },
{ "type": "Feature", "properties": { "CVEGEO": "0503000012244", "NOM_MUN": "Saltillo", "COLONIA": "GUSTAVO ESPINOZA MIRELES", "POBTOT": 4617.0, "TVIVHAB": 1178.0, "PCT_ELECTRICIDAD": 99.405772495755514, "PCT_AGUA": 99.32088285229203, "PCT_DRENAJE": 99.405772495755514, "PCT_INTERNET": 68.166383701188465, "SERVICIOS_INDEX": 91.574702886247877, "MOTIVO_SIN_DATO": null }, "geometry": { "type": "Polygon", "coordinates": [ [ [ -101.022754, 25.444629 ], [ -101.017983, 25.44619 ], [ -101.016994, 25.445489 ], [ -101.017541, 25.444766 ], [ -101.016851, 25.44426 ], [ -101.016289, 25.445071 ], [ -101.013266, 25.443023 ], [ -101.014708, 25.440873 ], [ -101.016939, 25.439217 ], [ -101.01699, 25.439304 ], [ -101.017966, 25.43859 ], [ -101.018122, 25.438767 ], [ -101.018364, 25.438596 ], [ -101.018584, 25.43877 ], [ -101.018814, 25.439352 ], [ -101.018739, 25.439897 ], [ -101.019903, 25.4409 ], [ -101.020056, 25.440939 ], [ -101.021633, 25.44267 ], [ -101.022754, 25.444629 ] ] ] } },
{ "type": "Feature", "properties": { "CVEGEO": "0503000013971", "NOM_MUN": "Saltillo", "COLONIA": "LA VEGA II", "POBTOT": 0.0, "TVIVHAB": 0.0, "PCT_ELECTRICIDAD": null, "PCT_AGUA": null, "PCT_DRENAJE": null, "PCT_INTERNET": null, "SERVICIOS_INDEX": null, "MOTIVO_SIN_DATO": "Sin viviendas habitadas registradas en el Censo 2020" }, "geometry": { "type": "Polygon", "coordinates": [ [ [ -101.037963, 25.481767 ], [ -101.037367, 25.481757 ], [ -101.036933, 25.481652 ], [ -101.036678, 25.481552 ], [ -101.035625, 25.4808 ], [ -101.034601, 25.480663 ], [ -101.034392, 25.480474 ], [ -101.034314, 25.479939 ], [ -101.034233, 25.479825 ], [ -101.034008, 25.479647 ], [ -101.033456, 25.479461 ], [ -101.032865, 25.479069 ], [ -101.032732, 25.478684 ], [ -101.03268, 25.478146 ], [ -101.032515, 25.477921 ], [ -101.032168, 25.477665 ], [ -101.031795, 25.476927 ], [ -101.031464, 25.476477 ], [ -101.031236, 25.476304 ], [ -101.030943, 25.476264 ], [ -101.030551, 25.475872 ], [ -101.030573, 25.475738 ], [ -101.030807, 25.475571 ], [ -101.030804, 25.475436 ], [ -101.030225, 25.474663 ], [ -101.029396, 25.474121 ], [ -101.029217, 25.473751 ], [ -101.029265, 25.473353 ], [ -101.029846, 25.473475 ], [ -101.030447, 25.473468 ], [ -101.030652, 25.473337 ], [ -101.030716, 25.472954 ], [ -101.031561, 25.472857 ], [ -101.033647, 25.472884 ], [ -101.034495, 25.47313 ], [ -101.034765, 25.473077 ], [ -101.035164, 25.472692 ], [ -101.035204, 25.472155 ], [ -101.035425, 25.471849 ], [ -101.036028, 25.471481 ], [ -101.036041, 25.471076 ], [ -101.03644, 25.47035 ], [ -101.038009, 25.469643 ], [ -101.038422, 25.469316 ], [ -101.038759, 25.468736 ], [ -101.038796, 25.468275 ], [ -101.038948, 25.468049 ], [ -101.040061, 25.467673 ], [ -101.040537, 25.467172 ], [ -101.041252, 25.466992 ], [ -101.042262, 25.466193 ], [ -101.042533, 25.466075 ], [ -101.043324, 25.465464 ], [ -101.044198, 25.464926 ], [ -101.044481, 25.464817 ], [ -101.045073, 25.464753 ], [ -101.046953, 25.464897 ], [ -101.04814, 25.470634 ], [ -101.03815, 25.481851 ], [ -101.037963, 25.481767 ] ] ] } },
{ "type": "Feature", "properties": { "CVEGEO": "0503000014876", "NOM_MUN": "Saltillo", "COLONIA": "UNIDAD HABITACIONAL HUMBERTO DÁVILA ESQUIVEL", "POBTOT": 1776.0, "TVIVHAB": 481.0, "PCT_ELECTRICIDAD": 100.0, "PCT_AGUA": 100.0, "PCT_DRENAJE": 100.0, "PCT_INTERNET": 86.070686070686079, "SERVICIOS_INDEX": 96.517671517671516, "MOTIVO_SIN_DATO": null }, "geometry": { "type": "Polygon", "coordinates": [ [ [ -101.00669, 25.377127 ], [ -101.004741, 25.376038 ], [ -101.005333, 25.374812 ], [ -101.005744, 25.374261 ], [ -101.004858, 25.373479 ], [ -101.00511, 25.373239 ], [ -101.005588, 25.373681 ], [ -101.006188, 25.372849 ], [ -101.006571, 25.373094 ], [ -101.007025, 25.372476 ], [ -101.008768, 25.374236 ], [ -101.008989, 25.37407 ], [ -101.009135, 25.374074 ], [ -101.010371, 25.374685 ], [ -101.011899, 25.375619 ], [ -101.01073, 25.37818 ], [ -101.009394, 25.377319 ], [ -101.009184, 25.377607 ], [ -101.007187, 25.376448 ], [ -101.00669, 25.377127 ] ] ] } },
{ "type": "Feature", "properties": { "CVEGEO": "0503000015323", "NOM_MUN": "Saltillo", "COLONIA": "VALLE VERDE", "POBTOT": 2800.0, "TVIVHAB": 649.0, "PCT_ELECTRICIDAD": 99.691833590138685, "PCT_AGUA": 98.921417565485356, "PCT_DRENAJE": 99.845916795069328, "PCT_INTERNET": 51.155624036979972, "SERVICIOS_INDEX": 87.403697996918339, "MOTIVO_SIN_DATO": null }, "geometry": { "type": "Polygon", "coordinates": [ [ [ -101.028637, 25.402833 ], [ -101.028138, 25.402509 ], [ -101.028524, 25.401986 ], [ -101.028974, 25.401171 ], [ -101.029185, 25.399001 ], [ -101.029415, 25.397549 ], [ -101.03007, 25.396608 ], [ -101.030768, 25.395859 ], [ -101.031375, 25.39504 ], [ -101.032179, 25.39264 ], [ -101.03237, 25.392322 ], [ -101.032643, 25.392062 ], [ -101.03393, 25.39333 ], [ -101.034046, 25.393838 ], [ -101.033645, 25.394602 ], [ -101.033581, 25.395568 ], [ -101.033466, 25.395804 ], [ -101.032348, 25.397244 ], [ -101.032512, 25.398035 ], [ -101.033506, 25.39964 ], [ -101.033648, 25.400149 ], [ -101.033561, 25.400656 ], [ -101.033337, 25.400825 ], [ -101.032487, 25.401069 ], [ -101.032377, 25.401162 ], [ -101.032269, 25.40142 ], [ -101.032379, 25.401939 ], [ -101.032187, 25.402157 ], [ -101.031866, 25.402195 ], [ -101.031588, 25.401832 ], [ -101.03108, 25.401753 ], [ -101.030206, 25.402045 ], [ -101.029048, 25.402813 ], [ -101.028637, 25.402833 ] ] ] } },
{ "type": "Feature", "properties": { "CVEGEO": "0503000014560", "NOM_MUN": "Saltillo", "COLONIA": "VISTA HERMOSA", "POBTOT": 21.0, "TVIVHAB": 5.0, "PCT_ELECTRICIDAD": 100.0, "PCT_AGUA": 60.0, "PCT_DRENAJE": 100.0, "PCT_INTERNET": 0.0, "SERVICIOS_INDEX": 65.0, "MOTIVO_SIN_DATO": null }, "geometry": { "type": "Polygon", "coordinates": [ [ [ -100.939381, 25.383024 ], [ -100.940382, 25.384399 ], [ -100.940589, 25.384534 ], [ -100.941736, 25.385965 ], [ -100.940459, 25.386331 ], [ -100.940605, 25.386767 ], [ -100.940002, 25.386621 ], [ -100.938765, 25.383181 ], [ -100.939381, 25.383024 ] ] ] } },
{ "type": "Feature", "properties": { "CVEGEO": "0503000012969", "NOM_MUN": "Saltillo", "COLONIA": "PARQUES DE LA CAÑADA", "POBTOT": 702.0, "TVIVHAB": 220.0, "PCT_ELECTRICIDAD": 100.0, "PCT_AGUA": 100.0, "PCT_DRENAJE": 100.0, "PCT_INTERNET": 93.181818181818173, "SERVICIOS_INDEX": 98.295454545454547, "MOTIVO_SIN_DATO": null }, "geometry": { "type": "Polygon", "coordinates": [ [ [ -101.020269, 25.387797 ], [ -101.020367, 25.387631 ], [ -101.019355, 25.386854 ], [ -101.016972, 25.384649 ], [ -101.019037, 25.382802 ], [ -101.019307, 25.382362 ], [ -101.019439, 25.381886 ], [ -101.019134, 25.380383 ], [ -101.019145, 25.379826 ], [ -101.019023, 25.379721 ], [ -101.018719, 25.378206 ], [ -101.018577, 25.378046 ], [ -101.01694, 25.378109 ], [ -101.017004, 25.377499 ], [ -101.016433, 25.377052 ], [ -101.016549, 25.376894 ], [ -101.016285, 25.37663 ], [ -101.0186, 25.373447 ], [ -101.021119, 25.375174 ], [ -101.020999, 25.373897 ], [ -101.021113, 25.373844 ], [ -101.023399, 25.375484 ], [ -101.026838, 25.377707 ], [ -101.024031, 25.383585 ], [ -101.022971, 25.385566 ], [ -101.021952, 25.388026 ], [ -101.021437, 25.389011 ], [ -101.020269, 25.387797 ] ] ] } },
{ "type": "Feature", "properties": { "CVEGEO": "0503000014382", "NOM_MUN": "Saltillo", "COLONIA": "RICARDO FLORES MAGÓN", "POBTOT": 4376.0, "TVIVHAB": 1022.0, "PCT_ELECTRICIDAD": 98.727984344422708, "PCT_AGUA": 98.336594911937382, "PCT_DRENAJE": 98.532289628180038, "PCT_INTERNET": 61.741682974559687, "SERVICIOS_INDEX": 89.334637964774956, "MOTIVO_SIN_DATO": null }, "geometry": { "type": "Polygon", "coordinates": [ [ [ -101.022971, 25.385566 ], [ -101.024264, 25.383104 ], [ -101.025438, 25.383778 ], [ -101.025838, 25.384533 ], [ -101.025993, 25.386559 ], [ -101.026273, 25.387071 ], [ -101.02694, 25.387816 ], [ -101.027318, 25.388499 ], [ -101.027278, 25.388792 ], [ -101.027142, 25.388964 ], [ -101.027159, 25.389114 ], [ -101.027788, 25.39067 ], [ -101.027973, 25.391377 ], [ -101.02808, 25.39143 ], [ -101.027525, 25.391334 ], [ -101.024169, 25.389983 ], [ -101.024027, 25.390255 ], [ -101.0215, 25.389265 ], [ -101.02147, 25.388917 ], [ -101.021952, 25.388026 ], [ -101.022971, 25.385566 ] ] ] } },
{ "type": "Feature", "properties": { "CVEGEO": "0503000011852", "NOM_MUN": "Saltillo", "COLONIA": "LA ANGOSTURA", "POBTOT": 679.0, "TVIVHAB": 174.0, "PCT_ELECTRICIDAD": 100.0, "PCT_AGUA": 99.425287356321832, "PCT_DRENAJE": 100.0, "PCT_INTERNET": 80.459770114942529, "SERVICIOS_INDEX": 94.971264367816104, "MOTIVO_SIN_DATO": null }, "geometry": { "type": "Polygon", "coordinates": [ [ [ -101.011302, 25.378613 ], [ -101.010627, 25.37841 ], [ -101.022294, 25.352909 ], [ -101.025446, 25.353091 ], [ -101.031067, 25.356346 ], [ -101.031442, 25.356863 ], [ -101.031465, 25.357396 ], [ -101.02872, 25.365257 ], [ -101.028717, 25.366113 ], [ -101.029303, 25.367591 ], [ -101.029304, 25.368175 ], [ -101.02851, 25.374274 ], [ -101.026838, 25.377707 ], [ -101.023399, 25.375484 ], [ -101.021113, 25.373844 ], [ -101.020999, 25.373897 ], [ -101.021119, 25.375174 ], [ -101.0186, 25.373447 ], [ -101.013349, 25.380691 ], [ -101.011697, 25.378916 ], [ -101.011302, 25.378613 ] ] ] } },
{ "type": "Feature", "properties": { "CVEGEO": "0503000012583", "NOM_MUN": "Saltillo", "COLONIA": "GONZÁLEZ CEPEDA", "POBTOT": 2140.0, "TVIVHAB": 588.0, "PCT_ELECTRICIDAD": 99.149659863945587, "PCT_AGUA": 99.149659863945587, "PCT_DRENAJE": 99.149659863945587, "PCT_INTERNET": 58.673469387755105, "SERVICIOS_INDEX": 89.030612244897966, "MOTIVO_SIN_DATO": null }, "geometry": { "type": "Polygon", "coordinates": [ [ [ -100.98342, 25.412741 ], [ -100.982384, 25.412606 ], [ -100.982176, 25.413755 ], [ -100.980045, 25.413355 ], [ -100.980513, 25.410696 ], [ -100.981474, 25.409117 ], [ -100.985799, 25.411422 ], [ -100.985499, 25.413448 ], [ -100.983357, 25.413133 ], [ -100.98342, 25.412741 ] ] ] } },
{ "type": "Feature", "properties": { "CVEGEO": "0503000014679", "NOM_MUN": "Saltillo", "COLONIA": "IGNACIO ZARAGOZA", "POBTOT": 3688.0, "TVIVHAB": 1035.0, "PCT_ELECTRICIDAD": 99.420289855072468, "PCT_AGUA": 99.323671497584542, "PCT_DRENAJE": 99.516908212560381, "PCT_INTERNET": 71.884057971014499, "SERVICIOS_INDEX": 92.536231884057969, "MOTIVO_SIN_DATO": null }, "geometry": { "type": "Polygon", "coordinates": [ [ [ -100.928813, 25.432961 ], [ -100.925967, 25.424145 ], [ -100.926916, 25.423897 ], [ -100.927422, 25.425482 ], [ -100.928947, 25.425088 ], [ -100.929226, 25.425106 ], [ -100.930375, 25.424918 ], [ -100.930431, 25.424977 ], [ -100.932061, 25.424533 ], [ -100.934526, 25.432132 ], [ -100.928813, 25.432961 ] ] ] } },
{ "type": "Feature", "properties": { "CVEGEO": "0503000012297", "NOM_MUN": "Saltillo", "COLONIA": "UNIDAD HABITACIONAL DEL MAGISTERIO", "POBTOT": 1041.0, "TVIVHAB": 347.0, "PCT_ELECTRICIDAD": 99.711815561959654, "PCT_AGUA": 99.711815561959654, "PCT_DRENAJE": 99.711815561959654, "PCT_INTERNET": 92.21902017291066, "SERVICIOS_INDEX": 97.838616714697395, "MOTIVO_SIN_DATO": null }, "geometry": { "type": "Polygon", "coordinates": [ [ [ -100.953492, 25.437229 ], [ -100.95369, 25.434795 ], [ -100.953577, 25.43431 ], [ -100.957018, 25.433831 ], [ -100.957266, 25.435667 ], [ -100.957774, 25.435621 ], [ -100.958081, 25.437139 ], [ -100.958643, 25.43715 ], [ -100.958724, 25.437621 ], [ -100.953492, 25.437229 ] ] ] } },
{ "type": "Feature", "properties": { "CVEGEO": "0503000015003", "NOM_MUN": "Saltillo", "COLONIA": "LOS TULIPANES", "POBTOT": 2859.0, "TVIVHAB": 944.0, "PCT_ELECTRICIDAD": 99.576271186440678, "PCT_AGUA": 99.682203389830505, "PCT_DRENAJE": 99.894067796610159, "PCT_INTERNET": 92.372881355932208, "SERVICIOS_INDEX": 97.881355932203377, "MOTIVO_SIN_DATO": null }, "geometry": { "type": "Polygon", "coordinates": [ [ [ -100.945869, 25.454598 ], [ -100.945673, 25.45439 ], [ -100.945191, 25.454159 ], [ -100.948552, 25.453129 ], [ -100.948435, 25.452655 ], [ -100.950135, 25.452157 ], [ -100.950112, 25.45211 ], [ -100.950848, 25.451871 ], [ -100.950678, 25.451367 ], [ -100.952746, 25.450782 ], [ -100.953178, 25.451763 ], [ -100.956314, 25.450837 ], [ -100.954759, 25.455308 ], [ -100.951976, 25.456263 ], [ -100.948713, 25.457865 ], [ -100.948551, 25.457898 ], [ -100.948266, 25.457772 ], [ -100.948449, 25.45743 ], [ -100.949852, 25.456522 ], [ -100.948642, 25.456454 ], [ -100.946306, 25.456081 ], [ -100.945869, 25.454598 ] ] ] } },
{ "type": "Feature", "properties": { "CVEGEO": "0503000015732", "NOM_MUN": "Saltillo", "COLONIA": "VALLE SATÉLITE", "POBTOT": 5136.0, "TVIVHAB": 1329.0, "PCT_ELECTRICIDAD": 99.849510910458989, "PCT_AGUA": 99.699021820917991, "PCT_DRENAJE": 100.0, "PCT_INTERNET": 67.569601203912725, "SERVICIOS_INDEX": 91.779533483822433, "MOTIVO_SIN_DATO": null }, "geometry": { "type": "Polygon", "coordinates": [ [ [ -101.025837, 25.470657 ], [ -101.025859, 25.471322 ], [ -101.025694, 25.471548 ], [ -101.024233, 25.471341 ], [ -101.023086, 25.471637 ], [ -101.022723, 25.471874 ], [ -101.022623, 25.471773 ], [ -101.022578, 25.471715 ], [ -101.023598, 25.47099 ], [ -101.023252, 25.470394 ], [ -101.023441, 25.47021 ], [ -101.020159, 25.464855 ], [ -101.019369, 25.463335 ], [ -101.021351, 25.462634 ], [ -101.0213, 25.462388 ], [ -101.023513, 25.462101 ], [ -101.023598, 25.461934 ], [ -101.02378, 25.461821 ], [ -101.024555, 25.461683 ], [ -101.025667, 25.467395 ], [ -101.026145, 25.470465 ], [ -101.026151, 25.470527 ], [ -101.025837, 25.470657 ] ] ] } },
{ "type": "Feature", "properties": { "CVEGEO": "0503000014861", "NOM_MUN": "Saltillo", "COLONIA": "NAZARIO S. ORTIZ GARZA", "POBTOT": 3014.0, "TVIVHAB": 817.0, "PCT_ELECTRICIDAD": 99.388004895960833, "PCT_AGUA": 98.408812729498166, "PCT_DRENAJE": 99.143206854345166, "PCT_INTERNET": 74.785801713586281, "SERVICIOS_INDEX": 92.931456548347612, "MOTIVO_SIN_DATO": null }, "geometry": { "type": "Polygon", "coordinates": [ [ [ -100.998409, 25.461534 ], [ -101.002663, 25.452474 ], [ -101.00727, 25.454211 ], [ -101.007144, 25.454449 ], [ -101.00715, 25.454985 ], [ -101.008044, 25.456043 ], [ -101.008101, 25.456307 ], [ -101.007534, 25.456744 ], [ -101.007397, 25.457129 ], [ -101.007498, 25.45847 ], [ -101.007093, 25.459042 ], [ -101.007348, 25.459879 ], [ -101.007307, 25.460409 ], [ -101.007008, 25.461161 ], [ -101.00668, 25.461718 ], [ -101.006375, 25.462708 ], [ -101.005509, 25.463964 ], [ -101.005002, 25.46429 ], [ -101.004609, 25.464347 ], [ -101.004448, 25.464559 ], [ -101.004324, 25.46453 ], [ -100.998409, 25.461534 ] ] ] } },
{ "type": "Feature", "properties": { "CVEGEO": "0503000012070", "NOM_MUN": "Saltillo", "COLONIA": "CUMBRES", "POBTOT": 20.0, "TVIVHAB": 6.0, "PCT_ELECTRICIDAD": 100.0, "PCT_AGUA": 100.0, "PCT_DRENAJE": 100.0, "PCT_INTERNET": 100.0, "SERVICIOS_INDEX": 100.0, "MOTIVO_SIN_DATO": null }, "geometry": { "type": "Polygon", "coordinates": [ [ [ -100.973364, 25.45175 ], [ -100.971515, 25.449293 ], [ -100.970954, 25.448238 ], [ -100.970678, 25.447157 ], [ -100.970695, 25.445867 ], [ -100.972438, 25.439652 ], [ -100.97281, 25.439063 ], [ -100.973702, 25.438195 ], [ -100.974281, 25.43908 ], [ -100.974848, 25.439766 ], [ -100.974576, 25.43994 ], [ -100.974425, 25.4406 ], [ -100.974032, 25.441169 ], [ -100.973944, 25.441566 ], [ -100.974349, 25.441951 ], [ -100.975034, 25.442201 ], [ -100.975374, 25.442462 ], [ -100.975313, 25.442999 ], [ -100.975162, 25.443381 ], [ -100.975313, 25.443402 ], [ -100.975037, 25.444468 ], [ -100.975775, 25.444737 ], [ -100.975114, 25.445691 ], [ -100.976648, 25.446251 ], [ -100.975213, 25.449575 ], [ -100.976345, 25.449955 ], [ -100.97568, 25.450452 ], [ -100.974811, 25.451323 ], [ -100.973364, 25.45175 ] ] ] } },
{ "type": "Feature", "properties": { "CVEGEO": "0503000010248", "NOM_MUN": "Saltillo", "COLONIA": "ZONA CENTRO", "POBTOT": 2451.0, "TVIVHAB": 852.0, "PCT_ELECTRICIDAD": 99.765258215962433, "PCT_AGUA": 99.765258215962433, "PCT_DRENAJE": 99.53051643192488, "PCT_INTERNET": 74.061032863849761, "SERVICIOS_INDEX": 93.280516431924866, "MOTIVO_SIN_DATO": null }, "geometry": { "type": "Polygon", "coordinates": [ [ [ -101.000941, 25.423641 ], [ -101.000513, 25.424608 ], [ -100.999341, 25.426738 ], [ -100.998189, 25.426192 ], [ -100.997162, 25.425494 ], [ -100.996205, 25.425018 ], [ -100.992685, 25.423599 ], [ -100.990341, 25.42252 ], [ -100.992616, 25.41747 ], [ -100.999573, 25.421189 ], [ -101.000194, 25.421423 ], [ -101.001515, 25.421715 ], [ -101.001102, 25.422717 ], [ -101.000941, 25.423641 ] ] ] } },
{ "type": "Feature", "properties": { "CVEGEO": "0503000014039", "NOM_MUN": "Saltillo", "COLONIA": "LA VEGA II", "POBTOT": 0.0, "TVIVHAB": 0.0, "PCT_ELECTRICIDAD": null, "PCT_AGUA": null, "PCT_DRENAJE": null, "PCT_INTERNET": null, "SERVICIOS_INDEX": null, "MOTIVO_SIN_DATO": "Sin viviendas habitadas registradas en el Censo 2020" }, "geometry": { "type": "Polygon", "coordinates": [ [ [ -101.028225, 25.472867 ], [ -101.027221, 25.472087 ], [ -101.025694, 25.471548 ], [ -101.025859, 25.471322 ], [ -101.02579, 25.470787 ], [ -101.025837, 25.470657 ], [ -101.026399, 25.47051 ], [ -101.02668, 25.470605 ], [ -101.027421, 25.470663 ], [ -101.027758, 25.470932 ], [ -101.028038, 25.471025 ], [ -101.028622, 25.470917 ], [ -101.029371, 25.470898 ], [ -101.030849, 25.471064 ], [ -101.031544, 25.47083 ], [ -101.032594, 25.470077 ], [ -101.033335, 25.469997 ], [ -101.03452, 25.470137 ], [ -101.034787, 25.470022 ], [ -101.034963, 25.469802 ], [ -101.035274, 25.468898 ], [ -101.035419, 25.467956 ], [ -101.035367, 25.467278 ], [ -101.035427, 25.467153 ], [ -101.036168, 25.467111 ], [ -101.036695, 25.467367 ], [ -101.037432, 25.467473 ], [ -101.037985, 25.467276 ], [ -101.038395, 25.466886 ], [ -101.038836, 25.466181 ], [ -101.039235, 25.465156 ], [ -101.039388, 25.464494 ], [ -101.039924, 25.464024 ], [ -101.041022, 25.463615 ], [ -101.041329, 25.462996 ], [ -101.041503, 25.46206 ], [ -101.041422, 25.459886 ], [ -101.041649, 25.459535 ], [ -101.042049, 25.45851 ], [ -101.042112, 25.457562 ], [ -101.04222, 25.457468 ], [ -101.042656, 25.457379 ], [ -101.043284, 25.457009 ], [ -101.043653, 25.456581 ], [ -101.043681, 25.456447 ], [ -101.044069, 25.456549 ], [ -101.042862, 25.457607 ], [ -101.042645, 25.457987 ], [ -101.041928, 25.461597 ], [ -101.041972, 25.461918 ], [ -101.042756, 25.462217 ], [ -101.043292, 25.462268 ], [ -101.044291, 25.463365 ], [ -101.04583, 25.464234 ], [ -101.046805, 25.464644 ], [ -101.046953, 25.464897 ], [ -101.045073, 25.464753 ], [ -101.044481, 25.464817 ], [ -101.044198, 25.464926 ], [ -101.043324, 25.465464 ], [ -101.042533, 25.466075 ], [ -101.042262, 25.466193 ], [ -101.041252, 25.466992 ], [ -101.040537, 25.467172 ], [ -101.040061, 25.467673 ], [ -101.038948, 25.468049 ], [ -101.038796, 25.468275 ], [ -101.038759, 25.468736 ], [ -101.038422, 25.469316 ], [ -101.038009, 25.469643 ], [ -101.03644, 25.47035 ], [ -101.036041, 25.471076 ], [ -101.036028, 25.471481 ], [ -101.035425, 25.471849 ], [ -101.035204, 25.472155 ], [ -101.035164, 25.472692 ], [ -101.034639, 25.473131 ], [ -101.033647, 25.472884 ], [ -101.030967, 25.472899 ], [ -101.030716, 25.472954 ], [ -101.030576, 25.473437 ], [ -101.030011, 25.473485 ], [ -101.028982, 25.473266 ], [ -101.028225, 25.472867 ] ] ] } },
{ "type": "Feature", "properties": { "CVEGEO": "0503000013079", "NOM_MUN": "Saltillo", "COLONIA": "IGNACIO ZARAGOZA", "POBTOT": 5818.0, "TVIVHAB": 1608.0, "PCT_ELECTRICIDAD": 99.937810945273625, "PCT_AGUA": 99.937810945273625, "PCT_DRENAJE": 100.0, "PCT_INTERNET": 68.78109452736318, "SERVICIOS_INDEX": 92.164179104477597, "MOTIVO_SIN_DATO": null }, "geometry": { "type": "Polygon", "coordinates": [ [ [ -100.930431, 25.424977 ], [ -100.927352, 25.415708 ], [ -100.930835, 25.414777 ], [ -100.931819, 25.417812 ], [ -100.933224, 25.417452 ], [ -100.93463, 25.421842 ], [ -100.933869, 25.42204 ], [ -100.934467, 25.423874 ], [ -100.930431, 25.424977 ] ] ] } },
{ "type": "Feature", "properties": { "CVEGEO": "0503000015291", "NOM_MUN": "Saltillo", "COLONIA": "VALLE ESCONDIDO SUR", "POBTOT": 2028.0, "TVIVHAB": 516.0, "PCT_ELECTRICIDAD": 97.674418604651152, "PCT_AGUA": 94.186046511627907, "PCT_DRENAJE": 95.930232558139537, "PCT_INTERNET": 39.34108527131783, "SERVICIOS_INDEX": 81.782945736434101, "MOTIVO_SIN_DATO": null }, "geometry": { "type": "Polygon", "coordinates": [ [ [ -101.036492, 25.434535 ], [ -101.034855, 25.434184 ], [ -101.034931, 25.43383 ], [ -101.03505, 25.433709 ], [ -101.03439, 25.433009 ], [ -101.033719, 25.431468 ], [ -101.031359, 25.430488 ], [ -101.031444, 25.430325 ], [ -101.031173, 25.430057 ], [ -101.030561, 25.429157 ], [ -101.030346, 25.427837 ], [ -101.030313, 25.426914 ], [ -101.030717, 25.426487 ], [ -101.031409, 25.426173 ], [ -101.032329, 25.424982 ], [ -101.032677, 25.424895 ], [ -101.032218, 25.425741 ], [ -101.033129, 25.426134 ], [ -101.032966, 25.426438 ], [ -101.033399, 25.426659 ], [ -101.033568, 25.426319 ], [ -101.035881, 25.427323 ], [ -101.036895, 25.425116 ], [ -101.037104, 25.424901 ], [ -101.03774, 25.424874 ], [ -101.037971, 25.425024 ], [ -101.038807, 25.425049 ], [ -101.039119, 25.425252 ], [ -101.039628, 25.425967 ], [ -101.039684, 25.426582 ], [ -101.03952, 25.427788 ], [ -101.039348, 25.428526 ], [ -101.03917, 25.42893 ], [ -101.038544, 25.429822 ], [ -101.037687, 25.429934 ], [ -101.037771, 25.430476 ], [ -101.036955, 25.430301 ], [ -101.036964, 25.430493 ], [ -101.037766, 25.430682 ], [ -101.037147, 25.431398 ], [ -101.036679, 25.432107 ], [ -101.036839, 25.43284 ], [ -101.036839, 25.433582 ], [ -101.036357, 25.433836 ], [ -101.036731, 25.434412 ], [ -101.036492, 25.434535 ] ] ] } },
{ "type": "Feature", "properties": { "CVEGEO": "0503000015126", "NOM_MUN": "Saltillo", "COLONIA": "CIUDAD MIRASIERRA", "POBTOT": 7951.0, "TVIVHAB": 2090.0, "PCT_ELECTRICIDAD": 99.952153110047846, "PCT_AGUA": 98.899521531100476, "PCT_DRENAJE": 99.52153110047847, "PCT_INTERNET": 71.148325358851679, "SERVICIOS_INDEX": 92.380382775119614, "MOTIVO_SIN_DATO": null }, "geometry": { "type": "Polygon", "coordinates": [ [ [ -100.926916, 25.423897 ], [ -100.922788, 25.424958 ], [ -100.920729, 25.418568 ], [ -100.923329, 25.417863 ], [ -100.922983, 25.416778 ], [ -100.925125, 25.416235 ], [ -100.927043, 25.422125 ], [ -100.927465, 25.42201 ], [ -100.928025, 25.423592 ], [ -100.927834, 25.423644 ], [ -100.928459, 25.425221 ], [ -100.927422, 25.425482 ], [ -100.926916, 25.423897 ] ] ] } },
{ "type": "Feature", "properties": { "CVEGEO": "050300001287A", "NOM_MUN": "Saltillo", "COLONIA": "MIGUEL HIDALGO", "POBTOT": 4273.0, "TVIVHAB": 1122.0, "PCT_ELECTRICIDAD": 100.0, "PCT_AGUA": 99.643493761140817, "PCT_DRENAJE": 99.910873440285215, "PCT_INTERNET": 66.22103386809269, "SERVICIOS_INDEX": 91.443850267379673, "MOTIVO_SIN_DATO": null }, "geometry": { "type": "Polygon", "coordinates": [ [ [ -100.991705, 25.388457 ], [ -100.992052, 25.389903 ], [ -100.992817, 25.391082 ], [ -100.992423, 25.391671 ], [ -100.992463, 25.391939 ], [ -100.992253, 25.392283 ], [ -100.992012, 25.393083 ], [ -100.991706, 25.3937 ], [ -100.991439, 25.39449 ], [ -100.990643, 25.395092 ], [ -100.9903, 25.395688 ], [ -100.990162, 25.395742 ], [ -100.988841, 25.395515 ], [ -100.988442, 25.395335 ], [ -100.988147, 25.394866 ], [ -100.987143, 25.394064 ], [ -100.986579, 25.393433 ], [ -100.985914, 25.392529 ], [ -100.98565, 25.391753 ], [ -100.985081, 25.391601 ], [ -100.984165, 25.391144 ], [ -100.983111, 25.390389 ], [ -100.982714, 25.389932 ], [ -100.988672, 25.388511 ], [ -100.989235, 25.388917 ], [ -100.989352, 25.388924 ], [ -100.989848, 25.389797 ], [ -100.990199, 25.390152 ], [ -100.990344, 25.389189 ], [ -100.99062, 25.388549 ], [ -100.990989, 25.388179 ], [ -100.99126, 25.388024 ], [ -100.992072, 25.387824 ], [ -100.991705, 25.388457 ] ] ] } },
{ "type": "Feature", "properties": { "CVEGEO": "0503000015287", "NOM_MUN": "Saltillo", "COLONIA": "LOMA LINDA", "POBTOT": 2289.0, "TVIVHAB": 670.0, "PCT_ELECTRICIDAD": 99.402985074626869, "PCT_AGUA": 98.507462686567166, "PCT_DRENAJE": 99.850746268656721, "PCT_INTERNET": 41.940298507462686, "SERVICIOS_INDEX": 84.925373134328353, "MOTIVO_SIN_DATO": null }, "geometry": { "type": "Polygon", "coordinates": [ [ [ -100.904934, 25.413898 ], [ -100.903668, 25.410204 ], [ -100.903599, 25.408575 ], [ -100.905287, 25.408079 ], [ -100.905436, 25.408291 ], [ -100.905656, 25.409997 ], [ -100.906395, 25.410957 ], [ -100.907128, 25.413255 ], [ -100.904934, 25.413898 ] ] ] } },
{ "type": "Feature", "properties": { "CVEGEO": "0503000012738", "NOM_MUN": "Saltillo", "COLONIA": "FRANCISCO I. MADERO", "POBTOT": 3230.0, "TVIVHAB": 886.0, "PCT_ELECTRICIDAD": 98.419864559819416, "PCT_AGUA": 98.194130925507906, "PCT_DRENAJE": 98.419864559819416, "PCT_INTERNET": 64.221218961625283, "SERVICIOS_INDEX": 89.813769751693002, "MOTIVO_SIN_DATO": null }, "geometry": { "type": "Polygon", "coordinates": [ [ [ -101.001518, 25.398189 ], [ -101.002849, 25.399003 ], [ -101.003276, 25.39841 ], [ -101.003435, 25.397955 ], [ -101.005254, 25.398836 ], [ -101.005415, 25.398428 ], [ -101.006294, 25.39883 ], [ -101.006334, 25.398893 ], [ -101.006087, 25.399434 ], [ -101.006868, 25.399727 ], [ -101.006743, 25.399905 ], [ -101.007268, 25.400133 ], [ -101.007401, 25.399893 ], [ -101.010332, 25.40117 ], [ -101.009443, 25.403107 ], [ -101.004181, 25.400971 ], [ -101.004242, 25.400832 ], [ -101.003194, 25.400431 ], [ -101.003132, 25.400559 ], [ -101.00081, 25.399682 ], [ -101.001518, 25.398189 ] ] ] } },
{ "type": "Feature", "properties": { "CVEGEO": "050300001209A", "NOM_MUN": "Saltillo", "COLONIA": "EUROPA", "POBTOT": 2009.0, "TVIVHAB": 631.0, "PCT_ELECTRICIDAD": 99.68304278922345, "PCT_AGUA": 99.841521394611732, "PCT_DRENAJE": 99.841521394611732, "PCT_INTERNET": 77.020602218700475, "SERVICIOS_INDEX": 94.096671949286844, "MOTIVO_SIN_DATO": null }, "geometry": { "type": "Polygon", "coordinates": [ [ [ -100.967571, 25.446081 ], [ -100.967397, 25.445987 ], [ -100.966881, 25.445428 ], [ -100.968985, 25.443745 ], [ -100.969095, 25.443877 ], [ -100.969741, 25.442414 ], [ -100.969538, 25.442215 ], [ -100.969043, 25.441195 ], [ -100.969335, 25.440964 ], [ -100.967516, 25.437116 ], [ -100.970121, 25.435053 ], [ -100.971133, 25.43458 ], [ -100.972106, 25.434406 ], [ -100.972977, 25.436841 ], [ -100.973702, 25.438195 ], [ -100.97281, 25.439063 ], [ -100.972438, 25.439652 ], [ -100.970994, 25.444618 ], [ -100.970695, 25.445867 ], [ -100.97065, 25.44661 ], [ -100.970245, 25.446668 ], [ -100.967571, 25.446081 ] ] ] } },
{ "type": "Feature", "properties": { "CVEGEO": "0503000014895", "NOM_MUN": "Saltillo", "COLONIA": "INDEPENDENCIA", "POBTOT": 1985.0, "TVIVHAB": 476.0, "PCT_ELECTRICIDAD": 99.579831932773118, "PCT_AGUA": 99.579831932773118, "PCT_DRENAJE": 99.789915966386559, "PCT_INTERNET": 54.831932773109251, "SERVICIOS_INDEX": 88.445378151260513, "MOTIVO_SIN_DATO": null }, "geometry": { "type": "Polygon", "coordinates": [ [ [ -101.027528, 25.442197 ], [ -101.026434, 25.442192 ], [ -101.026121, 25.442301 ], [ -101.025233, 25.441865 ], [ -101.024482, 25.441687 ], [ -101.02442, 25.441546 ], [ -101.023413, 25.442422 ], [ -101.022225, 25.443632 ], [ -101.021633, 25.44267 ], [ -101.020056, 25.440939 ], [ -101.022515, 25.43832 ], [ -101.021919, 25.437714 ], [ -101.02154, 25.437736 ], [ -101.021084, 25.436868 ], [ -101.020706, 25.43685 ], [ -101.020762, 25.436503 ], [ -101.020679, 25.436129 ], [ -101.020879, 25.436118 ], [ -101.020926, 25.435927 ], [ -101.020723, 25.435877 ], [ -101.020918, 25.434896 ], [ -101.02076, 25.434808 ], [ -101.020784, 25.434656 ], [ -101.020934, 25.434678 ], [ -101.021395, 25.433954 ], [ -101.021564, 25.433428 ], [ -101.021474, 25.433324 ], [ -101.021762, 25.432937 ], [ -101.021958, 25.432956 ], [ -101.022535, 25.432188 ], [ -101.022566, 25.431924 ], [ -101.023279, 25.432224 ], [ -101.024182, 25.434964 ], [ -101.024282, 25.435383 ], [ -101.024172, 25.4365 ], [ -101.024226, 25.43665 ], [ -101.024537, 25.436843 ], [ -101.024669, 25.437085 ], [ -101.024659, 25.437283 ], [ -101.024395, 25.437565 ], [ -101.024415, 25.437792 ], [ -101.025098, 25.438252 ], [ -101.02512, 25.438444 ], [ -101.026118, 25.439221 ], [ -101.027021, 25.440365 ], [ -101.027673, 25.441002 ], [ -101.028091, 25.441784 ], [ -101.028717, 25.442505 ], [ -101.027528, 25.442197 ] ] ] } },
{ "type": "Feature", "properties": { "CVEGEO": "0503000014857", "NOM_MUN": "Saltillo", "COLONIA": "NAZARIO S. ORTIZ GARZA", "POBTOT": 1862.0, "TVIVHAB": 470.0, "PCT_ELECTRICIDAD": 100.0, "PCT_AGUA": 99.361702127659584, "PCT_DRENAJE": 99.787234042553195, "PCT_INTERNET": 58.085106382978722, "SERVICIOS_INDEX": 89.308510638297875, "MOTIVO_SIN_DATO": null }, "geometry": { "type": "Polygon", "coordinates": [ [ [ -100.996076, 25.466944 ], [ -100.998409, 25.461534 ], [ -101.004448, 25.464559 ], [ -101.004526, 25.465604 ], [ -101.004306, 25.466384 ], [ -101.004343, 25.467173 ], [ -101.004082, 25.467806 ], [ -101.003419, 25.46825 ], [ -101.002698, 25.467961 ], [ -101.00178, 25.468108 ], [ -101.00161, 25.468027 ], [ -101.001759, 25.467583 ], [ -100.99994, 25.466693 ], [ -100.999165, 25.468475 ], [ -100.996076, 25.466944 ] ] ] } },
{ "type": "Feature", "properties": { "CVEGEO": "0503000014683", "NOM_MUN": "Saltillo", "COLONIA": "COLINAS DE SAN FRANCISCO", "POBTOT": 3432.0, "TVIVHAB": 941.0, "PCT_ELECTRICIDAD": 99.893730074388955, "PCT_AGUA": 99.787460148777896, "PCT_DRENAJE": 99.893730074388955, "PCT_INTERNET": 64.293304994686508, "SERVICIOS_INDEX": 90.967056323060575, "MOTIVO_SIN_DATO": null }, "geometry": { "type": "Polygon", "coordinates": [ [ [ -100.983069, 25.405499 ], [ -100.984192, 25.405042 ], [ -100.985079, 25.404322 ], [ -100.985408, 25.403716 ], [ -100.985786, 25.402691 ], [ -100.986185, 25.402203 ], [ -100.985918, 25.401863 ], [ -100.985103, 25.401519 ], [ -100.984777, 25.401483 ], [ -100.981581, 25.40208 ], [ -100.981623, 25.401022 ], [ -100.982023, 25.400499 ], [ -100.982187, 25.399447 ], [ -100.985822, 25.399766 ], [ -100.985914, 25.398934 ], [ -100.988874, 25.399183 ], [ -100.98908, 25.39778 ], [ -100.98969, 25.397906 ], [ -100.98936, 25.39935 ], [ -100.9893, 25.400023 ], [ -100.988986, 25.40045 ], [ -100.989303, 25.40051 ], [ -100.988642, 25.401714 ], [ -100.989653, 25.40225 ], [ -100.989306, 25.403876 ], [ -100.989876, 25.403997 ], [ -100.989554, 25.4053 ], [ -100.988786, 25.404746 ], [ -100.988311, 25.404259 ], [ -100.988169, 25.404479 ], [ -100.986215, 25.403379 ], [ -100.98573, 25.404135 ], [ -100.986132, 25.404357 ], [ -100.985155, 25.405857 ], [ -100.984285, 25.405428 ], [ -100.98359, 25.405804 ], [ -100.983069, 25.405499 ] ] ] } },
{ "type": "Feature", "properties": { "CVEGEO": "0503000010214", "NOM_MUN": "Saltillo", "COLONIA": "PROVIVIENDA", "POBTOT": 2809.0, "TVIVHAB": 866.0, "PCT_ELECTRICIDAD": 97.921478060046184, "PCT_AGUA": 97.806004618937649, "PCT_DRENAJE": 97.806004618937649, "PCT_INTERNET": 63.16397228637414, "SERVICIOS_INDEX": 89.174364896073911, "MOTIVO_SIN_DATO": null }, "geometry": { "type": "Polygon", "coordinates": [ [ [ -100.972467, 25.426945 ], [ -100.97346, 25.424846 ], [ -100.972532, 25.424496 ], [ -100.9749, 25.419487 ], [ -100.979654, 25.421341 ], [ -100.979263, 25.423219 ], [ -100.978991, 25.425268 ], [ -100.97874, 25.426067 ], [ -100.972467, 25.426945 ] ] ] } },
{ "type": "Feature", "properties": { "CVEGEO": "0503000013859", "NOM_MUN": "Saltillo", "COLONIA": "TERRANOVA", "POBTOT": 1007.0, "TVIVHAB": 310.0, "PCT_ELECTRICIDAD": 99.677419354838719, "PCT_AGUA": 99.354838709677423, "PCT_DRENAJE": 99.677419354838719, "PCT_INTERNET": 93.548387096774192, "SERVICIOS_INDEX": 98.06451612903227, "MOTIVO_SIN_DATO": null }, "geometry": { "type": "Polygon", "coordinates": [ [ [ -100.914341, 25.442105 ], [ -100.91361, 25.435476 ], [ -100.922633, 25.43393 ], [ -100.933168, 25.432323 ], [ -100.933372, 25.43263 ], [ -100.933972, 25.433191 ], [ -100.934123, 25.433232 ], [ -100.934684, 25.433126 ], [ -100.935228, 25.433348 ], [ -100.93555, 25.433622 ], [ -100.93584, 25.433681 ], [ -100.930519, 25.436143 ], [ -100.926631, 25.43855 ], [ -100.927009, 25.439453 ], [ -100.926956, 25.441104 ], [ -100.926065, 25.440656 ], [ -100.9248, 25.440559 ], [ -100.914341, 25.442105 ] ] ] } },
{ "type": "Feature", "properties": { "CVEGEO": "0503000011918", "NOM_MUN": "Saltillo", "COLONIA": "VIRREYES POPULAR", "POBTOT": 1994.0, "TVIVHAB": 630.0, "PCT_ELECTRICIDAD": 100.0, "PCT_AGUA": 100.0, "PCT_DRENAJE": 100.0, "PCT_INTERNET": 82.38095238095238, "SERVICIOS_INDEX": 95.595238095238102, "MOTIVO_SIN_DATO": null }, "geometry": { "type": "Polygon", "coordinates": [ [ [ -100.98525, 25.467306 ], [ -100.987574, 25.46243 ], [ -100.987047, 25.462301 ], [ -100.987339, 25.461627 ], [ -100.991314, 25.46317 ], [ -100.988668, 25.468647 ], [ -100.98525, 25.467306 ] ] ] } },
{ "type": "Feature", "properties": { "CVEGEO": "0503000013967", "NOM_MUN": "Saltillo", "COLONIA": "LA VEGA II", "POBTOT": 0.0, "TVIVHAB": 0.0, "PCT_ELECTRICIDAD": null, "PCT_AGUA": null, "PCT_DRENAJE": null, "PCT_INTERNET": null, "SERVICIOS_INDEX": null, "MOTIVO_SIN_DATO": "Sin viviendas habitadas registradas en el Censo 2020" }, "geometry": { "type": "Polygon", "coordinates": [ [ [ -101.04814, 25.470634 ], [ -101.046953, 25.464897 ], [ -101.048066, 25.464834 ], [ -101.049499, 25.465076 ], [ -101.052031, 25.465263 ], [ -101.050016, 25.468444 ], [ -101.04814, 25.470634 ] ] ] } },
{ "type": "Feature", "properties": { "CVEGEO": "0503000015751", "NOM_MUN": "Saltillo", "COLONIA": "SAN JOSÉ DE FLORES", "POBTOT": 1920.0, "TVIVHAB": 526.0, "PCT_ELECTRICIDAD": 98.669201520912551, "PCT_AGUA": 98.098859315589351, "PCT_DRENAJE": 98.479087452471475, "PCT_INTERNET": 85.361216730038024, "SERVICIOS_INDEX": 95.152091254752833, "MOTIVO_SIN_DATO": null }, "geometry": { "type": "Polygon", "coordinates": [ [ [ -101.032174, 25.462325 ], [ -101.030917, 25.461005 ], [ -101.028672, 25.461324 ], [ -101.027441, 25.454784 ], [ -101.032273, 25.454032 ], [ -101.034113, 25.453964 ], [ -101.040325, 25.45558 ], [ -101.039567, 25.457667 ], [ -101.038788, 25.457367 ], [ -101.035498, 25.460975 ], [ -101.035745, 25.461943 ], [ -101.033024, 25.461969 ], [ -101.033035, 25.462262 ], [ -101.032174, 25.462325 ] ] ] } },
{ "type": "Feature", "properties": { "CVEGEO": "0503000015658", "NOM_MUN": "Saltillo", "COLONIA": "TORRECILLAS", "POBTOT": 1776.0, "TVIVHAB": 505.0, "PCT_ELECTRICIDAD": 100.0, "PCT_AGUA": 100.0, "PCT_DRENAJE": 100.0, "PCT_INTERNET": 69.702970297029694, "SERVICIOS_INDEX": 92.425742574257427, "MOTIVO_SIN_DATO": null }, "geometry": { "type": "Polygon", "coordinates": [ [ [ -100.926737, 25.445564 ], [ -100.926989, 25.445207 ], [ -100.926679, 25.443925 ], [ -100.926605, 25.442727 ], [ -100.926193, 25.441888 ], [ -100.926457, 25.441635 ], [ -100.926046, 25.441337 ], [ -100.926003, 25.441033 ], [ -100.926206, 25.4407 ], [ -100.928482, 25.442037 ], [ -100.929426, 25.44247 ], [ -100.930062, 25.442557 ], [ -100.931697, 25.442515 ], [ -100.932315, 25.442609 ], [ -100.935922, 25.444124 ], [ -100.935512, 25.444564 ], [ -100.935386, 25.444945 ], [ -100.934902, 25.445824 ], [ -100.934591, 25.446124 ], [ -100.934705, 25.446397 ], [ -100.935761, 25.447453 ], [ -100.93624, 25.447631 ], [ -100.937228, 25.448454 ], [ -100.938237, 25.449065 ], [ -100.939892, 25.45026 ], [ -100.940183, 25.450371 ], [ -100.940186, 25.450454 ], [ -100.93777, 25.452689 ], [ -100.937393, 25.452956 ], [ -100.936957, 25.453119 ], [ -100.935165, 25.454515 ], [ -100.934764, 25.454923 ], [ -100.934087, 25.455323 ], [ -100.933634, 25.455416 ], [ -100.931914, 25.45638 ], [ -100.930651, 25.456726 ], [ -100.930593, 25.456105 ], [ -100.930806, 25.453487 ], [ -100.930787, 25.452815 ], [ -100.930373, 25.451855 ], [ -100.930216, 25.451247 ], [ -100.930255, 25.449842 ], [ -100.929921, 25.448273 ], [ -100.929875, 25.44765 ], [ -100.92964, 25.447568 ], [ -100.9285, 25.446687 ], [ -100.928125, 25.447002 ], [ -100.927881, 25.447368 ], [ -100.927153, 25.447665 ], [ -100.926843, 25.44685 ], [ -100.926737, 25.445564 ] ] ] } },
{ "type": "Feature", "properties": { "CVEGEO": "0503000015450", "NOM_MUN": "Saltillo", "COLONIA": "GASPAR VALDEZ", "POBTOT": 1122.0, "TVIVHAB": 296.0, "PCT_ELECTRICIDAD": 93.243243243243242, "PCT_AGUA": 92.905405405405403, "PCT_DRENAJE": 93.243243243243242, "PCT_INTERNET": 44.256756756756758, "SERVICIOS_INDEX": 80.912162162162161, "MOTIVO_SIN_DATO": null }, "geometry": { "type": "Polygon", "coordinates": [ [ [ -100.903882, 25.423483 ], [ -100.90586, 25.422886 ], [ -100.910499, 25.436011 ], [ -100.909363, 25.436199 ], [ -100.907664, 25.431215 ], [ -100.90672, 25.431489 ], [ -100.903882, 25.423483 ] ] ] } },
{ "type": "Feature", "properties": { "CVEGEO": "0503000014630", "NOM_MUN": "Saltillo", "COLONIA": "LOS PINOS CUARTO SECTOR", "POBTOT": 599.0, "TVIVHAB": 200.0, "PCT_ELECTRICIDAD": 99.0, "PCT_AGUA": 99.0, "PCT_DRENAJE": 99.0, "PCT_INTERNET": 98.5, "SERVICIOS_INDEX": 98.875, "MOTIVO_SIN_DATO": null }, "geometry": { "type": "Polygon", "coordinates": [ [ [ -100.961335, 25.469567 ], [ -100.962785, 25.467377 ], [ -100.963385, 25.465253 ], [ -100.963446, 25.464169 ], [ -100.967506, 25.466303 ], [ -100.967449, 25.466681 ], [ -100.966866, 25.467761 ], [ -100.966682, 25.468415 ], [ -100.966255, 25.468968 ], [ -100.966096, 25.469346 ], [ -100.966094, 25.470156 ], [ -100.966587, 25.470982 ], [ -100.966618, 25.471651 ], [ -100.966423, 25.471687 ], [ -100.96349, 25.470473 ], [ -100.963257, 25.471 ], [ -100.962605, 25.47073 ], [ -100.962846, 25.470203 ], [ -100.961335, 25.469567 ] ] ] } },
{ "type": "Feature", "properties": { "CVEGEO": "0503000010407", "NOM_MUN": "Saltillo", "COLONIA": "BELLAVISTA", "POBTOT": 4301.0, "TVIVHAB": 1151.0, "PCT_ELECTRICIDAD": 99.131190269331015, "PCT_AGUA": 98.609904430929632, "PCT_DRENAJE": 98.436142484795823, "PCT_INTERNET": 66.898349261511726, "SERVICIOS_INDEX": 90.768896611642049, "MOTIVO_SIN_DATO": null }, "geometry": { "type": "Polygon", "coordinates": [ [ [ -101.004181, 25.400971 ], [ -101.005202, 25.401377 ], [ -101.001929, 25.408841 ], [ -101.000859, 25.408455 ], [ -101.00077, 25.408667 ], [ -100.999761, 25.408305 ], [ -100.999791, 25.408088 ], [ -100.99738, 25.407153 ], [ -101.00081, 25.399682 ], [ -101.003132, 25.400559 ], [ -101.003194, 25.400431 ], [ -101.004242, 25.400832 ], [ -101.004181, 25.400971 ] ] ] } },
{ "type": "Feature", "properties": { "CVEGEO": "050300001255A", "NOM_MUN": "Saltillo", "COLONIA": "VISTA HERMOSA", "POBTOT": 2172.0, "TVIVHAB": 593.0, "PCT_ELECTRICIDAD": 99.325463743676224, "PCT_AGUA": 99.325463743676224, "PCT_DRENAJE": 99.325463743676224, "PCT_INTERNET": 69.983136593591908, "SERVICIOS_INDEX": 91.989881956155145, "MOTIVO_SIN_DATO": null }, "geometry": { "type": "Polygon", "coordinates": [ [ [ -100.949642, 25.412623 ], [ -100.943826, 25.414147 ], [ -100.943271, 25.412385 ], [ -100.949868, 25.410633 ], [ -100.949562, 25.409685 ], [ -100.950379, 25.409481 ], [ -100.950978, 25.408386 ], [ -100.951859, 25.411353 ], [ -100.951982, 25.411412 ], [ -100.952769, 25.413915 ], [ -100.951077, 25.414364 ], [ -100.950721, 25.413279 ], [ -100.94992, 25.413485 ], [ -100.949642, 25.412623 ] ] ] } },
{ "type": "Feature", "properties": { "CVEGEO": "0503000012507", "NOM_MUN": "Saltillo", "COLONIA": "VISTA HERMOSA", "POBTOT": 2523.0, "TVIVHAB": 695.0, "PCT_ELECTRICIDAD": 99.712230215827333, "PCT_AGUA": 99.856115107913666, "PCT_DRENAJE": 99.712230215827333, "PCT_INTERNET": 77.697841726618705, "SERVICIOS_INDEX": 94.244604316546756, "MOTIVO_SIN_DATO": null }, "geometry": { "type": "Polygon", "coordinates": [ [ [ -100.945534, 25.419461 ], [ -100.949259, 25.418461 ], [ -100.949125, 25.417428 ], [ -100.949379, 25.417482 ], [ -100.950273, 25.417239 ], [ -100.950556, 25.418107 ], [ -100.952148, 25.41767 ], [ -100.952177, 25.417766 ], [ -100.953842, 25.417304 ], [ -100.953702, 25.416869 ], [ -100.95482, 25.41656 ], [ -100.955643, 25.41909 ], [ -100.952851, 25.419855 ], [ -100.952723, 25.419456 ], [ -100.946142, 25.421211 ], [ -100.945534, 25.419461 ] ] ] } },
{ "type": "Feature", "properties": { "CVEGEO": "0503000010178", "NOM_MUN": "Saltillo", "COLONIA": "ZONA CENTRO", "POBTOT": 1003.0, "TVIVHAB": 350.0, "PCT_ELECTRICIDAD": 99.428571428571431, "PCT_AGUA": 99.428571428571431, "PCT_DRENAJE": 99.428571428571431, "PCT_INTERNET": 74.857142857142861, "SERVICIOS_INDEX": 93.285714285714278, "MOTIVO_SIN_DATO": null }, "geometry": { "type": "Polygon", "coordinates": [ [ [ -100.99684, 25.42532 ], [ -100.998189, 25.426192 ], [ -100.999341, 25.426738 ], [ -100.996348, 25.432398 ], [ -100.995491, 25.432129 ], [ -100.99527, 25.432584 ], [ -100.990559, 25.430779 ], [ -100.995206, 25.424648 ], [ -100.99684, 25.42532 ] ] ] } },
{ "type": "Feature", "properties": { "CVEGEO": "0503000012282", "NOM_MUN": "Saltillo", "COLONIA": "REPÚBLICA PONIENTE", "POBTOT": 1412.0, "TVIVHAB": 469.0, "PCT_ELECTRICIDAD": 99.786780383795303, "PCT_AGUA": 99.786780383795303, "PCT_DRENAJE": 99.786780383795303, "PCT_INTERNET": 85.927505330490405, "SERVICIOS_INDEX": 96.321961620469082, "MOTIVO_SIN_DATO": null }, "geometry": { "type": "Polygon", "coordinates": [ [ [ -100.999149, 25.433829 ], [ -101.00427, 25.43522 ], [ -101.004658, 25.435386 ], [ -101.003206, 25.438478 ], [ -101.003133, 25.438441 ], [ -100.998892, 25.439746 ], [ -100.997634, 25.439888 ], [ -100.997468, 25.440078 ], [ -100.997272, 25.441122 ], [ -100.99663, 25.441784 ], [ -100.996405, 25.442381 ], [ -100.99562, 25.442101 ], [ -100.999186, 25.434596 ], [ -100.999149, 25.433829 ] ] ] } },
{ "type": "Feature", "properties": { "CVEGEO": "0503000011373", "NOM_MUN": "Saltillo", "COLONIA": "NUESTRA SEÑORA DE FÁTIMA", "POBTOT": 1438.0, "TVIVHAB": 488.0, "PCT_ELECTRICIDAD": 100.0, "PCT_AGUA": 100.0, "PCT_DRENAJE": 100.0, "PCT_INTERNET": 97.336065573770497, "SERVICIOS_INDEX": 99.334016393442624, "MOTIVO_SIN_DATO": null }, "geometry": { "type": "Polygon", "coordinates": [ [ [ -100.962701, 25.45058 ], [ -100.962732, 25.450985 ], [ -100.962936, 25.45149 ], [ -100.962658, 25.451412 ], [ -100.960035, 25.450029 ], [ -100.958627, 25.45414 ], [ -100.955435, 25.453279 ], [ -100.958238, 25.445261 ], [ -100.95956, 25.441233 ], [ -100.961887, 25.440876 ], [ -100.961953, 25.441193 ], [ -100.962235, 25.441507 ], [ -100.962349, 25.441757 ], [ -100.962391, 25.442025 ], [ -100.963315, 25.442893 ], [ -100.96359, 25.445858 ], [ -100.963779, 25.446505 ], [ -100.963453, 25.447109 ], [ -100.962763, 25.447814 ], [ -100.962468, 25.448649 ], [ -100.962451, 25.449669 ], [ -100.962701, 25.45058 ] ] ] } },
{ "type": "Feature", "properties": { "CVEGEO": "050300001508A", "NOM_MUN": "Saltillo", "COLONIA": "LAS TERESITAS", "POBTOT": 4463.0, "TVIVHAB": 1152.0, "PCT_ELECTRICIDAD": 99.913194444444443, "PCT_AGUA": 99.739583333333343, "PCT_DRENAJE": 99.652777777777786, "PCT_INTERNET": 72.309027777777786, "SERVICIOS_INDEX": 92.903645833333329, "MOTIVO_SIN_DATO": null }, "geometry": { "type": "Polygon", "coordinates": [ [ [ -101.006963, 25.365373 ], [ -101.010454, 25.362659 ], [ -101.010783, 25.362969 ], [ -101.014876, 25.367062 ], [ -101.015075, 25.368691 ], [ -101.013635, 25.371949 ], [ -101.01241, 25.371222 ], [ -101.010677, 25.36914 ], [ -101.006963, 25.365373 ] ] ] } },
{ "type": "Feature", "properties": { "CVEGEO": "0503000011528", "NOM_MUN": "Saltillo", "COLONIA": "TERRALTA", "POBTOT": 1121.0, "TVIVHAB": 377.0, "PCT_ELECTRICIDAD": 100.0, "PCT_AGUA": 100.0, "PCT_DRENAJE": 100.0, "PCT_INTERNET": 80.636604774535812, "SERVICIOS_INDEX": 95.15915119363396, "MOTIVO_SIN_DATO": null }, "geometry": { "type": "Polygon", "coordinates": [ [ [ -100.92911, 25.442353 ], [ -100.926956, 25.441104 ], [ -100.927009, 25.439453 ], [ -100.926631, 25.43855 ], [ -100.930519, 25.436143 ], [ -100.932269, 25.435377 ], [ -100.933213, 25.436843 ], [ -100.934074, 25.437647 ], [ -100.935172, 25.43814 ], [ -100.938046, 25.438897 ], [ -100.938776, 25.43917 ], [ -100.939134, 25.439695 ], [ -100.940972, 25.441804 ], [ -100.941151, 25.442048 ], [ -100.941213, 25.442353 ], [ -100.941389, 25.442432 ], [ -100.942, 25.442276 ], [ -100.941625, 25.443247 ], [ -100.941205, 25.443732 ], [ -100.941115, 25.444119 ], [ -100.93751, 25.444636 ], [ -100.936895, 25.444531 ], [ -100.932315, 25.442609 ], [ -100.931697, 25.442515 ], [ -100.930062, 25.442557 ], [ -100.92911, 25.442353 ] ] ] } },
{ "type": "Feature", "properties": { "CVEGEO": "0503000010144", "NOM_MUN": "Saltillo", "COLONIA": "ANTONIO CÁRDENAS", "POBTOT": 4972.0, "TVIVHAB": 1385.0, "PCT_ELECTRICIDAD": 99.855595667870034, "PCT_AGUA": 99.855595667870034, "PCT_DRENAJE": 99.927797833935017, "PCT_INTERNET": 57.906137184115522, "SERVICIOS_INDEX": 89.386281588447645, "MOTIVO_SIN_DATO": null }, "geometry": { "type": "Polygon", "coordinates": [ [ [ -101.017966, 25.43859 ], [ -101.01699, 25.439304 ], [ -101.016385, 25.438193 ], [ -101.015224, 25.439053 ], [ -101.014525, 25.43856 ], [ -101.014683, 25.438375 ], [ -101.014177, 25.437394 ], [ -101.012765, 25.439449 ], [ -101.011853, 25.44093 ], [ -101.008425, 25.438569 ], [ -101.007095, 25.43743 ], [ -101.007973, 25.436313 ], [ -101.009276, 25.435353 ], [ -101.010453, 25.434774 ], [ -101.010897, 25.434429 ], [ -101.011076, 25.434042 ], [ -101.012447, 25.432484 ], [ -101.012694, 25.432653 ], [ -101.012955, 25.432345 ], [ -101.01388, 25.432994 ], [ -101.014665, 25.433112 ], [ -101.01623, 25.436 ], [ -101.018079, 25.438214 ], [ -101.018585, 25.437988 ], [ -101.018584, 25.43877 ], [ -101.018364, 25.438596 ], [ -101.018122, 25.438767 ], [ -101.017966, 25.43859 ] ] ] } },
{ "type": "Feature", "properties": { "CVEGEO": "0503000012210", "NOM_MUN": "Saltillo", "COLONIA": "LAS PRADERAS", "POBTOT": 2608.0, "TVIVHAB": 820.0, "PCT_ELECTRICIDAD": 100.0, "PCT_AGUA": 100.0, "PCT_DRENAJE": 100.0, "PCT_INTERNET": 93.658536585365866, "SERVICIOS_INDEX": 98.41463414634147, "MOTIVO_SIN_DATO": null }, "geometry": { "type": "Polygon", "coordinates": [ [ [ -100.949159, 25.436671 ], [ -100.949606, 25.436706 ], [ -100.949572, 25.436915 ], [ -100.958724, 25.437621 ], [ -100.959614, 25.441217 ], [ -100.947837, 25.443057 ], [ -100.947938, 25.442777 ], [ -100.948426, 25.442466 ], [ -100.948698, 25.442147 ], [ -100.9493, 25.441063 ], [ -100.949544, 25.440428 ], [ -100.949652, 25.439899 ], [ -100.94964, 25.439493 ], [ -100.949388, 25.438716 ], [ -100.949302, 25.437908 ], [ -100.949047, 25.437276 ], [ -100.949159, 25.436671 ] ] ] } },
{ "type": "Feature", "properties": { "CVEGEO": "0503000013882", "NOM_MUN": "Saltillo", "COLONIA": "LA HERRADURA", "POBTOT": 2453.0, "TVIVHAB": 642.0, "PCT_ELECTRICIDAD": 100.0, "PCT_AGUA": 100.0, "PCT_DRENAJE": 100.0, "PCT_INTERNET": 73.520249221183803, "SERVICIOS_INDEX": 93.380062305295951, "MOTIVO_SIN_DATO": null }, "geometry": { "type": "Polygon", "coordinates": [ [ [ -100.980257, 25.408443 ], [ -100.978105, 25.406938 ], [ -100.977175, 25.406134 ], [ -100.976669, 25.405302 ], [ -100.97624, 25.402977 ], [ -100.975607, 25.40289 ], [ -100.975319, 25.402733 ], [ -100.975241, 25.402549 ], [ -100.975351, 25.401776 ], [ -100.975305, 25.401408 ], [ -100.975443, 25.401061 ], [ -100.975873, 25.400949 ], [ -100.975769, 25.400921 ], [ -100.975585, 25.400557 ], [ -100.975124, 25.40023 ], [ -100.975122, 25.399985 ], [ -100.975696, 25.399625 ], [ -100.976225, 25.398602 ], [ -100.977017, 25.398516 ], [ -100.977009, 25.399275 ], [ -100.976881, 25.399654 ], [ -100.976946, 25.399858 ], [ -100.976851, 25.400389 ], [ -100.976951, 25.400775 ], [ -100.976861, 25.400966 ], [ -100.977088, 25.40101 ], [ -100.977083, 25.401118 ], [ -100.980279, 25.40207 ], [ -100.980784, 25.402151 ], [ -100.981125, 25.402164 ], [ -100.984777, 25.401483 ], [ -100.985103, 25.401519 ], [ -100.985918, 25.401863 ], [ -100.986185, 25.402203 ], [ -100.985786, 25.402691 ], [ -100.985408, 25.403716 ], [ -100.985079, 25.404322 ], [ -100.984192, 25.405042 ], [ -100.983232, 25.405408 ], [ -100.982865, 25.405637 ], [ -100.982698, 25.40586 ], [ -100.982579, 25.406251 ], [ -100.981266, 25.40714 ], [ -100.980257, 25.408443 ] ] ] } },
{ "type": "Feature", "properties": { "CVEGEO": "0503000010182", "NOM_MUN": "Saltillo", "COLONIA": "ZONA CENTRO", "POBTOT": 1851.0, "TVIVHAB": 633.0, "PCT_ELECTRICIDAD": 98.578199052132703, "PCT_AGUA": 98.420221169036338, "PCT_DRENAJE": 98.894154818325433, "PCT_INTERNET": 68.562401263823062, "SERVICIOS_INDEX": 91.113744075829388, "MOTIVO_SIN_DATO": null }, "geometry": { "type": "Polygon", "coordinates": [ [ [ -100.990383, 25.422541 ], [ -100.995206, 25.424648 ], [ -100.990559, 25.430779 ], [ -100.987123, 25.429442 ], [ -100.990383, 25.422541 ] ] ] } },
{ "type": "Feature", "properties": { "CVEGEO": "0503000010252", "NOM_MUN": "Saltillo", "COLONIA": "ZONA CENTRO", "POBTOT": 3090.0, "TVIVHAB": 975.0, "PCT_ELECTRICIDAD": 99.692307692307693, "PCT_AGUA": 99.692307692307693, "PCT_DRENAJE": 99.692307692307693, "PCT_INTERNET": 67.384615384615387, "SERVICIOS_INDEX": 91.615384615384613, "MOTIVO_SIN_DATO": null }, "geometry": { "type": "Polygon", "coordinates": [ [ [ -100.9855, 25.421433 ], [ -100.987313, 25.414548 ], [ -100.987594, 25.413925 ], [ -100.989535, 25.415006 ], [ -100.989167, 25.415669 ], [ -100.992616, 25.41747 ], [ -100.989694, 25.423931 ], [ -100.9855, 25.421433 ] ] ] } },
{ "type": "Feature", "properties": { "CVEGEO": "050300001426A", "NOM_MUN": "Saltillo", "COLONIA": "ROMA", "POBTOT": 2116.0, "TVIVHAB": 584.0, "PCT_ELECTRICIDAD": 99.657534246575338, "PCT_AGUA": 99.657534246575338, "PCT_DRENAJE": 99.657534246575338, "PCT_INTERNET": 74.143835616438352, "SERVICIOS_INDEX": 93.279109589041099, "MOTIVO_SIN_DATO": null }, "geometry": { "type": "Polygon", "coordinates": [ [ [ -101.024343, 25.449538 ], [ -101.024939, 25.452514 ], [ -101.022787, 25.451546 ], [ -101.022755, 25.451046 ], [ -101.021012, 25.450254 ], [ -101.021196, 25.449708 ], [ -101.022162, 25.448475 ], [ -101.022634, 25.446712 ], [ -101.021357, 25.445104 ], [ -101.022754, 25.444629 ], [ -101.02343, 25.445742 ], [ -101.024048, 25.446446 ], [ -101.026012, 25.448018 ], [ -101.024343, 25.449538 ] ] ] } },
{ "type": "Feature", "properties": { "CVEGEO": "0503000013844", "NOM_MUN": "Saltillo", "COLONIA": "SANTA BÁRBARA", "POBTOT": 1038.0, "TVIVHAB": 283.0, "PCT_ELECTRICIDAD": 100.0, "PCT_AGUA": 98.233215547703182, "PCT_DRENAJE": 100.0, "PCT_INTERNET": 59.717314487632514, "SERVICIOS_INDEX": 89.487632508833926, "MOTIVO_SIN_DATO": null }, "geometry": { "type": "Polygon", "coordinates": [ [ [ -100.900495, 25.437695 ], [ -100.91361, 25.435476 ], [ -100.914341, 25.442105 ], [ -100.902467, 25.443788 ], [ -100.900495, 25.437695 ] ] ] } },
{ "type": "Feature", "properties": { "CVEGEO": "0503000013011", "NOM_MUN": "Saltillo", "COLONIA": "RESIDENCIAL JARDINES COLONIALES", "POBTOT": 2423.0, "TVIVHAB": 824.0, "PCT_ELECTRICIDAD": 99.271844660194176, "PCT_AGUA": 99.271844660194176, "PCT_DRENAJE": 99.271844660194176, "PCT_INTERNET": 92.354368932038838, "SERVICIOS_INDEX": 97.542475728155338, "MOTIVO_SIN_DATO": null }, "geometry": { "type": "Polygon", "coordinates": [ [ [ -100.96682, 25.493844 ], [ -100.969194, 25.489214 ], [ -100.969963, 25.487548 ], [ -100.970866, 25.487874 ], [ -100.971607, 25.488298 ], [ -100.97236, 25.488883 ], [ -100.97429, 25.489797 ], [ -100.975387, 25.491322 ], [ -100.976925, 25.493203 ], [ -100.976674, 25.493761 ], [ -100.976491, 25.493663 ], [ -100.976083, 25.494439 ], [ -100.973427, 25.494473 ], [ -100.971697, 25.496038 ], [ -100.971411, 25.49582 ], [ -100.97136, 25.495858 ], [ -100.971222, 25.495996 ], [ -100.971157, 25.496256 ], [ -100.968656, 25.49428 ], [ -100.968085, 25.494851 ], [ -100.96682, 25.493844 ] ] ] } },
{ "type": "Feature", "properties": { "CVEGEO": "0503000010411", "NOM_MUN": "Saltillo", "COLONIA": "RODRÍGUEZ GUAYULERA (CHAMIZAL)", "POBTOT": 2766.0, "TVIVHAB": 771.0, "PCT_ELECTRICIDAD": 97.146562905317765, "PCT_AGUA": 97.276264591439684, "PCT_DRENAJE": 97.276264591439684, "PCT_INTERNET": 56.420233463035018, "SERVICIOS_INDEX": 87.029831387808045, "MOTIVO_SIN_DATO": null }, "geometry": { "type": "Polygon", "coordinates": [ [ [ -101.024081, 25.413828 ], [ -101.027746, 25.409602 ], [ -101.032451, 25.413018 ], [ -101.03097, 25.414639 ], [ -101.031356, 25.414916 ], [ -101.030424, 25.416438 ], [ -101.029695, 25.416082 ], [ -101.029491, 25.416309 ], [ -101.02873, 25.415784 ], [ -101.028019, 25.416602 ], [ -101.024081, 25.413828 ] ] ] } },
{ "type": "Feature", "properties": { "CVEGEO": "0503000010375", "NOM_MUN": "Saltillo", "COLONIA": "ZONA CENTRO", "POBTOT": 3865.0, "TVIVHAB": 1161.0, "PCT_ELECTRICIDAD": 99.483204134366915, "PCT_AGUA": 99.13867355727821, "PCT_DRENAJE": 99.310938845822577, "PCT_INTERNET": 80.189491817398789, "SERVICIOS_INDEX": 94.530577088716626, "MOTIVO_SIN_DATO": null }, "geometry": { "type": "Polygon", "coordinates": [ [ [ -101.013297, 25.421166 ], [ -101.010752, 25.419815 ], [ -101.012611, 25.417378 ], [ -101.012694, 25.416761 ], [ -101.012794, 25.416567 ], [ -101.014032, 25.415276 ], [ -101.012236, 25.41446 ], [ -101.012123, 25.415016 ], [ -101.009442, 25.413449 ], [ -101.009426, 25.412653 ], [ -101.009452, 25.412387 ], [ -101.010028, 25.411457 ], [ -101.013711, 25.40587 ], [ -101.01399, 25.405557 ], [ -101.018931, 25.40843 ], [ -101.019319, 25.407924 ], [ -101.021067, 25.408872 ], [ -101.016289, 25.416408 ], [ -101.014722, 25.419065 ], [ -101.013297, 25.421166 ] ] ] } },
{ "type": "Feature", "properties": { "CVEGEO": "0503000015361", "NOM_MUN": "Saltillo", "COLONIA": "IGNACIO ZARAGOZA", "POBTOT": 3774.0, "TVIVHAB": 959.0, "PCT_ELECTRICIDAD": 99.895724713242956, "PCT_AGUA": 99.791449426485926, "PCT_DRENAJE": 99.895724713242956, "PCT_INTERNET": 73.93117831074035, "SERVICIOS_INDEX": 93.37851929092804, "MOTIVO_SIN_DATO": null }, "geometry": { "type": "Polygon", "coordinates": [ [ [ -100.927391, 25.41191 ], [ -100.927209, 25.411373 ], [ -100.92604, 25.411674 ], [ -100.924187, 25.405965 ], [ -100.927727, 25.404993 ], [ -100.926487, 25.401181 ], [ -100.928073, 25.401071 ], [ -100.928616, 25.400923 ], [ -100.931122, 25.4084 ], [ -100.931003, 25.408431 ], [ -100.931207, 25.409039 ], [ -100.931404, 25.409316 ], [ -100.931704, 25.410245 ], [ -100.930103, 25.410722 ], [ -100.929539, 25.410724 ], [ -100.928303, 25.411059 ], [ -100.92848, 25.411613 ], [ -100.927391, 25.41191 ] ] ] } },
{ "type": "Feature", "properties": { "CVEGEO": "0503000012371", "NOM_MUN": "Saltillo", "COLONIA": "TOPOCHICO", "POBTOT": 1585.0, "TVIVHAB": 522.0, "PCT_ELECTRICIDAD": 100.0, "PCT_AGUA": 100.0, "PCT_DRENAJE": 100.0, "PCT_INTERNET": 73.946360153256705, "SERVICIOS_INDEX": 93.486590038314176, "MOTIVO_SIN_DATO": null }, "geometry": { "type": "Polygon", "coordinates": [ [ [ -100.992935, 25.433485 ], [ -100.98527, 25.436135 ], [ -100.984538, 25.436239 ], [ -100.984046, 25.436169 ], [ -100.987123, 25.429442 ], [ -100.993757, 25.431998 ], [ -100.992935, 25.433485 ] ] ] } },
{ "type": "Feature", "properties": { "CVEGEO": "0503000014414", "NOM_MUN": "Saltillo", "COLONIA": "AMPLIACIÓN POSTAL CERRITOS", "POBTOT": 2696.0, "TVIVHAB": 688.0, "PCT_ELECTRICIDAD": 99.70930232558139, "PCT_AGUA": 96.220930232558146, "PCT_DRENAJE": 97.383720930232556, "PCT_INTERNET": 57.122093023255815, "SERVICIOS_INDEX": 87.609011627906995, "MOTIVO_SIN_DATO": null }, "geometry": { "type": "Polygon", "coordinates": [ [ [ -100.951982, 25.411412 ], [ -100.951859, 25.411353 ], [ -100.950852, 25.407979 ], [ -100.950734, 25.407962 ], [ -100.949778, 25.405044 ], [ -100.951796, 25.404561 ], [ -100.952243, 25.404825 ], [ -100.952775, 25.404603 ], [ -100.952812, 25.404498 ], [ -100.954593, 25.404057 ], [ -100.955021, 25.404289 ], [ -100.955112, 25.40463 ], [ -100.955352, 25.40498 ], [ -100.955637, 25.404879 ], [ -100.955659, 25.40585 ], [ -100.961651, 25.405879 ], [ -100.962044, 25.405979 ], [ -100.960518, 25.408738 ], [ -100.960479, 25.410208 ], [ -100.960546, 25.410849 ], [ -100.958344, 25.411132 ], [ -100.955946, 25.410975 ], [ -100.95442, 25.411343 ], [ -100.954365, 25.411441 ], [ -100.951982, 25.411412 ] ] ] } },
{ "type": "Feature", "properties": { "CVEGEO": "0503000011871", "NOM_MUN": "Saltillo", "COLONIA": "UAAAN (BUENAVISTA)", "POBTOT": 515.0, "TVIVHAB": 3.0, "PCT_ELECTRICIDAD": null, "PCT_AGUA": null, "PCT_DRENAJE": null, "PCT_INTERNET": null, "SERVICIOS_INDEX": null, "MOTIVO_SIN_DATO": "Cifras enmascaradas por INEGI (confidencialidad: 1-2 viviendas)" }, "geometry": { "type": "Polygon", "coordinates": [ [ [ -101.040506, 25.361921 ], [ -101.031208, 25.358137 ], [ -101.031465, 25.357396 ], [ -101.03148, 25.357092 ], [ -101.031355, 25.35667 ], [ -101.031067, 25.356346 ], [ -101.026346, 25.353561 ], [ -101.02561, 25.353161 ], [ -101.025155, 25.353026 ], [ -101.022294, 25.352909 ], [ -101.023039, 25.351306 ], [ -101.02118, 25.350208 ], [ -101.021958, 25.348736 ], [ -101.022244, 25.34787 ], [ -101.022727, 25.347485 ], [ -101.024298, 25.348465 ], [ -101.02492, 25.34744 ], [ -101.025977, 25.34672 ], [ -101.026449, 25.346565 ], [ -101.034453, 25.345218 ], [ -101.034053, 25.346497 ], [ -101.033629, 25.350241 ], [ -101.034916, 25.350795 ], [ -101.03509, 25.351358 ], [ -101.034893, 25.352746 ], [ -101.035319, 25.35305 ], [ -101.035386, 25.353297 ], [ -101.034644, 25.354116 ], [ -101.034315, 25.354784 ], [ -101.036133, 25.355125 ], [ -101.036644, 25.354252 ], [ -101.037657, 25.355138 ], [ -101.03803, 25.355302 ], [ -101.040517, 25.355886 ], [ -101.040603, 25.355978 ], [ -101.040684, 25.356482 ], [ -101.043179, 25.357473 ], [ -101.040952, 25.360965 ], [ -101.040506, 25.361921 ] ] ] } },
{ "type": "Feature", "properties": { "CVEGEO": "0503000012884", "NOM_MUN": "Saltillo", "COLONIA": "VICENTE GUERRERO", "POBTOT": 5905.0, "TVIVHAB": 1473.0, "PCT_ELECTRICIDAD": 98.099117447386291, "PCT_AGUA": 98.574338085539708, "PCT_DRENAJE": 98.506449422946361, "PCT_INTERNET": 64.697895451459601, "SERVICIOS_INDEX": 89.96945010183299, "MOTIVO_SIN_DATO": null }, "geometry": { "type": "Polygon", "coordinates": [ [ [ -100.983638, 25.396113 ], [ -100.982089, 25.394814 ], [ -100.982863, 25.394139 ], [ -100.981175, 25.39268 ], [ -100.980837, 25.393025 ], [ -100.980536, 25.393147 ], [ -100.979878, 25.393784 ], [ -100.979545, 25.393309 ], [ -100.978901, 25.393589 ], [ -100.977669, 25.392519 ], [ -100.977296, 25.392885 ], [ -100.977228, 25.392863 ], [ -100.976967, 25.392666 ], [ -100.976394, 25.39171 ], [ -100.976601, 25.391531 ], [ -100.976339, 25.391081 ], [ -100.97656, 25.390892 ], [ -100.976494, 25.390842 ], [ -100.980289, 25.38751 ], [ -100.979562, 25.386842 ], [ -100.980133, 25.38638 ], [ -100.981104, 25.387588 ], [ -100.982021, 25.388483 ], [ -100.982901, 25.390201 ], [ -100.984165, 25.391144 ], [ -100.985081, 25.391601 ], [ -100.98565, 25.391753 ], [ -100.985914, 25.392529 ], [ -100.986683, 25.393534 ], [ -100.983638, 25.396113 ] ] ] } },
{ "type": "Feature", "properties": { "CVEGEO": "0503000012920", "NOM_MUN": "Saltillo", "COLONIA": "AMPLIACIÓN 26 DE MARZO", "POBTOT": 2849.0, "TVIVHAB": 821.0, "PCT_ELECTRICIDAD": 99.878197320341044, "PCT_AGUA": 99.878197320341044, "PCT_DRENAJE": 99.878197320341044, "PCT_INTERNET": 82.825822168087697, "SERVICIOS_INDEX": 95.615103532277715, "MOTIVO_SIN_DATO": null }, "geometry": { "type": "Polygon", "coordinates": [ [ [ -101.013368, 25.390161 ], [ -101.006477, 25.387468 ], [ -101.008224, 25.383551 ], [ -101.010535, 25.384429 ], [ -101.010562, 25.384369 ], [ -101.012847, 25.385178 ], [ -101.013012, 25.384809 ], [ -101.015086, 25.386192 ], [ -101.013368, 25.390161 ] ] ] } },
{ "type": "Feature", "properties": { "CVEGEO": "0503000014594", "NOM_MUN": "Saltillo", "COLONIA": "BUITRES", "POBTOT": 2103.0, "TVIVHAB": 497.0, "PCT_ELECTRICIDAD": 98.792756539235413, "PCT_AGUA": 98.591549295774655, "PCT_DRENAJE": 98.792756539235413, "PCT_INTERNET": 62.173038229376253, "SERVICIOS_INDEX": 89.587525150905435, "MOTIVO_SIN_DATO": null }, "geometry": { "type": "Polygon", "coordinates": [ [ [ -100.993175, 25.387364 ], [ -100.994224, 25.388002 ], [ -100.996068, 25.385569 ], [ -100.999364, 25.387513 ], [ -101.002042, 25.383761 ], [ -101.005014, 25.385544 ], [ -101.006894, 25.386575 ], [ -101.003451, 25.393945 ], [ -100.998228, 25.390869 ], [ -100.992767, 25.387904 ], [ -100.993175, 25.387364 ] ] ] } },
{ "type": "Feature", "properties": { "CVEGEO": "0503000012827", "NOM_MUN": "Saltillo", "COLONIA": "LAS HACIENDAS", "POBTOT": 4027.0, "TVIVHAB": 1105.0, "PCT_ELECTRICIDAD": 98.82352941176471, "PCT_AGUA": 98.642533936651589, "PCT_DRENAJE": 98.82352941176471, "PCT_INTERNET": 70.31674208144797, "SERVICIOS_INDEX": 91.651583710407238, "MOTIVO_SIN_DATO": null }, "geometry": { "type": "Polygon", "coordinates": [ [ [ -100.991993, 25.389778 ], [ -100.991705, 25.388457 ], [ -100.992072, 25.387824 ], [ -100.992565, 25.387842 ], [ -100.993166, 25.388067 ], [ -100.997229, 25.390318 ], [ -100.99268, 25.395671 ], [ -100.994392, 25.396935 ], [ -100.994149, 25.397696 ], [ -100.993664, 25.39867 ], [ -100.993464, 25.399567 ], [ -100.992945, 25.399413 ], [ -100.992407, 25.399557 ], [ -100.989457, 25.398953 ], [ -100.98969, 25.397906 ], [ -100.990107, 25.397025 ], [ -100.990144, 25.39635 ], [ -100.990349, 25.39556 ], [ -100.990643, 25.395092 ], [ -100.991439, 25.39449 ], [ -100.991706, 25.3937 ], [ -100.992012, 25.393083 ], [ -100.992253, 25.392283 ], [ -100.992463, 25.391939 ], [ -100.992423, 25.391671 ], [ -100.992817, 25.391082 ], [ -100.991993, 25.389778 ] ] ] } },
{ "type": "Feature", "properties": { "CVEGEO": "0503000012954", "NOM_MUN": "Saltillo", "COLONIA": "EULALIO GUTIÉRREZ TREVIÑO", "POBTOT": 2708.0, "TVIVHAB": 737.0, "PCT_ELECTRICIDAD": 99.185888738127545, "PCT_AGUA": 99.050203527815469, "PCT_DRENAJE": 99.185888738127545, "PCT_INTERNET": 74.626865671641795, "SERVICIOS_INDEX": 93.012211668928074, "MOTIVO_SIN_DATO": null }, "geometry": { "type": "Polygon", "coordinates": [ [ [ -101.011302, 25.378613 ], [ -101.011697, 25.378916 ], [ -101.014086, 25.381447 ], [ -101.014138, 25.381569 ], [ -101.014021, 25.381796 ], [ -101.014081, 25.381969 ], [ -101.014317, 25.382086 ], [ -101.014536, 25.382032 ], [ -101.016972, 25.384649 ], [ -101.016853, 25.385254 ], [ -101.016919, 25.386016 ], [ -101.016529, 25.385787 ], [ -101.016008, 25.386736 ], [ -101.014637, 25.385915 ], [ -101.013012, 25.384809 ], [ -101.012847, 25.385178 ], [ -101.010562, 25.384369 ], [ -101.010535, 25.384429 ], [ -101.008224, 25.383551 ], [ -101.010627, 25.37841 ], [ -101.011302, 25.378613 ] ] ] } },
{ "type": "Feature", "properties": { "CVEGEO": "0503000011284", "NOM_MUN": "Saltillo", "COLONIA": "LOS AGAVES", "POBTOT": 1507.0, "TVIVHAB": 408.0, "PCT_ELECTRICIDAD": 99.754901960784309, "PCT_AGUA": 99.754901960784309, "PCT_DRENAJE": 99.754901960784309, "PCT_INTERNET": 90.196078431372555, "SERVICIOS_INDEX": 97.365196078431367, "MOTIVO_SIN_DATO": null }, "geometry": { "type": "Polygon", "coordinates": [ [ [ -101.016474, 25.456508 ], [ -101.027441, 25.454784 ], [ -101.028269, 25.45922 ], [ -101.020867, 25.460318 ], [ -101.020834, 25.460168 ], [ -101.017571, 25.457784 ], [ -101.016474, 25.456508 ] ] ] } },
{ "type": "Feature", "properties": { "CVEGEO": "050300001223A", "NOM_MUN": "Saltillo", "COLONIA": "LEANDRO VALLE", "POBTOT": 1622.0, "TVIVHAB": 467.0, "PCT_ELECTRICIDAD": 99.78586723768737, "PCT_AGUA": 99.571734475374726, "PCT_DRENAJE": 99.78586723768737, "PCT_INTERNET": 73.66167023554604, "SERVICIOS_INDEX": 93.201284796573873, "MOTIVO_SIN_DATO": null }, "geometry": { "type": "Polygon", "coordinates": [ [ [ -100.94583, 25.443375 ], [ -100.941115, 25.444119 ], [ -100.941205, 25.443732 ], [ -100.941625, 25.443247 ], [ -100.942, 25.442276 ], [ -100.941389, 25.442432 ], [ -100.941213, 25.442353 ], [ -100.941151, 25.442048 ], [ -100.940972, 25.441804 ], [ -100.939134, 25.439695 ], [ -100.938776, 25.43917 ], [ -100.938046, 25.438897 ], [ -100.935172, 25.43814 ], [ -100.934074, 25.437647 ], [ -100.933213, 25.436843 ], [ -100.932269, 25.435377 ], [ -100.934134, 25.434449 ], [ -100.935192, 25.434014 ], [ -100.935569, 25.433775 ], [ -100.936805, 25.433508 ], [ -100.937367, 25.433223 ], [ -100.938158, 25.433133 ], [ -100.940044, 25.433329 ], [ -100.941223, 25.433642 ], [ -100.942581, 25.433641 ], [ -100.942897, 25.434458 ], [ -100.943032, 25.435498 ], [ -100.943317, 25.43575 ], [ -100.943815, 25.436744 ], [ -100.9442, 25.437309 ], [ -100.944361, 25.43846 ], [ -100.945124, 25.438749 ], [ -100.945496, 25.438807 ], [ -100.946156, 25.44013 ], [ -100.946107, 25.441359 ], [ -100.94583, 25.443375 ] ] ] } },
{ "type": "Feature", "properties": { "CVEGEO": "050300001522A", "NOM_MUN": "Saltillo", "COLONIA": "AMPLIACIÓN MORELOS", "POBTOT": 88.0, "TVIVHAB": 23.0, "PCT_ELECTRICIDAD": 100.0, "PCT_AGUA": 95.652173913043484, "PCT_DRENAJE": 100.0, "PCT_INTERNET": 56.521739130434781, "SERVICIOS_INDEX": 88.043478260869563, "MOTIVO_SIN_DATO": null }, "geometry": { "type": "Polygon", "coordinates": [ [ [ -100.938097, 25.409943 ], [ -100.938389, 25.410828 ], [ -100.938682, 25.411713 ], [ -100.938453, 25.411743 ], [ -100.937865, 25.41001 ], [ -100.938097, 25.409943 ] ] ] } },
{ "type": "Feature", "properties": { "CVEGEO": "0503000015499", "NOM_MUN": "Saltillo", "COLONIA": "RESIDENCIAL SAN PATRICIO", "POBTOT": 2089.0, "TVIVHAB": 622.0, "PCT_ELECTRICIDAD": 100.0, "PCT_AGUA": 100.0, "PCT_DRENAJE": 100.0, "PCT_INTERNET": 97.749196141479104, "SERVICIOS_INDEX": 99.437299035369776, "MOTIVO_SIN_DATO": null }, "geometry": { "type": "Polygon", "coordinates": [ [ [ -100.950931, 25.466621 ], [ -100.953356, 25.459427 ], [ -100.956494, 25.460453 ], [ -100.963446, 25.464169 ], [ -100.963385, 25.465253 ], [ -100.962785, 25.467377 ], [ -100.961335, 25.469567 ], [ -100.961086, 25.47016 ], [ -100.960823, 25.471322 ], [ -100.959208, 25.469762 ], [ -100.958733, 25.470349 ], [ -100.956809, 25.468535 ], [ -100.954077, 25.468343 ], [ -100.953107, 25.467786 ], [ -100.952446, 25.467526 ], [ -100.950931, 25.466621 ] ] ] } },
{ "type": "Feature", "properties": { "CVEGEO": "0503000014062", "NOM_MUN": "Saltillo", "COLONIA": "RINCÓN DE SAN VICENTE", "POBTOT": 1668.0, "TVIVHAB": 423.0, "PCT_ELECTRICIDAD": 99.527186761229316, "PCT_AGUA": 99.290780141843967, "PCT_DRENAJE": 99.290780141843967, "PCT_INTERNET": 63.829787234042556, "SERVICIOS_INDEX": 90.484633569739955, "MOTIVO_SIN_DATO": null }, "geometry": { "type": "Polygon", "coordinates": [ [ [ -101.031462, 25.452273 ], [ -101.024048, 25.446446 ], [ -101.023645, 25.446021 ], [ -101.023027, 25.445111 ], [ -101.022225, 25.443632 ], [ -101.023413, 25.442422 ], [ -101.02442, 25.441546 ], [ -101.024482, 25.441687 ], [ -101.025233, 25.441865 ], [ -101.026121, 25.442301 ], [ -101.026434, 25.442192 ], [ -101.027193, 25.442161 ], [ -101.028717, 25.442505 ], [ -101.029261, 25.442984 ], [ -101.031713, 25.444004 ], [ -101.032412, 25.44444 ], [ -101.032859, 25.444454 ], [ -101.033243, 25.444692 ], [ -101.033557, 25.444748 ], [ -101.03408, 25.445349 ], [ -101.03395, 25.445553 ], [ -101.034469, 25.44587 ], [ -101.034903, 25.446451 ], [ -101.035533, 25.446726 ], [ -101.036519, 25.446936 ], [ -101.037162, 25.447407 ], [ -101.037524, 25.448259 ], [ -101.038335, 25.448824 ], [ -101.038885, 25.44902 ], [ -101.039724, 25.449472 ], [ -101.040221, 25.449503 ], [ -101.044551, 25.449197 ], [ -101.046181, 25.449305 ], [ -101.047285, 25.44924 ], [ -101.04935, 25.44856 ], [ -101.048947, 25.449428 ], [ -101.048798, 25.449952 ], [ -101.048392, 25.450494 ], [ -101.04827, 25.450568 ], [ -101.048002, 25.450551 ], [ -101.047832, 25.45032 ], [ -101.04755, 25.45024 ], [ -101.047143, 25.450394 ], [ -101.047029, 25.450481 ], [ -101.046765, 25.451394 ], [ -101.04635, 25.45177 ], [ -101.0461, 25.452409 ], [ -101.045451, 25.452727 ], [ -101.045124, 25.453007 ], [ -101.044569, 25.453206 ], [ -101.044481, 25.453317 ], [ -101.044301, 25.453687 ], [ -101.044457, 25.454611 ], [ -101.043898, 25.456286 ], [ -101.043681, 25.456447 ], [ -101.034113, 25.453964 ], [ -101.03271, 25.453167 ], [ -101.031462, 25.452273 ] ] ] } },
{ "type": "Feature", "properties": { "CVEGEO": "050300001038A", "NOM_MUN": "Saltillo", "COLONIA": "BELLAVISTA", "POBTOT": 5271.0, "TVIVHAB": 1460.0, "PCT_ELECTRICIDAD": 98.561643835616437, "PCT_AGUA": 98.356164383561634, "PCT_DRENAJE": 98.630136986301366, "PCT_INTERNET": 63.767123287671232, "SERVICIOS_INDEX": 89.828767123287662, "MOTIVO_SIN_DATO": null }, "geometry": { "type": "Polygon", "coordinates": [ [ [ -101.005199, 25.412754 ], [ -101.009443, 25.403107 ], [ -101.014205, 25.405235 ], [ -101.01208, 25.408322 ], [ -101.009452, 25.412387 ], [ -101.009442, 25.413482 ], [ -101.00901, 25.414458 ], [ -101.009107, 25.414945 ], [ -101.008661, 25.415785 ], [ -101.008371, 25.416073 ], [ -101.007564, 25.416517 ], [ -101.007139, 25.416345 ], [ -101.006562, 25.415248 ], [ -101.005956, 25.414645 ], [ -101.005508, 25.413805 ], [ -101.005199, 25.412754 ] ] ] } },
{ "type": "Feature", "properties": { "CVEGEO": "0503000011922", "NOM_MUN": "Saltillo", "COLONIA": "VIRREYES RESIDENCIAL", "POBTOT": 1811.0, "TVIVHAB": 662.0, "PCT_ELECTRICIDAD": 99.546827794561935, "PCT_AGUA": 99.546827794561935, "PCT_DRENAJE": 99.546827794561935, "PCT_INTERNET": 89.274924471299087, "SERVICIOS_INDEX": 96.978851963746223, "MOTIVO_SIN_DATO": null }, "geometry": { "type": "Polygon", "coordinates": [ [ [ -100.980454, 25.465434 ], [ -100.983363, 25.459543 ], [ -100.987535, 25.461174 ], [ -100.987047, 25.462301 ], [ -100.987574, 25.46243 ], [ -100.98525, 25.467306 ], [ -100.980454, 25.465434 ] ] ] } },
{ "type": "Feature", "properties": { "CVEGEO": "0503000010163", "NOM_MUN": "Saltillo", "COLONIA": "ZONA CENTRO", "POBTOT": 1911.0, "TVIVHAB": 637.0, "PCT_ELECTRICIDAD": 99.843014128728413, "PCT_AGUA": 99.843014128728413, "PCT_DRENAJE": 99.843014128728413, "PCT_INTERNET": 73.469387755102048, "SERVICIOS_INDEX": 93.249607535321815, "MOTIVO_SIN_DATO": null }, "geometry": { "type": "Polygon", "coordinates": [ [ [ -100.999341, 25.426738 ], [ -101.007381, 25.430501 ], [ -101.005805, 25.433002 ], [ -101.004658, 25.435386 ], [ -101.00427, 25.43522 ], [ -100.99729, 25.433337 ], [ -100.99527, 25.432584 ], [ -100.995491, 25.432129 ], [ -100.996348, 25.432398 ], [ -100.999341, 25.426738 ] ] ] } },
{ "type": "Feature", "properties": { "CVEGEO": "0503000012456", "NOM_MUN": "Saltillo", "COLONIA": "SAN RAMÓN", "POBTOT": 598.0, "TVIVHAB": 154.0, "PCT_ELECTRICIDAD": 96.753246753246756, "PCT_AGUA": 96.753246753246756, "PCT_DRENAJE": 96.753246753246756, "PCT_INTERNET": 56.493506493506494, "SERVICIOS_INDEX": 86.6883116883117, "MOTIVO_SIN_DATO": null }, "geometry": { "type": "Polygon", "coordinates": [ [ [ -100.965181, 25.42605 ], [ -100.965237, 25.425107 ], [ -100.966337, 25.424087 ], [ -100.967423, 25.423189 ], [ -100.967858, 25.42236 ], [ -100.968657, 25.421164 ], [ -100.969328, 25.420477 ], [ -100.970031, 25.42046 ], [ -100.972731, 25.421584 ], [ -100.971548, 25.424125 ], [ -100.97346, 25.424846 ], [ -100.972467, 25.426945 ], [ -100.964587, 25.427972 ], [ -100.964974, 25.427109 ], [ -100.965011, 25.426569 ], [ -100.965181, 25.42605 ] ] ] } },
{ "type": "Feature", "properties": { "CVEGEO": "0503000010197", "NOM_MUN": "Saltillo", "COLONIA": "ZONA CENTRO", "POBTOT": 1585.0, "TVIVHAB": 513.0, "PCT_ELECTRICIDAD": 100.0, "PCT_AGUA": 100.0, "PCT_DRENAJE": 100.0, "PCT_INTERNET": 65.302144249512679, "SERVICIOS_INDEX": 91.325536062378177, "MOTIVO_SIN_DATO": null }, "geometry": { "type": "Polygon", "coordinates": [ [ [ -100.989694, 25.423931 ], [ -100.987123, 25.429442 ], [ -100.983859, 25.428202 ], [ -100.984286, 25.427243 ], [ -100.983321, 25.426882 ], [ -100.983803, 25.425273 ], [ -100.985067, 25.422849 ], [ -100.9855, 25.421433 ], [ -100.989694, 25.423931 ] ] ] } },
{ "type": "Feature", "properties": { "CVEGEO": "0503000015785", "NOM_MUN": "Saltillo", "COLONIA": "NUEVO TERESITAS", "POBTOT": 2830.0, "TVIVHAB": 743.0, "PCT_ELECTRICIDAD": 99.730820995962304, "PCT_AGUA": 99.461641991924637, "PCT_DRENAJE": 100.0, "PCT_INTERNET": 46.298788694481829, "SERVICIOS_INDEX": 86.372812920592196, "MOTIVO_SIN_DATO": null }, "geometry": { "type": "Polygon", "coordinates": [ [ [ -100.999968, 25.350811 ], [ -101.001128, 25.351968 ], [ -100.999824, 25.35298 ], [ -101.000817, 25.354035 ], [ -100.998205, 25.356073 ], [ -100.996101, 25.353819 ], [ -100.997527, 25.352855 ], [ -100.999968, 25.350811 ] ] ] } },
{ "type": "Feature", "properties": { "CVEGEO": "0503000010106", "NOM_MUN": "Saltillo", "COLONIA": "REPÚBLICA PONIENTE", "POBTOT": 902.0, "TVIVHAB": 325.0, "PCT_ELECTRICIDAD": 99.692307692307693, "PCT_AGUA": 99.692307692307693, "PCT_DRENAJE": 99.692307692307693, "PCT_INTERNET": 90.461538461538453, "SERVICIOS_INDEX": 97.384615384615387, "MOTIVO_SIN_DATO": null }, "geometry": { "type": "Polygon", "coordinates": [ [ [ -100.999149, 25.433829 ], [ -100.999186, 25.434596 ], [ -100.99562, 25.442101 ], [ -100.992382, 25.440897 ], [ -100.995424, 25.434446 ], [ -100.995558, 25.43399 ], [ -100.996081, 25.432899 ], [ -100.99729, 25.433337 ], [ -100.999149, 25.433829 ] ] ] } },
{ "type": "Feature", "properties": { "CVEGEO": "0503000015766", "NOM_MUN": "Saltillo", "COLONIA": "RESIDENCIAL REAL DEL SOL", "POBTOT": 7756.0, "TVIVHAB": 2443.0, "PCT_ELECTRICIDAD": 99.713467048710598, "PCT_AGUA": 99.42693409742121, "PCT_DRENAJE": 99.79533360622186, "PCT_INTERNET": 77.118297175603772, "SERVICIOS_INDEX": 94.013507981989363, "MOTIVO_SIN_DATO": null }, "geometry": { "type": "Polygon", "coordinates": [ [ [ -100.91922, 25.425789 ], [ -100.91822, 25.422439 ], [ -100.91639, 25.422953 ], [ -100.914397, 25.417185 ], [ -100.912882, 25.412026 ], [ -100.911923, 25.40841 ], [ -100.912484, 25.408513 ], [ -100.91298, 25.408508 ], [ -100.912935, 25.408349 ], [ -100.913901, 25.408364 ], [ -100.913443, 25.406724 ], [ -100.913929, 25.406881 ], [ -100.914574, 25.407347 ], [ -100.915203, 25.407386 ], [ -100.915612, 25.407322 ], [ -100.915938, 25.407384 ], [ -100.916172, 25.407564 ], [ -100.916941, 25.408548 ], [ -100.917029, 25.408916 ], [ -100.917663, 25.40907 ], [ -100.91766, 25.409207 ], [ -100.918175, 25.409512 ], [ -100.919, 25.409417 ], [ -100.918858, 25.409744 ], [ -100.918823, 25.410499 ], [ -100.918606, 25.410817 ], [ -100.918726, 25.411839 ], [ -100.91812, 25.4139 ], [ -100.918369, 25.415393 ], [ -100.917742, 25.41706 ], [ -100.917841, 25.418151 ], [ -100.920247, 25.417552 ], [ -100.92046, 25.417805 ], [ -100.922788, 25.424958 ], [ -100.919946, 25.425741 ], [ -100.91922, 25.425789 ] ] ] } },
{ "type": "Feature", "properties": { "CVEGEO": "0503000014753", "NOM_MUN": "Saltillo", "COLONIA": "AMPLIACIÓN NIÑOS HÉROES", "POBTOT": 311.0, "TVIVHAB": 79.0, "PCT_ELECTRICIDAD": 100.0, "PCT_AGUA": 100.0, "PCT_DRENAJE": 98.734177215189874, "PCT_INTERNET": 46.835443037974684, "SERVICIOS_INDEX": 86.39240506329115, "MOTIVO_SIN_DATO": null }, "geometry": { "type": "Polygon", "coordinates": [ [ [ -101.001128, 25.351968 ], [ -101.003698, 25.349871 ], [ -101.004381, 25.350582 ], [ -101.00269, 25.351935 ], [ -101.003048, 25.352285 ], [ -101.002135, 25.353029 ], [ -101.001128, 25.351968 ] ] ] } },
{ "type": "Feature", "properties": { "CVEGEO": "0503000015107", "NOM_MUN": "Saltillo", "COLONIA": "NUEVO TERESITAS", "POBTOT": 13856.0, "TVIVHAB": 3506.0, "PCT_ELECTRICIDAD": 99.914432401597267, "PCT_AGUA": 99.800342270393614, "PCT_DRENAJE": 99.85738733599544, "PCT_INTERNET": 66.200798630918428, "SERVICIOS_INDEX": 91.443240159726187, "MOTIVO_SIN_DATO": null }, "geometry": { "type": "Polygon", "coordinates": [ [ [ -101.006963, 25.365373 ], [ -100.998205, 25.356073 ], [ -101.000817, 25.354035 ], [ -100.999824, 25.35298 ], [ -101.001128, 25.351968 ], [ -101.003459, 25.354304 ], [ -101.006107, 25.357138 ], [ -101.005472, 25.357631 ], [ -101.010454, 25.362659 ], [ -101.006963, 25.365373 ] ] ] } },
{ "type": "Feature", "properties": { "CVEGEO": "0503000014058", "NOM_MUN": "Saltillo", "COLONIA": "PADRES SANTOS I", "POBTOT": 309.0, "TVIVHAB": 72.0, "PCT_ELECTRICIDAD": 100.0, "PCT_AGUA": 25.0, "PCT_DRENAJE": 40.277777777777779, "PCT_INTERNET": 12.5, "SERVICIOS_INDEX": 44.444444444444443, "MOTIVO_SIN_DATO": null }, "geometry": { "type": "Polygon", "coordinates": [ [ [ -101.045409, 25.456801 ], [ -101.043681, 25.456447 ], [ -101.043898, 25.456286 ], [ -101.044457, 25.454611 ], [ -101.044301, 25.453687 ], [ -101.044481, 25.453317 ], [ -101.044569, 25.453206 ], [ -101.045124, 25.453007 ], [ -101.045451, 25.452727 ], [ -101.0461, 25.452409 ], [ -101.04635, 25.45177 ], [ -101.046765, 25.451394 ], [ -101.047029, 25.450481 ], [ -101.047261, 25.45031 ], [ -101.04755, 25.45024 ], [ -101.047832, 25.45032 ], [ -101.048002, 25.450551 ], [ -101.04827, 25.450568 ], [ -101.048672, 25.450197 ], [ -101.048798, 25.449952 ], [ -101.049404, 25.448296 ], [ -101.049254, 25.447914 ], [ -101.049156, 25.447812 ], [ -101.04886, 25.447781 ], [ -101.048749, 25.44769 ], [ -101.048549, 25.447332 ], [ -101.048552, 25.446926 ], [ -101.048651, 25.446747 ], [ -101.04871, 25.44627 ], [ -101.048707, 25.445053 ], [ -101.049541, 25.444624 ], [ -101.049659, 25.444235 ], [ -101.049558, 25.443762 ], [ -101.049626, 25.443362 ], [ -101.050007, 25.442781 ], [ -101.050501, 25.442232 ], [ -101.051443, 25.443081 ], [ -101.051398, 25.443645 ], [ -101.05125, 25.443848 ], [ -101.050804, 25.443971 ], [ -101.050998, 25.445039 ], [ -101.051148, 25.445166 ], [ -101.051897, 25.445662 ], [ -101.054138, 25.445871 ], [ -101.054327, 25.446017 ], [ -101.054608, 25.44604 ], [ -101.055675, 25.446384 ], [ -101.055781, 25.446608 ], [ -101.054789, 25.446522 ], [ -101.054595, 25.44696 ], [ -101.054346, 25.447047 ], [ -101.054042, 25.447313 ], [ -101.05311, 25.448655 ], [ -101.054287, 25.448381 ], [ -101.054492, 25.448432 ], [ -101.054693, 25.449094 ], [ -101.055565, 25.449411 ], [ -101.056277, 25.449552 ], [ -101.056696, 25.449442 ], [ -101.056996, 25.449534 ], [ -101.057434, 25.449535 ], [ -101.058245, 25.449826 ], [ -101.058853, 25.449842 ], [ -101.060233, 25.449681 ], [ -101.063924, 25.449925 ], [ -101.065526, 25.449953 ], [ -101.066284, 25.449797 ], [ -101.067002, 25.449879 ], [ -101.06685, 25.450417 ], [ -101.066586, 25.450673 ], [ -101.065563, 25.451113 ], [ -101.064189, 25.451929 ], [ -101.061999, 25.4533 ], [ -101.061983, 25.453434 ], [ -101.056702, 25.453354 ], [ -101.05538, 25.453543 ], [ -101.051367, 25.454323 ], [ -101.050473, 25.454608 ], [ -101.049518, 25.455051 ], [ -101.047371, 25.456414 ], [ -101.046501, 25.456715 ], [ -101.045409, 25.456801 ] ] ] } },
{ "type": "Feature", "properties": { "CVEGEO": "0503000015408", "NOM_MUN": "Saltillo", "COLONIA": "SALTILLO 2000", "POBTOT": 5048.0, "TVIVHAB": 1290.0, "PCT_ELECTRICIDAD": 99.844961240310084, "PCT_AGUA": 99.844961240310084, "PCT_DRENAJE": 99.844961240310084, "PCT_INTERNET": 69.922480620155042, "SERVICIOS_INDEX": 92.36434108527132, "MOTIVO_SIN_DATO": null }, "geometry": { "type": "Polygon", "coordinates": [ [ [ -101.03365, 25.46682 ], [ -101.033898, 25.46709 ], [ -101.032275, 25.468012 ], [ -101.031199, 25.468409 ], [ -101.030144, 25.46862 ], [ -101.029108, 25.463095 ], [ -101.029223, 25.463051 ], [ -101.029317, 25.462807 ], [ -101.032174, 25.462325 ], [ -101.035023, 25.465499 ], [ -101.034291, 25.46632 ], [ -101.03365, 25.46682 ] ] ] } },
{ "type": "Feature", "properties": { "CVEGEO": "0503000015338", "NOM_MUN": "Saltillo", "COLONIA": "LOMAS LOURDES", "POBTOT": 1756.0, "TVIVHAB": 510.0, "PCT_ELECTRICIDAD": 100.0, "PCT_AGUA": 100.0, "PCT_DRENAJE": 100.0, "PCT_INTERNET": 85.686274509803923, "SERVICIOS_INDEX": 96.421568627450981, "MOTIVO_SIN_DATO": null }, "geometry": { "type": "Polygon", "coordinates": [ [ [ -100.987013, 25.38109 ], [ -100.989138, 25.37997 ], [ -100.988695, 25.379498 ], [ -100.988575, 25.379255 ], [ -100.988553, 25.37885 ], [ -100.988749, 25.377922 ], [ -100.988665, 25.377393 ], [ -100.988608, 25.37726 ], [ -100.988334, 25.377122 ], [ -100.98816, 25.376317 ], [ -100.987895, 25.37597 ], [ -100.987944, 25.3757 ], [ -100.987496, 25.375314 ], [ -100.987546, 25.375028 ], [ -100.987417, 25.374769 ], [ -100.987495, 25.374508 ], [ -100.987368, 25.374121 ], [ -100.987018, 25.373876 ], [ -100.986443, 25.373809 ], [ -100.986404, 25.373722 ], [ -100.986528, 25.373592 ], [ -100.986508, 25.373499 ], [ -100.98606, 25.373298 ], [ -100.986059, 25.373027 ], [ -100.985961, 25.372925 ], [ -100.985837, 25.372849 ], [ -100.985558, 25.372907 ], [ -100.985535, 25.37271 ], [ -100.984596, 25.372158 ], [ -100.983554, 25.371273 ], [ -100.983369, 25.370975 ], [ -100.983553, 25.37054 ], [ -100.983301, 25.369684 ], [ -100.984283, 25.369612 ], [ -100.986074, 25.36977 ], [ -100.986347, 25.370727 ], [ -100.986792, 25.37138 ], [ -100.98731, 25.371919 ], [ -100.988136, 25.372553 ], [ -100.988906, 25.371922 ], [ -100.990009, 25.373843 ], [ -100.990069, 25.374125 ], [ -100.991094, 25.3758 ], [ -100.991183, 25.376069 ], [ -100.99337, 25.379433 ], [ -100.994457, 25.382519 ], [ -100.9955, 25.385141 ], [ -100.996068, 25.385569 ], [ -100.994224, 25.388002 ], [ -100.993175, 25.387364 ], [ -100.992767, 25.387904 ], [ -100.991943, 25.387821 ], [ -100.991139, 25.38809 ], [ -100.990504, 25.388194 ], [ -100.990893, 25.385393 ], [ -100.991058, 25.384747 ], [ -100.990548, 25.384262 ], [ -100.99024, 25.383314 ], [ -100.989981, 25.383509 ], [ -100.989283, 25.383562 ], [ -100.988897, 25.383507 ], [ -100.988666, 25.383368 ], [ -100.987013, 25.38109 ] ] ] } },
{ "type": "Feature", "properties": { "CVEGEO": "0503000012329", "NOM_MUN": "Saltillo", "COLONIA": "LOS FRESNOS", "POBTOT": 418.0, "TVIVHAB": 106.0, "PCT_ELECTRICIDAD": 100.0, "PCT_AGUA": 100.0, "PCT_DRENAJE": 100.0, "PCT_INTERNET": 55.660377358490564, "SERVICIOS_INDEX": 88.915094339622641, "MOTIVO_SIN_DATO": null }, "geometry": { "type": "Polygon", "coordinates": [ [ [ -101.031719, 25.436868 ], [ -101.034551, 25.434051 ], [ -101.035629, 25.434377 ], [ -101.035488, 25.434564 ], [ -101.035967, 25.43477 ], [ -101.034043, 25.436672 ], [ -101.033276, 25.436057 ], [ -101.032121, 25.437183 ], [ -101.031719, 25.436868 ] ] ] } },
{ "type": "Feature", "properties": { "CVEGEO": "0503000012598", "NOM_MUN": "Saltillo", "COLONIA": "LA PALMA", "POBTOT": 3634.0, "TVIVHAB": 926.0, "PCT_ELECTRICIDAD": 99.892008639308855, "PCT_AGUA": 99.352051835853132, "PCT_DRENAJE": 100.0, "PCT_INTERNET": 66.414686825053991, "SERVICIOS_INDEX": 91.414686825053991, "MOTIVO_SIN_DATO": null }, "geometry": { "type": "Polygon", "coordinates": [ [ [ -100.964653, 25.410761 ], [ -100.96404, 25.411117 ], [ -100.963922, 25.41091 ], [ -100.963722, 25.410997 ], [ -100.96344, 25.410517 ], [ -100.963633, 25.410079 ], [ -100.960573, 25.408639 ], [ -100.962044, 25.405979 ], [ -100.962533, 25.405231 ], [ -100.964007, 25.403909 ], [ -100.964224, 25.404095 ], [ -100.963918, 25.404343 ], [ -100.964702, 25.405127 ], [ -100.96465, 25.405157 ], [ -100.965738, 25.405343 ], [ -100.965642, 25.405783 ], [ -100.966136, 25.405864 ], [ -100.967311, 25.40752 ], [ -100.967708, 25.407332 ], [ -100.967952, 25.406973 ], [ -100.968571, 25.40726 ], [ -100.969925, 25.407972 ], [ -100.970519, 25.409008 ], [ -100.966058, 25.411053 ], [ -100.965989, 25.41102 ], [ -100.965415, 25.411278 ], [ -100.965173, 25.410823 ], [ -100.964778, 25.41098 ], [ -100.964653, 25.410761 ] ] ] } },
{ "type": "Feature", "properties": { "CVEGEO": "0503000014984", "NOM_MUN": "Saltillo", "COLONIA": "PUERTO DE FLORES", "POBTOT": 1253.0, "TVIVHAB": 316.0, "PCT_ELECTRICIDAD": 99.683544303797461, "PCT_AGUA": 99.050632911392398, "PCT_DRENAJE": 99.683544303797461, "PCT_INTERNET": 43.35443037974683, "SERVICIOS_INDEX": 85.443037974683534, "MOTIVO_SIN_DATO": null }, "geometry": { "type": "Polygon", "coordinates": [ [ [ -101.038015, 25.435724 ], [ -101.040843, 25.434205 ], [ -101.041299, 25.434933 ], [ -101.04161, 25.43477 ], [ -101.042308, 25.434641 ], [ -101.044537, 25.434843 ], [ -101.044607, 25.435031 ], [ -101.044859, 25.435234 ], [ -101.044887, 25.43618 ], [ -101.045208, 25.436787 ], [ -101.045271, 25.437187 ], [ -101.045394, 25.437263 ], [ -101.045601, 25.438122 ], [ -101.043637, 25.437931 ], [ -101.043211, 25.437678 ], [ -101.042286, 25.437401 ], [ -101.042179, 25.437439 ], [ -101.041994, 25.437134 ], [ -101.041203, 25.436836 ], [ -101.040037, 25.436584 ], [ -101.038015, 25.435724 ] ] ] } },
{ "type": "Feature", "properties": { "CVEGEO": "0503000012668", "NOM_MUN": "Saltillo", "COLONIA": "CENTENARIO", "POBTOT": 3008.0, "TVIVHAB": 832.0, "PCT_ELECTRICIDAD": 99.27884615384616, "PCT_AGUA": 99.27884615384616, "PCT_DRENAJE": 99.27884615384616, "PCT_INTERNET": 66.706730769230774, "SERVICIOS_INDEX": 91.135817307692307, "MOTIVO_SIN_DATO": null }, "geometry": { "type": "Polygon", "coordinates": [ [ [ -100.988786, 25.404746 ], [ -100.993097, 25.407673 ], [ -100.993464, 25.407776 ], [ -100.994082, 25.407739 ], [ -100.994678, 25.407508 ], [ -100.998188, 25.405379 ], [ -100.995672, 25.410853 ], [ -100.994297, 25.410096 ], [ -100.994542, 25.409615 ], [ -100.993612, 25.409153 ], [ -100.993466, 25.408414 ], [ -100.993031, 25.408124 ], [ -100.992976, 25.408138 ], [ -100.992887, 25.40877 ], [ -100.991721, 25.408424 ], [ -100.990677, 25.407639 ], [ -100.990448, 25.408281 ], [ -100.988872, 25.408027 ], [ -100.988896, 25.407907 ], [ -100.985155, 25.405857 ], [ -100.986132, 25.404357 ], [ -100.98573, 25.404135 ], [ -100.986215, 25.403379 ], [ -100.988169, 25.404479 ], [ -100.988311, 25.404259 ], [ -100.988786, 25.404746 ] ] ] } },
{ "type": "Feature", "properties": { "CVEGEO": "0503000015215", "NOM_MUN": "Saltillo", "COLONIA": "SUR ORIENTE III", "POBTOT": 426.0, "TVIVHAB": 98.0, "PCT_ELECTRICIDAD": 100.0, "PCT_AGUA": 91.83673469387756, "PCT_DRENAJE": 98.979591836734699, "PCT_INTERNET": 43.877551020408163, "SERVICIOS_INDEX": 83.673469387755119, "MOTIVO_SIN_DATO": null }, "geometry": { "type": "Polygon", "coordinates": [ [ [ -100.974908, 25.391676 ], [ -100.974484, 25.3916 ], [ -100.974117, 25.39271 ], [ -100.973864, 25.392701 ], [ -100.973754, 25.39311 ], [ -100.973155, 25.392961 ], [ -100.97323, 25.392642 ], [ -100.973362, 25.392675 ], [ -100.97365, 25.391577 ], [ -100.974104, 25.391709 ], [ -100.974217, 25.391268 ], [ -100.975268, 25.391472 ], [ -100.975451, 25.392685 ], [ -100.97532, 25.392966 ], [ -100.975223, 25.393569 ], [ -100.975367, 25.394637 ], [ -100.975327, 25.395052 ], [ -100.975038, 25.395001 ], [ -100.974716, 25.394617 ], [ -100.974908, 25.391676 ] ] ] } },
{ "type": "Feature", "properties": { "CVEGEO": "0503000010159", "NOM_MUN": "Saltillo", "COLONIA": "ZONA CENTRO", "POBTOT": 2778.0, "TVIVHAB": 858.0, "PCT_ELECTRICIDAD": 98.368298368298369, "PCT_AGUA": 98.368298368298369, "PCT_DRENAJE": 98.368298368298369, "PCT_INTERNET": 78.787878787878782, "SERVICIOS_INDEX": 93.473193473193476, "MOTIVO_SIN_DATO": null }, "geometry": { "type": "Polygon", "coordinates": [ [ [ -101.015575, 25.428659 ], [ -101.01189, 25.433184 ], [ -101.011076, 25.434042 ], [ -101.010897, 25.434429 ], [ -101.010453, 25.434774 ], [ -101.009276, 25.435353 ], [ -101.007973, 25.436313 ], [ -101.007095, 25.43743 ], [ -101.006348, 25.436647 ], [ -101.005353, 25.436085 ], [ -101.004658, 25.435386 ], [ -101.005805, 25.433002 ], [ -101.010227, 25.426043 ], [ -101.015575, 25.428659 ] ] ] } },
{ "type": "Feature", "properties": { "CVEGEO": "0503000012795", "NOM_MUN": "Saltillo", "COLONIA": "LOURDES", "POBTOT": 2101.0, "TVIVHAB": 553.0, "PCT_ELECTRICIDAD": 99.819168173598555, "PCT_AGUA": 99.819168173598555, "PCT_DRENAJE": 100.0, "PCT_INTERNET": 71.247739602169986, "SERVICIOS_INDEX": 92.721518987341767, "MOTIVO_SIN_DATO": null }, "geometry": { "type": "Polygon", "coordinates": [ [ [ -101.001518, 25.398189 ], [ -101.002432, 25.396229 ], [ -101.00286, 25.394964 ], [ -101.003451, 25.393945 ], [ -101.01144, 25.398645 ], [ -101.010332, 25.40117 ], [ -101.007401, 25.399893 ], [ -101.007268, 25.400133 ], [ -101.006743, 25.399905 ], [ -101.006868, 25.399727 ], [ -101.006087, 25.399434 ], [ -101.006334, 25.398893 ], [ -101.006294, 25.39883 ], [ -101.005415, 25.398428 ], [ -101.005254, 25.398836 ], [ -101.003435, 25.397955 ], [ -101.003276, 25.39841 ], [ -101.002849, 25.399003 ], [ -101.001518, 25.398189 ] ] ] } },
{ "type": "Feature", "properties": { "CVEGEO": "0503000012526", "NOM_MUN": "Saltillo", "COLONIA": "AGUA AZUL", "POBTOT": 1882.0, "TVIVHAB": 613.0, "PCT_ELECTRICIDAD": 99.836867862969001, "PCT_AGUA": 99.347471451876018, "PCT_DRENAJE": 99.510603588907003, "PCT_INTERNET": 81.892332789559546, "SERVICIOS_INDEX": 95.146818923327885, "MOTIVO_SIN_DATO": null }, "geometry": { "type": "Polygon", "coordinates": [ [ [ -100.987313, 25.414548 ], [ -100.986254, 25.418599 ], [ -100.984693, 25.41828 ], [ -100.982471, 25.417421 ], [ -100.983183, 25.415932 ], [ -100.982242, 25.415559 ], [ -100.981657, 25.416789 ], [ -100.981553, 25.416525 ], [ -100.981805, 25.41605 ], [ -100.981889, 25.415327 ], [ -100.981641, 25.415306 ], [ -100.982264, 25.413821 ], [ -100.982176, 25.413755 ], [ -100.982384, 25.412606 ], [ -100.98342, 25.412741 ], [ -100.983357, 25.413133 ], [ -100.987636, 25.413778 ], [ -100.987313, 25.414548 ] ] ] } },
{ "type": "Feature", "properties": { "CVEGEO": "0503000014518", "NOM_MUN": "Saltillo", "COLONIA": "LOMAS DE ZAPALINAMÉ", "POBTOT": 1323.0, "TVIVHAB": 344.0, "PCT_ELECTRICIDAD": 98.837209302325576, "PCT_AGUA": 97.965116279069761, "PCT_DRENAJE": 99.127906976744185, "PCT_INTERNET": 47.965116279069768, "SERVICIOS_INDEX": 85.973837209302332, "MOTIVO_SIN_DATO": null }, "geometry": { "type": "Polygon", "coordinates": [ [ [ -100.947247, 25.394616 ], [ -100.949542, 25.3942 ], [ -100.950637, 25.393843 ], [ -100.955119, 25.392699 ], [ -100.955338, 25.392776 ], [ -100.955192, 25.393012 ], [ -100.955066, 25.393952 ], [ -100.95478, 25.395191 ], [ -100.949637, 25.396502 ], [ -100.949505, 25.396632 ], [ -100.950026, 25.398225 ], [ -100.948489, 25.398579 ], [ -100.948054, 25.397123 ], [ -100.947882, 25.39619 ], [ -100.947431, 25.395347 ], [ -100.947244, 25.394704 ], [ -100.947247, 25.394616 ] ] ] } },
{ "type": "Feature", "properties": { "CVEGEO": "0503000012225", "NOM_MUN": "Saltillo", "COLONIA": "SAN JOSÉ DE LOS CERRITOS I", "POBTOT": 1656.0, "TVIVHAB": 482.0, "PCT_ELECTRICIDAD": 99.792531120331944, "PCT_AGUA": 99.792531120331944, "PCT_DRENAJE": 99.792531120331944, "PCT_INTERNET": 79.253112033195023, "SERVICIOS_INDEX": 94.65767634854771, "MOTIVO_SIN_DATO": null }, "geometry": { "type": "Polygon", "coordinates": [ [ [ -100.9442, 25.437309 ], [ -100.943317, 25.43575 ], [ -100.943032, 25.435498 ], [ -100.942897, 25.434458 ], [ -100.942581, 25.433641 ], [ -100.941223, 25.433642 ], [ -100.940044, 25.433329 ], [ -100.938158, 25.433133 ], [ -100.937317, 25.433233 ], [ -100.936665, 25.433544 ], [ -100.935693, 25.433662 ], [ -100.935422, 25.433553 ], [ -100.935228, 25.433348 ], [ -100.934684, 25.433126 ], [ -100.934123, 25.433232 ], [ -100.933972, 25.433191 ], [ -100.933372, 25.43263 ], [ -100.933168, 25.432323 ], [ -100.950117, 25.429997 ], [ -100.950528, 25.432498 ], [ -100.949731, 25.432604 ], [ -100.949833, 25.432894 ], [ -100.949919, 25.434008 ], [ -100.949745, 25.435879 ], [ -100.949086, 25.435815 ], [ -100.949159, 25.436671 ], [ -100.949047, 25.437276 ], [ -100.949302, 25.437908 ], [ -100.949388, 25.438716 ], [ -100.949621, 25.439359 ], [ -100.949652, 25.439899 ], [ -100.94948, 25.440693 ], [ -100.948698, 25.442147 ], [ -100.948426, 25.442466 ], [ -100.947938, 25.442777 ], [ -100.947837, 25.443057 ], [ -100.94583, 25.443375 ], [ -100.946107, 25.441359 ], [ -100.946156, 25.44013 ], [ -100.945496, 25.438807 ], [ -100.945124, 25.438749 ], [ -100.944361, 25.43846 ], [ -100.9442, 25.437309 ] ] ] } },
{ "type": "Feature", "properties": { "CVEGEO": "0503000015709", "NOM_MUN": "Saltillo", "COLONIA": "VALLE DE LAS TORRES", "POBTOT": 1824.0, "TVIVHAB": 511.0, "PCT_ELECTRICIDAD": 99.80430528375733, "PCT_AGUA": 99.80430528375733, "PCT_DRENAJE": 99.80430528375733, "PCT_INTERNET": 67.123287671232873, "SERVICIOS_INDEX": 91.634050880626205, "MOTIVO_SIN_DATO": null }, "geometry": { "type": "Polygon", "coordinates": [ [ [ -101.017008, 25.466607 ], [ -101.017151, 25.466336 ], [ -101.016618, 25.46646 ], [ -101.013934, 25.464332 ], [ -101.014369, 25.463474 ], [ -101.015166, 25.463906 ], [ -101.015185, 25.463761 ], [ -101.016084, 25.463577 ], [ -101.016273, 25.464385 ], [ -101.01684, 25.464257 ], [ -101.019369, 25.463335 ], [ -101.020661, 25.465699 ], [ -101.019922, 25.466158 ], [ -101.019658, 25.466139 ], [ -101.018093, 25.466913 ], [ -101.017904, 25.467134 ], [ -101.017008, 25.466607 ] ] ] } },
{ "type": "Feature", "properties": { "CVEGEO": "0503000014698", "NOM_MUN": "Saltillo", "COLONIA": "VICENTE GUERRERO", "POBTOT": 3584.0, "TVIVHAB": 873.0, "PCT_ELECTRICIDAD": 99.312714776632305, "PCT_AGUA": 99.083619702176406, "PCT_DRENAJE": 99.083619702176406, "PCT_INTERNET": 65.063001145475369, "SERVICIOS_INDEX": 90.635738831615129, "MOTIVO_SIN_DATO": null }, "geometry": { "type": "Polygon", "coordinates": [ [ [ -100.982187, 25.399447 ], [ -100.982675, 25.398135 ], [ -100.983509, 25.398246 ], [ -100.982433, 25.397116 ], [ -100.983165, 25.396469 ], [ -100.983365, 25.396169 ], [ -100.983492, 25.396088 ], [ -100.983638, 25.396113 ], [ -100.986683, 25.393534 ], [ -100.987143, 25.394064 ], [ -100.988147, 25.394866 ], [ -100.988562, 25.395417 ], [ -100.990162, 25.395742 ], [ -100.9903, 25.395688 ], [ -100.990144, 25.39635 ], [ -100.990107, 25.397025 ], [ -100.98969, 25.397906 ], [ -100.98908, 25.39778 ], [ -100.988874, 25.399183 ], [ -100.985914, 25.398934 ], [ -100.985822, 25.399766 ], [ -100.982187, 25.399447 ] ] ] } },
{ "type": "Feature", "properties": { "CVEGEO": "0503000013007", "NOM_MUN": "Saltillo", "COLONIA": "SEGOVIA GIL", "POBTOT": 3942.0, "TVIVHAB": 1057.0, "PCT_ELECTRICIDAD": 97.067171239356668, "PCT_AGUA": 96.783349101229902, "PCT_DRENAJE": 96.972563859981079, "PCT_INTERNET": 62.440870387890257, "SERVICIOS_INDEX": 88.31598864711448, "MOTIVO_SIN_DATO": null }, "geometry": { "type": "Polygon", "coordinates": [ [ [ -101.016302, 25.402028 ], [ -101.014205, 25.405235 ], [ -101.009443, 25.403107 ], [ -101.01144, 25.398645 ], [ -101.016614, 25.40166 ], [ -101.016302, 25.402028 ] ] ] } },
{ "type": "Feature", "properties": { "CVEGEO": "0503000015075", "NOM_MUN": "Saltillo", "COLONIA": "LOS NOGALES II", "POBTOT": 4721.0, "TVIVHAB": 1211.0, "PCT_ELECTRICIDAD": 99.917423616845582, "PCT_AGUA": 99.421965317919074, "PCT_DRENAJE": 99.917423616845582, "PCT_INTERNET": 69.364161849710982, "SERVICIOS_INDEX": 92.155243600330294, "MOTIVO_SIN_DATO": null }, "geometry": { "type": "Polygon", "coordinates": [ [ [ -100.964699, 25.398633 ], [ -100.965328, 25.395352 ], [ -100.965392, 25.394586 ], [ -100.966359, 25.390079 ], [ -100.966636, 25.390091 ], [ -100.966716, 25.390865 ], [ -100.967013, 25.391126 ], [ -100.967807, 25.391379 ], [ -100.968097, 25.391597 ], [ -100.968977, 25.392468 ], [ -100.969185, 25.393084 ], [ -100.968808, 25.39313 ], [ -100.968612, 25.392646 ], [ -100.968365, 25.394065 ], [ -100.968145, 25.394041 ], [ -100.96807, 25.394404 ], [ -100.968222, 25.394792 ], [ -100.968203, 25.396242 ], [ -100.968713, 25.3965 ], [ -100.968663, 25.39673 ], [ -100.969158, 25.396983 ], [ -100.969022, 25.397347 ], [ -100.968379, 25.400448 ], [ -100.967674, 25.399896 ], [ -100.965508, 25.399123 ], [ -100.964699, 25.398633 ] ] ] } },
{ "type": "Feature", "properties": { "CVEGEO": "0503000012367", "NOM_MUN": "Saltillo", "COLONIA": "ALFREDO V. BONFIL", "POBTOT": 1200.0, "TVIVHAB": 342.0, "PCT_ELECTRICIDAD": 99.707602339181292, "PCT_AGUA": 99.415204678362571, "PCT_DRENAJE": 99.415204678362571, "PCT_INTERNET": 59.064327485380119, "SERVICIOS_INDEX": 89.400584795321635, "MOTIVO_SIN_DATO": null }, "geometry": { "type": "Polygon", "coordinates": [ [ [ -101.026575, 25.429582 ], [ -101.028199, 25.430356 ], [ -101.028123, 25.430571 ], [ -101.027742, 25.430458 ], [ -101.027471, 25.431124 ], [ -101.027192, 25.431036 ], [ -101.027014, 25.431422 ], [ -101.026402, 25.431593 ], [ -101.026322, 25.431506 ], [ -101.025446, 25.431507 ], [ -101.025452, 25.431762 ], [ -101.024118, 25.431598 ], [ -101.024089, 25.431454 ], [ -101.023612, 25.431274 ], [ -101.023771, 25.430714 ], [ -101.024022, 25.430349 ], [ -101.0238, 25.430161 ], [ -101.02367, 25.430143 ], [ -101.024374, 25.428879 ], [ -101.026575, 25.429582 ] ] ] } },
{ "type": "Feature", "properties": { "CVEGEO": "0503000012189", "NOM_MUN": "Saltillo", "COLONIA": "GUANAJUATO", "POBTOT": 1317.0, "TVIVHAB": 462.0, "PCT_ELECTRICIDAD": 99.134199134199136, "PCT_AGUA": 98.917748917748909, "PCT_DRENAJE": 99.134199134199136, "PCT_INTERNET": 82.251082251082252, "SERVICIOS_INDEX": 94.859307359307365, "MOTIVO_SIN_DATO": null }, "geometry": { "type": "Polygon", "coordinates": [ [ [ -100.983995, 25.436156 ], [ -100.980643, 25.443561 ], [ -100.978871, 25.442823 ], [ -100.977524, 25.442063 ], [ -100.980659, 25.435162 ], [ -100.983995, 25.436156 ] ] ] } },
{ "type": "Feature", "properties": { "CVEGEO": "0503000012719", "NOM_MUN": "Saltillo", "COLONIA": "LA MADRID", "POBTOT": 4004.0, "TVIVHAB": 1057.0, "PCT_ELECTRICIDAD": 99.432355723746454, "PCT_AGUA": 99.432355723746454, "PCT_DRENAJE": 99.432355723746454, "PCT_INTERNET": 67.549668874172184, "SERVICIOS_INDEX": 91.461684011352887, "MOTIVO_SIN_DATO": null }, "geometry": { "type": "Polygon", "coordinates": [ [ [ -100.993212, 25.407725 ], [ -100.991133, 25.406361 ], [ -100.991503, 25.405488 ], [ -100.992186, 25.405181 ], [ -100.993464, 25.399567 ], [ -100.996196, 25.400213 ], [ -100.995501, 25.403347 ], [ -100.995992, 25.403437 ], [ -100.996178, 25.402613 ], [ -100.999132, 25.403329 ], [ -100.998188, 25.405379 ], [ -100.994567, 25.407563 ], [ -100.993895, 25.407771 ], [ -100.993212, 25.407725 ] ] ] } },
{ "type": "Feature", "properties": { "CVEGEO": "0503000012333", "NOM_MUN": "Saltillo", "COLONIA": "VALLE ESCONDIDO", "POBTOT": 1997.0, "TVIVHAB": 508.0, "PCT_ELECTRICIDAD": 100.0, "PCT_AGUA": 99.409448818897644, "PCT_DRENAJE": 99.409448818897644, "PCT_INTERNET": 54.330708661417326, "SERVICIOS_INDEX": 88.287401574803155, "MOTIVO_SIN_DATO": null }, "geometry": { "type": "Polygon", "coordinates": [ [ [ -101.031241, 25.4351 ], [ -101.03117, 25.434667 ], [ -101.032694, 25.433073 ], [ -101.031454, 25.432432 ], [ -101.031345, 25.431856 ], [ -101.031066, 25.431349 ], [ -101.031592, 25.430586 ], [ -101.033719, 25.431468 ], [ -101.03439, 25.433009 ], [ -101.03505, 25.433709 ], [ -101.034931, 25.43383 ], [ -101.034855, 25.434184 ], [ -101.034551, 25.434051 ], [ -101.031719, 25.436868 ], [ -101.031203, 25.436364 ], [ -101.031228, 25.436184 ], [ -101.03102, 25.436002 ], [ -101.031241, 25.4351 ] ] ] } },
{ "type": "Feature", "properties": { "CVEGEO": "0503000012615", "NOM_MUN": "Saltillo", "COLONIA": "MORELOS", "POBTOT": 5577.0, "TVIVHAB": 1476.0, "PCT_ELECTRICIDAD": 99.93224932249322, "PCT_AGUA": 99.796747967479675, "PCT_DRENAJE": 99.93224932249322, "PCT_INTERNET": 70.731707317073173, "SERVICIOS_INDEX": 92.598238482384829, "MOTIVO_SIN_DATO": null }, "geometry": { "type": "Polygon", "coordinates": [ [ [ -100.948276, 25.411061 ], [ -100.941116, 25.412994 ], [ -100.939385, 25.407673 ], [ -100.946552, 25.405767 ], [ -100.948276, 25.411061 ] ] ] } },
{ "type": "Feature", "properties": { "CVEGEO": "0503000014217", "NOM_MUN": "Saltillo", "COLONIA": "ZONA MILITAR 69 BATALLÓN DE INFANTERÍA", "POBTOT": 68.0, "TVIVHAB": 2.0, "PCT_ELECTRICIDAD": null, "PCT_AGUA": null, "PCT_DRENAJE": null, "PCT_INTERNET": null, "SERVICIOS_INDEX": null, "MOTIVO_SIN_DATO": "Cifras enmascaradas por INEGI (confidencialidad: 1-2 viviendas)" }, "geometry": { "type": "Polygon", "coordinates": [ [ [ -101.009135, 25.374074 ], [ -101.008989, 25.37407 ], [ -101.008768, 25.374236 ], [ -101.007711, 25.373223 ], [ -101.004667, 25.369907 ], [ -101.004282, 25.369594 ], [ -101.004309, 25.369077 ], [ -100.999417, 25.363687 ], [ -100.997853, 25.362072 ], [ -100.998118, 25.361732 ], [ -100.999438, 25.360557 ], [ -101.001173, 25.359191 ], [ -101.007025, 25.365439 ], [ -101.010677, 25.36914 ], [ -101.01241, 25.371222 ], [ -101.013635, 25.371949 ], [ -101.011899, 25.375619 ], [ -101.010371, 25.374685 ], [ -101.009135, 25.374074 ] ] ] } },
{ "type": "Feature", "properties": { "CVEGEO": "0503000015376", "NOM_MUN": "Saltillo", "COLONIA": "MORELOS", "POBTOT": 4183.0, "TVIVHAB": 1090.0, "PCT_ELECTRICIDAD": 99.816513761467888, "PCT_AGUA": 99.357798165137609, "PCT_DRENAJE": 99.633027522935777, "PCT_INTERNET": 64.403669724770637, "SERVICIOS_INDEX": 90.802752293577967, "MOTIVO_SIN_DATO": null }, "geometry": { "type": "Polygon", "coordinates": [ [ [ -100.940303, 25.402654 ], [ -100.939724, 25.400859 ], [ -100.937901, 25.401329 ], [ -100.936789, 25.400688 ], [ -100.936689, 25.400379 ], [ -100.935977, 25.39965 ], [ -100.935564, 25.397513 ], [ -100.936007, 25.396953 ], [ -100.935948, 25.395218 ], [ -100.939181, 25.394219 ], [ -100.940339, 25.393746 ], [ -100.941208, 25.393288 ], [ -100.941865, 25.395291 ], [ -100.942302, 25.395174 ], [ -100.942479, 25.395708 ], [ -100.942847, 25.395791 ], [ -100.944438, 25.400602 ], [ -100.943694, 25.400807 ], [ -100.943962, 25.401636 ], [ -100.940303, 25.402654 ] ] ] } },
{ "type": "Feature", "properties": { "CVEGEO": "0503000015431", "NOM_MUN": "Saltillo", "COLONIA": "BALCONES DE MORELOS", "POBTOT": 3413.0, "TVIVHAB": 962.0, "PCT_ELECTRICIDAD": 99.688149688149679, "PCT_AGUA": 99.584199584199581, "PCT_DRENAJE": 99.792099792099805, "PCT_INTERNET": 85.966735966735968, "SERVICIOS_INDEX": 96.257796257796258, "MOTIVO_SIN_DATO": null }, "geometry": { "type": "Polygon", "coordinates": [ [ [ -100.94377, 25.42112 ], [ -100.941668, 25.421625 ], [ -100.941609, 25.421421 ], [ -100.940348, 25.421754 ], [ -100.939121, 25.417959 ], [ -100.940511, 25.417709 ], [ -100.940361, 25.416988 ], [ -100.944401, 25.415924 ], [ -100.946142, 25.421211 ], [ -100.943974, 25.421815 ], [ -100.94377, 25.42112 ] ] ] } },
{ "type": "Feature", "properties": { "CVEGEO": "0503000011301", "NOM_MUN": "Saltillo", "COLONIA": "SANTA FE", "POBTOT": 5723.0, "TVIVHAB": 1665.0, "PCT_ELECTRICIDAD": 99.75975975975976, "PCT_AGUA": 99.75975975975976, "PCT_DRENAJE": 99.819819819819827, "PCT_INTERNET": 90.210210210210207, "SERVICIOS_INDEX": 97.387387387387392, "MOTIVO_SIN_DATO": null }, "geometry": { "type": "Polygon", "coordinates": [ [ [ -101.004343, 25.467173 ], [ -101.004306, 25.466384 ], [ -101.004526, 25.465604 ], [ -101.004451, 25.464525 ], [ -101.004609, 25.464347 ], [ -101.005002, 25.46429 ], [ -101.005391, 25.464052 ], [ -101.005773, 25.463638 ], [ -101.006375, 25.462708 ], [ -101.00668, 25.461718 ], [ -101.007008, 25.461161 ], [ -101.00737, 25.460149 ], [ -101.007093, 25.459042 ], [ -101.007498, 25.45847 ], [ -101.007397, 25.457129 ], [ -101.007534, 25.456744 ], [ -101.008101, 25.456307 ], [ -101.008044, 25.456043 ], [ -101.00715, 25.454985 ], [ -101.007144, 25.454449 ], [ -101.00727, 25.454211 ], [ -101.012643, 25.45629 ], [ -101.01331, 25.456488 ], [ -101.012862, 25.457964 ], [ -101.01657, 25.46101 ], [ -101.016664, 25.461561 ], [ -101.016197, 25.461625 ], [ -101.016648, 25.46431 ], [ -101.016273, 25.464385 ], [ -101.016084, 25.463577 ], [ -101.015185, 25.463761 ], [ -101.015166, 25.463906 ], [ -101.014369, 25.463474 ], [ -101.014168, 25.463861 ], [ -101.012831, 25.4631 ], [ -101.011895, 25.464544 ], [ -101.011656, 25.463908 ], [ -101.011297, 25.463477 ], [ -101.010527, 25.46325 ], [ -101.008909, 25.468433 ], [ -101.006859, 25.466792 ], [ -101.00488, 25.465952 ], [ -101.004498, 25.467039 ], [ -101.004343, 25.467173 ] ] ] } },
{ "type": "Feature", "properties": { "CVEGEO": "0503000014151", "NOM_MUN": "Saltillo", "COLONIA": "RESIDENCIAL REAL DEL SOL", "POBTOT": 10007.0, "TVIVHAB": 2731.0, "PCT_ELECTRICIDAD": 99.963383376052732, "PCT_AGUA": 99.853533504210915, "PCT_DRENAJE": 99.963383376052732, "PCT_INTERNET": 74.478213108751362, "SERVICIOS_INDEX": 93.564628341266939, "MOTIVO_SIN_DATO": null }, "geometry": { "type": "Polygon", "coordinates": [ [ [ -100.912074, 25.428692 ], [ -100.910648, 25.424186 ], [ -100.91204, 25.423828 ], [ -100.91639, 25.422953 ], [ -100.91822, 25.422439 ], [ -100.91922, 25.425789 ], [ -100.919946, 25.425741 ], [ -100.925967, 25.424145 ], [ -100.928813, 25.432961 ], [ -100.916476, 25.434978 ], [ -100.915993, 25.434406 ], [ -100.915646, 25.433808 ], [ -100.915398, 25.433029 ], [ -100.91515, 25.432538 ], [ -100.914322, 25.43197 ], [ -100.913449, 25.431807 ], [ -100.913253, 25.431539 ], [ -100.912873, 25.430694 ], [ -100.912359, 25.42908 ], [ -100.912074, 25.428692 ] ] ] } },
{ "type": "Feature", "properties": { "CVEGEO": "050300001586A", "NOM_MUN": "Saltillo", "COLONIA": "COLINAS DE SANTIAGO", "POBTOT": 1070.0, "TVIVHAB": 301.0, "PCT_ELECTRICIDAD": 100.0, "PCT_AGUA": 100.0, "PCT_DRENAJE": 100.0, "PCT_INTERNET": 66.112956810631232, "SERVICIOS_INDEX": 91.528239202657801, "MOTIVO_SIN_DATO": null }, "geometry": { "type": "Polygon", "coordinates": [ [ [ -100.910648, 25.424186 ], [ -100.909427, 25.420371 ], [ -100.910351, 25.420139 ], [ -100.910536, 25.42075 ], [ -100.911021, 25.420623 ], [ -100.91204, 25.423828 ], [ -100.910648, 25.424186 ] ] ] } },
{ "type": "Feature", "properties": { "CVEGEO": "0503000015094", "NOM_MUN": "Saltillo", "COLONIA": "LAS TERESITAS", "POBTOT": 4907.0, "TVIVHAB": 1241.0, "PCT_ELECTRICIDAD": 100.0, "PCT_AGUA": 99.597099113618043, "PCT_DRENAJE": 100.0, "PCT_INTERNET": 67.767929089443996, "SERVICIOS_INDEX": 91.841257050765506, "MOTIVO_SIN_DATO": null }, "geometry": { "type": "Polygon", "coordinates": [ [ [ -101.014876, 25.367062 ], [ -101.005782, 25.357967 ], [ -101.006453, 25.357415 ], [ -101.008808, 25.359792 ], [ -101.009033, 25.3596 ], [ -101.008511, 25.358909 ], [ -101.010191, 25.357559 ], [ -101.014556, 25.363249 ], [ -101.014901, 25.363568 ], [ -101.015496, 25.364441 ], [ -101.016544, 25.365482 ], [ -101.015075, 25.368691 ], [ -101.014876, 25.367062 ] ] ] } },
{ "type": "Feature", "properties": { "CVEGEO": "0503000015253", "NOM_MUN": "Saltillo", "COLONIA": "AMISTAD", "POBTOT": 1181.0, "TVIVHAB": 296.0, "PCT_ELECTRICIDAD": 98.986486486486484, "PCT_AGUA": 97.297297297297305, "PCT_DRENAJE": 98.648648648648646, "PCT_INTERNET": 51.689189189189186, "SERVICIOS_INDEX": 86.655405405405403, "MOTIVO_SIN_DATO": null }, "geometry": { "type": "Polygon", "coordinates": [ [ [ -100.932403, 25.396509 ], [ -100.932047, 25.395174 ], [ -100.931589, 25.394095 ], [ -100.932248, 25.393886 ], [ -100.932193, 25.393734 ], [ -100.932653, 25.39357 ], [ -100.933638, 25.395945 ], [ -100.935948, 25.395218 ], [ -100.936007, 25.396953 ], [ -100.935564, 25.397513 ], [ -100.935977, 25.39965 ], [ -100.936689, 25.400379 ], [ -100.936789, 25.400688 ], [ -100.937901, 25.401329 ], [ -100.935713, 25.402014 ], [ -100.936925, 25.405469 ], [ -100.935144, 25.405924 ], [ -100.932168, 25.396595 ], [ -100.932403, 25.396509 ] ] ] } },
{ "type": "Feature", "properties": { "CVEGEO": "050300001440A", "NOM_MUN": "Saltillo", "COLONIA": "EL ÁLAMO", "POBTOT": 6702.0, "TVIVHAB": 1613.0, "PCT_ELECTRICIDAD": 99.876007439553632, "PCT_AGUA": 99.690018598884066, "PCT_DRENAJE": 99.690018598884066, "PCT_INTERNET": 61.996280223186609, "SERVICIOS_INDEX": 90.313081215127099, "MOTIVO_SIN_DATO": null }, "geometry": { "type": "Polygon", "coordinates": [ [ [ -101.032467, 25.39223 ], [ -101.032433, 25.391226 ], [ -101.032704, 25.390936 ], [ -101.025047, 25.381379 ], [ -101.026713, 25.377913 ], [ -101.027726, 25.375987 ], [ -101.028193, 25.376443 ], [ -101.028292, 25.376698 ], [ -101.028205, 25.377234 ], [ -101.028275, 25.37747 ], [ -101.028542, 25.377622 ], [ -101.028788, 25.378108 ], [ -101.029362, 25.378468 ], [ -101.029204, 25.379237 ], [ -101.029379, 25.37961 ], [ -101.029505, 25.379682 ], [ -101.030215, 25.379564 ], [ -101.030471, 25.380049 ], [ -101.031066, 25.380064 ], [ -101.031286, 25.380236 ], [ -101.031284, 25.380371 ], [ -101.031188, 25.380459 ], [ -101.03085, 25.38059 ], [ -101.030854, 25.380728 ], [ -101.032086, 25.381005 ], [ -101.032387, 25.381286 ], [ -101.03233, 25.381411 ], [ -101.03219, 25.381459 ], [ -101.031899, 25.381508 ], [ -101.031608, 25.381453 ], [ -101.031239, 25.381621 ], [ -101.031093, 25.381872 ], [ -101.031146, 25.382419 ], [ -101.031492, 25.383163 ], [ -101.031617, 25.383668 ], [ -101.031863, 25.383819 ], [ -101.032426, 25.383886 ], [ -101.032505, 25.384001 ], [ -101.032456, 25.384268 ], [ -101.032515, 25.384529 ], [ -101.033121, 25.385459 ], [ -101.033314, 25.385649 ], [ -101.034104, 25.386068 ], [ -101.034172, 25.386213 ], [ -101.034128, 25.386503 ], [ -101.033718, 25.387089 ], [ -101.033915, 25.387123 ], [ -101.03405, 25.387365 ], [ -101.033964, 25.387825 ], [ -101.034188, 25.388624 ], [ -101.03416, 25.388078 ], [ -101.034302, 25.387783 ], [ -101.035548, 25.387476 ], [ -101.036003, 25.38723 ], [ -101.036185, 25.386927 ], [ -101.036421, 25.387483 ], [ -101.036818, 25.38787 ], [ -101.036488, 25.38891 ], [ -101.036173, 25.389263 ], [ -101.035038, 25.390086 ], [ -101.032467, 25.39223 ] ] ] } },
{ "type": "Feature", "properties": { "CVEGEO": "0503000014950", "NOM_MUN": "Saltillo", "COLONIA": "LOMA LINDA", "POBTOT": 3924.0, "TVIVHAB": 1054.0, "PCT_ELECTRICIDAD": 99.525616698292225, "PCT_AGUA": 98.102466793168887, "PCT_DRENAJE": 99.81024667931689, "PCT_INTERNET": 59.487666034155595, "SERVICIOS_INDEX": 89.231499051233399, "MOTIVO_SIN_DATO": null }, "geometry": { "type": "Polygon", "coordinates": [ [ [ -100.908653, 25.418782 ], [ -100.909035, 25.419134 ], [ -100.912074, 25.428692 ], [ -100.912359, 25.42908 ], [ -100.912873, 25.430694 ], [ -100.913253, 25.431539 ], [ -100.913449, 25.431807 ], [ -100.914322, 25.43197 ], [ -100.91515, 25.432538 ], [ -100.915398, 25.433029 ], [ -100.915646, 25.433808 ], [ -100.915993, 25.434406 ], [ -100.916476, 25.434978 ], [ -100.912416, 25.435691 ], [ -100.910179, 25.429263 ], [ -100.91024, 25.429146 ], [ -100.906815, 25.419328 ], [ -100.908653, 25.418782 ] ] ] } },
{ "type": "Feature", "properties": { "CVEGEO": "0503000015855", "NOM_MUN": "Saltillo", "COLONIA": "COLINAS DE SANTIAGO", "POBTOT": 3386.0, "TVIVHAB": 984.0, "PCT_ELECTRICIDAD": 100.0, "PCT_AGUA": 99.898373983739845, "PCT_DRENAJE": 100.0, "PCT_INTERNET": 38.617886178861788, "SERVICIOS_INDEX": 84.629065040650403, "MOTIVO_SIN_DATO": null }, "geometry": { "type": "Polygon", "coordinates": [ [ [ -100.90446, 25.406398 ], [ -100.906365, 25.40577 ], [ -100.909781, 25.41649 ], [ -100.910693, 25.41958 ], [ -100.90893, 25.418733 ], [ -100.908764, 25.418604 ], [ -100.908464, 25.418063 ], [ -100.908219, 25.417931 ], [ -100.908286, 25.416831 ], [ -100.906465, 25.411129 ], [ -100.906338, 25.410853 ], [ -100.905656, 25.409997 ], [ -100.905436, 25.408291 ], [ -100.90446, 25.406398 ] ] ] } },
{ "type": "Feature", "properties": { "CVEGEO": "0503000013153", "NOM_MUN": "Saltillo", "COLONIA": "HACIENDA NARRO", "POBTOT": 7411.0, "TVIVHAB": 2145.0, "PCT_ELECTRICIDAD": 99.673659673659671, "PCT_AGUA": 99.44055944055944, "PCT_DRENAJE": 99.300699300699307, "PCT_INTERNET": 43.123543123543122, "SERVICIOS_INDEX": 85.384615384615387, "MOTIVO_SIN_DATO": null }, "geometry": { "type": "Polygon", "coordinates": [ [ [ -101.029362, 25.378468 ], [ -101.028788, 25.378108 ], [ -101.028542, 25.377622 ], [ -101.028275, 25.37747 ], [ -101.028205, 25.377234 ], [ -101.028292, 25.376698 ], [ -101.028193, 25.376443 ], [ -101.027726, 25.375987 ], [ -101.02851, 25.374274 ], [ -101.029304, 25.368175 ], [ -101.029303, 25.367591 ], [ -101.028717, 25.366113 ], [ -101.028675, 25.365645 ], [ -101.028789, 25.36495 ], [ -101.031208, 25.358137 ], [ -101.031281, 25.358124 ], [ -101.040506, 25.361921 ], [ -101.038601, 25.366935 ], [ -101.037136, 25.36959 ], [ -101.036987, 25.370111 ], [ -101.037002, 25.371089 ], [ -101.038144, 25.374657 ], [ -101.038502, 25.376039 ], [ -101.038132, 25.379437 ], [ -101.037777, 25.381748 ], [ -101.036783, 25.38523 ], [ -101.037028, 25.386783 ], [ -101.036818, 25.38787 ], [ -101.036421, 25.387483 ], [ -101.036185, 25.386927 ], [ -101.036003, 25.38723 ], [ -101.035548, 25.387476 ], [ -101.034302, 25.387783 ], [ -101.03416, 25.388078 ], [ -101.034188, 25.388624 ], [ -101.033964, 25.387825 ], [ -101.03405, 25.387365 ], [ -101.033915, 25.387123 ], [ -101.033718, 25.387089 ], [ -101.034128, 25.386503 ], [ -101.034172, 25.386213 ], [ -101.034104, 25.386068 ], [ -101.033314, 25.385649 ], [ -101.033121, 25.385459 ], [ -101.032515, 25.384529 ], [ -101.032456, 25.384268 ], [ -101.032505, 25.384001 ], [ -101.032426, 25.383886 ], [ -101.031863, 25.383819 ], [ -101.031617, 25.383668 ], [ -101.031492, 25.383163 ], [ -101.031146, 25.382419 ], [ -101.031093, 25.381872 ], [ -101.031239, 25.381621 ], [ -101.031608, 25.381453 ], [ -101.031899, 25.381508 ], [ -101.03219, 25.381459 ], [ -101.03233, 25.381411 ], [ -101.032387, 25.381286 ], [ -101.032086, 25.381005 ], [ -101.030854, 25.380728 ], [ -101.03085, 25.38059 ], [ -101.031188, 25.380459 ], [ -101.031284, 25.380371 ], [ -101.031286, 25.380236 ], [ -101.031066, 25.380064 ], [ -101.030471, 25.380049 ], [ -101.030215, 25.379564 ], [ -101.029505, 25.379682 ], [ -101.029379, 25.37961 ], [ -101.029204, 25.379237 ], [ -101.029362, 25.378468 ] ] ] } },
{ "type": "Feature", "properties": { "CVEGEO": "0503000015319", "NOM_MUN": "Saltillo", "COLONIA": "SAN NICOLÁS DE LOS BERROS", "POBTOT": 1281.0, "TVIVHAB": 405.0, "PCT_ELECTRICIDAD": 100.0, "PCT_AGUA": 99.012345679012341, "PCT_DRENAJE": 99.259259259259252, "PCT_INTERNET": 56.296296296296298, "SERVICIOS_INDEX": 88.641975308641975, "MOTIVO_SIN_DATO": null }, "geometry": { "type": "Polygon", "coordinates": [ [ [ -101.033506, 25.39964 ], [ -101.032512, 25.398035 ], [ -101.032348, 25.397244 ], [ -101.033466, 25.395804 ], [ -101.033581, 25.395568 ], [ -101.033645, 25.394602 ], [ -101.034046, 25.393838 ], [ -101.03393, 25.39333 ], [ -101.032643, 25.392062 ], [ -101.035038, 25.390086 ], [ -101.036173, 25.389263 ], [ -101.036488, 25.38891 ], [ -101.036818, 25.38787 ], [ -101.036922, 25.387982 ], [ -101.037038, 25.388372 ], [ -101.037023, 25.389052 ], [ -101.037166, 25.390214 ], [ -101.035868, 25.392138 ], [ -101.035424, 25.392957 ], [ -101.035378, 25.393248 ], [ -101.03538, 25.393647 ], [ -101.035657, 25.394362 ], [ -101.036485, 25.395199 ], [ -101.036715, 25.395674 ], [ -101.036639, 25.399683 ], [ -101.03536, 25.399453 ], [ -101.034778, 25.399422 ], [ -101.033506, 25.39964 ] ] ] } },
{ "type": "Feature", "properties": { "CVEGEO": "0503000010021", "NOM_MUN": "Saltillo", "COLONIA": "SUR ORIENTE", "POBTOT": 80.0, "TVIVHAB": 17.0, "PCT_ELECTRICIDAD": 100.0, "PCT_AGUA": 64.705882352941174, "PCT_DRENAJE": 100.0, "PCT_INTERNET": null, "SERVICIOS_INDEX": 88.235294117647058, "MOTIVO_SIN_DATO": null }, "geometry": { "type": "Polygon", "coordinates": [ [ [ -100.976335, 25.398028 ], [ -100.977219, 25.398183 ], [ -100.977206, 25.398581 ], [ -100.977017, 25.398516 ], [ -100.976225, 25.398602 ], [ -100.975696, 25.399625 ], [ -100.975262, 25.399838 ], [ -100.975034, 25.400119 ], [ -100.974841, 25.400202 ], [ -100.974546, 25.400158 ], [ -100.974299, 25.39994 ], [ -100.973596, 25.398971 ], [ -100.973403, 25.398506 ], [ -100.972963, 25.398351 ], [ -100.972148, 25.397328 ], [ -100.971451, 25.39681 ], [ -100.971735, 25.396805 ], [ -100.971756, 25.395719 ], [ -100.972051, 25.395695 ], [ -100.972067, 25.396 ], [ -100.973194, 25.395792 ], [ -100.973221, 25.396635 ], [ -100.973918, 25.396688 ], [ -100.973913, 25.395579 ], [ -100.973993, 25.395579 ], [ -100.974519, 25.396252 ], [ -100.975077, 25.396751 ], [ -100.975334, 25.396882 ], [ -100.976194, 25.397001 ], [ -100.976335, 25.398028 ] ] ] } },
{ "type": "Feature", "properties": { "CVEGEO": "050300001390A", "NOM_MUN": "Saltillo", "COLONIA": "NUEVA IMAGEN", "POBTOT": 2776.0, "TVIVHAB": 688.0, "PCT_ELECTRICIDAD": 99.127906976744185, "PCT_AGUA": 98.110465116279073, "PCT_DRENAJE": 98.691860465116278, "PCT_INTERNET": 50.581395348837212, "SERVICIOS_INDEX": 86.627906976744185, "MOTIVO_SIN_DATO": null }, "geometry": { "type": "Polygon", "coordinates": [ [ [ -100.95478, 25.395191 ], [ -100.955066, 25.393952 ], [ -100.955192, 25.393012 ], [ -100.955338, 25.392776 ], [ -100.955775, 25.392702 ], [ -100.955945, 25.392489 ], [ -100.955705, 25.391856 ], [ -100.955731, 25.391459 ], [ -100.955498, 25.390873 ], [ -100.95551, 25.390602 ], [ -100.955736, 25.390105 ], [ -100.955783, 25.389566 ], [ -100.958855, 25.390086 ], [ -100.959144, 25.388647 ], [ -100.959237, 25.38925 ], [ -100.961538, 25.388969 ], [ -100.961744, 25.389091 ], [ -100.961977, 25.389589 ], [ -100.962001, 25.389993 ], [ -100.962403, 25.390381 ], [ -100.962424, 25.390515 ], [ -100.962433, 25.390785 ], [ -100.962307, 25.391031 ], [ -100.962334, 25.391706 ], [ -100.962246, 25.392241 ], [ -100.962391, 25.392624 ], [ -100.96232, 25.393156 ], [ -100.962385, 25.393549 ], [ -100.962295, 25.393808 ], [ -100.961593, 25.394831 ], [ -100.961574, 25.394966 ], [ -100.962096, 25.396468 ], [ -100.961734, 25.396269 ], [ -100.961083, 25.395631 ], [ -100.960888, 25.396133 ], [ -100.961066, 25.396963 ], [ -100.958519, 25.397384 ], [ -100.958074, 25.395163 ], [ -100.957312, 25.395129 ], [ -100.957389, 25.395595 ], [ -100.956886, 25.395654 ], [ -100.956874, 25.395582 ], [ -100.956322, 25.395641 ], [ -100.956075, 25.394848 ], [ -100.95478, 25.395191 ] ] ] } },
{ "type": "Feature", "properties": { "CVEGEO": "0503000013878", "NOM_MUN": "Saltillo", "COLONIA": "LAS MISIONES RESIDENCIAL", "POBTOT": 1641.0, "TVIVHAB": 514.0, "PCT_ELECTRICIDAD": 99.805447470817114, "PCT_AGUA": 99.221789883268485, "PCT_DRENAJE": 99.805447470817114, "PCT_INTERNET": 96.108949416342412, "SERVICIOS_INDEX": 98.735408560311271, "MOTIVO_SIN_DATO": null }, "geometry": { "type": "Polygon", "coordinates": [ [ [ -100.922662, 25.485701 ], [ -100.927448, 25.476105 ], [ -100.928725, 25.473351 ], [ -100.930474, 25.475802 ], [ -100.9305, 25.476011 ], [ -100.934935, 25.477613 ], [ -100.935318, 25.477923 ], [ -100.936177, 25.478942 ], [ -100.936392, 25.479118 ], [ -100.937013, 25.479396 ], [ -100.937657, 25.479625 ], [ -100.941158, 25.480333 ], [ -100.938585, 25.484244 ], [ -100.937673, 25.48607 ], [ -100.93716, 25.486896 ], [ -100.936675, 25.48885 ], [ -100.935654, 25.488566 ], [ -100.922662, 25.485701 ] ] ] } },
{ "type": "Feature", "properties": { "CVEGEO": "0503000014823", "NOM_MUN": "Saltillo", "COLONIA": "OMEGA", "POBTOT": 4373.0, "TVIVHAB": 1101.0, "PCT_ELECTRICIDAD": 99.54586739327884, "PCT_AGUA": 99.182561307901906, "PCT_DRENAJE": 99.54586739327884, "PCT_INTERNET": 59.128065395095362, "SERVICIOS_INDEX": 89.350590372388737, "MOTIVO_SIN_DATO": null }, "geometry": { "type": "Polygon", "coordinates": [ [ [ -100.991395, 25.477643 ], [ -100.996076, 25.466944 ], [ -100.999165, 25.468475 ], [ -100.99994, 25.466693 ], [ -101.001759, 25.467583 ], [ -101.00161, 25.468027 ], [ -101.00178, 25.468108 ], [ -101.002698, 25.467961 ], [ -101.003419, 25.46825 ], [ -101.002939, 25.468692 ], [ -101.002869, 25.469093 ], [ -101.002887, 25.470039 ], [ -101.002814, 25.470302 ], [ -101.002615, 25.470658 ], [ -101.001874, 25.471499 ], [ -101.001919, 25.472714 ], [ -101.001014, 25.473764 ], [ -101.000697, 25.475355 ], [ -101.000157, 25.47585 ], [ -100.999978, 25.476142 ], [ -100.999397, 25.476409 ], [ -100.99898, 25.477124 ], [ -100.998513, 25.477392 ], [ -100.998374, 25.477836 ], [ -100.99796, 25.477695 ], [ -100.99792, 25.477765 ], [ -100.997434, 25.477485 ], [ -100.997509, 25.477379 ], [ -100.996677, 25.477163 ], [ -100.992833, 25.477757 ], [ -100.992541, 25.478458 ], [ -100.991413, 25.477763 ], [ -100.991395, 25.477643 ] ] ] } },
{ "type": "Feature", "properties": { "CVEGEO": "0503000015249", "NOM_MUN": "Saltillo", "COLONIA": "AMPLIACIÓN NIÑOS HÉROES", "POBTOT": 255.0, "TVIVHAB": 67.0, "PCT_ELECTRICIDAD": 98.507462686567166, "PCT_AGUA": 80.597014925373131, "PCT_DRENAJE": 97.014925373134332, "PCT_INTERNET": 28.35820895522388, "SERVICIOS_INDEX": 76.119402985074629, "MOTIVO_SIN_DATO": null }, "geometry": { "type": "Polygon", "coordinates": [ [ [ -101.001128, 25.351968 ], [ -100.999897, 25.350736 ], [ -101.000043, 25.350609 ], [ -100.999803, 25.350374 ], [ -101.000521, 25.349726 ], [ -100.999914, 25.34905 ], [ -101.000349, 25.348835 ], [ -101.00079, 25.348768 ], [ -101.000922, 25.348688 ], [ -101.000863, 25.348625 ], [ -101.001085, 25.348658 ], [ -101.002006, 25.349104 ], [ -101.002653, 25.349141 ], [ -101.003188, 25.349418 ], [ -101.004289, 25.34935 ], [ -101.001128, 25.351968 ] ] ] } },
{ "type": "Feature", "properties": { "CVEGEO": "0503000012460", "NOM_MUN": "Saltillo", "COLONIA": "CONQUISTADORES", "POBTOT": 1793.0, "TVIVHAB": 529.0, "PCT_ELECTRICIDAD": 99.621928166351609, "PCT_AGUA": 99.621928166351609, "PCT_DRENAJE": 99.432892249527399, "PCT_INTERNET": 80.718336483931949, "SERVICIOS_INDEX": 94.848771266540638, "MOTIVO_SIN_DATO": null }, "geometry": { "type": "Polygon", "coordinates": [ [ [ -100.955643, 25.41909 ], [ -100.95689, 25.422884 ], [ -100.95633, 25.423053 ], [ -100.956609, 25.424224 ], [ -100.956488, 25.424323 ], [ -100.954474, 25.424852 ], [ -100.954442, 25.424752 ], [ -100.953657, 25.42497 ], [ -100.951932, 25.419663 ], [ -100.952723, 25.419456 ], [ -100.952851, 25.419855 ], [ -100.955643, 25.41909 ] ] ] } },
{ "type": "Feature", "properties": { "CVEGEO": "0503000015520", "NOM_MUN": "Saltillo", "COLONIA": "HACIENDA LAS ISABELES", "POBTOT": 4995.0, "TVIVHAB": 1327.0, "PCT_ELECTRICIDAD": 99.924642049736249, "PCT_AGUA": 98.71891484551621, "PCT_DRENAJE": 99.095704596834963, "PCT_INTERNET": 62.094951017332335, "SERVICIOS_INDEX": 89.958553127354932, "MOTIVO_SIN_DATO": null }, "geometry": { "type": "Polygon", "coordinates": [ [ [ -101.011809, 25.359637 ], [ -101.013533, 25.358347 ], [ -101.012338, 25.356847 ], [ -101.012365, 25.356303 ], [ -101.012921, 25.355819 ], [ -101.01288, 25.355322 ], [ -101.012908, 25.35524 ], [ -101.013146, 25.355148 ], [ -101.013456, 25.355228 ], [ -101.014135, 25.355588 ], [ -101.01442, 25.35585 ], [ -101.014502, 25.356108 ], [ -101.015124, 25.356467 ], [ -101.015991, 25.356621 ], [ -101.016125, 25.356855 ], [ -101.016059, 25.357059 ], [ -101.017465, 25.355716 ], [ -101.019572, 25.357515 ], [ -101.020081, 25.357769 ], [ -101.016544, 25.365482 ], [ -101.015496, 25.364441 ], [ -101.014901, 25.363568 ], [ -101.014556, 25.363249 ], [ -101.011809, 25.359637 ] ] ] } },
{ "type": "Feature", "properties": { "CVEGEO": "0503000012672", "NOM_MUN": "Saltillo", "COLONIA": "UNIVERSIDAD PUEBLO", "POBTOT": 4208.0, "TVIVHAB": 1018.0, "PCT_ELECTRICIDAD": 99.803536345776038, "PCT_AGUA": 99.508840864440074, "PCT_DRENAJE": 99.70530451866405, "PCT_INTERNET": 47.347740667976424, "SERVICIOS_INDEX": 86.591355599214154, "MOTIVO_SIN_DATO": null }, "geometry": { "type": "Polygon", "coordinates": [ [ [ -100.966209, 25.402825 ], [ -100.964613, 25.401417 ], [ -100.964478, 25.400216 ], [ -100.964327, 25.399982 ], [ -100.964241, 25.399587 ], [ -100.963656, 25.398807 ], [ -100.963632, 25.39827 ], [ -100.963508, 25.398024 ], [ -100.963313, 25.397822 ], [ -100.962942, 25.397645 ], [ -100.96252, 25.397227 ], [ -100.962096, 25.396468 ], [ -100.962501, 25.396668 ], [ -100.964605, 25.398574 ], [ -100.965508, 25.399123 ], [ -100.967674, 25.399896 ], [ -100.967989, 25.400099 ], [ -100.970488, 25.402321 ], [ -100.972888, 25.403835 ], [ -100.971825, 25.405749 ], [ -100.970457, 25.405054 ], [ -100.971034, 25.404017 ], [ -100.970342, 25.403704 ], [ -100.970008, 25.404288 ], [ -100.969289, 25.405117 ], [ -100.968758, 25.405921 ], [ -100.96814, 25.405494 ], [ -100.967754, 25.405082 ], [ -100.967524, 25.404446 ], [ -100.966499, 25.40296 ], [ -100.966209, 25.402825 ] ] ] } },
{ "type": "Feature", "properties": { "CVEGEO": "0503000013172", "NOM_MUN": "Saltillo", "COLONIA": "RESIDENCIAL COUNTRY CLUB", "POBTOT": 1296.0, "TVIVHAB": 409.0, "PCT_ELECTRICIDAD": 100.0, "PCT_AGUA": 100.0, "PCT_DRENAJE": 99.755501222493891, "PCT_INTERNET": 98.777506112469439, "SERVICIOS_INDEX": 99.633251833740829, "MOTIVO_SIN_DATO": null }, "geometry": { "type": "Polygon", "coordinates": [ [ [ -100.954211, 25.500551 ], [ -100.953407, 25.499724 ], [ -100.951988, 25.500714 ], [ -100.951278, 25.500171 ], [ -100.948463, 25.501176 ], [ -100.947021, 25.500244 ], [ -100.946336, 25.501534 ], [ -100.945859, 25.501258 ], [ -100.945708, 25.500483 ], [ -100.945391, 25.499763 ], [ -100.945421, 25.499321 ], [ -100.94567, 25.498656 ], [ -100.945804, 25.497184 ], [ -100.944156, 25.495513 ], [ -100.945463, 25.49432 ], [ -100.946306, 25.494953 ], [ -100.946319, 25.494081 ], [ -100.946115, 25.493701 ], [ -100.945796, 25.493381 ], [ -100.946976, 25.492413 ], [ -100.944615, 25.490491 ], [ -100.944328, 25.490299 ], [ -100.944042, 25.490346 ], [ -100.943924, 25.490273 ], [ -100.943675, 25.489467 ], [ -100.945318, 25.489241 ], [ -100.946196, 25.489559 ], [ -100.946902, 25.489599 ], [ -100.94684, 25.489452 ], [ -100.946919, 25.489431 ], [ -100.946969, 25.489551 ], [ -100.947396, 25.489475 ], [ -100.947657, 25.489731 ], [ -100.94866, 25.488729 ], [ -100.94971, 25.490212 ], [ -100.948829, 25.492972 ], [ -100.950146, 25.493324 ], [ -100.950489, 25.492915 ], [ -100.949775, 25.492611 ], [ -100.949698, 25.492476 ], [ -100.949843, 25.491769 ], [ -100.95042, 25.490096 ], [ -100.951001, 25.488973 ], [ -100.953681, 25.487723 ], [ -100.955614, 25.486998 ], [ -100.956234, 25.488229 ], [ -100.956977, 25.489148 ], [ -100.958089, 25.492135 ], [ -100.9583, 25.492304 ], [ -100.95849, 25.492657 ], [ -100.958256, 25.494397 ], [ -100.958276, 25.495072 ], [ -100.95854, 25.495701 ], [ -100.9588, 25.496031 ], [ -100.959352, 25.496486 ], [ -100.959578, 25.496983 ], [ -100.959641, 25.498062 ], [ -100.959487, 25.498995 ], [ -100.959784, 25.50004 ], [ -100.960085, 25.50069 ], [ -100.96029, 25.500877 ], [ -100.960666, 25.501096 ], [ -100.961359, 25.501321 ], [ -100.961387, 25.501454 ], [ -100.961238, 25.501699 ], [ -100.961297, 25.502119 ], [ -100.96159, 25.502283 ], [ -100.96128, 25.502777 ], [ -100.960626, 25.502133 ], [ -100.960326, 25.501982 ], [ -100.95855, 25.501895 ], [ -100.956915, 25.502061 ], [ -100.956407, 25.502012 ], [ -100.955376, 25.501505 ], [ -100.954211, 25.500551 ] ] ] } },
{ "type": "Feature", "properties": { "CVEGEO": "0503000011227", "NOM_MUN": "Saltillo", "COLONIA": "HABITA", "POBTOT": 2461.0, "TVIVHAB": 782.0, "PCT_ELECTRICIDAD": 100.0, "PCT_AGUA": 99.872122762148337, "PCT_DRENAJE": 100.0, "PCT_INTERNET": 91.304347826086953, "SERVICIOS_INDEX": 97.794117647058826, "MOTIVO_SIN_DATO": null }, "geometry": { "type": "Polygon", "coordinates": [ [ [ -100.95849, 25.492657 ], [ -100.958554, 25.49117 ], [ -100.958905, 25.489997 ], [ -100.959424, 25.489336 ], [ -100.959652, 25.489161 ], [ -100.960309, 25.488851 ], [ -100.9609, 25.488803 ], [ -100.96142, 25.488538 ], [ -100.961873, 25.487845 ], [ -100.962361, 25.487337 ], [ -100.96238, 25.487203 ], [ -100.962187, 25.486846 ], [ -100.961615, 25.486222 ], [ -100.961183, 25.485512 ], [ -100.960966, 25.485027 ], [ -100.960928, 25.484623 ], [ -100.96108, 25.484113 ], [ -100.960681, 25.483735 ], [ -100.960855, 25.483373 ], [ -100.962007, 25.482521 ], [ -100.962884, 25.481133 ], [ -100.963626, 25.480477 ], [ -100.963575, 25.480211 ], [ -100.963375, 25.480011 ], [ -100.963321, 25.479613 ], [ -100.96347, 25.479381 ], [ -100.963726, 25.479243 ], [ -100.963794, 25.479122 ], [ -100.963739, 25.478689 ], [ -100.96401, 25.478536 ], [ -100.964336, 25.477929 ], [ -100.964279, 25.477529 ], [ -100.963907, 25.476648 ], [ -100.963938, 25.475431 ], [ -100.964001, 25.475166 ], [ -100.964281, 25.474691 ], [ -100.964658, 25.474289 ], [ -100.965456, 25.473595 ], [ -100.966827, 25.473858 ], [ -100.969957, 25.47554 ], [ -100.970407, 25.475717 ], [ -100.973046, 25.476102 ], [ -100.973699, 25.476351 ], [ -100.97492, 25.477048 ], [ -100.969194, 25.489214 ], [ -100.96579, 25.49584 ], [ -100.964773, 25.497293 ], [ -100.964278, 25.498176 ], [ -100.96159, 25.502283 ], [ -100.961297, 25.502119 ], [ -100.961238, 25.501699 ], [ -100.961387, 25.501454 ], [ -100.961359, 25.501321 ], [ -100.960666, 25.501096 ], [ -100.960085, 25.50069 ], [ -100.959596, 25.499526 ], [ -100.959483, 25.49886 ], [ -100.959641, 25.498062 ], [ -100.959578, 25.496983 ], [ -100.959352, 25.496486 ], [ -100.9588, 25.496031 ], [ -100.95854, 25.495701 ], [ -100.958276, 25.495072 ], [ -100.958256, 25.494397 ], [ -100.95849, 25.492657 ] ] ] } },
{ "type": "Feature", "properties": { "CVEGEO": "0503000011903", "NOM_MUN": "Saltillo", "COLONIA": "NUEVA ESPAÑA", "POBTOT": 2075.0, "TVIVHAB": 668.0, "PCT_ELECTRICIDAD": 99.850299401197603, "PCT_AGUA": 99.850299401197603, "PCT_DRENAJE": 99.850299401197603, "PCT_INTERNET": 84.131736526946113, "SERVICIOS_INDEX": 95.920658682634723, "MOTIVO_SIN_DATO": null }, "geometry": { "type": "Polygon", "coordinates": [ [ [ -100.973656, 25.479784 ], [ -100.980454, 25.465434 ], [ -100.98525, 25.467306 ], [ -100.982997, 25.471427 ], [ -100.986488, 25.473104 ], [ -100.981776, 25.482962 ], [ -100.981539, 25.483018 ], [ -100.973656, 25.479784 ] ] ] } },
{ "type": "Feature", "properties": { "CVEGEO": "0503000013149", "NOM_MUN": "Saltillo", "COLONIA": "VILLA VERGEL", "POBTOT": 4449.0, "TVIVHAB": 1409.0, "PCT_ELECTRICIDAD": 100.0, "PCT_AGUA": 100.0, "PCT_DRENAJE": 100.0, "PCT_INTERNET": 91.270404542228533, "SERVICIOS_INDEX": 97.81760113555714, "MOTIVO_SIN_DATO": null }, "geometry": { "type": "Polygon", "coordinates": [ [ [ -100.976925, 25.493203 ], [ -100.97429, 25.489797 ], [ -100.97236, 25.488883 ], [ -100.971607, 25.488298 ], [ -100.970866, 25.487874 ], [ -100.969963, 25.487548 ], [ -100.973656, 25.479784 ], [ -100.981539, 25.483018 ], [ -100.981776, 25.482962 ], [ -100.981143, 25.484314 ], [ -100.980991, 25.484421 ], [ -100.978142, 25.490432 ], [ -100.978021, 25.490526 ], [ -100.977397, 25.491885 ], [ -100.977404, 25.492087 ], [ -100.976925, 25.493203 ] ] ] } },
{ "type": "Feature", "properties": { "CVEGEO": "0503000011585", "NOM_MUN": "Saltillo", "COLONIA": "VISTA HERMOSA", "POBTOT": 2591.0, "TVIVHAB": 760.0, "PCT_ELECTRICIDAD": 98.94736842105263, "PCT_AGUA": 98.94736842105263, "PCT_DRENAJE": 98.68421052631578, "PCT_INTERNET": 84.210526315789465, "SERVICIOS_INDEX": 95.19736842105263, "MOTIVO_SIN_DATO": null }, "geometry": { "type": "Polygon", "coordinates": [ [ [ -100.946751, 25.422982 ], [ -100.947369, 25.424739 ], [ -100.94904, 25.424289 ], [ -100.949455, 25.425479 ], [ -100.949558, 25.426326 ], [ -100.949701, 25.426561 ], [ -100.949986, 25.426794 ], [ -100.950178, 25.426567 ], [ -100.950139, 25.42593 ], [ -100.954442, 25.424752 ], [ -100.954474, 25.424852 ], [ -100.956488, 25.424323 ], [ -100.956609, 25.424224 ], [ -100.95633, 25.423053 ], [ -100.95689, 25.422884 ], [ -100.958041, 25.426657 ], [ -100.957296, 25.426855 ], [ -100.957805, 25.428793 ], [ -100.957723, 25.428943 ], [ -100.947204, 25.43037 ], [ -100.944983, 25.423445 ], [ -100.946751, 25.422982 ] ] ] } },
{ "type": "Feature", "properties": { "CVEGEO": "0503000011710", "NOM_MUN": "Saltillo", "COLONIA": "LA PALMA II", "POBTOT": 2427.0, "TVIVHAB": 611.0, "PCT_ELECTRICIDAD": 99.50900163666121, "PCT_AGUA": 98.036006546644856, "PCT_DRENAJE": 99.018003273322421, "PCT_INTERNET": 56.301145662847794, "SERVICIOS_INDEX": 88.216039279869065, "MOTIVO_SIN_DATO": null }, "geometry": { "type": "Polygon", "coordinates": [ [ [ -100.97395, 25.409335 ], [ -100.973473, 25.408472 ], [ -100.972451, 25.407997 ], [ -100.972318, 25.407696 ], [ -100.971686, 25.407399 ], [ -100.970746, 25.407138 ], [ -100.970206, 25.406408 ], [ -100.969519, 25.406449 ], [ -100.968758, 25.405921 ], [ -100.969289, 25.405117 ], [ -100.970008, 25.404288 ], [ -100.970342, 25.403704 ], [ -100.971034, 25.404017 ], [ -100.970457, 25.405054 ], [ -100.971825, 25.405749 ], [ -100.972888, 25.403835 ], [ -100.977175, 25.406134 ], [ -100.978105, 25.406938 ], [ -100.978944, 25.407524 ], [ -100.977567, 25.413227 ], [ -100.975051, 25.412721 ], [ -100.974716, 25.412789 ], [ -100.974206, 25.41322 ], [ -100.974146, 25.413198 ], [ -100.97474, 25.412247 ], [ -100.974851, 25.411722 ], [ -100.974977, 25.411502 ], [ -100.975544, 25.411065 ], [ -100.976029, 25.410486 ], [ -100.975928, 25.410326 ], [ -100.975897, 25.409989 ], [ -100.975788, 25.40991 ], [ -100.975522, 25.409828 ], [ -100.975385, 25.40989 ], [ -100.974637, 25.409445 ], [ -100.97395, 25.409335 ] ] ] } },
{ "type": "Feature", "properties": { "CVEGEO": "0503000010356", "NOM_MUN": "Saltillo", "COLONIA": "RODRÍGUEZ GUAYULERA (CHAMIZAL)", "POBTOT": 3335.0, "TVIVHAB": 887.0, "PCT_ELECTRICIDAD": 99.887260428410372, "PCT_AGUA": 99.887260428410372, "PCT_DRENAJE": 99.887260428410372, "PCT_INTERNET": 56.25704622322435, "SERVICIOS_INDEX": 88.979706877113856, "MOTIVO_SIN_DATO": null }, "geometry": { "type": "Polygon", "coordinates": [ [ [ -101.027179, 25.423692 ], [ -101.0202, 25.418631 ], [ -101.020596, 25.417759 ], [ -101.024081, 25.413828 ], [ -101.028019, 25.416602 ], [ -101.026505, 25.418356 ], [ -101.02729, 25.418929 ], [ -101.02665, 25.419635 ], [ -101.028038, 25.420589 ], [ -101.027799, 25.420843 ], [ -101.027574, 25.420692 ], [ -101.027037, 25.42129 ], [ -101.02672, 25.421712 ], [ -101.026602, 25.42221 ], [ -101.026334, 25.422552 ], [ -101.027382, 25.423407 ], [ -101.027179, 25.423692 ] ] ] } },
{ "type": "Feature", "properties": { "CVEGEO": "0503000012653", "NOM_MUN": "Saltillo", "COLONIA": "UNIVERSIDAD PUEBLO", "POBTOT": 2946.0, "TVIVHAB": 739.0, "PCT_ELECTRICIDAD": 98.511502029769957, "PCT_AGUA": 97.023004059539915, "PCT_DRENAJE": 98.646820027063598, "PCT_INTERNET": 50.744248985115028, "SERVICIOS_INDEX": 86.231393775372126, "MOTIVO_SIN_DATO": null }, "geometry": { "type": "Polygon", "coordinates": [ [ [ -100.969739, 25.409384 ], [ -100.970519, 25.409008 ], [ -100.969868, 25.407921 ], [ -100.967952, 25.406973 ], [ -100.967708, 25.407332 ], [ -100.967311, 25.40752 ], [ -100.966136, 25.405864 ], [ -100.965642, 25.405783 ], [ -100.965738, 25.405343 ], [ -100.96465, 25.405157 ], [ -100.964702, 25.405127 ], [ -100.963918, 25.404343 ], [ -100.964224, 25.404095 ], [ -100.964007, 25.403909 ], [ -100.965446, 25.402681 ], [ -100.965326, 25.402036 ], [ -100.966209, 25.402825 ], [ -100.966499, 25.40296 ], [ -100.966774, 25.40328 ], [ -100.967081, 25.403883 ], [ -100.967524, 25.404446 ], [ -100.96767, 25.40497 ], [ -100.96814, 25.405494 ], [ -100.969519, 25.406449 ], [ -100.970206, 25.406408 ], [ -100.970746, 25.407138 ], [ -100.971686, 25.407399 ], [ -100.972318, 25.407696 ], [ -100.972451, 25.407997 ], [ -100.973473, 25.408472 ], [ -100.97395, 25.409335 ], [ -100.971848, 25.40946 ], [ -100.969739, 25.409384 ] ] ] } },
{ "type": "Feature", "properties": { "CVEGEO": "0503000012475", "NOM_MUN": "Saltillo", "COLONIA": "VISTA HERMOSA", "POBTOT": 2780.0, "TVIVHAB": 755.0, "PCT_ELECTRICIDAD": 99.867549668874162, "PCT_AGUA": 99.867549668874162, "PCT_DRENAJE": 99.867549668874162, "PCT_INTERNET": 79.602649006622514, "SERVICIOS_INDEX": 94.80132450331125, "MOTIVO_SIN_DATO": null }, "geometry": { "type": "Polygon", "coordinates": [ [ [ -100.947369, 25.424739 ], [ -100.946142, 25.421211 ], [ -100.951932, 25.419663 ], [ -100.953657, 25.42497 ], [ -100.950139, 25.42593 ], [ -100.950178, 25.426567 ], [ -100.949986, 25.426794 ], [ -100.949701, 25.426561 ], [ -100.949558, 25.426326 ], [ -100.949455, 25.425479 ], [ -100.94904, 25.424289 ], [ -100.947369, 25.424739 ] ] ] } },
{ "type": "Feature", "properties": { "CVEGEO": "0503000011674", "NOM_MUN": "Saltillo", "COLONIA": "EL PARAÍSO", "POBTOT": 1783.0, "TVIVHAB": 427.0, "PCT_ELECTRICIDAD": 99.297423887587826, "PCT_AGUA": 99.297423887587826, "PCT_DRENAJE": 99.297423887587826, "PCT_INTERNET": 64.402810304449659, "SERVICIOS_INDEX": 90.573770491803288, "MOTIVO_SIN_DATO": null }, "geometry": { "type": "Polygon", "coordinates": [ [ [ -100.960546, 25.410849 ], [ -100.960479, 25.410208 ], [ -100.960573, 25.408639 ], [ -100.963633, 25.410079 ], [ -100.96344, 25.410517 ], [ -100.963722, 25.410997 ], [ -100.963922, 25.41091 ], [ -100.96404, 25.411117 ], [ -100.964653, 25.410761 ], [ -100.964778, 25.41098 ], [ -100.965173, 25.410823 ], [ -100.965415, 25.411278 ], [ -100.965989, 25.41102 ], [ -100.966058, 25.411053 ], [ -100.969739, 25.409384 ], [ -100.971848, 25.40946 ], [ -100.973445, 25.409332 ], [ -100.974428, 25.409389 ], [ -100.975146, 25.409708 ], [ -100.975385, 25.40989 ], [ -100.975522, 25.409828 ], [ -100.975897, 25.409989 ], [ -100.97603, 25.410551 ], [ -100.975544, 25.411065 ], [ -100.974977, 25.411502 ], [ -100.974851, 25.411722 ], [ -100.97474, 25.412247 ], [ -100.974146, 25.413198 ], [ -100.974206, 25.41322 ], [ -100.974716, 25.412789 ], [ -100.975051, 25.412721 ], [ -100.977567, 25.413227 ], [ -100.977335, 25.413961 ], [ -100.976386, 25.415038 ], [ -100.97486, 25.414521 ], [ -100.97408, 25.414348 ], [ -100.973427, 25.414297 ], [ -100.96961, 25.414669 ], [ -100.968634, 25.414629 ], [ -100.967249, 25.414261 ], [ -100.965385, 25.413282 ], [ -100.96474, 25.412871 ], [ -100.963795, 25.412026 ], [ -100.96289, 25.411406 ], [ -100.962034, 25.411058 ], [ -100.960546, 25.410849 ] ] ] } },
{ "type": "Feature", "properties": { "CVEGEO": "0503000015535", "NOM_MUN": "Saltillo", "COLONIA": "AMPLIACIÓN NIÑOS HÉROES", "POBTOT": 3417.0, "TVIVHAB": 817.0, "PCT_ELECTRICIDAD": 99.877600979192167, "PCT_AGUA": 98.653610771113833, "PCT_DRENAJE": 98.8984088127295, "PCT_INTERNET": 44.553243574051407, "SERVICIOS_INDEX": 85.495716034271723, "MOTIVO_SIN_DATO": null }, "geometry": { "type": "Polygon", "coordinates": [ [ [ -101.011809, 25.359637 ], [ -101.007948, 25.354771 ], [ -101.007489, 25.354369 ], [ -101.006829, 25.352978 ], [ -101.006237, 25.352202 ], [ -101.006293, 25.352106 ], [ -101.005614, 25.350802 ], [ -101.005316, 25.349805 ], [ -101.004725, 25.349038 ], [ -101.004177, 25.347931 ], [ -101.003697, 25.347414 ], [ -101.004535, 25.347288 ], [ -101.004691, 25.347384 ], [ -101.004781, 25.347634 ], [ -101.005008, 25.347819 ], [ -101.005868, 25.348324 ], [ -101.006892, 25.348624 ], [ -101.007395, 25.348967 ], [ -101.00807, 25.349618 ], [ -101.008292, 25.349951 ], [ -101.008554, 25.350703 ], [ -101.009106, 25.35176 ], [ -101.009912, 25.351983 ], [ -101.010092, 25.35226 ], [ -101.010868, 25.352291 ], [ -101.01114, 25.352444 ], [ -101.011205, 25.352545 ], [ -101.011205, 25.353141 ], [ -101.011514, 25.353264 ], [ -101.013401, 25.355037 ], [ -101.013526, 25.355261 ], [ -101.013146, 25.355148 ], [ -101.012908, 25.35524 ], [ -101.012921, 25.355819 ], [ -101.012365, 25.356303 ], [ -101.012338, 25.356847 ], [ -101.013533, 25.358347 ], [ -101.011809, 25.359637 ] ] ] } },
{ "type": "Feature", "properties": { "CVEGEO": "0503000014170", "NOM_MUN": "Saltillo", "COLONIA": "CERRO DEL PUEBLO", "POBTOT": 46.0, "TVIVHAB": 14.0, "PCT_ELECTRICIDAD": 92.857142857142861, "PCT_AGUA": 78.571428571428569, "PCT_DRENAJE": 85.714285714285708, "PCT_INTERNET": 0.0, "SERVICIOS_INDEX": 64.285714285714292, "MOTIVO_SIN_DATO": null }, "geometry": { "type": "Polygon", "coordinates": [ [ [ -101.034686, 25.420182 ], [ -101.034248, 25.418866 ], [ -101.033819, 25.418117 ], [ -101.035666, 25.414994 ], [ -101.036329, 25.414212 ], [ -101.036084, 25.413555 ], [ -101.036127, 25.413012 ], [ -101.036508, 25.412487 ], [ -101.036633, 25.412155 ], [ -101.036941, 25.411939 ], [ -101.037925, 25.411642 ], [ -101.038196, 25.411435 ], [ -101.038275, 25.410788 ], [ -101.038657, 25.410179 ], [ -101.038944, 25.408417 ], [ -101.038648, 25.407391 ], [ -101.038501, 25.406502 ], [ -101.038517, 25.406128 ], [ -101.038589, 25.405431 ], [ -101.038979, 25.404529 ], [ -101.038994, 25.403869 ], [ -101.038533, 25.402854 ], [ -101.03827, 25.402452 ], [ -101.038068, 25.401836 ], [ -101.038104, 25.401306 ], [ -101.038346, 25.40038 ], [ -101.038631, 25.399886 ], [ -101.038912, 25.399703 ], [ -101.040146, 25.399402 ], [ -101.040397, 25.399056 ], [ -101.040955, 25.399164 ], [ -101.04201, 25.399832 ], [ -101.043157, 25.400892 ], [ -101.04377, 25.401307 ], [ -101.043504, 25.401458 ], [ -101.04315, 25.401909 ], [ -101.043181, 25.402174 ], [ -101.04334, 25.402398 ], [ -101.043412, 25.402899 ], [ -101.042742, 25.404032 ], [ -101.042698, 25.404277 ], [ -101.043496, 25.404937 ], [ -101.043643, 25.405235 ], [ -101.043726, 25.406413 ], [ -101.044263, 25.407854 ], [ -101.044449, 25.408004 ], [ -101.04463, 25.408002 ], [ -101.045271, 25.407565 ], [ -101.045528, 25.407562 ], [ -101.045628, 25.408137 ], [ -101.046193, 25.408486 ], [ -101.046303, 25.408731 ], [ -101.046427, 25.409849 ], [ -101.046586, 25.410299 ], [ -101.046894, 25.410651 ], [ -101.047137, 25.410703 ], [ -101.047064, 25.410896 ], [ -101.046794, 25.411023 ], [ -101.046606, 25.411492 ], [ -101.046566, 25.411863 ], [ -101.046587, 25.412165 ], [ -101.046712, 25.412451 ], [ -101.047472, 25.412715 ], [ -101.047473, 25.414839 ], [ -101.047275, 25.4155 ], [ -101.046543, 25.416383 ], [ -101.04549, 25.417213 ], [ -101.045033, 25.417384 ], [ -101.044813, 25.417589 ], [ -101.044401, 25.41832 ], [ -101.043893, 25.41861 ], [ -101.043267, 25.420251 ], [ -101.042845, 25.421706 ], [ -101.042426, 25.422238 ], [ -101.042232, 25.421557 ], [ -101.041811, 25.42107 ], [ -101.04174, 25.421081 ], [ -101.041461, 25.421694 ], [ -101.041435, 25.422292 ], [ -101.041335, 25.422441 ], [ -101.040821, 25.422593 ], [ -101.040047, 25.422982 ], [ -101.038775, 25.423749 ], [ -101.038673, 25.423203 ], [ -101.037345, 25.423603 ], [ -101.037243, 25.423322 ], [ -101.03594, 25.423739 ], [ -101.036136, 25.422922 ], [ -101.035571, 25.421821 ], [ -101.035485, 25.421327 ], [ -101.034686, 25.420182 ] ] ] } },
{ "type": "Feature", "properties": { "CVEGEO": "0503000015304", "NOM_MUN": "Saltillo", "COLONIA": "LOS BALCONES", "POBTOT": 2465.0, "TVIVHAB": 566.0, "PCT_ELECTRICIDAD": 99.646643109540634, "PCT_AGUA": 97.173144876325097, "PCT_DRENAJE": 98.056537102473499, "PCT_INTERNET": 53.710247349823327, "SERVICIOS_INDEX": 87.146643109540634, "MOTIVO_SIN_DATO": null }, "geometry": { "type": "Polygon", "coordinates": [ [ [ -101.032329, 25.424982 ], [ -101.031858, 25.424832 ], [ -101.03101, 25.424123 ], [ -101.030687, 25.423332 ], [ -101.030467, 25.423054 ], [ -101.029094, 25.42234 ], [ -101.028983, 25.422211 ], [ -101.029137, 25.421769 ], [ -101.029505, 25.421249 ], [ -101.03129, 25.419906 ], [ -101.031477, 25.419818 ], [ -101.031965, 25.419946 ], [ -101.03225, 25.4192 ], [ -101.033819, 25.418117 ], [ -101.034248, 25.418866 ], [ -101.034686, 25.420182 ], [ -101.035485, 25.421327 ], [ -101.035571, 25.421821 ], [ -101.036136, 25.422922 ], [ -101.03594, 25.423739 ], [ -101.035585, 25.423911 ], [ -101.035895, 25.424433 ], [ -101.036427, 25.424405 ], [ -101.036836, 25.424291 ], [ -101.036447, 25.425049 ], [ -101.036465, 25.425109 ], [ -101.036895, 25.425116 ], [ -101.035881, 25.427323 ], [ -101.033568, 25.426319 ], [ -101.033399, 25.426659 ], [ -101.032966, 25.426438 ], [ -101.033129, 25.426134 ], [ -101.032218, 25.425741 ], [ -101.032677, 25.424895 ], [ -101.032329, 25.424982 ] ] ] } },
{ "type": "Feature", "properties": { "CVEGEO": "0503000014541", "NOM_MUN": "Saltillo", "COLONIA": "ZONA DE AMORTIGUAMIENTO DE LA SIERRA DE ZAPALINAMÉ III", "POBTOT": 1891.0, "TVIVHAB": 456.0, "PCT_ELECTRICIDAD": 96.271929824561411, "PCT_AGUA": 82.23684210526315, "PCT_DRENAJE": 95.175438596491219, "PCT_INTERNET": 26.096491228070175, "SERVICIOS_INDEX": 74.945175438596493, "MOTIVO_SIN_DATO": null }, "geometry": { "type": "Polygon", "coordinates": [ [ [ -100.955543, 25.390546 ], [ -100.955261, 25.389599 ], [ -100.952193, 25.39039 ], [ -100.951152, 25.387124 ], [ -100.948785, 25.388196 ], [ -100.945534, 25.38896 ], [ -100.945462, 25.38871 ], [ -100.945185, 25.388566 ], [ -100.945249, 25.388471 ], [ -100.945113, 25.388287 ], [ -100.945107, 25.387881 ], [ -100.944926, 25.387744 ], [ -100.944893, 25.387437 ], [ -100.944745, 25.38738 ], [ -100.944627, 25.387169 ], [ -100.944661, 25.387037 ], [ -100.944526, 25.38665 ], [ -100.944326, 25.386454 ], [ -100.944283, 25.385785 ], [ -100.944137, 25.385271 ], [ -100.94571, 25.384756 ], [ -100.94939, 25.383734 ], [ -100.950941, 25.382467 ], [ -100.951175, 25.382655 ], [ -100.952138, 25.382273 ], [ -100.952443, 25.382877 ], [ -100.954599, 25.381388 ], [ -100.955115, 25.381986 ], [ -100.955356, 25.38251 ], [ -100.955326, 25.38278 ], [ -100.955783, 25.383952 ], [ -100.956039, 25.383876 ], [ -100.956474, 25.385026 ], [ -100.956995, 25.385599 ], [ -100.957163, 25.386087 ], [ -100.957174, 25.386351 ], [ -100.956834, 25.386782 ], [ -100.956618, 25.387704 ], [ -100.955954, 25.388911 ], [ -100.955821, 25.389298 ], [ -100.955703, 25.390237 ], [ -100.955543, 25.390546 ] ] ] } },
{ "type": "Feature", "properties": { "CVEGEO": "0503000014804", "NOM_MUN": "Saltillo", "COLONIA": "NUEVA IMAGEN", "POBTOT": 654.0, "TVIVHAB": 151.0, "PCT_ELECTRICIDAD": 99.337748344370851, "PCT_AGUA": 89.403973509933778, "PCT_DRENAJE": 98.675496688741731, "PCT_INTERNET": 37.086092715231786, "SERVICIOS_INDEX": 81.125827814569533, "MOTIVO_SIN_DATO": null }, "geometry": { "type": "Polygon", "coordinates": [ [ [ -100.958969, 25.387367 ], [ -100.958772, 25.386002 ], [ -100.957429, 25.386283 ], [ -100.957162, 25.386268 ], [ -100.957122, 25.385822 ], [ -100.956474, 25.385026 ], [ -100.956039, 25.383876 ], [ -100.957882, 25.382598 ], [ -100.95857, 25.382235 ], [ -100.959703, 25.382551 ], [ -100.959755, 25.38309 ], [ -100.960119, 25.383977 ], [ -100.9615, 25.385731 ], [ -100.961504, 25.386307 ], [ -100.961669, 25.386752 ], [ -100.959028, 25.387638 ], [ -100.95893, 25.387581 ], [ -100.958969, 25.387367 ] ] ] } },
{ "type": "Feature", "properties": { "CVEGEO": "0503000015516", "NOM_MUN": "Saltillo", "COLONIA": "PLAZA", "POBTOT": 4861.0, "TVIVHAB": 1372.0, "PCT_ELECTRICIDAD": 99.635568513119537, "PCT_AGUA": 99.416909620991262, "PCT_DRENAJE": 99.635568513119537, "PCT_INTERNET": 71.720116618075807, "SERVICIOS_INDEX": 92.602040816326536, "MOTIVO_SIN_DATO": null }, "geometry": { "type": "Polygon", "coordinates": [ [ [ -100.91419, 25.442127 ], [ -100.918803, 25.44146 ], [ -100.91913, 25.442134 ], [ -100.919099, 25.442531 ], [ -100.919327, 25.443023 ], [ -100.919435, 25.444773 ], [ -100.919576, 25.445179 ], [ -100.919903, 25.445601 ], [ -100.920049, 25.445948 ], [ -100.919918, 25.446897 ], [ -100.92003, 25.44729 ], [ -100.920054, 25.447965 ], [ -100.920109, 25.448091 ], [ -100.920728, 25.448463 ], [ -100.921013, 25.448775 ], [ -100.921147, 25.449432 ], [ -100.921569, 25.450143 ], [ -100.921882, 25.450433 ], [ -100.922122, 25.450928 ], [ -100.922193, 25.451191 ], [ -100.922079, 25.452403 ], [ -100.922129, 25.452667 ], [ -100.922296, 25.452891 ], [ -100.922785, 25.453199 ], [ -100.923376, 25.453259 ], [ -100.923772, 25.453446 ], [ -100.923957, 25.453812 ], [ -100.923937, 25.454311 ], [ -100.921894, 25.454912 ], [ -100.920899, 25.455341 ], [ -100.920492, 25.455406 ], [ -100.920447, 25.455479 ], [ -100.919708, 25.455547 ], [ -100.918744, 25.455867 ], [ -100.918312, 25.455895 ], [ -100.916519, 25.456275 ], [ -100.915516, 25.456182 ], [ -100.91419, 25.442127 ] ] ] } },
{ "type": "Feature", "properties": { "CVEGEO": "0503000013810", "NOM_MUN": "Saltillo", "COLONIA": "LA AURORA I", "POBTOT": 1721.0, "TVIVHAB": 493.0, "PCT_ELECTRICIDAD": 99.391480730223122, "PCT_AGUA": 99.391480730223122, "PCT_DRENAJE": 99.797160243407717, "PCT_INTERNET": 78.093306288032451, "SERVICIOS_INDEX": 94.1683569979716, "MOTIVO_SIN_DATO": null }, "geometry": { "type": "Polygon", "coordinates": [ [ [ -100.9394, 25.461513 ], [ -100.937677, 25.460114 ], [ -100.9359, 25.459242 ], [ -100.933374, 25.464264 ], [ -100.933248, 25.464297 ], [ -100.932729, 25.463738 ], [ -100.931734, 25.462896 ], [ -100.930453, 25.462275 ], [ -100.92873, 25.460971 ], [ -100.928422, 25.460596 ], [ -100.927162, 25.45953 ], [ -100.926926, 25.458944 ], [ -100.926707, 25.458838 ], [ -100.926329, 25.45806 ], [ -100.928919, 25.457171 ], [ -100.931914, 25.45638 ], [ -100.933634, 25.455416 ], [ -100.934087, 25.455323 ], [ -100.934764, 25.454923 ], [ -100.935165, 25.454515 ], [ -100.936957, 25.453119 ], [ -100.937557, 25.452854 ], [ -100.938868, 25.451682 ], [ -100.940315, 25.453103 ], [ -100.940548, 25.453443 ], [ -100.940828, 25.454249 ], [ -100.940783, 25.454898 ], [ -100.940961, 25.454922 ], [ -100.941027, 25.454659 ], [ -100.942758, 25.45571 ], [ -100.942927, 25.455179 ], [ -100.943699, 25.453865 ], [ -100.943761, 25.453193 ], [ -100.943886, 25.452858 ], [ -100.94436, 25.453768 ], [ -100.945673, 25.45439 ], [ -100.945869, 25.454598 ], [ -100.946306, 25.456081 ], [ -100.948642, 25.456454 ], [ -100.949852, 25.456522 ], [ -100.948449, 25.45743 ], [ -100.948266, 25.457772 ], [ -100.948551, 25.457898 ], [ -100.9498, 25.457359 ], [ -100.951976, 25.456263 ], [ -100.954759, 25.455308 ], [ -100.950818, 25.46695 ], [ -100.949705, 25.465857 ], [ -100.947938, 25.464968 ], [ -100.947382, 25.464579 ], [ -100.944996, 25.462555 ], [ -100.944155, 25.461334 ], [ -100.944056, 25.460698 ], [ -100.943949, 25.460611 ], [ -100.943275, 25.460431 ], [ -100.942651, 25.46113 ], [ -100.941274, 25.46176 ], [ -100.94106, 25.462018 ], [ -100.940622, 25.462948 ], [ -100.939792, 25.462342 ], [ -100.939045, 25.46248 ], [ -100.937575, 25.461677 ], [ -100.937881, 25.46144 ], [ -100.938841, 25.462061 ], [ -100.9394, 25.461513 ] ] ] } },
{ "type": "Feature", "properties": { "CVEGEO": "0503000014556", "NOM_MUN": "Saltillo", "COLONIA": "NUEVA IMAGEN", "POBTOT": 1259.0, "TVIVHAB": 303.0, "PCT_ELECTRICIDAD": 99.009900990099013, "PCT_AGUA": 98.019801980198025, "PCT_DRENAJE": 99.669966996699671, "PCT_INTERNET": 43.564356435643568, "SERVICIOS_INDEX": 85.06600660066006, "MOTIVO_SIN_DATO": null }, "geometry": { "type": "Polygon", "coordinates": [ [ [ -100.962424, 25.390515 ], [ -100.962403, 25.390381 ], [ -100.962001, 25.389993 ], [ -100.961977, 25.389589 ], [ -100.961744, 25.389091 ], [ -100.961538, 25.388969 ], [ -100.959237, 25.38925 ], [ -100.959144, 25.388647 ], [ -100.958855, 25.390086 ], [ -100.955783, 25.389566 ], [ -100.955954, 25.388911 ], [ -100.956618, 25.387704 ], [ -100.956834, 25.386782 ], [ -100.957112, 25.386474 ], [ -100.957162, 25.386268 ], [ -100.957429, 25.386283 ], [ -100.958772, 25.386002 ], [ -100.958969, 25.387367 ], [ -100.95893, 25.387581 ], [ -100.959028, 25.387638 ], [ -100.961669, 25.386752 ], [ -100.961596, 25.38659 ], [ -100.961787, 25.386679 ], [ -100.962101, 25.38714 ], [ -100.962352, 25.387363 ], [ -100.962696, 25.388214 ], [ -100.962727, 25.388821 ], [ -100.963003, 25.388816 ], [ -100.963042, 25.389276 ], [ -100.963201, 25.389292 ], [ -100.963309, 25.389681 ], [ -100.963323, 25.389951 ], [ -100.963239, 25.390064 ], [ -100.962972, 25.390183 ], [ -100.962649, 25.390462 ], [ -100.962424, 25.390515 ] ] ] } },
{ "type": "Feature", "properties": { "CVEGEO": "0503000014819", "NOM_MUN": "Saltillo", "COLONIA": "ASTURIAS", "POBTOT": 3887.0, "TVIVHAB": 970.0, "PCT_ELECTRICIDAD": 99.381443298969074, "PCT_AGUA": 99.278350515463927, "PCT_DRENAJE": 99.278350515463927, "PCT_INTERNET": 82.680412371134011, "SERVICIOS_INDEX": 95.154639175257728, "MOTIVO_SIN_DATO": null }, "geometry": { "type": "Polygon", "coordinates": [ [ [ -100.986266, 25.486721 ], [ -100.988282, 25.482017 ], [ -100.99333, 25.470014 ], [ -100.994251, 25.471172 ], [ -100.991395, 25.477643 ], [ -100.991413, 25.477763 ], [ -100.992541, 25.478458 ], [ -100.992833, 25.477757 ], [ -100.996677, 25.477163 ], [ -100.997509, 25.477379 ], [ -100.997434, 25.477485 ], [ -100.99792, 25.477765 ], [ -100.99796, 25.477695 ], [ -100.998374, 25.477836 ], [ -100.998418, 25.477789 ], [ -100.998375, 25.478328 ], [ -100.998023, 25.478924 ], [ -100.997261, 25.479569 ], [ -100.996682, 25.481234 ], [ -100.996089, 25.482171 ], [ -100.995863, 25.482811 ], [ -100.994493, 25.484235 ], [ -100.994137, 25.484803 ], [ -100.991761, 25.483164 ], [ -100.992132, 25.482592 ], [ -100.98986, 25.48179 ], [ -100.987292, 25.487083 ], [ -100.986266, 25.486721 ] ] ] } },
{ "type": "Feature", "properties": { "CVEGEO": "0503000013755", "NOM_MUN": "Saltillo", "COLONIA": "BRISAS PONIENTE", "POBTOT": 6074.0, "TVIVHAB": 1704.0, "PCT_ELECTRICIDAD": 99.119718309859152, "PCT_AGUA": 99.002347417840369, "PCT_DRENAJE": 99.119718309859152, "PCT_INTERNET": 84.272300469483568, "SERVICIOS_INDEX": 95.37852112676056, "MOTIVO_SIN_DATO": null }, "geometry": { "type": "Polygon", "coordinates": [ [ [ -100.96128, 25.502777 ], [ -100.964278, 25.498176 ], [ -100.964773, 25.497293 ], [ -100.96579, 25.49584 ], [ -100.96682, 25.493844 ], [ -100.968085, 25.494851 ], [ -100.968656, 25.49428 ], [ -100.971157, 25.496256 ], [ -100.971222, 25.495996 ], [ -100.97136, 25.495858 ], [ -100.971411, 25.49582 ], [ -100.971697, 25.496038 ], [ -100.973427, 25.494473 ], [ -100.976083, 25.494439 ], [ -100.976491, 25.493663 ], [ -100.976674, 25.493761 ], [ -100.977404, 25.492087 ], [ -100.977397, 25.491885 ], [ -100.979831, 25.486868 ], [ -100.985233, 25.489025 ], [ -100.983391, 25.493581 ], [ -100.98215, 25.496434 ], [ -100.981361, 25.497537 ], [ -100.980165, 25.498482 ], [ -100.978892, 25.499052 ], [ -100.977856, 25.499319 ], [ -100.974687, 25.499805 ], [ -100.973484, 25.500085 ], [ -100.97214, 25.500729 ], [ -100.971723, 25.50104 ], [ -100.971049, 25.501638 ], [ -100.970405, 25.502538 ], [ -100.968727, 25.505629 ], [ -100.967518, 25.508061 ], [ -100.967309, 25.507856 ], [ -100.967172, 25.507534 ], [ -100.967172, 25.507193 ], [ -100.96841, 25.504803 ], [ -100.963827, 25.502349 ], [ -100.962313, 25.507659 ], [ -100.961901, 25.508523 ], [ -100.960972, 25.510064 ], [ -100.960645, 25.510474 ], [ -100.961026, 25.509256 ], [ -100.961141, 25.507974 ], [ -100.960795, 25.504259 ], [ -100.960939, 25.503466 ], [ -100.96128, 25.502777 ] ] ] } },
{ "type": "Feature", "properties": { "CVEGEO": "0503000014522", "NOM_MUN": "Saltillo", "COLONIA": "LOMAS DE ZAPALINAMÉ", "POBTOT": 1656.0, "TVIVHAB": 422.0, "PCT_ELECTRICIDAD": 97.393364928909961, "PCT_AGUA": 97.156398104265406, "PCT_DRENAJE": 97.393364928909961, "PCT_INTERNET": 49.052132701421804, "SERVICIOS_INDEX": 85.248815165876778, "MOTIVO_SIN_DATO": null }, "geometry": { "type": "Polygon", "coordinates": [ [ [ -100.948038, 25.394433 ], [ -100.947133, 25.391716 ], [ -100.947615, 25.391586 ], [ -100.947939, 25.392512 ], [ -100.949455, 25.39211 ], [ -100.949155, 25.391168 ], [ -100.955261, 25.389599 ], [ -100.955543, 25.390546 ], [ -100.955519, 25.390981 ], [ -100.955764, 25.391591 ], [ -100.955705, 25.391856 ], [ -100.955945, 25.392489 ], [ -100.955775, 25.392702 ], [ -100.955338, 25.392776 ], [ -100.955119, 25.392699 ], [ -100.950637, 25.393843 ], [ -100.949542, 25.3942 ], [ -100.948038, 25.394433 ] ] ] } },
{ "type": "Feature", "properties": { "CVEGEO": "0503000015145", "NOM_MUN": "Saltillo", "COLONIA": "VIRREYES OBRERA", "POBTOT": 2826.0, "TVIVHAB": 819.0, "PCT_ELECTRICIDAD": 99.26739926739927, "PCT_AGUA": 99.145299145299148, "PCT_DRENAJE": 99.26739926739927, "PCT_INTERNET": 75.091575091575095, "SERVICIOS_INDEX": 93.192918192918199, "MOTIVO_SIN_DATO": null }, "geometry": { "type": "Polygon", "coordinates": [ [ [ -100.979831, 25.486868 ], [ -100.980991, 25.484421 ], [ -100.981143, 25.484314 ], [ -100.98136, 25.483869 ], [ -100.986488, 25.473104 ], [ -100.982997, 25.471427 ], [ -100.98525, 25.467306 ], [ -100.989182, 25.468853 ], [ -100.989763, 25.467567 ], [ -100.991942, 25.468417 ], [ -100.992012, 25.468587 ], [ -100.99183, 25.469025 ], [ -100.99333, 25.470014 ], [ -100.988282, 25.482017 ], [ -100.985233, 25.489025 ], [ -100.979831, 25.486868 ] ] ] } },
{ "type": "Feature", "properties": { "CVEGEO": "0503000013740", "NOM_MUN": "Saltillo", "COLONIA": "EL DIVISADERO", "POBTOT": 13.0, "TVIVHAB": 5.0, "PCT_ELECTRICIDAD": 100.0, "PCT_AGUA": 60.0, "PCT_DRENAJE": 100.0, "PCT_INTERNET": 80.0, "SERVICIOS_INDEX": 85.0, "MOTIVO_SIN_DATO": null }, "geometry": { "type": "Polygon", "coordinates": [ [ [ -100.98557, 25.503688 ], [ -100.98593, 25.50296 ], [ -100.98603, 25.502422 ], [ -100.986872, 25.501275 ], [ -100.986915, 25.5006 ], [ -100.986815, 25.500205 ], [ -100.986693, 25.498811 ], [ -100.986677, 25.497459 ], [ -100.986787, 25.497211 ], [ -100.98758, 25.496407 ], [ -100.98761, 25.496006 ], [ -100.987379, 25.495685 ], [ -100.987441, 25.495548 ], [ -100.988246, 25.494946 ], [ -100.988759, 25.494283 ], [ -100.989097, 25.494027 ], [ -100.989687, 25.494044 ], [ -100.9903, 25.494416 ], [ -100.990997, 25.493922 ], [ -100.991243, 25.493829 ], [ -100.992117, 25.493855 ], [ -100.992666, 25.493652 ], [ -100.992902, 25.493366 ], [ -100.993491, 25.493321 ], [ -100.994012, 25.493057 ], [ -100.995966, 25.492405 ], [ -100.99715, 25.492355 ], [ -100.998234, 25.491641 ], [ -100.998517, 25.491556 ], [ -100.999262, 25.491523 ], [ -100.99968, 25.491388 ], [ -101.000288, 25.490811 ], [ -101.000575, 25.490754 ], [ -101.001613, 25.490283 ], [ -101.001958, 25.489708 ], [ -101.002458, 25.489226 ], [ -101.002918, 25.488372 ], [ -101.003999, 25.487669 ], [ -101.004298, 25.486981 ], [ -101.005767, 25.485434 ], [ -101.006662, 25.484871 ], [ -101.007473, 25.484517 ], [ -101.006015, 25.486314 ], [ -101.005238, 25.487504 ], [ -101.005122, 25.487927 ], [ -101.005321, 25.489701 ], [ -101.005054, 25.489966 ], [ -101.003498, 25.490984 ], [ -101.002595, 25.491775 ], [ -101.001852, 25.492575 ], [ -101.00073, 25.492468 ], [ -101.0002, 25.492299 ], [ -101.000234, 25.492457 ], [ -101.0, 25.49262 ], [ -100.999568, 25.492655 ], [ -100.999016, 25.492832 ], [ -100.998275, 25.49316 ], [ -100.998063, 25.493347 ], [ -100.99742, 25.494198 ], [ -100.997783, 25.494904 ], [ -100.997696, 25.49528 ], [ -100.996203, 25.497239 ], [ -100.995948, 25.497429 ], [ -100.99476, 25.497965 ], [ -100.993852, 25.498643 ], [ -100.993622, 25.498646 ], [ -100.993474, 25.499293 ], [ -100.993119, 25.499781 ], [ -100.993063, 25.500528 ], [ -100.992359, 25.501128 ], [ -100.991965, 25.501348 ], [ -100.991742, 25.50177 ], [ -100.99062, 25.502651 ], [ -100.989534, 25.50376 ], [ -100.988785, 25.504022 ], [ -100.988589, 25.504182 ], [ -100.98817, 25.505178 ], [ -100.988038, 25.505892 ], [ -100.988191, 25.506089 ], [ -100.988222, 25.506898 ], [ -100.987793, 25.507284 ], [ -100.987449, 25.508311 ], [ -100.987191, 25.50833 ], [ -100.98557, 25.503688 ] ] ] } },
{ "type": "Feature", "properties": { "CVEGEO": "050300001547A", "NOM_MUN": "Saltillo", "COLONIA": "NUEVA IMAGEN", "POBTOT": 445.0, "TVIVHAB": 106.0, "PCT_ELECTRICIDAD": 99.056603773584911, "PCT_AGUA": 83.962264150943398, "PCT_DRENAJE": 95.283018867924525, "PCT_INTERNET": 23.584905660377359, "SERVICIOS_INDEX": 75.471698113207538, "MOTIVO_SIN_DATO": null }, "geometry": { "type": "Polygon", "coordinates": [ [ [ -100.963042, 25.389276 ], [ -100.963003, 25.388816 ], [ -100.962727, 25.388821 ], [ -100.962696, 25.388214 ], [ -100.962352, 25.387363 ], [ -100.962101, 25.38714 ], [ -100.961787, 25.386679 ], [ -100.961596, 25.38659 ], [ -100.961456, 25.385972 ], [ -100.9615, 25.385731 ], [ -100.960119, 25.383977 ], [ -100.959755, 25.38309 ], [ -100.959703, 25.382551 ], [ -100.961985, 25.383249 ], [ -100.962013, 25.384216 ], [ -100.962516, 25.384822 ], [ -100.962487, 25.384931 ], [ -100.96298, 25.385434 ], [ -100.962964, 25.385235 ], [ -100.962813, 25.385083 ], [ -100.963183, 25.384671 ], [ -100.963413, 25.383696 ], [ -100.963945, 25.383853 ], [ -100.964706, 25.384376 ], [ -100.965381, 25.385068 ], [ -100.96498, 25.385337 ], [ -100.964131, 25.385713 ], [ -100.963885, 25.386907 ], [ -100.963716, 25.387059 ], [ -100.963743, 25.387827 ], [ -100.963647, 25.388353 ], [ -100.963201, 25.389292 ], [ -100.963042, 25.389276 ] ] ] } },
{ "type": "Feature", "properties": { "CVEGEO": "0503000014471", "NOM_MUN": "Saltillo", "COLONIA": "EL SALVADOR", "POBTOT": 4906.0, "TVIVHAB": 1223.0, "PCT_ELECTRICIDAD": 98.773507767784139, "PCT_AGUA": 98.36467702371219, "PCT_DRENAJE": 98.609975470155348, "PCT_INTERNET": 58.544562551103837, "SERVICIOS_INDEX": 88.573180703188882, "MOTIVO_SIN_DATO": null }, "geometry": { "type": "Polygon", "coordinates": [ [ [ -100.962096, 25.396468 ], [ -100.961574, 25.394966 ], [ -100.961593, 25.394831 ], [ -100.962295, 25.393808 ], [ -100.962385, 25.393549 ], [ -100.96232, 25.393156 ], [ -100.962391, 25.392624 ], [ -100.962246, 25.392241 ], [ -100.962334, 25.391706 ], [ -100.962307, 25.391031 ], [ -100.962433, 25.390785 ], [ -100.962424, 25.390515 ], [ -100.962649, 25.390462 ], [ -100.963323, 25.389951 ], [ -100.963201, 25.389292 ], [ -100.963647, 25.388353 ], [ -100.963743, 25.387827 ], [ -100.963716, 25.387059 ], [ -100.963885, 25.386907 ], [ -100.964131, 25.385713 ], [ -100.96498, 25.385337 ], [ -100.965381, 25.385068 ], [ -100.966881, 25.386409 ], [ -100.966627, 25.386883 ], [ -100.966732, 25.386933 ], [ -100.966635, 25.387532 ], [ -100.966809, 25.387565 ], [ -100.966253, 25.390071 ], [ -100.966359, 25.390079 ], [ -100.965392, 25.394586 ], [ -100.965328, 25.395352 ], [ -100.964699, 25.398633 ], [ -100.963975, 25.39807 ], [ -100.962501, 25.396668 ], [ -100.962096, 25.396468 ] ] ] } },
{ "type": "Feature", "properties": { "CVEGEO": "0503000014467", "NOM_MUN": "Saltillo", "COLONIA": "SUR ORIENTE", "POBTOT": 4712.0, "TVIVHAB": 1190.0, "PCT_ELECTRICIDAD": 99.831932773109244, "PCT_AGUA": 97.058823529411768, "PCT_DRENAJE": 97.983193277310917, "PCT_INTERNET": 74.033613445378151, "SERVICIOS_INDEX": 92.226890756302524, "MOTIVO_SIN_DATO": null }, "geometry": { "type": "Polygon", "coordinates": [ [ [ -100.976995, 25.39941 ], [ -100.977017, 25.398516 ], [ -100.977206, 25.398581 ], [ -100.977219, 25.398183 ], [ -100.976335, 25.398028 ], [ -100.976351, 25.397333 ], [ -100.976777, 25.397303 ], [ -100.976703, 25.396935 ], [ -100.975639, 25.39688 ], [ -100.975194, 25.395908 ], [ -100.975224, 25.395648 ], [ -100.976433, 25.395428 ], [ -100.976418, 25.395193 ], [ -100.976519, 25.394897 ], [ -100.977037, 25.393846 ], [ -100.977059, 25.393152 ], [ -100.977669, 25.392519 ], [ -100.978901, 25.393589 ], [ -100.979545, 25.393309 ], [ -100.979878, 25.393784 ], [ -100.980536, 25.393147 ], [ -100.980837, 25.393025 ], [ -100.981175, 25.39268 ], [ -100.982863, 25.394139 ], [ -100.982089, 25.394814 ], [ -100.983553, 25.396098 ], [ -100.983275, 25.396248 ], [ -100.983165, 25.396469 ], [ -100.982433, 25.397116 ], [ -100.983509, 25.398246 ], [ -100.982675, 25.398135 ], [ -100.982179, 25.399471 ], [ -100.982023, 25.400499 ], [ -100.981623, 25.401022 ], [ -100.981581, 25.40208 ], [ -100.981125, 25.402164 ], [ -100.980279, 25.40207 ], [ -100.977083, 25.401118 ], [ -100.977088, 25.40101 ], [ -100.976861, 25.400966 ], [ -100.976951, 25.400775 ], [ -100.976855, 25.400254 ], [ -100.976936, 25.399993 ], [ -100.976881, 25.399654 ], [ -100.976995, 25.39941 ] ] ] } },
{ "type": "Feature", "properties": { "CVEGEO": "0503000015130", "NOM_MUN": "Saltillo", "COLONIA": "LOMAS VERDES", "POBTOT": 3013.0, "TVIVHAB": 778.0, "PCT_ELECTRICIDAD": 100.0, "PCT_AGUA": 99.357326478149105, "PCT_DRENAJE": 100.0, "PCT_INTERNET": 64.010282776349612, "SERVICIOS_INDEX": 90.841902313624672, "MOTIVO_SIN_DATO": null }, "geometry": { "type": "Polygon", "coordinates": [ [ [ -100.981603, 25.380282 ], [ -100.978866, 25.377013 ], [ -100.977006, 25.378273 ], [ -100.976417, 25.377136 ], [ -100.975697, 25.376215 ], [ -100.975766, 25.375791 ], [ -100.979137, 25.37407 ], [ -100.980519, 25.375904 ], [ -100.980703, 25.375831 ], [ -100.980846, 25.376016 ], [ -100.981047, 25.375913 ], [ -100.981806, 25.37676 ], [ -100.981913, 25.376666 ], [ -100.98202, 25.376768 ], [ -100.981996, 25.377198 ], [ -100.982728, 25.378119 ], [ -100.982837, 25.378477 ], [ -100.983517, 25.378385 ], [ -100.983674, 25.378827 ], [ -100.983717, 25.379618 ], [ -100.984092, 25.380183 ], [ -100.983549, 25.380439 ], [ -100.982521, 25.381512 ], [ -100.981603, 25.380282 ] ] ] } },
{ "type": "Feature", "properties": { "CVEGEO": "0503000014537", "NOM_MUN": "Saltillo", "COLONIA": "LOMAS DE ZAPALINAMÉ", "POBTOT": 1429.0, "TVIVHAB": 353.0, "PCT_ELECTRICIDAD": 98.583569405099141, "PCT_AGUA": 98.300283286118983, "PCT_DRENAJE": 98.866855524079327, "PCT_INTERNET": 37.677053824362602, "SERVICIOS_INDEX": 83.356940509915006, "MOTIVO_SIN_DATO": null }, "geometry": { "type": "Polygon", "coordinates": [ [ [ -100.94775, 25.398733 ], [ -100.944691, 25.389157 ], [ -100.948785, 25.388196 ], [ -100.951152, 25.387124 ], [ -100.952193, 25.39039 ], [ -100.949155, 25.391168 ], [ -100.949455, 25.39211 ], [ -100.947939, 25.392512 ], [ -100.947615, 25.391586 ], [ -100.947133, 25.391716 ], [ -100.948038, 25.394433 ], [ -100.947247, 25.394616 ], [ -100.947244, 25.394704 ], [ -100.947431, 25.395347 ], [ -100.947882, 25.39619 ], [ -100.948054, 25.397123 ], [ -100.948489, 25.398579 ], [ -100.94775, 25.398733 ] ] ] } },
{ "type": "Feature", "properties": { "CVEGEO": "0503000013168", "NOM_MUN": "Saltillo", "COLONIA": "JARDINES DE VERSALLES", "POBTOT": 1627.0, "TVIVHAB": 473.0, "PCT_ELECTRICIDAD": 99.577167019027485, "PCT_AGUA": 99.577167019027485, "PCT_DRENAJE": 98.731501057082454, "PCT_INTERNET": 95.560253699788589, "SERVICIOS_INDEX": 98.361522198731492, "MOTIVO_SIN_DATO": null }, "geometry": { "type": "Polygon", "coordinates": [ [ [ -100.946306, 25.494953 ], [ -100.942319, 25.491902 ], [ -100.938787, 25.489401 ], [ -100.93767, 25.488976 ], [ -100.936846, 25.491607 ], [ -100.936054, 25.493125 ], [ -100.935359, 25.494153 ], [ -100.935706, 25.49242 ], [ -100.93716, 25.486896 ], [ -100.937673, 25.48607 ], [ -100.938585, 25.484244 ], [ -100.941326, 25.480108 ], [ -100.943711, 25.477455 ], [ -100.944554, 25.476286 ], [ -100.945103, 25.475139 ], [ -100.945548, 25.473605 ], [ -100.945755, 25.473287 ], [ -100.948139, 25.47129 ], [ -100.951023, 25.473789 ], [ -100.959388, 25.479811 ], [ -100.960702, 25.480669 ], [ -100.962632, 25.481594 ], [ -100.96226, 25.482045 ], [ -100.96219, 25.482308 ], [ -100.962007, 25.482521 ], [ -100.960855, 25.483373 ], [ -100.960681, 25.483735 ], [ -100.96108, 25.484113 ], [ -100.960928, 25.484623 ], [ -100.960966, 25.485027 ], [ -100.961183, 25.485512 ], [ -100.961533, 25.486108 ], [ -100.962187, 25.486846 ], [ -100.96238, 25.487203 ], [ -100.962281, 25.487451 ], [ -100.961873, 25.487845 ], [ -100.96142, 25.488538 ], [ -100.9609, 25.488803 ], [ -100.960309, 25.488851 ], [ -100.959652, 25.489161 ], [ -100.959424, 25.489336 ], [ -100.958905, 25.489997 ], [ -100.958554, 25.49117 ], [ -100.95849, 25.492657 ], [ -100.9583, 25.492304 ], [ -100.958089, 25.492135 ], [ -100.956977, 25.489148 ], [ -100.956234, 25.488229 ], [ -100.955614, 25.486998 ], [ -100.953681, 25.487723 ], [ -100.951001, 25.488973 ], [ -100.95042, 25.490096 ], [ -100.949843, 25.491769 ], [ -100.949698, 25.492476 ], [ -100.949775, 25.492611 ], [ -100.950489, 25.492915 ], [ -100.950146, 25.493324 ], [ -100.948829, 25.492972 ], [ -100.94971, 25.490212 ], [ -100.94866, 25.488729 ], [ -100.947657, 25.489731 ], [ -100.947396, 25.489475 ], [ -100.946969, 25.489551 ], [ -100.946919, 25.489431 ], [ -100.94684, 25.489452 ], [ -100.946902, 25.489599 ], [ -100.946196, 25.489559 ], [ -100.945318, 25.489241 ], [ -100.943675, 25.489467 ], [ -100.943924, 25.490273 ], [ -100.944042, 25.490346 ], [ -100.944328, 25.490299 ], [ -100.944615, 25.490491 ], [ -100.946976, 25.492413 ], [ -100.945796, 25.493381 ], [ -100.946115, 25.493701 ], [ -100.946319, 25.494081 ], [ -100.946306, 25.494953 ] ] ] } },
{ "type": "Feature", "properties": { "CVEGEO": "0503000013736", "NOM_MUN": "Saltillo", "COLONIA": "LOS VALDÉS I", "POBTOT": 11.0, "TVIVHAB": 3.0, "PCT_ELECTRICIDAD": 100.0, "PCT_AGUA": 100.0, "PCT_DRENAJE": 100.0, "PCT_INTERNET": null, "SERVICIOS_INDEX": 100.0, "MOTIVO_SIN_DATO": null }, "geometry": { "type": "Polygon", "coordinates": [ [ [ -100.94759, 25.522461 ], [ -100.946345, 25.521519 ], [ -100.945744, 25.520197 ], [ -100.94564, 25.518677 ], [ -100.946036, 25.518001 ], [ -100.946645, 25.515788 ], [ -100.948219, 25.512089 ], [ -100.948267, 25.510635 ], [ -100.952402, 25.505461 ], [ -100.95189, 25.504871 ], [ -100.950412, 25.503542 ], [ -100.950415, 25.503476 ], [ -100.952521, 25.501403 ], [ -100.954211, 25.500551 ], [ -100.955376, 25.501505 ], [ -100.956407, 25.502012 ], [ -100.956915, 25.502061 ], [ -100.95855, 25.501895 ], [ -100.960326, 25.501982 ], [ -100.960626, 25.502133 ], [ -100.96128, 25.502777 ], [ -100.960939, 25.503466 ], [ -100.960795, 25.504259 ], [ -100.961141, 25.507974 ], [ -100.961026, 25.509256 ], [ -100.960645, 25.510474 ], [ -100.960189, 25.511127 ], [ -100.953715, 25.522751 ], [ -100.952307, 25.522425 ], [ -100.951692, 25.522623 ], [ -100.950438, 25.522818 ], [ -100.948995, 25.522915 ], [ -100.948087, 25.522746 ], [ -100.94759, 25.522461 ] ] ] } },
{ "type": "Feature", "properties": { "CVEGEO": "0503000014433", "NOM_MUN": "Saltillo", "COLONIA": "EL CERRITO", "POBTOT": 5063.0, "TVIVHAB": 1195.0, "PCT_ELECTRICIDAD": 99.581589958159, "PCT_AGUA": 98.326359832635973, "PCT_DRENAJE": 99.665271966527186, "PCT_INTERNET": 50.962343096234306, "SERVICIOS_INDEX": 87.13389121338912, "MOTIVO_SIN_DATO": null }, "geometry": { "type": "Polygon", "coordinates": [ [ [ -100.954522, 25.403794 ], [ -100.954268, 25.403412 ], [ -100.95417, 25.403156 ], [ -100.954129, 25.402617 ], [ -100.953795, 25.402017 ], [ -100.953801, 25.401262 ], [ -100.953705, 25.401206 ], [ -100.953685, 25.401064 ], [ -100.953952, 25.400011 ], [ -100.954221, 25.399438 ], [ -100.954179, 25.398298 ], [ -100.954335, 25.397526 ], [ -100.954415, 25.397288 ], [ -100.955093, 25.39678 ], [ -100.95517, 25.396614 ], [ -100.955149, 25.39648 ], [ -100.954833, 25.3962 ], [ -100.954697, 25.395535 ], [ -100.954741, 25.395269 ], [ -100.95478, 25.395191 ], [ -100.956075, 25.394848 ], [ -100.956322, 25.395641 ], [ -100.956874, 25.395582 ], [ -100.956886, 25.395654 ], [ -100.957389, 25.395595 ], [ -100.957312, 25.395129 ], [ -100.958074, 25.395163 ], [ -100.958519, 25.397384 ], [ -100.957472, 25.39758 ], [ -100.958599, 25.403068 ], [ -100.959714, 25.403237 ], [ -100.959683, 25.403881 ], [ -100.959064, 25.403879 ], [ -100.959072, 25.403783 ], [ -100.95855, 25.40368 ], [ -100.955144, 25.403224 ], [ -100.955101, 25.403892 ], [ -100.954522, 25.403794 ] ] ] } },
{ "type": "Feature", "properties": { "CVEGEO": "050300001472A", "NOM_MUN": "Saltillo", "COLONIA": "LOMAS LOURDES", "POBTOT": 1279.0, "TVIVHAB": 373.0, "PCT_ELECTRICIDAD": 100.0, "PCT_AGUA": 99.463806970509381, "PCT_DRENAJE": 100.0, "PCT_INTERNET": 75.335120643431637, "SERVICIOS_INDEX": 93.699731903485258, "MOTIVO_SIN_DATO": null }, "geometry": { "type": "Polygon", "coordinates": [ [ [ -100.978367, 25.369934 ], [ -100.977956, 25.369376 ], [ -100.977941, 25.36923 ], [ -100.977001, 25.367854 ], [ -100.97685, 25.36735 ], [ -100.97655, 25.366868 ], [ -100.976507, 25.366652 ], [ -100.976137, 25.366137 ], [ -100.975436, 25.365586 ], [ -100.975315, 25.365274 ], [ -100.975075, 25.365077 ], [ -100.974595, 25.364336 ], [ -100.974, 25.362652 ], [ -100.973955, 25.362411 ], [ -100.974175, 25.362252 ], [ -100.974336, 25.362487 ], [ -100.974783, 25.362446 ], [ -100.97532, 25.362792 ], [ -100.975502, 25.363113 ], [ -100.976469, 25.363901 ], [ -100.976621, 25.364267 ], [ -100.976913, 25.364671 ], [ -100.978553, 25.365174 ], [ -100.979872, 25.36716 ], [ -100.980603, 25.367839 ], [ -100.981576, 25.366615 ], [ -100.982054, 25.366613 ], [ -100.982359, 25.366125 ], [ -100.982075, 25.36575 ], [ -100.982196, 25.365647 ], [ -100.9826, 25.365479 ], [ -100.984312, 25.365153 ], [ -100.984758, 25.365248 ], [ -100.985676, 25.365124 ], [ -100.986034, 25.365804 ], [ -100.986461, 25.36707 ], [ -100.9859, 25.368356 ], [ -100.985895, 25.3691 ], [ -100.986074, 25.36977 ], [ -100.984283, 25.369612 ], [ -100.983301, 25.369684 ], [ -100.983519, 25.370367 ], [ -100.983513, 25.370721 ], [ -100.982968, 25.371742 ], [ -100.982471, 25.372166 ], [ -100.982179, 25.372569 ], [ -100.982078, 25.372979 ], [ -100.981737, 25.373292 ], [ -100.982342, 25.374511 ], [ -100.982232, 25.37574 ], [ -100.982954, 25.377267 ], [ -100.982983, 25.377465 ], [ -100.982414, 25.376966 ], [ -100.981856, 25.376079 ], [ -100.980856, 25.375568 ], [ -100.980478, 25.37521 ], [ -100.979782, 25.373735 ], [ -100.979481, 25.37215 ], [ -100.978846, 25.370857 ], [ -100.978961, 25.370799 ], [ -100.978847, 25.370303 ], [ -100.978367, 25.369934 ] ] ] } },
{ "type": "Feature", "properties": { "CVEGEO": "0503000014503", "NOM_MUN": "Saltillo", "COLONIA": "NUEVO PROGRESO", "POBTOT": 3559.0, "TVIVHAB": 846.0, "PCT_ELECTRICIDAD": 99.054373522458633, "PCT_AGUA": 98.699763593380624, "PCT_DRENAJE": 98.817966903073284, "PCT_INTERNET": 44.680851063829785, "SERVICIOS_INDEX": 85.313238770685587, "MOTIVO_SIN_DATO": null }, "geometry": { "type": "Polygon", "coordinates": [ [ [ -100.949778, 25.405044 ], [ -100.94775, 25.398733 ], [ -100.950026, 25.398225 ], [ -100.949505, 25.396632 ], [ -100.949637, 25.396502 ], [ -100.95478, 25.395191 ], [ -100.954697, 25.395535 ], [ -100.954833, 25.3962 ], [ -100.955149, 25.39648 ], [ -100.95517, 25.396614 ], [ -100.955093, 25.39678 ], [ -100.954415, 25.397288 ], [ -100.954335, 25.397526 ], [ -100.954179, 25.398298 ], [ -100.954221, 25.399438 ], [ -100.953952, 25.400011 ], [ -100.953685, 25.401064 ], [ -100.953705, 25.401206 ], [ -100.953801, 25.401262 ], [ -100.953795, 25.402017 ], [ -100.954082, 25.402488 ], [ -100.95417, 25.403156 ], [ -100.954268, 25.403412 ], [ -100.95446, 25.403617 ], [ -100.954593, 25.404057 ], [ -100.952812, 25.404498 ], [ -100.952775, 25.404603 ], [ -100.952243, 25.404825 ], [ -100.951796, 25.404561 ], [ -100.949778, 25.405044 ] ] ] } },
{ "type": "Feature", "properties": { "CVEGEO": "0503000014734", "NOM_MUN": "Saltillo", "COLONIA": "LOMAS LOURDES", "POBTOT": 761.0, "TVIVHAB": 221.0, "PCT_ELECTRICIDAD": 100.0, "PCT_AGUA": 99.547511312217196, "PCT_DRENAJE": 100.0, "PCT_INTERNET": 74.660633484162901, "SERVICIOS_INDEX": 93.552036199095028, "MOTIVO_SIN_DATO": null }, "geometry": { "type": "Polygon", "coordinates": [ [ [ -100.978553, 25.365174 ], [ -100.976913, 25.364671 ], [ -100.976621, 25.364267 ], [ -100.976469, 25.363901 ], [ -100.975502, 25.363113 ], [ -100.97532, 25.362792 ], [ -100.974783, 25.362446 ], [ -100.974336, 25.362487 ], [ -100.973858, 25.361726 ], [ -100.973395, 25.360531 ], [ -100.972119, 25.359236 ], [ -100.971844, 25.358412 ], [ -100.971332, 25.358466 ], [ -100.970858, 25.358153 ], [ -100.971273, 25.357665 ], [ -100.971967, 25.357674 ], [ -100.972295, 25.357324 ], [ -100.972493, 25.357231 ], [ -100.973166, 25.357479 ], [ -100.973388, 25.357478 ], [ -100.973608, 25.357315 ], [ -100.973861, 25.356648 ], [ -100.974047, 25.356566 ], [ -100.974249, 25.35663 ], [ -100.974846, 25.357121 ], [ -100.975218, 25.357229 ], [ -100.975613, 25.357086 ], [ -100.97599, 25.356618 ], [ -100.976221, 25.356511 ], [ -100.976582, 25.356489 ], [ -100.977161, 25.356771 ], [ -100.977674, 25.356897 ], [ -100.978206, 25.356854 ], [ -100.978677, 25.356562 ], [ -100.979332, 25.356646 ], [ -100.980293, 25.356936 ], [ -100.980284, 25.357045 ], [ -100.979788, 25.357146 ], [ -100.97888, 25.357116 ], [ -100.978552, 25.35749 ], [ -100.97833, 25.357582 ], [ -100.977548, 25.357703 ], [ -100.977148, 25.357958 ], [ -100.976672, 25.358129 ], [ -100.976091, 25.358065 ], [ -100.976903, 25.35844 ], [ -100.977567, 25.358519 ], [ -100.977671, 25.358466 ], [ -100.977696, 25.358175 ], [ -100.977807, 25.358083 ], [ -100.978433, 25.358216 ], [ -100.979106, 25.357763 ], [ -100.979574, 25.35796 ], [ -100.980003, 25.357995 ], [ -100.980748, 25.357873 ], [ -100.981129, 25.357666 ], [ -100.981274, 25.357682 ], [ -100.981374, 25.357733 ], [ -100.981304, 25.358149 ], [ -100.981392, 25.358501 ], [ -100.981965, 25.359343 ], [ -100.983647, 25.360631 ], [ -100.984115, 25.360821 ], [ -100.985058, 25.360943 ], [ -100.98554, 25.361386 ], [ -100.98559, 25.362237 ], [ -100.985322, 25.363302 ], [ -100.985588, 25.365044 ], [ -100.985676, 25.365124 ], [ -100.984758, 25.365248 ], [ -100.984312, 25.365153 ], [ -100.9826, 25.365479 ], [ -100.982196, 25.365647 ], [ -100.982075, 25.36575 ], [ -100.982359, 25.366125 ], [ -100.982054, 25.366613 ], [ -100.981576, 25.366615 ], [ -100.980603, 25.367839 ], [ -100.980001, 25.367322 ], [ -100.978553, 25.365174 ] ] ] } },
{ "type": "Feature", "properties": { "CVEGEO": "0503000014344", "NOM_MUN": "Saltillo", "COLONIA": "5 DE MAYO", "POBTOT": 2173.0, "TVIVHAB": 515.0, "PCT_ELECTRICIDAD": 100.0, "PCT_AGUA": 100.0, "PCT_DRENAJE": 99.805825242718456, "PCT_INTERNET": 62.524271844660198, "SERVICIOS_INDEX": 90.582524271844662, "MOTIVO_SIN_DATO": null }, "geometry": { "type": "Polygon", "coordinates": [ [ [ -101.021052, 25.408896 ], [ -101.021899, 25.407768 ], [ -101.022285, 25.407383 ], [ -101.023811, 25.406278 ], [ -101.025731, 25.405223 ], [ -101.028252, 25.402601 ], [ -101.028637, 25.402833 ], [ -101.029048, 25.402813 ], [ -101.030206, 25.402045 ], [ -101.03108, 25.401753 ], [ -101.031588, 25.401832 ], [ -101.031828, 25.402127 ], [ -101.031866, 25.402195 ], [ -101.031749, 25.402272 ], [ -101.031002, 25.402309 ], [ -101.030025, 25.402701 ], [ -101.029901, 25.402956 ], [ -101.029952, 25.40349 ], [ -101.029721, 25.403987 ], [ -101.029487, 25.404133 ], [ -101.029044, 25.404248 ], [ -101.028649, 25.404634 ], [ -101.028118, 25.405453 ], [ -101.027825, 25.406507 ], [ -101.027557, 25.407138 ], [ -101.026818, 25.407843 ], [ -101.025457, 25.406841 ], [ -101.024565, 25.40741 ], [ -101.024297, 25.407734 ], [ -101.023985, 25.408348 ], [ -101.024643, 25.409442 ], [ -101.022684, 25.409779 ], [ -101.022714, 25.409719 ], [ -101.021052, 25.408896 ] ] ] } },
{ "type": "Feature", "properties": { "CVEGEO": "050300001383A", "NOM_MUN": "Saltillo", "COLONIA": "JARDINES DE LOS BOSQUES", "POBTOT": 6087.0, "TVIVHAB": 1644.0, "PCT_ELECTRICIDAD": 99.756690997566906, "PCT_AGUA": 98.479318734793182, "PCT_DRENAJE": 100.0, "PCT_INTERNET": 60.036496350364963, "SERVICIOS_INDEX": 89.568126520681275, "MOTIVO_SIN_DATO": null }, "geometry": { "type": "Polygon", "coordinates": [ [ [ -100.908654, 25.455459 ], [ -100.906248, 25.454868 ], [ -100.906012, 25.454465 ], [ -100.90446, 25.449979 ], [ -100.902467, 25.443788 ], [ -100.907056, 25.443132 ], [ -100.909008, 25.449945 ], [ -100.908992, 25.450084 ], [ -100.910489, 25.454988 ], [ -100.911261, 25.454801 ], [ -100.911388, 25.455249 ], [ -100.910743, 25.455397 ], [ -100.910577, 25.455277 ], [ -100.91017, 25.455676 ], [ -100.908654, 25.455459 ] ] ] } },
{ "type": "Feature", "properties": { "CVEGEO": "0503000014359", "NOM_MUN": "Saltillo", "COLONIA": "SANTA TERESA", "POBTOT": 2768.0, "TVIVHAB": 670.0, "PCT_ELECTRICIDAD": 99.701492537313428, "PCT_AGUA": 98.059701492537314, "PCT_DRENAJE": 99.402985074626869, "PCT_INTERNET": 72.985074626865682, "SERVICIOS_INDEX": 92.53731343283583, "MOTIVO_SIN_DATO": null }, "geometry": { "type": "Polygon", "coordinates": [ [ [ -101.026818, 25.407843 ], [ -101.027557, 25.407138 ], [ -101.027825, 25.406507 ], [ -101.028118, 25.405453 ], [ -101.028649, 25.404634 ], [ -101.029044, 25.404248 ], [ -101.029487, 25.404133 ], [ -101.029721, 25.403987 ], [ -101.029952, 25.40349 ], [ -101.029901, 25.402956 ], [ -101.030025, 25.402701 ], [ -101.031002, 25.402309 ], [ -101.031749, 25.402272 ], [ -101.032301, 25.402073 ], [ -101.032379, 25.401939 ], [ -101.032269, 25.40142 ], [ -101.032377, 25.401162 ], [ -101.032487, 25.401069 ], [ -101.033337, 25.400825 ], [ -101.033561, 25.400656 ], [ -101.033648, 25.400149 ], [ -101.033506, 25.39964 ], [ -101.034778, 25.399422 ], [ -101.035214, 25.399438 ], [ -101.036222, 25.399589 ], [ -101.036839, 25.39977 ], [ -101.036337, 25.400276 ], [ -101.035906, 25.400904 ], [ -101.034546, 25.404715 ], [ -101.033389, 25.406305 ], [ -101.03217, 25.407425 ], [ -101.02981, 25.408509 ], [ -101.024643, 25.409442 ], [ -101.023985, 25.408348 ], [ -101.024297, 25.407734 ], [ -101.024565, 25.40741 ], [ -101.025457, 25.406841 ], [ -101.026818, 25.407843 ] ] ] } },
{ "type": "Feature", "properties": { "CVEGEO": "050300001579A", "NOM_MUN": "Saltillo", "COLONIA": "NUEVO MIRASIERRA", "POBTOT": 4216.0, "TVIVHAB": 1148.0, "PCT_ELECTRICIDAD": 99.825783972125436, "PCT_AGUA": 99.651567944250871, "PCT_DRENAJE": 100.0, "PCT_INTERNET": 64.808362369337985, "SERVICIOS_INDEX": 91.071428571428569, "MOTIVO_SIN_DATO": null }, "geometry": { "type": "Polygon", "coordinates": [ [ [ -100.915938, 25.407384 ], [ -100.915612, 25.407322 ], [ -100.915203, 25.407386 ], [ -100.914574, 25.407347 ], [ -100.913929, 25.406881 ], [ -100.912882, 25.406591 ], [ -100.912197, 25.404435 ], [ -100.912618, 25.404344 ], [ -100.912422, 25.403842 ], [ -100.915679, 25.402597 ], [ -100.918369, 25.40135 ], [ -100.918813, 25.401954 ], [ -100.91703, 25.40276 ], [ -100.918139, 25.406481 ], [ -100.918616, 25.406341 ], [ -100.91876, 25.406793 ], [ -100.919589, 25.406536 ], [ -100.91956, 25.407383 ], [ -100.918762, 25.408527 ], [ -100.919, 25.409417 ], [ -100.918175, 25.409512 ], [ -100.91766, 25.409207 ], [ -100.917663, 25.40907 ], [ -100.917029, 25.408916 ], [ -100.916941, 25.408548 ], [ -100.916172, 25.407564 ], [ -100.915938, 25.407384 ] ] ] } },
{ "type": "Feature", "properties": { "CVEGEO": "0503000011335", "NOM_MUN": "Saltillo", "COLONIA": "LOS PARQUES", "POBTOT": 797.0, "TVIVHAB": 288.0, "PCT_ELECTRICIDAD": 99.652777777777786, "PCT_AGUA": 99.652777777777786, "PCT_DRENAJE": 99.652777777777786, "PCT_INTERNET": 88.194444444444443, "SERVICIOS_INDEX": 96.788194444444457, "MOTIVO_SIN_DATO": null }, "geometry": { "type": "Polygon", "coordinates": [ [ [ -100.980176, 25.465983 ], [ -100.977713, 25.45767 ], [ -100.977516, 25.457274 ], [ -100.973364, 25.45175 ], [ -100.974811, 25.451323 ], [ -100.975307, 25.450846 ], [ -100.97672, 25.451209 ], [ -100.978585, 25.452781 ], [ -100.978765, 25.452616 ], [ -100.980418, 25.453245 ], [ -100.98079, 25.453137 ], [ -100.982089, 25.451224 ], [ -100.983756, 25.452268 ], [ -100.984853, 25.452753 ], [ -100.984188, 25.45407 ], [ -100.984952, 25.454377 ], [ -100.984598, 25.45512 ], [ -100.985378, 25.455435 ], [ -100.980176, 25.465983 ] ] ] } },
{ "type": "Feature", "properties": { "CVEGEO": "0503000012047", "NOM_MUN": "Saltillo", "COLONIA": "LATINOAMERICANA", "POBTOT": 1420.0, "TVIVHAB": 515.0, "PCT_ELECTRICIDAD": 99.805825242718456, "PCT_AGUA": 99.611650485436897, "PCT_DRENAJE": 99.805825242718456, "PCT_INTERNET": 87.378640776699029, "SERVICIOS_INDEX": 96.650485436893206, "MOTIVO_SIN_DATO": null }, "geometry": { "type": "Polygon", "coordinates": [ [ [ -100.978765, 25.452616 ], [ -100.981987, 25.449554 ], [ -100.982453, 25.449936 ], [ -100.983852, 25.449114 ], [ -100.984003, 25.44896 ], [ -100.98495, 25.44703 ], [ -100.979906, 25.445079 ], [ -100.980643, 25.443561 ], [ -100.989449, 25.447061 ], [ -100.985378, 25.455435 ], [ -100.984598, 25.45512 ], [ -100.984952, 25.454377 ], [ -100.984188, 25.45407 ], [ -100.984853, 25.452753 ], [ -100.983756, 25.452268 ], [ -100.982089, 25.451224 ], [ -100.98079, 25.453137 ], [ -100.980418, 25.453245 ], [ -100.978765, 25.452616 ] ] ] } },
{ "type": "Feature", "properties": { "CVEGEO": "050300001465A", "NOM_MUN": "Saltillo", "COLONIA": "AMISTAD", "POBTOT": 1732.0, "TVIVHAB": 453.0, "PCT_ELECTRICIDAD": 100.0, "PCT_AGUA": 99.779249448123622, "PCT_DRENAJE": 100.0, "PCT_INTERNET": 67.328918322295806, "SERVICIOS_INDEX": 91.777041942604853, "MOTIVO_SIN_DATO": null }, "geometry": { "type": "Polygon", "coordinates": [ [ [ -100.936639, 25.405531 ], [ -100.936925, 25.405469 ], [ -100.935713, 25.402014 ], [ -100.937901, 25.401329 ], [ -100.939063, 25.404904 ], [ -100.938563, 25.405041 ], [ -100.938837, 25.405918 ], [ -100.936925, 25.406437 ], [ -100.936639, 25.405531 ] ] ] } },
{ "type": "Feature", "properties": { "CVEGEO": "0503000011570", "NOM_MUN": "Saltillo", "COLONIA": "LAS MARAVILLAS", "POBTOT": 4165.0, "TVIVHAB": 1224.0, "PCT_ELECTRICIDAD": 99.91830065359477, "PCT_AGUA": 99.346405228758172, "PCT_DRENAJE": 99.673202614379079, "PCT_INTERNET": 77.287581699346404, "SERVICIOS_INDEX": 94.056372549019599, "MOTIVO_SIN_DATO": null }, "geometry": { "type": "Polygon", "coordinates": [ [ [ -100.958041, 25.426657 ], [ -100.95482, 25.41656 ], [ -100.953702, 25.416869 ], [ -100.951982, 25.411412 ], [ -100.954365, 25.411441 ], [ -100.95442, 25.411343 ], [ -100.955946, 25.410975 ], [ -100.958344, 25.411132 ], [ -100.960014, 25.410882 ], [ -100.95967, 25.412123 ], [ -100.95967, 25.412811 ], [ -100.959835, 25.413924 ], [ -100.960179, 25.414366 ], [ -100.960321, 25.414751 ], [ -100.961301, 25.416264 ], [ -100.961718, 25.41727 ], [ -100.962389, 25.418163 ], [ -100.963058, 25.418889 ], [ -100.963267, 25.419248 ], [ -100.963302, 25.419622 ], [ -100.963966, 25.421115 ], [ -100.963915, 25.421381 ], [ -100.964005, 25.421777 ], [ -100.964178, 25.421996 ], [ -100.964456, 25.422762 ], [ -100.964497, 25.424234 ], [ -100.965171, 25.425085 ], [ -100.965195, 25.425916 ], [ -100.965011, 25.426569 ], [ -100.964974, 25.427109 ], [ -100.964587, 25.427972 ], [ -100.957723, 25.428943 ], [ -100.957794, 25.428643 ], [ -100.957296, 25.426855 ], [ -100.958041, 25.426657 ] ] ] } },
{ "type": "Feature", "properties": { "CVEGEO": "0503000011621", "NOM_MUN": "Saltillo", "COLONIA": "CENTRO METROPOLITANO", "POBTOT": 26.0, "TVIVHAB": 5.0, "PCT_ELECTRICIDAD": 0.0, "PCT_AGUA": 0.0, "PCT_DRENAJE": 0.0, "PCT_INTERNET": 0.0, "SERVICIOS_INDEX": 0.0, "MOTIVO_SIN_DATO": null }, "geometry": { "type": "Polygon", "coordinates": [ [ [ -100.960014, 25.410882 ], [ -100.961364, 25.410914 ], [ -100.962034, 25.411058 ], [ -100.96289, 25.411406 ], [ -100.963505, 25.411797 ], [ -100.964985, 25.413048 ], [ -100.967249, 25.414261 ], [ -100.968112, 25.414536 ], [ -100.969333, 25.414686 ], [ -100.973427, 25.414297 ], [ -100.97408, 25.414348 ], [ -100.97486, 25.414521 ], [ -100.976386, 25.415038 ], [ -100.970661, 25.420763 ], [ -100.970031, 25.42046 ], [ -100.969328, 25.420477 ], [ -100.968657, 25.421164 ], [ -100.967858, 25.42236 ], [ -100.967423, 25.423189 ], [ -100.966337, 25.424087 ], [ -100.965237, 25.425107 ], [ -100.965202, 25.425239 ], [ -100.965121, 25.424984 ], [ -100.964497, 25.424234 ], [ -100.964456, 25.422762 ], [ -100.964178, 25.421996 ], [ -100.964005, 25.421777 ], [ -100.963915, 25.421381 ], [ -100.963966, 25.421115 ], [ -100.963302, 25.419622 ], [ -100.963267, 25.419248 ], [ -100.963058, 25.418889 ], [ -100.962389, 25.418163 ], [ -100.961718, 25.41727 ], [ -100.961301, 25.416264 ], [ -100.960321, 25.414751 ], [ -100.960179, 25.414366 ], [ -100.959835, 25.413924 ], [ -100.95967, 25.412811 ], [ -100.95967, 25.412123 ], [ -100.960014, 25.410882 ] ] ] } },
{ "type": "Feature", "properties": { "CVEGEO": "0503000014791", "NOM_MUN": "Saltillo", "COLONIA": "SUR ORIENTE III", "POBTOT": 864.0, "TVIVHAB": 205.0, "PCT_ELECTRICIDAD": 100.0, "PCT_AGUA": 98.536585365853654, "PCT_DRENAJE": 98.536585365853654, "PCT_INTERNET": 40.975609756097562, "SERVICIOS_INDEX": 84.512195121951223, "MOTIVO_SIN_DATO": null }, "geometry": { "type": "Polygon", "coordinates": [ [ [ -100.975327, 25.395052 ], [ -100.975367, 25.394637 ], [ -100.975223, 25.393569 ], [ -100.97532, 25.392966 ], [ -100.975451, 25.392685 ], [ -100.975268, 25.391472 ], [ -100.974217, 25.391268 ], [ -100.974104, 25.391709 ], [ -100.97365, 25.391577 ], [ -100.973437, 25.392416 ], [ -100.973367, 25.39149 ], [ -100.97389, 25.389313 ], [ -100.973698, 25.389154 ], [ -100.973645, 25.388891 ], [ -100.973465, 25.388818 ], [ -100.973706, 25.388739 ], [ -100.97418, 25.389525 ], [ -100.974536, 25.389796 ], [ -100.975406, 25.389879 ], [ -100.976218, 25.390076 ], [ -100.975929, 25.390357 ], [ -100.976165, 25.390636 ], [ -100.97656, 25.390892 ], [ -100.976339, 25.391081 ], [ -100.975984, 25.391792 ], [ -100.975997, 25.392589 ], [ -100.975835, 25.393409 ], [ -100.976102, 25.394209 ], [ -100.976103, 25.394699 ], [ -100.975521, 25.395103 ], [ -100.975327, 25.395052 ] ] ] } },
{ "type": "Feature", "properties": { "CVEGEO": "0503000014946", "NOM_MUN": "Saltillo", "COLONIA": "PUERTA DEL REY", "POBTOT": 6005.0, "TVIVHAB": 1724.0, "PCT_ELECTRICIDAD": 99.88399071925754, "PCT_AGUA": 99.709976798143856, "PCT_DRENAJE": 99.88399071925754, "PCT_INTERNET": 71.461716937354993, "SERVICIOS_INDEX": 92.734918793503482, "MOTIVO_SIN_DATO": null }, "geometry": { "type": "Polygon", "coordinates": [ [ [ -100.914423, 25.455865 ], [ -100.912884, 25.455786 ], [ -100.912336, 25.455653 ], [ -100.912294, 25.455512 ], [ -100.911535, 25.455615 ], [ -100.911261, 25.454801 ], [ -100.910489, 25.454988 ], [ -100.908992, 25.450084 ], [ -100.909008, 25.449945 ], [ -100.907056, 25.443132 ], [ -100.912866, 25.442322 ], [ -100.914423, 25.455865 ] ] ] } },
{ "type": "Feature", "properties": { "CVEGEO": "0503000015588", "NOM_MUN": "Saltillo", "COLONIA": "PUERTA DEL ORIENTE", "POBTOT": 2026.0, "TVIVHAB": 504.0, "PCT_ELECTRICIDAD": 99.404761904761912, "PCT_AGUA": 98.015873015873012, "PCT_DRENAJE": 98.611111111111114, "PCT_INTERNET": 41.666666666666671, "SERVICIOS_INDEX": 84.424603174603178, "MOTIVO_SIN_DATO": null }, "geometry": { "type": "Polygon", "coordinates": [ [ [ -100.90154, 25.41658 ], [ -100.900656, 25.413636 ], [ -100.902355, 25.41312 ], [ -100.901962, 25.412009 ], [ -100.900325, 25.408108 ], [ -100.900609, 25.408023 ], [ -100.900442, 25.407657 ], [ -100.901483, 25.407322 ], [ -100.901953, 25.408621 ], [ -100.902528, 25.408448 ], [ -100.902063, 25.407142 ], [ -100.902495, 25.407008 ], [ -100.903454, 25.409831 ], [ -100.903075, 25.409936 ], [ -100.903651, 25.411506 ], [ -100.904074, 25.411399 ], [ -100.906139, 25.417394 ], [ -100.904091, 25.417998 ], [ -100.90586, 25.422886 ], [ -100.903882, 25.423483 ], [ -100.90154, 25.41658 ] ] ] } },
{ "type": "Feature", "properties": { "CVEGEO": "0503000014185", "NOM_MUN": "Saltillo", "COLONIA": "LA MINITA", "POBTOT": 57.0, "TVIVHAB": 17.0, "PCT_ELECTRICIDAD": 100.0, "PCT_AGUA": 82.35294117647058, "PCT_DRENAJE": 94.117647058823522, "PCT_INTERNET": 47.058823529411761, "SERVICIOS_INDEX": 80.882352941176464, "MOTIVO_SIN_DATO": null }, "geometry": { "type": "Polygon", "coordinates": [ [ [ -101.046606, 25.411492 ], [ -101.046794, 25.411023 ], [ -101.047064, 25.410896 ], [ -101.047137, 25.410703 ], [ -101.046894, 25.410651 ], [ -101.046586, 25.410299 ], [ -101.046427, 25.409849 ], [ -101.046353, 25.408964 ], [ -101.046193, 25.408486 ], [ -101.045628, 25.408137 ], [ -101.045528, 25.407562 ], [ -101.045271, 25.407565 ], [ -101.04463, 25.408002 ], [ -101.044449, 25.408004 ], [ -101.044263, 25.407854 ], [ -101.043726, 25.406413 ], [ -101.043643, 25.405235 ], [ -101.043496, 25.404937 ], [ -101.042698, 25.404277 ], [ -101.042742, 25.404032 ], [ -101.043412, 25.402899 ], [ -101.04334, 25.402398 ], [ -101.043181, 25.402174 ], [ -101.04315, 25.401909 ], [ -101.043504, 25.401458 ], [ -101.04377, 25.401307 ], [ -101.044701, 25.401671 ], [ -101.045283, 25.401746 ], [ -101.046103, 25.401742 ], [ -101.047052, 25.401539 ], [ -101.047334, 25.401795 ], [ -101.047748, 25.401885 ], [ -101.047855, 25.402054 ], [ -101.047845, 25.402271 ], [ -101.048639, 25.402798 ], [ -101.048811, 25.402511 ], [ -101.049788, 25.402918 ], [ -101.050319, 25.402269 ], [ -101.051233, 25.402808 ], [ -101.05027, 25.403753 ], [ -101.049855, 25.403483 ], [ -101.049036, 25.404133 ], [ -101.04943, 25.404609 ], [ -101.049506, 25.404853 ], [ -101.04997, 25.405381 ], [ -101.050658, 25.405636 ], [ -101.050895, 25.405838 ], [ -101.052083, 25.40736 ], [ -101.052201, 25.407861 ], [ -101.052345, 25.408102 ], [ -101.053027, 25.4086 ], [ -101.05235, 25.409051 ], [ -101.052083, 25.410022 ], [ -101.05159, 25.411278 ], [ -101.050908, 25.411896 ], [ -101.049807, 25.411168 ], [ -101.049025, 25.411274 ], [ -101.048741, 25.411429 ], [ -101.048627, 25.411869 ], [ -101.048512, 25.411946 ], [ -101.046712, 25.412451 ], [ -101.046587, 25.412165 ], [ -101.046606, 25.411492 ] ] ] } },
{ "type": "Feature", "properties": { "CVEGEO": "0503000010089", "NOM_MUN": "Saltillo", "COLONIA": "SIN NOMBRE REGISTRADO", "POBTOT": null, "TVIVHAB": null, "PCT_ELECTRICIDAD": null, "PCT_AGUA": null, "PCT_DRENAJE": null, "PCT_INTERNET": null, "SERVICIOS_INDEX": null, "MOTIVO_SIN_DATO": "Sin registro en el Censo 2020" }, "geometry": { "type": "Polygon", "coordinates": [ [ [ -100.895981, 25.410623 ], [ -100.897764, 25.415932 ], [ -100.895559, 25.416565 ], [ -100.89442, 25.413613 ], [ -100.893353, 25.410061 ], [ -100.895284, 25.409393 ], [ -100.895981, 25.410623 ] ] ] } },
{ "type": "Feature", "properties": { "CVEGEO": "0503000015573", "NOM_MUN": "Saltillo", "COLONIA": "MISIÓN CERRITOS", "POBTOT": 3644.0, "TVIVHAB": 980.0, "PCT_ELECTRICIDAD": 100.0, "PCT_AGUA": 99.795918367346943, "PCT_DRENAJE": 99.795918367346943, "PCT_INTERNET": 51.326530612244902, "SERVICIOS_INDEX": 87.729591836734684, "MOTIVO_SIN_DATO": null }, "geometry": { "type": "Polygon", "coordinates": [ [ [ -100.902909, 25.431935 ], [ -100.901141, 25.426735 ], [ -100.900983, 25.426776 ], [ -100.899786, 25.423305 ], [ -100.90051, 25.423079 ], [ -100.900193, 25.422109 ], [ -100.900584, 25.422003 ], [ -100.900892, 25.422962 ], [ -100.901737, 25.422718 ], [ -100.905677, 25.434063 ], [ -100.903606, 25.434615 ], [ -100.90272, 25.432043 ], [ -100.902909, 25.431935 ] ] ] } },
{ "type": "Feature", "properties": { "CVEGEO": "0503000015840", "NOM_MUN": "Saltillo", "COLONIA": "PORTAL DE LAS LOMAS", "POBTOT": 1947.0, "TVIVHAB": 597.0, "PCT_ELECTRICIDAD": 98.492462311557787, "PCT_AGUA": 98.492462311557787, "PCT_DRENAJE": 98.492462311557787, "PCT_INTERNET": 92.629815745393643, "SERVICIOS_INDEX": 97.02680067001674, "MOTIVO_SIN_DATO": null }, "geometry": { "type": "Polygon", "coordinates": [ [ [ -101.004019, 25.369477 ], [ -101.004092, 25.369306 ], [ -101.004, 25.369143 ], [ -100.997686, 25.362406 ], [ -100.997523, 25.362441 ], [ -100.995396, 25.364392 ], [ -100.995403, 25.364513 ], [ -100.994879, 25.365146 ], [ -100.993296, 25.366657 ], [ -100.989768, 25.363888 ], [ -100.98997, 25.363698 ], [ -100.990115, 25.363809 ], [ -100.992281, 25.361689 ], [ -100.993278, 25.362532 ], [ -100.993349, 25.363084 ], [ -100.993587, 25.362869 ], [ -100.993556, 25.362679 ], [ -100.993071, 25.361631 ], [ -100.993297, 25.361391 ], [ -100.993502, 25.361349 ], [ -100.99394, 25.360831 ], [ -100.995308, 25.359567 ], [ -100.999417, 25.363687 ], [ -101.004309, 25.369077 ], [ -101.004282, 25.369594 ], [ -101.004019, 25.369477 ] ] ] } },
{ "type": "Feature", "properties": { "CVEGEO": "0503000015056", "NOM_MUN": "Saltillo", "COLONIA": "LOMAS VERDES", "POBTOT": 2708.0, "TVIVHAB": 623.0, "PCT_ELECTRICIDAD": 99.839486356340288, "PCT_AGUA": 97.431781701444621, "PCT_DRENAJE": 99.357945425361166, "PCT_INTERNET": 53.772070626003213, "SERVICIOS_INDEX": 87.600321027287322, "MOTIVO_SIN_DATO": null }, "geometry": { "type": "Polygon", "coordinates": [ [ [ -100.97833, 25.383541 ], [ -100.977656, 25.382632 ], [ -100.977693, 25.383058 ], [ -100.976422, 25.383041 ], [ -100.974263, 25.383185 ], [ -100.974189, 25.3828 ], [ -100.973885, 25.382823 ], [ -100.974187, 25.380925 ], [ -100.97422, 25.38016 ], [ -100.974274, 25.380166 ], [ -100.974461, 25.378949 ], [ -100.973091, 25.378154 ], [ -100.972658, 25.377485 ], [ -100.973512, 25.376893 ], [ -100.974637, 25.376286 ], [ -100.975766, 25.375791 ], [ -100.975697, 25.376215 ], [ -100.976417, 25.377136 ], [ -100.977318, 25.378884 ], [ -100.978046, 25.380547 ], [ -100.978257, 25.381356 ], [ -100.978248, 25.382625 ], [ -100.979214, 25.384572 ], [ -100.978918, 25.384685 ], [ -100.97833, 25.383541 ] ] ] } },
{ "type": "Feature", "properties": { "CVEGEO": "0503000015380", "NOM_MUN": "Saltillo", "COLONIA": "MORELOS", "POBTOT": 2732.0, "TVIVHAB": 735.0, "PCT_ELECTRICIDAD": 97.142857142857139, "PCT_AGUA": 97.823129251700678, "PCT_DRENAJE": 97.959183673469383, "PCT_INTERNET": 34.829931972789112, "SERVICIOS_INDEX": 81.938775510204081, "MOTIVO_SIN_DATO": null }, "geometry": { "type": "Polygon", "coordinates": [ [ [ -100.933296, 25.39449 ], [ -100.93347, 25.391258 ], [ -100.933921, 25.391404 ], [ -100.93479, 25.392259 ], [ -100.934146, 25.390406 ], [ -100.933919, 25.390413 ], [ -100.933523, 25.388986 ], [ -100.933742, 25.388981 ], [ -100.933523, 25.388031 ], [ -100.939343, 25.3866 ], [ -100.937919, 25.381892 ], [ -100.938427, 25.381783 ], [ -100.938724, 25.382169 ], [ -100.93876, 25.382325 ], [ -100.939382, 25.383024 ], [ -100.938765, 25.383181 ], [ -100.940002, 25.386621 ], [ -100.940605, 25.386767 ], [ -100.940539, 25.387335 ], [ -100.941162, 25.389085 ], [ -100.941403, 25.389617 ], [ -100.941817, 25.389835 ], [ -100.941347, 25.389976 ], [ -100.94158, 25.390529 ], [ -100.941679, 25.391059 ], [ -100.941986, 25.391514 ], [ -100.942175, 25.392832 ], [ -100.940339, 25.393746 ], [ -100.939181, 25.394219 ], [ -100.933638, 25.395945 ], [ -100.933296, 25.39449 ] ] ] } },
{ "type": "Feature", "properties": { "CVEGEO": "0503000013806", "NOM_MUN": "Saltillo", "COLONIA": "LOS SILLERES", "POBTOT": 1908.0, "TVIVHAB": 615.0, "PCT_ELECTRICIDAD": 99.512195121951223, "PCT_AGUA": 99.349593495934968, "PCT_DRENAJE": 99.512195121951223, "PCT_INTERNET": 95.609756097560975, "SERVICIOS_INDEX": 98.495934959349597, "MOTIVO_SIN_DATO": null }, "geometry": { "type": "Polygon", "coordinates": [ [ [ -100.928725, 25.473351 ], [ -100.9359, 25.459242 ], [ -100.937677, 25.460114 ], [ -100.9394, 25.461513 ], [ -100.938841, 25.462061 ], [ -100.937881, 25.46144 ], [ -100.937575, 25.461677 ], [ -100.939045, 25.46248 ], [ -100.939792, 25.462342 ], [ -100.940622, 25.462948 ], [ -100.94106, 25.462018 ], [ -100.941274, 25.46176 ], [ -100.942651, 25.46113 ], [ -100.943275, 25.460431 ], [ -100.943949, 25.460611 ], [ -100.944056, 25.460698 ], [ -100.944155, 25.461334 ], [ -100.944996, 25.462555 ], [ -100.947382, 25.464579 ], [ -100.947938, 25.464968 ], [ -100.949705, 25.465857 ], [ -100.950818, 25.46695 ], [ -100.950446, 25.46807 ], [ -100.948139, 25.47129 ], [ -100.945755, 25.473287 ], [ -100.945548, 25.473605 ], [ -100.94493, 25.475549 ], [ -100.944309, 25.476658 ], [ -100.943711, 25.477455 ], [ -100.941158, 25.480333 ], [ -100.937657, 25.479625 ], [ -100.937013, 25.479396 ], [ -100.936392, 25.479118 ], [ -100.936177, 25.478942 ], [ -100.935318, 25.477923 ], [ -100.934935, 25.477613 ], [ -100.9305, 25.476011 ], [ -100.930474, 25.475802 ], [ -100.928725, 25.473351 ] ] ] } },
{ "type": "Feature", "properties": { "CVEGEO": "0503000010093", "NOM_MUN": "Saltillo", "COLONIA": "LOMAS VERDES", "POBTOT": null, "TVIVHAB": null, "PCT_ELECTRICIDAD": null, "PCT_AGUA": null, "PCT_DRENAJE": null, "PCT_INTERNET": null, "SERVICIOS_INDEX": null, "MOTIVO_SIN_DATO": "Sin registro en el Censo 2020" }, "geometry": { "type": "Polygon", "coordinates": [ [ [ -100.974184, 25.380721 ], [ -100.971208, 25.380354 ], [ -100.971723, 25.379051 ], [ -100.971831, 25.377378 ], [ -100.973027, 25.378168 ], [ -100.974461, 25.378949 ], [ -100.974274, 25.380166 ], [ -100.97422, 25.38016 ], [ -100.974184, 25.380721 ] ] ] } },
{ "type": "Feature", "properties": { "CVEGEO": "0503000014999", "NOM_MUN": "Saltillo", "COLONIA": "LAS MARGARITAS", "POBTOT": 1922.0, "TVIVHAB": 521.0, "PCT_ELECTRICIDAD": 99.04030710172745, "PCT_AGUA": 90.786948176583493, "PCT_DRENAJE": 98.272552783109404, "PCT_INTERNET": 32.245681381957773, "SERVICIOS_INDEX": 80.086372360844521, "MOTIVO_SIN_DATO": null }, "geometry": { "type": "Polygon", "coordinates": [ [ [ -101.040424, 25.434435 ], [ -101.03953, 25.432985 ], [ -101.039015, 25.433246 ], [ -101.038633, 25.432634 ], [ -101.036839, 25.433582 ], [ -101.036839, 25.43284 ], [ -101.036679, 25.432107 ], [ -101.037147, 25.431398 ], [ -101.037766, 25.430682 ], [ -101.036964, 25.430493 ], [ -101.036955, 25.430301 ], [ -101.037771, 25.430476 ], [ -101.037687, 25.429934 ], [ -101.038544, 25.429822 ], [ -101.03917, 25.42893 ], [ -101.039348, 25.428526 ], [ -101.03952, 25.427788 ], [ -101.039693, 25.426255 ], [ -101.039628, 25.425967 ], [ -101.039434, 25.425645 ], [ -101.039119, 25.425252 ], [ -101.038807, 25.425049 ], [ -101.037971, 25.425024 ], [ -101.03774, 25.424874 ], [ -101.037372, 25.424852 ], [ -101.037104, 25.424901 ], [ -101.036895, 25.425116 ], [ -101.036465, 25.425109 ], [ -101.036836, 25.424291 ], [ -101.036427, 25.424405 ], [ -101.035895, 25.424433 ], [ -101.035585, 25.423911 ], [ -101.037243, 25.423322 ], [ -101.037345, 25.423603 ], [ -101.038673, 25.423203 ], [ -101.038775, 25.423749 ], [ -101.040047, 25.422982 ], [ -101.040821, 25.422593 ], [ -101.041335, 25.422441 ], [ -101.041435, 25.422292 ], [ -101.041461, 25.421694 ], [ -101.041698, 25.42115 ], [ -101.041967, 25.421637 ], [ -101.041962, 25.422547 ], [ -101.042272, 25.42329 ], [ -101.042074, 25.423782 ], [ -101.042111, 25.424455 ], [ -101.042249, 25.42498 ], [ -101.042527, 25.425272 ], [ -101.042888, 25.425501 ], [ -101.043254, 25.426374 ], [ -101.043264, 25.426779 ], [ -101.043808, 25.427157 ], [ -101.043923, 25.427684 ], [ -101.044155, 25.428027 ], [ -101.044061, 25.428834 ], [ -101.043844, 25.429615 ], [ -101.044096, 25.430251 ], [ -101.044534, 25.430794 ], [ -101.044692, 25.43159 ], [ -101.044714, 25.432266 ], [ -101.044683, 25.432807 ], [ -101.0445, 25.433161 ], [ -101.044514, 25.433445 ], [ -101.04488, 25.434171 ], [ -101.044855, 25.434407 ], [ -101.044672, 25.434505 ], [ -101.044537, 25.434843 ], [ -101.042308, 25.434641 ], [ -101.04161, 25.43477 ], [ -101.041299, 25.434933 ], [ -101.040843, 25.434205 ], [ -101.040424, 25.434435 ] ] ] } },
{ "type": "Feature", "properties": { "CVEGEO": "0503000015696", "NOM_MUN": "Saltillo", "COLONIA": "CIUDAD LAS TORRES", "POBTOT": 4893.0, "TVIVHAB": 1311.0, "PCT_ELECTRICIDAD": 99.54233409610984, "PCT_AGUA": 99.466056445461476, "PCT_DRENAJE": 99.694889397406556, "PCT_INTERNET": 71.395881006864997, "SERVICIOS_INDEX": 92.524790236460717, "MOTIVO_SIN_DATO": null }, "geometry": { "type": "Polygon", "coordinates": [ [ [ -101.014162, 25.472915 ], [ -101.013548, 25.47235 ], [ -101.012191, 25.470707 ], [ -101.012389, 25.467328 ], [ -101.012639, 25.466844 ], [ -101.012596, 25.466459 ], [ -101.012091, 25.465462 ], [ -101.012036, 25.464923 ], [ -101.011895, 25.464544 ], [ -101.012831, 25.4631 ], [ -101.014168, 25.463861 ], [ -101.013934, 25.464332 ], [ -101.016618, 25.46646 ], [ -101.017151, 25.466336 ], [ -101.015404, 25.469471 ], [ -101.016044, 25.469781 ], [ -101.015758, 25.470122 ], [ -101.016173, 25.47033 ], [ -101.015347, 25.471209 ], [ -101.01624, 25.472791 ], [ -101.015949, 25.472849 ], [ -101.014225, 25.473647 ], [ -101.014395, 25.473316 ], [ -101.014162, 25.472915 ] ] ] } },
{ "type": "Feature", "properties": { "CVEGEO": "0503000014611", "NOM_MUN": "Saltillo", "COLONIA": "MARÍA DE LEÓN", "POBTOT": 4063.0, "TVIVHAB": 984.0, "PCT_ELECTRICIDAD": 99.898373983739845, "PCT_AGUA": 95.020325203252028, "PCT_DRENAJE": 97.154471544715449, "PCT_INTERNET": 62.398373983739845, "SERVICIOS_INDEX": 88.617886178861795, "MOTIVO_SIN_DATO": null }, "geometry": { "type": "Polygon", "coordinates": [ [ [ -100.97418, 25.389525 ], [ -100.973564, 25.388397 ], [ -100.97305, 25.38781 ], [ -100.973329, 25.38747 ], [ -100.973415, 25.386959 ], [ -100.973409, 25.386331 ], [ -100.973279, 25.386195 ], [ -100.972885, 25.386608 ], [ -100.972416, 25.386189 ], [ -100.973352, 25.385068 ], [ -100.973417, 25.384694 ], [ -100.97317, 25.385003 ], [ -100.9722, 25.384529 ], [ -100.971749, 25.384416 ], [ -100.971956, 25.383053 ], [ -100.970836, 25.382917 ], [ -100.970906, 25.382405 ], [ -100.971436, 25.382461 ], [ -100.971741, 25.380389 ], [ -100.974184, 25.380721 ], [ -100.973885, 25.382823 ], [ -100.974189, 25.3828 ], [ -100.974263, 25.383185 ], [ -100.974163, 25.383972 ], [ -100.974011, 25.384375 ], [ -100.974794, 25.384356 ], [ -100.974889, 25.385165 ], [ -100.976593, 25.385028 ], [ -100.976588, 25.384936 ], [ -100.977758, 25.384925 ], [ -100.977738, 25.388074 ], [ -100.978673, 25.388863 ], [ -100.976987, 25.390469 ], [ -100.976878, 25.390463 ], [ -100.976494, 25.390842 ], [ -100.976165, 25.390636 ], [ -100.975929, 25.390357 ], [ -100.976218, 25.390076 ], [ -100.975406, 25.389879 ], [ -100.974536, 25.389796 ], [ -100.97418, 25.389525 ] ] ] } },
{ "type": "Feature", "properties": { "CVEGEO": "0503000014109", "NOM_MUN": "Saltillo", "COLONIA": "CERRO DEL PUEBLO", "POBTOT": 0.0, "TVIVHAB": 0.0, "PCT_ELECTRICIDAD": null, "PCT_AGUA": null, "PCT_DRENAJE": null, "PCT_INTERNET": null, "SERVICIOS_INDEX": null, "MOTIVO_SIN_DATO": "Sin viviendas habitadas registradas en el Censo 2020" }, "geometry": { "type": "Polygon", "coordinates": [ [ [ -101.046117, 25.440167 ], [ -101.045925, 25.43981 ], [ -101.045528, 25.438648 ], [ -101.045601, 25.438122 ], [ -101.045394, 25.437263 ], [ -101.045271, 25.437187 ], [ -101.045208, 25.436787 ], [ -101.044887, 25.43618 ], [ -101.044859, 25.435234 ], [ -101.044523, 25.434901 ], [ -101.044672, 25.434505 ], [ -101.044855, 25.434407 ], [ -101.04488, 25.434171 ], [ -101.044514, 25.433445 ], [ -101.0445, 25.433161 ], [ -101.044683, 25.432807 ], [ -101.044707, 25.431725 ], [ -101.044534, 25.430794 ], [ -101.044038, 25.430127 ], [ -101.044172, 25.429745 ], [ -101.044755, 25.429133 ], [ -101.044949, 25.428776 ], [ -101.044661, 25.426904 ], [ -101.04521, 25.425799 ], [ -101.045789, 25.425184 ], [ -101.046607, 25.424879 ], [ -101.046895, 25.424572 ], [ -101.047393, 25.424274 ], [ -101.047839, 25.42426 ], [ -101.048218, 25.423688 ], [ -101.04865, 25.4236 ], [ -101.049023, 25.423178 ], [ -101.0496, 25.423092 ], [ -101.049953, 25.422734 ], [ -101.04987, 25.42354 ], [ -101.050008, 25.423801 ], [ -101.050288, 25.424032 ], [ -101.050287, 25.42451 ], [ -101.050088, 25.424642 ], [ -101.049712, 25.425139 ], [ -101.048936, 25.425638 ], [ -101.04879, 25.426707 ], [ -101.048961, 25.4279 ], [ -101.049395, 25.428687 ], [ -101.049414, 25.429012 ], [ -101.049288, 25.429173 ], [ -101.049694, 25.429732 ], [ -101.049882, 25.430275 ], [ -101.049975, 25.431108 ], [ -101.050472, 25.43191 ], [ -101.050596, 25.432353 ], [ -101.050742, 25.432426 ], [ -101.050803, 25.432586 ], [ -101.050992, 25.433406 ], [ -101.051342, 25.434317 ], [ -101.051264, 25.43461 ], [ -101.052687, 25.434302 ], [ -101.052881, 25.434057 ], [ -101.053792, 25.432083 ], [ -101.0542, 25.431588 ], [ -101.054637, 25.431468 ], [ -101.055088, 25.431651 ], [ -101.055724, 25.43249 ], [ -101.056284, 25.432882 ], [ -101.056565, 25.433467 ], [ -101.056364, 25.433912 ], [ -101.056116, 25.434206 ], [ -101.053905, 25.434749 ], [ -101.055474, 25.436354 ], [ -101.056401, 25.436843 ], [ -101.057259, 25.436601 ], [ -101.05784, 25.436637 ], [ -101.058095, 25.436722 ], [ -101.058499, 25.437337 ], [ -101.058315, 25.437533 ], [ -101.05803, 25.438613 ], [ -101.056698, 25.439164 ], [ -101.055688, 25.43995 ], [ -101.05535, 25.440033 ], [ -101.055012, 25.439882 ], [ -101.054565, 25.439889 ], [ -101.054155, 25.440051 ], [ -101.052544, 25.440314 ], [ -101.051708, 25.441086 ], [ -101.05097, 25.441541 ], [ -101.049626, 25.443362 ], [ -101.049558, 25.443762 ], [ -101.049659, 25.444235 ], [ -101.049541, 25.444624 ], [ -101.048707, 25.445053 ], [ -101.04815, 25.444608 ], [ -101.047931, 25.443822 ], [ -101.04743, 25.443329 ], [ -101.047266, 25.442951 ], [ -101.047168, 25.442011 ], [ -101.046243, 25.440959 ], [ -101.046136, 25.440707 ], [ -101.046117, 25.440167 ] ] ] } },
{ "type": "Feature", "properties": { "CVEGEO": "0503000010017", "NOM_MUN": "Saltillo", "COLONIA": "VISTAS DE PEÑA", "POBTOT": 53.0, "TVIVHAB": 16.0, "PCT_ELECTRICIDAD": 100.0, "PCT_AGUA": 62.5, "PCT_DRENAJE": 62.5, "PCT_INTERNET": 18.75, "SERVICIOS_INDEX": 60.9375, "MOTIVO_SIN_DATO": null }, "geometry": { "type": "Polygon", "coordinates": [ [ [ -100.970722, 25.390099 ], [ -100.97085, 25.389158 ], [ -100.970217, 25.389129 ], [ -100.970732, 25.385659 ], [ -100.970625, 25.38564 ], [ -100.970648, 25.385533 ], [ -100.969835, 25.385418 ], [ -100.969961, 25.384268 ], [ -100.970396, 25.38431 ], [ -100.97063, 25.382902 ], [ -100.971956, 25.383053 ], [ -100.971279, 25.38689 ], [ -100.971569, 25.387385 ], [ -100.971129, 25.390137 ], [ -100.970722, 25.390099 ] ] ] } },
{ "type": "Feature", "properties": { "CVEGEO": "0503000015624", "NOM_MUN": "Saltillo", "COLONIA": "AMPLIACIÓN MORELOS", "POBTOT": 276.0, "TVIVHAB": 69.0, "PCT_ELECTRICIDAD": 100.0, "PCT_AGUA": 98.550724637681171, "PCT_DRENAJE": 100.0, "PCT_INTERNET": 63.768115942028977, "SERVICIOS_INDEX": 90.579710144927546, "MOTIVO_SIN_DATO": null }, "geometry": { "type": "Polygon", "coordinates": [ [ [ -100.937865, 25.41001 ], [ -100.93726, 25.408267 ], [ -100.936522, 25.408452 ], [ -100.936245, 25.407644 ], [ -100.936981, 25.407435 ], [ -100.936669, 25.406513 ], [ -100.935728, 25.406773 ], [ -100.935449, 25.405837 ], [ -100.936639, 25.405531 ], [ -100.938097, 25.409943 ], [ -100.937865, 25.41001 ] ] ] } },
{ "type": "Feature", "properties": { "CVEGEO": "0503000013986", "NOM_MUN": "Saltillo", "COLONIA": "REAL ANKARA", "POBTOT": 648.0, "TVIVHAB": 200.0, "PCT_ELECTRICIDAD": 100.0, "PCT_AGUA": 100.0, "PCT_DRENAJE": 100.0, "PCT_INTERNET": 95.5, "SERVICIOS_INDEX": 98.875, "MOTIVO_SIN_DATO": null }, "geometry": { "type": "Polygon", "coordinates": [ [ [ -100.996022, 25.482434 ], [ -100.996089, 25.482171 ], [ -100.996682, 25.481234 ], [ -100.997261, 25.479569 ], [ -100.998023, 25.478924 ], [ -100.998375, 25.478328 ], [ -100.998513, 25.477392 ], [ -100.99898, 25.477124 ], [ -100.999397, 25.476409 ], [ -100.999978, 25.476142 ], [ -101.000157, 25.47585 ], [ -101.000697, 25.475355 ], [ -101.001014, 25.473764 ], [ -101.001919, 25.472714 ], [ -101.001874, 25.471499 ], [ -101.002615, 25.470658 ], [ -101.002814, 25.470302 ], [ -101.002887, 25.470039 ], [ -101.002869, 25.469093 ], [ -101.002939, 25.468692 ], [ -101.003419, 25.46825 ], [ -101.004082, 25.467806 ], [ -101.004343, 25.467173 ], [ -101.004498, 25.467039 ], [ -101.00488, 25.465952 ], [ -101.006859, 25.466792 ], [ -101.008909, 25.468433 ], [ -101.010527, 25.46325 ], [ -101.011297, 25.463477 ], [ -101.011771, 25.464159 ], [ -101.011975, 25.464658 ], [ -101.012091, 25.465462 ], [ -101.01262, 25.466574 ], [ -101.012608, 25.466977 ], [ -101.012374, 25.467463 ], [ -101.012191, 25.470707 ], [ -101.013266, 25.472032 ], [ -101.014244, 25.473028 ], [ -101.014395, 25.473316 ], [ -101.014225, 25.473647 ], [ -101.012024, 25.475021 ], [ -101.010012, 25.4755 ], [ -101.008894, 25.475856 ], [ -101.008612, 25.476762 ], [ -101.008436, 25.477135 ], [ -101.008244, 25.477342 ], [ -101.007821, 25.477469 ], [ -101.006783, 25.477558 ], [ -101.005788, 25.477844 ], [ -101.005502, 25.478147 ], [ -101.005273, 25.47879 ], [ -101.004933, 25.479051 ], [ -101.003914, 25.479229 ], [ -101.00361, 25.479519 ], [ -101.003031, 25.47962 ], [ -101.002596, 25.479557 ], [ -101.002546, 25.479298 ], [ -101.002633, 25.479007 ], [ -101.002364, 25.479021 ], [ -101.001115, 25.479887 ], [ -101.000848, 25.479972 ], [ -101.000513, 25.480414 ], [ -101.000306, 25.481372 ], [ -101.000124, 25.481633 ], [ -100.99894, 25.481726 ], [ -100.998363, 25.481862 ], [ -100.997282, 25.48231 ], [ -100.996107, 25.482489 ], [ -100.996022, 25.482434 ] ] ] } },
{ "type": "Feature", "properties": { "CVEGEO": "0503000015681", "NOM_MUN": "Saltillo", "COLONIA": "VALENCIA", "POBTOT": 6178.0, "TVIVHAB": 1633.0, "PCT_ELECTRICIDAD": 99.693815064298846, "PCT_AGUA": 99.448867115737897, "PCT_DRENAJE": 99.571341090018379, "PCT_INTERNET": 51.928965094917331, "SERVICIOS_INDEX": 87.66074709124311, "MOTIVO_SIN_DATO": null }, "geometry": { "type": "Polygon", "coordinates": [ [ [ -101.031849, 25.484034 ], [ -101.031383, 25.48399 ], [ -101.030566, 25.483684 ], [ -101.027298, 25.481655 ], [ -101.025228, 25.480952 ], [ -101.022992, 25.479952 ], [ -101.023014, 25.479303 ], [ -101.019724, 25.477785 ], [ -101.019223, 25.477635 ], [ -101.019229, 25.477442 ], [ -101.019029, 25.477241 ], [ -101.01769, 25.475187 ], [ -101.01624, 25.472791 ], [ -101.017422, 25.472688 ], [ -101.01777, 25.473233 ], [ -101.018773, 25.472768 ], [ -101.019009, 25.473112 ], [ -101.020461, 25.472412 ], [ -101.021423, 25.473429 ], [ -101.022217, 25.474616 ], [ -101.02285, 25.474318 ], [ -101.023158, 25.474889 ], [ -101.02432, 25.474379 ], [ -101.024988, 25.47455 ], [ -101.02542, 25.474788 ], [ -101.025634, 25.47504 ], [ -101.026063, 25.475214 ], [ -101.027694, 25.475059 ], [ -101.032479, 25.478991 ], [ -101.02969, 25.481815 ], [ -101.0305, 25.482342 ], [ -101.032324, 25.483209 ], [ -101.032301, 25.483342 ], [ -101.032923, 25.483952 ], [ -101.034656, 25.485148 ], [ -101.033642, 25.48612 ], [ -101.033079, 25.485763 ], [ -101.032557, 25.485245 ], [ -101.032203, 25.484769 ], [ -101.031849, 25.484034 ] ] ] } },
{ "type": "Feature", "properties": { "CVEGEO": "0503000015268", "NOM_MUN": "Saltillo", "COLONIA": "AMPLIACIÓN MORELOS", "POBTOT": 95.0, "TVIVHAB": 25.0, "PCT_ELECTRICIDAD": 100.0, "PCT_AGUA": 100.0, "PCT_DRENAJE": 100.0, "PCT_INTERNET": 80.0, "SERVICIOS_INDEX": 95.0, "MOTIVO_SIN_DATO": null }, "geometry": { "type": "Polygon", "coordinates": [ [ [ -100.938351, 25.413792 ], [ -100.937834, 25.411934 ], [ -100.937424, 25.412003 ], [ -100.936363, 25.40853 ], [ -100.936522, 25.408452 ], [ -100.93726, 25.408267 ], [ -100.938453, 25.411743 ], [ -100.938682, 25.411713 ], [ -100.939249, 25.413495 ], [ -100.938351, 25.413792 ] ] ] } },
{ "type": "Feature", "properties": { "CVEGEO": "0503000011829", "NOM_MUN": "Saltillo", "COLONIA": "LOMAS LOURDES", "POBTOT": 4696.0, "TVIVHAB": 1379.0, "PCT_ELECTRICIDAD": 100.0, "PCT_AGUA": 99.927483683828868, "PCT_DRENAJE": 99.927483683828868, "PCT_INTERNET": 88.252356780275562, "SERVICIOS_INDEX": 97.026831036983339, "MOTIVO_SIN_DATO": null }, "geometry": { "type": "Polygon", "coordinates": [ [ [ -100.986347, 25.370727 ], [ -100.985895, 25.3691 ], [ -100.9859, 25.368356 ], [ -100.986461, 25.36707 ], [ -100.986034, 25.365804 ], [ -100.985588, 25.365044 ], [ -100.985322, 25.363302 ], [ -100.98559, 25.362237 ], [ -100.98554, 25.361386 ], [ -100.985954, 25.361764 ], [ -100.986457, 25.361121 ], [ -100.986676, 25.361526 ], [ -100.98967, 25.363989 ], [ -100.989768, 25.363888 ], [ -100.993296, 25.366657 ], [ -100.994879, 25.365146 ], [ -100.995403, 25.364513 ], [ -100.995396, 25.364392 ], [ -100.997523, 25.362441 ], [ -100.997686, 25.362406 ], [ -101.004092, 25.369306 ], [ -101.004019, 25.369477 ], [ -101.003471, 25.369376 ], [ -101.002755, 25.369472 ], [ -101.001916, 25.369892 ], [ -100.998814, 25.373906 ], [ -100.995538, 25.3779 ], [ -100.99376, 25.380427 ], [ -100.99337, 25.379433 ], [ -100.991183, 25.376069 ], [ -100.991094, 25.3758 ], [ -100.990069, 25.374125 ], [ -100.990009, 25.373843 ], [ -100.988906, 25.371922 ], [ -100.988136, 25.372553 ], [ -100.98731, 25.371919 ], [ -100.986792, 25.37138 ], [ -100.986347, 25.370727 ] ] ] } },
{ "type": "Feature", "properties": { "CVEGEO": "0503000015677", "NOM_MUN": "Saltillo", "COLONIA": "VALENCIA", "POBTOT": 4440.0, "TVIVHAB": 1218.0, "PCT_ELECTRICIDAD": 99.917898193760252, "PCT_AGUA": 99.589490968801314, "PCT_DRENAJE": 92.939244663382595, "PCT_INTERNET": 51.39573070607554, "SERVICIOS_INDEX": 85.960591133004925, "MOTIVO_SIN_DATO": null }, "geometry": { "type": "Polygon", "coordinates": [ [ [ -101.026654, 25.484671 ], [ -101.026145, 25.484623 ], [ -101.02537, 25.484198 ], [ -101.024767, 25.484236 ], [ -101.024324, 25.483698 ], [ -101.024084, 25.483543 ], [ -101.023506, 25.483412 ], [ -101.022463, 25.483381 ], [ -101.021235, 25.482909 ], [ -101.020402, 25.48317 ], [ -101.019858, 25.482961 ], [ -101.01971, 25.482981 ], [ -101.018342, 25.483358 ], [ -101.018193, 25.483362 ], [ -101.017805, 25.48318 ], [ -101.017866, 25.483138 ], [ -101.017641, 25.482823 ], [ -101.017314, 25.481213 ], [ -101.01788, 25.480668 ], [ -101.017823, 25.480626 ], [ -101.017973, 25.480286 ], [ -101.019151, 25.477947 ], [ -101.019223, 25.477635 ], [ -101.019724, 25.477785 ], [ -101.023014, 25.479303 ], [ -101.022992, 25.479952 ], [ -101.025228, 25.480952 ], [ -101.027298, 25.481655 ], [ -101.030566, 25.483684 ], [ -101.031383, 25.48399 ], [ -101.031849, 25.484034 ], [ -101.031841, 25.484397 ], [ -101.031594, 25.484774 ], [ -101.031354, 25.484921 ], [ -101.030777, 25.48505 ], [ -101.030662, 25.485216 ], [ -101.03098, 25.485378 ], [ -101.030497, 25.485466 ], [ -101.029017, 25.485539 ], [ -101.028582, 25.485438 ], [ -101.026654, 25.484671 ] ] ] } },
{ "type": "Feature", "properties": { "CVEGEO": "050300001159A", "NOM_MUN": "Saltillo", "COLONIA": "LA MINITA", "POBTOT": 6430.0, "TVIVHAB": 1504.0, "PCT_ELECTRICIDAD": 98.869680851063833, "PCT_AGUA": 98.138297872340431, "PCT_DRENAJE": 98.537234042553195, "PCT_INTERNET": 51.396276595744681, "SERVICIOS_INDEX": 86.735372340425528, "MOTIVO_SIN_DATO": null }, "geometry": { "type": "Polygon", "coordinates": [ [ [ -101.034361, 25.411735 ], [ -101.030699, 25.409138 ], [ -101.03217, 25.407425 ], [ -101.033389, 25.406305 ], [ -101.034546, 25.404715 ], [ -101.035906, 25.400904 ], [ -101.036337, 25.400276 ], [ -101.036839, 25.39977 ], [ -101.036747, 25.39973 ], [ -101.037345, 25.399311 ], [ -101.03824, 25.399021 ], [ -101.040397, 25.399056 ], [ -101.040146, 25.399402 ], [ -101.039115, 25.399617 ], [ -101.038631, 25.399886 ], [ -101.038439, 25.400127 ], [ -101.038104, 25.401306 ], [ -101.038068, 25.401836 ], [ -101.03827, 25.402452 ], [ -101.038533, 25.402854 ], [ -101.038994, 25.403869 ], [ -101.038979, 25.404529 ], [ -101.038589, 25.405431 ], [ -101.038501, 25.406502 ], [ -101.038797, 25.408059 ], [ -101.038944, 25.408417 ], [ -101.038657, 25.410179 ], [ -101.038275, 25.410788 ], [ -101.038196, 25.411435 ], [ -101.037925, 25.411642 ], [ -101.036941, 25.411939 ], [ -101.036633, 25.412155 ], [ -101.036508, 25.412487 ], [ -101.035424, 25.41144 ], [ -101.035211, 25.411108 ], [ -101.03497, 25.411355 ], [ -101.034757, 25.411275 ], [ -101.034361, 25.411735 ] ] ] } },
{ "type": "Feature", "properties": { "CVEGEO": "050300001433A", "NOM_MUN": "Saltillo", "COLONIA": "LA PEÑITA", "POBTOT": 3099.0, "TVIVHAB": 815.0, "PCT_ELECTRICIDAD": 94.723926380368098, "PCT_AGUA": 94.601226993865026, "PCT_DRENAJE": 94.723926380368098, "PCT_INTERNET": 51.901840490797547, "SERVICIOS_INDEX": 83.987730061349694, "MOTIVO_SIN_DATO": null }, "geometry": { "type": "Polygon", "coordinates": [ [ [ -101.030424, 25.416438 ], [ -101.031356, 25.414916 ], [ -101.03097, 25.414639 ], [ -101.032451, 25.413018 ], [ -101.027746, 25.409602 ], [ -101.028553, 25.408704 ], [ -101.02981, 25.408509 ], [ -101.03217, 25.407425 ], [ -101.030699, 25.409138 ], [ -101.034361, 25.411735 ], [ -101.034132, 25.412207 ], [ -101.033888, 25.412509 ], [ -101.034208, 25.412788 ], [ -101.034084, 25.413276 ], [ -101.033956, 25.4133 ], [ -101.03394, 25.413462 ], [ -101.034106, 25.413602 ], [ -101.034126, 25.413849 ], [ -101.034362, 25.413942 ], [ -101.032616, 25.416479 ], [ -101.031761, 25.415993 ], [ -101.031181, 25.416833 ], [ -101.030424, 25.416438 ] ] ] } },
{ "type": "Feature", "properties": { "CVEGEO": "0503000013774", "NOM_MUN": "Saltillo", "COLONIA": "NAZARIO S. ORTIZ GARZA I", "POBTOT": 22.0, "TVIVHAB": 3.0, "PCT_ELECTRICIDAD": null, "PCT_AGUA": null, "PCT_DRENAJE": null, "PCT_INTERNET": null, "SERVICIOS_INDEX": null, "MOTIVO_SIN_DATO": "Cifras enmascaradas por INEGI (confidencialidad: 1-2 viviendas)" }, "geometry": { "type": "Polygon", "coordinates": [ [ [ -100.985423, 25.503502 ], [ -100.985425, 25.503259 ], [ -100.984422, 25.500354 ], [ -100.984205, 25.500146 ], [ -100.982966, 25.499595 ], [ -100.982608, 25.499311 ], [ -100.982388, 25.498665 ], [ -100.987292, 25.487083 ], [ -100.98986, 25.48179 ], [ -100.992132, 25.482592 ], [ -100.991761, 25.483164 ], [ -100.994137, 25.484803 ], [ -100.994493, 25.484235 ], [ -100.995779, 25.482923 ], [ -100.996022, 25.482434 ], [ -100.996107, 25.482489 ], [ -100.997282, 25.48231 ], [ -100.998363, 25.481862 ], [ -100.99894, 25.481726 ], [ -101.000124, 25.481633 ], [ -101.000306, 25.481372 ], [ -101.000513, 25.480414 ], [ -101.000848, 25.479972 ], [ -101.001115, 25.479887 ], [ -101.002364, 25.479021 ], [ -101.002633, 25.479007 ], [ -101.002546, 25.479298 ], [ -101.002596, 25.479557 ], [ -101.003255, 25.479684 ], [ -101.003495, 25.480028 ], [ -101.005268, 25.48187 ], [ -101.006066, 25.482927 ], [ -101.007552, 25.484521 ], [ -101.006662, 25.484871 ], [ -101.005767, 25.485434 ], [ -101.004298, 25.486981 ], [ -101.003999, 25.487669 ], [ -101.002918, 25.488372 ], [ -101.002458, 25.489226 ], [ -101.001958, 25.489708 ], [ -101.001613, 25.490283 ], [ -101.000575, 25.490754 ], [ -101.000288, 25.490811 ], [ -100.99955, 25.491455 ], [ -100.998373, 25.491591 ], [ -100.99715, 25.492355 ], [ -100.995823, 25.492442 ], [ -100.994012, 25.493057 ], [ -100.993491, 25.493321 ], [ -100.992902, 25.493366 ], [ -100.992666, 25.493652 ], [ -100.992117, 25.493855 ], [ -100.991243, 25.493829 ], [ -100.990997, 25.493922 ], [ -100.9903, 25.494416 ], [ -100.989687, 25.494044 ], [ -100.989243, 25.494 ], [ -100.988961, 25.494084 ], [ -100.988246, 25.494946 ], [ -100.987441, 25.495548 ], [ -100.987379, 25.495685 ], [ -100.98761, 25.496006 ], [ -100.98758, 25.496407 ], [ -100.986712, 25.497328 ], [ -100.986693, 25.498811 ], [ -100.986815, 25.500205 ], [ -100.986915, 25.5006 ], [ -100.986872, 25.501275 ], [ -100.98603, 25.502422 ], [ -100.98593, 25.50296 ], [ -100.98557, 25.503688 ], [ -100.985423, 25.503502 ] ] ] } },
{ "type": "Feature", "properties": { "CVEGEO": "0503000015569", "NOM_MUN": "Saltillo", "COLONIA": "MISIÓN CERRITOS", "POBTOT": 6007.0, "TVIVHAB": 1657.0, "PCT_ELECTRICIDAD": 99.456849728424871, "PCT_AGUA": 98.249849124924566, "PCT_DRENAJE": 99.637899818949904, "PCT_INTERNET": 40.253470126735067, "SERVICIOS_INDEX": 84.399517199758606, "MOTIVO_SIN_DATO": null }, "geometry": { "type": "Polygon", "coordinates": [ [ [ -100.906559, 25.436672 ], [ -100.901737, 25.422718 ], [ -100.900892, 25.422962 ], [ -100.900584, 25.422003 ], [ -100.900193, 25.422109 ], [ -100.90051, 25.423079 ], [ -100.899953, 25.423245 ], [ -100.897818, 25.416904 ], [ -100.897541, 25.416009 ], [ -100.897764, 25.415932 ], [ -100.895981, 25.410623 ], [ -100.898353, 25.409933 ], [ -100.899978, 25.415292 ], [ -100.899341, 25.415463 ], [ -100.899824, 25.417004 ], [ -100.90154, 25.41658 ], [ -100.904186, 25.42436 ], [ -100.90672, 25.431489 ], [ -100.907664, 25.431215 ], [ -100.909363, 25.436199 ], [ -100.906559, 25.436672 ] ] ] } },
{ "type": "Feature", "properties": { "CVEGEO": "0503000013933", "NOM_MUN": "Saltillo", "COLONIA": "ANDALUCÍA", "POBTOT": 2588.0, "TVIVHAB": 741.0, "PCT_ELECTRICIDAD": 99.730094466936563, "PCT_AGUA": 98.380566801619423, "PCT_DRENAJE": 99.595141700404852, "PCT_INTERNET": 43.724696356275302, "SERVICIOS_INDEX": 85.357624831309039, "MOTIVO_SIN_DATO": null }, "geometry": { "type": "Polygon", "coordinates": [ [ [ -101.007552, 25.484521 ], [ -101.006066, 25.482927 ], [ -101.005268, 25.48187 ], [ -101.00318, 25.479619 ], [ -101.00361, 25.479519 ], [ -101.003914, 25.479229 ], [ -101.004796, 25.479104 ], [ -101.005057, 25.478976 ], [ -101.005273, 25.47879 ], [ -101.00557, 25.478027 ], [ -101.005788, 25.477844 ], [ -101.006783, 25.477558 ], [ -101.007821, 25.477469 ], [ -101.008244, 25.477342 ], [ -101.008436, 25.477135 ], [ -101.008612, 25.476762 ], [ -101.008894, 25.475856 ], [ -101.010012, 25.4755 ], [ -101.012024, 25.475021 ], [ -101.014225, 25.473647 ], [ -101.015949, 25.472849 ], [ -101.01624, 25.472791 ], [ -101.01769, 25.475187 ], [ -101.019029, 25.477241 ], [ -101.019229, 25.477442 ], [ -101.019151, 25.477947 ], [ -101.017973, 25.480286 ], [ -101.017823, 25.480626 ], [ -101.01788, 25.480668 ], [ -101.017314, 25.481213 ], [ -101.017641, 25.482823 ], [ -101.017866, 25.483138 ], [ -101.017524, 25.48309 ], [ -101.01715, 25.482867 ], [ -101.015962, 25.482906 ], [ -101.01489, 25.483286 ], [ -101.014295, 25.483311 ], [ -101.013986, 25.483586 ], [ -101.013423, 25.483591 ], [ -101.013178, 25.483856 ], [ -101.012919, 25.483791 ], [ -101.012659, 25.483899 ], [ -101.011879, 25.483891 ], [ -101.01101, 25.484025 ], [ -101.010455, 25.48421 ], [ -101.008, 25.484249 ], [ -101.007552, 25.484521 ] ] ] } },
{ "type": "Feature", "properties": { "CVEGEO": "0503000015662", "NOM_MUN": "Saltillo", "COLONIA": "TORRECILLAS", "POBTOT": 2404.0, "TVIVHAB": 742.0, "PCT_ELECTRICIDAD": 100.0, "PCT_AGUA": 99.460916442048514, "PCT_DRENAJE": 99.73045822102425, "PCT_INTERNET": 81.536388140161719, "SERVICIOS_INDEX": 95.181940700808624, "MOTIVO_SIN_DATO": null }, "geometry": { "type": "Polygon", "coordinates": [ [ [ -100.9239, 25.454552 ], [ -100.923979, 25.453946 ], [ -100.923772, 25.453446 ], [ -100.923376, 25.453259 ], [ -100.922785, 25.453199 ], [ -100.922296, 25.452891 ], [ -100.922129, 25.452667 ], [ -100.922079, 25.452403 ], [ -100.922193, 25.451191 ], [ -100.922122, 25.450928 ], [ -100.921882, 25.450433 ], [ -100.921569, 25.450143 ], [ -100.921147, 25.449432 ], [ -100.921013, 25.448775 ], [ -100.920728, 25.448463 ], [ -100.920109, 25.448091 ], [ -100.920054, 25.447965 ], [ -100.92003, 25.44729 ], [ -100.919918, 25.446897 ], [ -100.920049, 25.445948 ], [ -100.919903, 25.445601 ], [ -100.919576, 25.445179 ], [ -100.919435, 25.444773 ], [ -100.919327, 25.443023 ], [ -100.919099, 25.442531 ], [ -100.91913, 25.442134 ], [ -100.918803, 25.44146 ], [ -100.924545, 25.44058 ], [ -100.925825, 25.440605 ], [ -100.926206, 25.4407 ], [ -100.926003, 25.441033 ], [ -100.926046, 25.441337 ], [ -100.926457, 25.441635 ], [ -100.926193, 25.441888 ], [ -100.926605, 25.442727 ], [ -100.926679, 25.443925 ], [ -100.926989, 25.445207 ], [ -100.926737, 25.445564 ], [ -100.926843, 25.44685 ], [ -100.927153, 25.447665 ], [ -100.927881, 25.447368 ], [ -100.928125, 25.447002 ], [ -100.9285, 25.446687 ], [ -100.92964, 25.447568 ], [ -100.929875, 25.44765 ], [ -100.929921, 25.448273 ], [ -100.930255, 25.449842 ], [ -100.930216, 25.451247 ], [ -100.930373, 25.451855 ], [ -100.930787, 25.452815 ], [ -100.930806, 25.453487 ], [ -100.930593, 25.456105 ], [ -100.930651, 25.456726 ], [ -100.928919, 25.457171 ], [ -100.926329, 25.45806 ], [ -100.925918, 25.457269 ], [ -100.925382, 25.45705 ], [ -100.925249, 25.456808 ], [ -100.925344, 25.456152 ], [ -100.925059, 25.455076 ], [ -100.92472, 25.454818 ], [ -100.9239, 25.454552 ] ] ] } },
{ "type": "Feature", "properties": { "CVEGEO": "0503000014166", "NOM_MUN": "Saltillo", "COLONIA": "LA MINITA", "POBTOT": 1.0, "TVIVHAB": 1.0, "PCT_ELECTRICIDAD": null, "PCT_AGUA": null, "PCT_DRENAJE": null, "PCT_INTERNET": null, "SERVICIOS_INDEX": null, "MOTIVO_SIN_DATO": "Cifras enmascaradas por INEGI (confidencialidad: 1-2 viviendas)" }, "geometry": { "type": "Polygon", "coordinates": [ [ [ -101.042249, 25.42498 ], [ -101.042074, 25.423782 ], [ -101.042272, 25.42329 ], [ -101.041962, 25.422547 ], [ -101.041967, 25.421637 ], [ -101.041698, 25.42115 ], [ -101.041811, 25.42107 ], [ -101.042232, 25.421557 ], [ -101.042426, 25.422238 ], [ -101.042845, 25.421706 ], [ -101.043267, 25.420251 ], [ -101.043893, 25.41861 ], [ -101.044401, 25.41832 ], [ -101.044813, 25.417589 ], [ -101.045033, 25.417384 ], [ -101.04549, 25.417213 ], [ -101.046543, 25.416383 ], [ -101.047275, 25.4155 ], [ -101.047473, 25.414839 ], [ -101.047472, 25.412715 ], [ -101.046712, 25.412451 ], [ -101.048512, 25.411946 ], [ -101.048627, 25.411869 ], [ -101.048741, 25.411429 ], [ -101.049025, 25.411274 ], [ -101.049807, 25.411168 ], [ -101.050908, 25.411896 ], [ -101.051539, 25.411351 ], [ -101.052083, 25.410022 ], [ -101.05235, 25.409051 ], [ -101.053027, 25.4086 ], [ -101.052499, 25.408249 ], [ -101.053163, 25.405788 ], [ -101.053875, 25.405595 ], [ -101.055169, 25.405479 ], [ -101.05587, 25.405586 ], [ -101.056962, 25.405954 ], [ -101.057929, 25.406624 ], [ -101.058279, 25.407461 ], [ -101.058549, 25.408453 ], [ -101.058292, 25.408979 ], [ -101.056764, 25.413548 ], [ -101.056434, 25.414079 ], [ -101.054539, 25.416405 ], [ -101.053693, 25.417083 ], [ -101.052374, 25.417923 ], [ -101.052139, 25.418139 ], [ -101.051819, 25.418716 ], [ -101.051185, 25.419117 ], [ -101.0507, 25.419642 ], [ -101.050182, 25.419939 ], [ -101.049805, 25.420526 ], [ -101.05012, 25.421269 ], [ -101.050045, 25.421568 ], [ -101.05025, 25.422386 ], [ -101.050154, 25.422612 ], [ -101.049865, 25.42277 ], [ -101.0496, 25.423092 ], [ -101.049023, 25.423178 ], [ -101.04865, 25.4236 ], [ -101.048218, 25.423688 ], [ -101.047839, 25.42426 ], [ -101.047393, 25.424274 ], [ -101.046895, 25.424572 ], [ -101.046607, 25.424879 ], [ -101.045905, 25.425099 ], [ -101.04521, 25.425799 ], [ -101.044661, 25.426904 ], [ -101.044921, 25.428909 ], [ -101.044172, 25.429745 ], [ -101.044038, 25.430127 ], [ -101.043844, 25.42948 ], [ -101.044061, 25.428834 ], [ -101.044155, 25.428027 ], [ -101.043923, 25.427684 ], [ -101.043808, 25.427157 ], [ -101.043264, 25.426779 ], [ -101.043254, 25.426374 ], [ -101.042888, 25.425501 ], [ -101.042527, 25.425272 ], [ -101.042249, 25.42498 ] ] ] } },
{ "type": "Feature", "properties": { "CVEGEO": "0503000015501", "NOM_MUN": "Saltillo", "COLONIA": "EL TOREO", "POBTOT": 2724.0, "TVIVHAB": 776.0, "PCT_ELECTRICIDAD": 99.355670103092791, "PCT_AGUA": 99.226804123711347, "PCT_DRENAJE": 99.355670103092791, "PCT_INTERNET": 74.871134020618555, "SERVICIOS_INDEX": 93.202319587628878, "MOTIVO_SIN_DATO": null }, "geometry": { "type": "Polygon", "coordinates": [ [ [ -100.91294, 25.455794 ], [ -100.914423, 25.455865 ], [ -100.912866, 25.442322 ], [ -100.91419, 25.442127 ], [ -100.915516, 25.456182 ], [ -100.916519, 25.456275 ], [ -100.918312, 25.455895 ], [ -100.918744, 25.455867 ], [ -100.919708, 25.455547 ], [ -100.920447, 25.455479 ], [ -100.920492, 25.455406 ], [ -100.920899, 25.455341 ], [ -100.921894, 25.454912 ], [ -100.923937, 25.454311 ], [ -100.9239, 25.454552 ], [ -100.92472, 25.454818 ], [ -100.925059, 25.455076 ], [ -100.925344, 25.456152 ], [ -100.925249, 25.456808 ], [ -100.925382, 25.45705 ], [ -100.925801, 25.457185 ], [ -100.926004, 25.45738 ], [ -100.926707, 25.458838 ], [ -100.926093, 25.458482 ], [ -100.925925, 25.458256 ], [ -100.923458, 25.458853 ], [ -100.922873, 25.459287 ], [ -100.922159, 25.460209 ], [ -100.919939, 25.459576 ], [ -100.919587, 25.460316 ], [ -100.91654, 25.46008 ], [ -100.91294, 25.455794 ] ] ] } },
{ "type": "Feature", "properties": { "CVEGEO": "0503000014325", "NOM_MUN": "Saltillo", "COLONIA": "LOS CUERNITOS", "POBTOT": 2513.0, "TVIVHAB": 607.0, "PCT_ELECTRICIDAD": 100.0, "PCT_AGUA": 98.846787479406913, "PCT_DRENAJE": 99.835255354200996, "PCT_INTERNET": 56.342668863261949, "SERVICIOS_INDEX": 88.756177924217468, "MOTIVO_SIN_DATO": null }, "geometry": { "type": "Polygon", "coordinates": [ [ [ -101.03093, 25.424625 ], [ -101.028675, 25.424171 ], [ -101.028373, 25.424192 ], [ -101.028654, 25.424478 ], [ -101.028322, 25.424483 ], [ -101.028136, 25.424438 ], [ -101.027974, 25.424321 ], [ -101.027991, 25.424201 ], [ -101.027592, 25.423991 ], [ -101.027105, 25.424623 ], [ -101.026088, 25.423995 ], [ -101.026655, 25.423317 ], [ -101.027179, 25.423692 ], [ -101.027382, 25.423407 ], [ -101.026334, 25.422552 ], [ -101.026602, 25.42221 ], [ -101.02672, 25.421712 ], [ -101.027037, 25.42129 ], [ -101.027574, 25.420692 ], [ -101.027799, 25.420843 ], [ -101.028038, 25.420589 ], [ -101.02665, 25.419635 ], [ -101.02729, 25.418929 ], [ -101.026505, 25.418356 ], [ -101.02873, 25.415784 ], [ -101.029491, 25.416309 ], [ -101.029695, 25.416082 ], [ -101.031181, 25.416833 ], [ -101.031761, 25.415993 ], [ -101.032616, 25.416479 ], [ -101.034362, 25.413942 ], [ -101.034126, 25.413849 ], [ -101.034106, 25.413602 ], [ -101.03394, 25.413462 ], [ -101.033956, 25.4133 ], [ -101.034084, 25.413276 ], [ -101.034208, 25.412788 ], [ -101.033888, 25.412509 ], [ -101.034132, 25.412207 ], [ -101.034381, 25.411686 ], [ -101.034757, 25.411275 ], [ -101.03497, 25.411355 ], [ -101.035211, 25.411108 ], [ -101.035424, 25.41144 ], [ -101.036508, 25.412487 ], [ -101.036127, 25.413012 ], [ -101.036084, 25.413555 ], [ -101.036329, 25.414212 ], [ -101.035666, 25.414994 ], [ -101.033819, 25.418117 ], [ -101.03225, 25.4192 ], [ -101.031965, 25.419946 ], [ -101.031477, 25.419818 ], [ -101.03129, 25.419906 ], [ -101.029505, 25.421249 ], [ -101.029137, 25.421769 ], [ -101.028983, 25.422211 ], [ -101.029094, 25.42234 ], [ -101.030467, 25.423054 ], [ -101.030687, 25.423332 ], [ -101.03101, 25.424123 ], [ -101.031544, 25.424617 ], [ -101.032205, 25.42499 ], [ -101.031361, 25.424959 ], [ -101.031178, 25.424734 ], [ -101.03093, 25.424625 ] ] ] } },
{ "type": "Feature", "properties": { "CVEGEO": "050300001376A", "NOM_MUN": "Saltillo", "COLONIA": "VILLAS DEL RANCHITO (VILLA MAGNA)", "POBTOT": 270.0, "TVIVHAB": 79.0, "PCT_ELECTRICIDAD": 100.0, "PCT_AGUA": 100.0, "PCT_DRENAJE": 100.0, "PCT_INTERNET": 88.60759493670885, "SERVICIOS_INDEX": 97.151898734177209, "MOTIVO_SIN_DATO": null }, "geometry": { "type": "Polygon", "coordinates": [ [ [ -100.935838, 25.500079 ], [ -100.935087, 25.496457 ], [ -100.935094, 25.494491 ], [ -100.935881, 25.493417 ], [ -100.936846, 25.491607 ], [ -100.93767, 25.488976 ], [ -100.938787, 25.489401 ], [ -100.942319, 25.491902 ], [ -100.945463, 25.49432 ], [ -100.944156, 25.495513 ], [ -100.945804, 25.497184 ], [ -100.94567, 25.498656 ], [ -100.945421, 25.499321 ], [ -100.945391, 25.499763 ], [ -100.945708, 25.500483 ], [ -100.945859, 25.501258 ], [ -100.946336, 25.501534 ], [ -100.947021, 25.500244 ], [ -100.948463, 25.501176 ], [ -100.951278, 25.500171 ], [ -100.951988, 25.500714 ], [ -100.953407, 25.499724 ], [ -100.954211, 25.500551 ], [ -100.952521, 25.501403 ], [ -100.950415, 25.503476 ], [ -100.949827, 25.503039 ], [ -100.948277, 25.504989 ], [ -100.948095, 25.504902 ], [ -100.946276, 25.508638 ], [ -100.945015, 25.507863 ], [ -100.944993, 25.506843 ], [ -100.944682, 25.506602 ], [ -100.944556, 25.506395 ], [ -100.944749, 25.505032 ], [ -100.944665, 25.504861 ], [ -100.94345, 25.504147 ], [ -100.943251, 25.50373 ], [ -100.940764, 25.502506 ], [ -100.939742, 25.502188 ], [ -100.939573, 25.50184 ], [ -100.936056, 25.502038 ], [ -100.93611, 25.501686 ], [ -100.935924, 25.501167 ], [ -100.935838, 25.500079 ] ] ] } },
{ "type": "Feature", "properties": { "CVEGEO": "0503000013990", "NOM_MUN": "Saltillo", "COLONIA": "RESIDENCIAL EL CAMPANARIO", "POBTOT": 598.0, "TVIVHAB": 175.0, "PCT_ELECTRICIDAD": 100.0, "PCT_AGUA": 100.0, "PCT_DRENAJE": 100.0, "PCT_INTERNET": 97.142857142857139, "SERVICIOS_INDEX": 99.285714285714278, "MOTIVO_SIN_DATO": null }, "geometry": { "type": "Polygon", "coordinates": [ [ [ -100.90712, 25.469549 ], [ -100.910534, 25.467052 ], [ -100.914813, 25.464072 ], [ -100.917112, 25.463124 ], [ -100.922159, 25.460209 ], [ -100.922873, 25.459287 ], [ -100.923458, 25.458853 ], [ -100.925925, 25.458256 ], [ -100.926093, 25.458482 ], [ -100.926926, 25.458944 ], [ -100.927244, 25.45963 ], [ -100.928422, 25.460596 ], [ -100.92873, 25.460971 ], [ -100.930453, 25.462275 ], [ -100.931734, 25.462896 ], [ -100.93332, 25.464312 ], [ -100.93009, 25.470567 ], [ -100.927448, 25.476105 ], [ -100.922662, 25.485701 ], [ -100.920963, 25.484718 ], [ -100.920475, 25.484618 ], [ -100.918506, 25.48325 ], [ -100.915769, 25.482469 ], [ -100.912615, 25.481994 ], [ -100.909739, 25.48066 ], [ -100.908767, 25.480502 ], [ -100.906647, 25.479906 ], [ -100.903025, 25.472215 ], [ -100.90712, 25.469549 ] ] ] } },
{ "type": "Feature", "properties": { "CVEGEO": "0503000014128", "NOM_MUN": "Saltillo", "COLONIA": "SAN JOSÉ DE LOS CERRITOS II", "POBTOT": 127.0, "TVIVHAB": 34.0, "PCT_ELECTRICIDAD": 100.0, "PCT_AGUA": 100.0, "PCT_DRENAJE": 94.117647058823522, "PCT_INTERNET": 20.588235294117645, "SERVICIOS_INDEX": 78.67647058823529, "MOTIVO_SIN_DATO": null }, "geometry": { "type": "Polygon", "coordinates": [ [ [ -100.900495, 25.437695 ], [ -100.898658, 25.431907 ], [ -100.898494, 25.431454 ], [ -100.898366, 25.431503 ], [ -100.897047, 25.427464 ], [ -100.89802, 25.427355 ], [ -100.898052, 25.427263 ], [ -100.897841, 25.426605 ], [ -100.898814, 25.426263 ], [ -100.895559, 25.416565 ], [ -100.897541, 25.416009 ], [ -100.899953, 25.423245 ], [ -100.899786, 25.423305 ], [ -100.90036, 25.425039 ], [ -100.900983, 25.426776 ], [ -100.901141, 25.426735 ], [ -100.902909, 25.431935 ], [ -100.90272, 25.432043 ], [ -100.903606, 25.434615 ], [ -100.905677, 25.434063 ], [ -100.906559, 25.436672 ], [ -100.900495, 25.437695 ] ] ] } },
{ "type": "Feature", "properties": { "CVEGEO": "0503000014005", "NOM_MUN": "Saltillo", "COLONIA": "LOS RAMONES", "POBTOT": 2.0, "TVIVHAB": 1.0, "PCT_ELECTRICIDAD": null, "PCT_AGUA": null, "PCT_DRENAJE": null, "PCT_INTERNET": null, "SERVICIOS_INDEX": null, "MOTIVO_SIN_DATO": "Cifras enmascaradas por INEGI (confidencialidad: 1-2 viviendas)" }, "geometry": { "type": "Polygon", "coordinates": [ [ [ -100.906547, 25.467106 ], [ -100.905059, 25.461579 ], [ -100.908165, 25.461773 ], [ -100.908471, 25.459654 ], [ -100.908668, 25.458964 ], [ -100.906248, 25.454868 ], [ -100.90882, 25.4555 ], [ -100.91017, 25.455676 ], [ -100.910577, 25.455277 ], [ -100.910743, 25.455397 ], [ -100.911388, 25.455249 ], [ -100.911535, 25.455615 ], [ -100.912294, 25.455512 ], [ -100.912336, 25.455653 ], [ -100.91294, 25.455794 ], [ -100.91654, 25.46008 ], [ -100.919587, 25.460316 ], [ -100.919939, 25.459576 ], [ -100.922159, 25.460209 ], [ -100.917112, 25.463124 ], [ -100.914813, 25.464072 ], [ -100.910534, 25.467052 ], [ -100.90712, 25.469549 ], [ -100.906547, 25.467106 ] ] ] } },
{ "type": "Feature", "properties": { "CVEGEO": "0502700011486", "NOM_MUN": "Ramos Arizpe", "COLONIA": "MANANTIALES DEL VALLE", "POBTOT": 560.0, "TVIVHAB": 156.0, "PCT_ELECTRICIDAD": 100.0, "PCT_AGUA": 100.0, "PCT_DRENAJE": 100.0, "PCT_INTERNET": 71.794871794871796, "SERVICIOS_INDEX": 92.948717948717956, "MOTIVO_SIN_DATO": null }, "geometry": { "type": "Polygon", "coordinates": [ [ [ -100.939873, 25.51574 ], [ -100.938294, 25.515557 ], [ -100.938655, 25.513284 ], [ -100.939508, 25.513389 ], [ -100.939764, 25.513931 ], [ -100.939873, 25.51574 ] ] ] } },
{ "type": "Feature", "properties": { "CVEGEO": "0502700010774", "NOM_MUN": "Ramos Arizpe", "COLONIA": "VILLAS DEL NOGALAR", "POBTOT": 177.0, "TVIVHAB": 53.0, "PCT_ELECTRICIDAD": 100.0, "PCT_AGUA": 100.0, "PCT_DRENAJE": 100.0, "PCT_INTERNET": 94.339622641509436, "SERVICIOS_INDEX": 98.584905660377359, "MOTIVO_SIN_DATO": null }, "geometry": { "type": "Polygon", "coordinates": [ [ [ -100.947069, 25.536034 ], [ -100.943764, 25.532219 ], [ -100.943671, 25.531901 ], [ -100.944101, 25.528419 ], [ -100.944112, 25.527198 ], [ -100.944452, 25.526817 ], [ -100.944579, 25.526357 ], [ -100.947069, 25.52671 ], [ -100.948374, 25.527744 ], [ -100.949265, 25.528925 ], [ -100.950328, 25.527788 ], [ -100.950447, 25.527748 ], [ -100.952826, 25.52545 ], [ -100.95077, 25.531941 ], [ -100.947069, 25.536034 ] ] ] } },
{ "type": "Feature", "properties": { "CVEGEO": "0502700011700", "NOM_MUN": "Ramos Arizpe", "COLONIA": "LOMAS DEL VALLE II", "POBTOT": 1021.0, "TVIVHAB": 305.0, "PCT_ELECTRICIDAD": 99.672131147540995, "PCT_AGUA": 100.0, "PCT_DRENAJE": 100.0, "PCT_INTERNET": 96.721311475409834, "SERVICIOS_INDEX": 99.098360655737707, "MOTIVO_SIN_DATO": null }, "geometry": { "type": "Polygon", "coordinates": [ [ [ -100.935957, 25.532688 ], [ -100.933122, 25.530819 ], [ -100.935333, 25.528162 ], [ -100.935572, 25.528229 ], [ -100.937764, 25.529753 ], [ -100.936555, 25.531987 ], [ -100.935985, 25.532835 ], [ -100.935957, 25.532688 ] ] ] } },
{ "type": "Feature", "properties": { "CVEGEO": "0502700011560", "NOM_MUN": "Ramos Arizpe", "COLONIA": "MANANTIALES DEL VALLE", "POBTOT": 3557.0, "TVIVHAB": 931.0, "PCT_ELECTRICIDAD": 100.0, "PCT_AGUA": 100.0, "PCT_DRENAJE": 100.0, "PCT_INTERNET": 70.78410311493019, "SERVICIOS_INDEX": 92.696025778732547, "MOTIVO_SIN_DATO": null }, "geometry": { "type": "Polygon", "coordinates": [ [ [ -100.93522, 25.517328 ], [ -100.933348, 25.51573 ], [ -100.933423, 25.515546 ], [ -100.932334, 25.514342 ], [ -100.931052, 25.513313 ], [ -100.930858, 25.511931 ], [ -100.931027, 25.511923 ], [ -100.929869, 25.509523 ], [ -100.931532, 25.509807 ], [ -100.931517, 25.509936 ], [ -100.93325, 25.510284 ], [ -100.933264, 25.510234 ], [ -100.934374, 25.510382 ], [ -100.934541, 25.512198 ], [ -100.93564, 25.512773 ], [ -100.933525, 25.513615 ], [ -100.9339, 25.514035 ], [ -100.936531, 25.515833 ], [ -100.93522, 25.517328 ] ] ] } },
{ "type": "Feature", "properties": { "CVEGEO": "050270001172A", "NOM_MUN": "Ramos Arizpe", "COLONIA": "LOMAS DEL VALLE II", "POBTOT": 359.0, "TVIVHAB": 128.0, "PCT_ELECTRICIDAD": 100.0, "PCT_AGUA": 100.0, "PCT_DRENAJE": 100.0, "PCT_INTERNET": 92.96875, "SERVICIOS_INDEX": 98.2421875, "MOTIVO_SIN_DATO": null }, "geometry": { "type": "Polygon", "coordinates": [ [ [ -100.935127, 25.526935 ], [ -100.935438, 25.528153 ], [ -100.935333, 25.528162 ], [ -100.935151, 25.528364 ], [ -100.933122, 25.530819 ], [ -100.932164, 25.530144 ], [ -100.932344, 25.529486 ], [ -100.935127, 25.526935 ] ] ] } },
{ "type": "Feature", "properties": { "CVEGEO": "0502700011768", "NOM_MUN": "Ramos Arizpe", "COLONIA": "MICRO PARQUE INDUSTRIAL LOS PINOS", "POBTOT": 0.0, "TVIVHAB": 0.0, "PCT_ELECTRICIDAD": null, "PCT_AGUA": null, "PCT_DRENAJE": null, "PCT_INTERNET": null, "SERVICIOS_INDEX": null, "MOTIVO_SIN_DATO": "Sin viviendas habitadas registradas en el Censo 2020" }, "geometry": { "type": "Polygon", "coordinates": [ [ [ -100.98437, 25.553186 ], [ -100.975619, 25.549549 ], [ -100.977445, 25.547953 ], [ -100.979607, 25.549447 ], [ -100.981684, 25.55042 ], [ -100.983852, 25.550658 ], [ -100.984967, 25.550416 ], [ -100.985752, 25.550746 ], [ -100.985018, 25.552158 ], [ -100.98437, 25.553186 ] ] ] } },
{ "type": "Feature", "properties": { "CVEGEO": "0502700010670", "NOM_MUN": "Ramos Arizpe", "COLONIA": "ZONA CENTRO", "POBTOT": 1040.0, "TVIVHAB": 343.0, "PCT_ELECTRICIDAD": 99.708454810495624, "PCT_AGUA": 99.708454810495624, "PCT_DRENAJE": 99.708454810495624, "PCT_INTERNET": 62.973760932944614, "SERVICIOS_INDEX": 90.524781341107882, "MOTIVO_SIN_DATO": null }, "geometry": { "type": "Polygon", "coordinates": [ [ [ -100.947215, 25.546603 ], [ -100.948024, 25.543616 ], [ -100.947974, 25.54351 ], [ -100.948396, 25.541106 ], [ -100.952498, 25.542002 ], [ -100.952349, 25.543138 ], [ -100.951563, 25.546628 ], [ -100.950481, 25.546302 ], [ -100.950388, 25.546856 ], [ -100.948674, 25.546423 ], [ -100.948519, 25.546908 ], [ -100.947215, 25.546603 ] ] ] } },
{ "type": "Feature", "properties": { "CVEGEO": "0502700011607", "NOM_MUN": "Ramos Arizpe", "COLONIA": "ANALCO II", "POBTOT": 5082.0, "TVIVHAB": 1387.0, "PCT_ELECTRICIDAD": 99.567411679884643, "PCT_AGUA": 99.711607786589767, "PCT_DRENAJE": 99.927901946647438, "PCT_INTERNET": 43.691420331651045, "SERVICIOS_INDEX": 85.724585436193223, "MOTIVO_SIN_DATO": null }, "geometry": { "type": "Polygon", "coordinates": [ [ [ -100.953928, 25.563129 ], [ -100.954177, 25.562616 ], [ -100.954879, 25.562142 ], [ -100.954614, 25.561869 ], [ -100.95536, 25.561413 ], [ -100.952924, 25.559802 ], [ -100.953553, 25.559236 ], [ -100.953769, 25.558922 ], [ -100.955989, 25.55488 ], [ -100.956634, 25.553568 ], [ -100.957394, 25.55414 ], [ -100.957378, 25.554263 ], [ -100.957635, 25.554682 ], [ -100.957634, 25.555137 ], [ -100.957549, 25.555764 ], [ -100.957201, 25.555777 ], [ -100.956988, 25.556293 ], [ -100.95601, 25.556666 ], [ -100.955766, 25.557213 ], [ -100.956618, 25.559325 ], [ -100.956796, 25.56013 ], [ -100.956557, 25.560525 ], [ -100.958635, 25.561145 ], [ -100.959037, 25.561992 ], [ -100.95866, 25.562924 ], [ -100.959211, 25.563084 ], [ -100.959892, 25.560817 ], [ -100.960292, 25.560928 ], [ -100.959454, 25.563316 ], [ -100.959558, 25.563738 ], [ -100.957514, 25.564356 ], [ -100.955265, 25.56492 ], [ -100.954005, 25.564425 ], [ -100.953841, 25.563523 ], [ -100.953928, 25.563129 ] ] ] } },
{ "type": "Feature", "properties": { "CVEGEO": "0502700011753", "NOM_MUN": "Ramos Arizpe", "COLONIA": "LOMAS DEL VALLE II", "POBTOT": 651.0, "TVIVHAB": 191.0, "PCT_ELECTRICIDAD": 100.0, "PCT_AGUA": 100.0, "PCT_DRENAJE": 100.0, "PCT_INTERNET": 97.382198952879577, "SERVICIOS_INDEX": 99.345549738219887, "MOTIVO_SIN_DATO": null }, "geometry": { "type": "Polygon", "coordinates": [ [ [ -100.931644, 25.532699 ], [ -100.932164, 25.530144 ], [ -100.935957, 25.532688 ], [ -100.935927, 25.532969 ], [ -100.935725, 25.533226 ], [ -100.934846, 25.535056 ], [ -100.934303, 25.535745 ], [ -100.933715, 25.536751 ], [ -100.931644, 25.532699 ] ] ] } },
{ "type": "Feature", "properties": { "CVEGEO": "0502700010740", "NOM_MUN": "Ramos Arizpe", "COLONIA": "MANANTIALES DEL VALLE", "POBTOT": 1931.0, "TVIVHAB": 533.0, "PCT_ELECTRICIDAD": 100.0, "PCT_AGUA": 100.0, "PCT_DRENAJE": 100.0, "PCT_INTERNET": 73.733583489681052, "SERVICIOS_INDEX": 93.433395872420263, "MOTIVO_SIN_DATO": null }, "geometry": { "type": "Polygon", "coordinates": [ [ [ -100.936883, 25.516063 ], [ -100.93729, 25.516484 ], [ -100.937593, 25.517121 ], [ -100.938031, 25.517491 ], [ -100.942672, 25.520852 ], [ -100.941804, 25.522061 ], [ -100.940941, 25.523952 ], [ -100.938967, 25.521806 ], [ -100.938331, 25.52067 ], [ -100.937795, 25.519215 ], [ -100.936942, 25.518353 ], [ -100.935437, 25.517083 ], [ -100.936531, 25.515833 ], [ -100.936883, 25.516063 ] ] ] } },
{ "type": "Feature", "properties": { "CVEGEO": "0502700010596", "NOM_MUN": "Ramos Arizpe", "COLONIA": "JARDÍN", "POBTOT": 1975.0, "TVIVHAB": 589.0, "PCT_ELECTRICIDAD": 99.830220713073004, "PCT_AGUA": 100.0, "PCT_DRENAJE": 100.0, "PCT_INTERNET": 67.911714770797957, "SERVICIOS_INDEX": 91.935483870967744, "MOTIVO_SIN_DATO": null }, "geometry": { "type": "Polygon", "coordinates": [ [ [ -100.949719, 25.553127 ], [ -100.947236, 25.551194 ], [ -100.947679, 25.54974 ], [ -100.945503, 25.547746 ], [ -100.945832, 25.547407 ], [ -100.945294, 25.546918 ], [ -100.944716, 25.547059 ], [ -100.944447, 25.546735 ], [ -100.945816, 25.545944 ], [ -100.946437, 25.545374 ], [ -100.947507, 25.545603 ], [ -100.947215, 25.546603 ], [ -100.948519, 25.546908 ], [ -100.948674, 25.546423 ], [ -100.950388, 25.546856 ], [ -100.950481, 25.546302 ], [ -100.951563, 25.546628 ], [ -100.951924, 25.544981 ], [ -100.952668, 25.544352 ], [ -100.95419, 25.546072 ], [ -100.955274, 25.547582 ], [ -100.954963, 25.548042 ], [ -100.954524, 25.548436 ], [ -100.954172, 25.548688 ], [ -100.953883, 25.548759 ], [ -100.953646, 25.549093 ], [ -100.953295, 25.549303 ], [ -100.953247, 25.549571 ], [ -100.952583, 25.550243 ], [ -100.952132, 25.55013 ], [ -100.95152, 25.549528 ], [ -100.951048, 25.549418 ], [ -100.949983, 25.553187 ], [ -100.949719, 25.553127 ] ] ] } },
{ "type": "Feature", "properties": { "CVEGEO": "0502700011679", "NOM_MUN": "Ramos Arizpe", "COLONIA": "ANALCO SANTA LUZ", "POBTOT": 1687.0, "TVIVHAB": 495.0, "PCT_ELECTRICIDAD": 99.797979797979792, "PCT_AGUA": 100.0, "PCT_DRENAJE": 100.0, "PCT_INTERNET": 27.878787878787882, "SERVICIOS_INDEX": 81.919191919191917, "MOTIVO_SIN_DATO": null }, "geometry": { "type": "Polygon", "coordinates": [ [ [ -100.950613, 25.568878 ], [ -100.948566, 25.568306 ], [ -100.947133, 25.568265 ], [ -100.947145, 25.567909 ], [ -100.946946, 25.567177 ], [ -100.947149, 25.567153 ], [ -100.947682, 25.567396 ], [ -100.94808, 25.567792 ], [ -100.948669, 25.567728 ], [ -100.949098, 25.567819 ], [ -100.949525, 25.567729 ], [ -100.949905, 25.567517 ], [ -100.950324, 25.567411 ], [ -100.951663, 25.567312 ], [ -100.952173, 25.567044 ], [ -100.952576, 25.56722 ], [ -100.953318, 25.567148 ], [ -100.954109, 25.566812 ], [ -100.954329, 25.566631 ], [ -100.954641, 25.566632 ], [ -100.956356, 25.568825 ], [ -100.955535, 25.569903 ], [ -100.955249, 25.569684 ], [ -100.954793, 25.570052 ], [ -100.953541, 25.570008 ], [ -100.952901, 25.569712 ], [ -100.952246, 25.56962 ], [ -100.951884, 25.569069 ], [ -100.950613, 25.568878 ] ] ] } },
{ "type": "Feature", "properties": { "CVEGEO": "0502700011429", "NOM_MUN": "Ramos Arizpe", "COLONIA": "CERRITO DE LA CRUZ", "POBTOT": 104.0, "TVIVHAB": 28.0, "PCT_ELECTRICIDAD": 100.0, "PCT_AGUA": 32.142857142857146, "PCT_DRENAJE": 96.428571428571431, "PCT_INTERNET": 0.0, "SERVICIOS_INDEX": 57.142857142857139, "MOTIVO_SIN_DATO": null }, "geometry": { "type": "Polygon", "coordinates": [ [ [ -100.96153, 25.525864 ], [ -100.960515, 25.525525 ], [ -100.959919, 25.525536 ], [ -100.959783, 25.52559 ], [ -100.959649, 25.525829 ], [ -100.959656, 25.525153 ], [ -100.959912, 25.524282 ], [ -100.959431, 25.524121 ], [ -100.959749, 25.523409 ], [ -100.966825, 25.510301 ], [ -100.967955, 25.509308 ], [ -100.968815, 25.509538 ], [ -100.969033, 25.509981 ], [ -100.968843, 25.51012 ], [ -100.968438, 25.511451 ], [ -100.968297, 25.511661 ], [ -100.968443, 25.512185 ], [ -100.968808, 25.512559 ], [ -100.968496, 25.51317 ], [ -100.968697, 25.514642 ], [ -100.968663, 25.515456 ], [ -100.968184, 25.516297 ], [ -100.967564, 25.516881 ], [ -100.967362, 25.517246 ], [ -100.96729, 25.517644 ], [ -100.966746, 25.518284 ], [ -100.966472, 25.518768 ], [ -100.966148, 25.519526 ], [ -100.966066, 25.520199 ], [ -100.96573, 25.521094 ], [ -100.965448, 25.521408 ], [ -100.96515, 25.521384 ], [ -100.965032, 25.521468 ], [ -100.963528, 25.523398 ], [ -100.962104, 25.525944 ], [ -100.961976, 25.525875 ], [ -100.96153, 25.525864 ] ] ] } },
{ "type": "Feature", "properties": { "CVEGEO": "0502700011414", "NOM_MUN": "Ramos Arizpe", "COLONIA": "REVOLUCIÓN MEXICANA", "POBTOT": 1951.0, "TVIVHAB": 542.0, "PCT_ELECTRICIDAD": 99.815498154981555, "PCT_AGUA": 100.0, "PCT_DRENAJE": 100.0, "PCT_INTERNET": 80.627306273062729, "SERVICIOS_INDEX": 95.110701107011081, "MOTIVO_SIN_DATO": null }, "geometry": { "type": "Polygon", "coordinates": [ [ [ -100.939873, 25.51574 ], [ -100.939853, 25.514981 ], [ -100.940323, 25.514977 ], [ -100.9403, 25.514589 ], [ -100.940895, 25.514593 ], [ -100.941221, 25.513965 ], [ -100.942326, 25.514641 ], [ -100.943244, 25.51527 ], [ -100.943674, 25.515911 ], [ -100.943857, 25.517144 ], [ -100.944331, 25.518485 ], [ -100.944054, 25.518781 ], [ -100.941346, 25.51813 ], [ -100.94106, 25.517867 ], [ -100.941167, 25.517736 ], [ -100.939754, 25.51689 ], [ -100.939873, 25.51574 ] ] ] } },
{ "type": "Feature", "properties": { "CVEGEO": "0502700010632", "NOM_MUN": "Ramos Arizpe", "COLONIA": "BLANCA ESTELA", "POBTOT": 2900.0, "TVIVHAB": 780.0, "PCT_ELECTRICIDAD": 99.615384615384613, "PCT_AGUA": 99.615384615384613, "PCT_DRENAJE": 99.743589743589752, "PCT_INTERNET": 63.717948717948715, "SERVICIOS_INDEX": 90.673076923076934, "MOTIVO_SIN_DATO": null }, "geometry": { "type": "Polygon", "coordinates": [ [ [ -100.935437, 25.517083 ], [ -100.936942, 25.518353 ], [ -100.937795, 25.519215 ], [ -100.938331, 25.52067 ], [ -100.938967, 25.521806 ], [ -100.940941, 25.523952 ], [ -100.940195, 25.525668 ], [ -100.939192, 25.527402 ], [ -100.936679, 25.525285 ], [ -100.936964, 25.524821 ], [ -100.93601, 25.524365 ], [ -100.935772, 25.524782 ], [ -100.935395, 25.524368 ], [ -100.935803, 25.523982 ], [ -100.935594, 25.523793 ], [ -100.935175, 25.524117 ], [ -100.93492, 25.523843 ], [ -100.93545, 25.523406 ], [ -100.935211, 25.523066 ], [ -100.936518, 25.52208 ], [ -100.935399, 25.520839 ], [ -100.935808, 25.520507 ], [ -100.935657, 25.520126 ], [ -100.935367, 25.519843 ], [ -100.935065, 25.52008 ], [ -100.934301, 25.519289 ], [ -100.935581, 25.518321 ], [ -100.935497, 25.518222 ], [ -100.935881, 25.517817 ], [ -100.93522, 25.517328 ], [ -100.935437, 25.517083 ] ] ] } },
{ "type": "Feature", "properties": { "CVEGEO": "0502700010628", "NOM_MUN": "Ramos Arizpe", "COLONIA": "DEL VALLE", "POBTOT": 2245.0, "TVIVHAB": 651.0, "PCT_ELECTRICIDAD": 99.692780337941628, "PCT_AGUA": 99.692780337941628, "PCT_DRENAJE": 99.692780337941628, "PCT_INTERNET": 87.864823348694316, "SERVICIOS_INDEX": 96.735791090629803, "MOTIVO_SIN_DATO": null }, "geometry": { "type": "Polygon", "coordinates": [ [ [ -100.936712, 25.531658 ], [ -100.940195, 25.525668 ], [ -100.940941, 25.523952 ], [ -100.941456, 25.524562 ], [ -100.94346, 25.526147 ], [ -100.943543, 25.526103 ], [ -100.944579, 25.526357 ], [ -100.944452, 25.526817 ], [ -100.944112, 25.527198 ], [ -100.944101, 25.528419 ], [ -100.943671, 25.531901 ], [ -100.943764, 25.532219 ], [ -100.944817, 25.533386 ], [ -100.943727, 25.534488 ], [ -100.93967, 25.53284 ], [ -100.938565, 25.532515 ], [ -100.936712, 25.531658 ] ] ] } },
{ "type": "Feature", "properties": { "CVEGEO": "0502700010651", "NOM_MUN": "Ramos Arizpe", "COLONIA": "FIDEL VELÁZQUEZ", "POBTOT": 1727.0, "TVIVHAB": 512.0, "PCT_ELECTRICIDAD": 99.21875, "PCT_AGUA": 99.21875, "PCT_DRENAJE": 99.21875, "PCT_INTERNET": 69.921875, "SERVICIOS_INDEX": 91.89453125, "MOTIVO_SIN_DATO": null }, "geometry": { "type": "Polygon", "coordinates": [ [ [ -100.941888, 25.553817 ], [ -100.941568, 25.553604 ], [ -100.939955, 25.549028 ], [ -100.939971, 25.548694 ], [ -100.939698, 25.548253 ], [ -100.939867, 25.547591 ], [ -100.940062, 25.546866 ], [ -100.9421, 25.547125 ], [ -100.9431, 25.546646 ], [ -100.942843, 25.545676 ], [ -100.944001, 25.545775 ], [ -100.94435, 25.546626 ], [ -100.944716, 25.547059 ], [ -100.945294, 25.546918 ], [ -100.945832, 25.547407 ], [ -100.945503, 25.547746 ], [ -100.947679, 25.54974 ], [ -100.94598, 25.555557 ], [ -100.945794, 25.555628 ], [ -100.945569, 25.555889 ], [ -100.945559, 25.556139 ], [ -100.945788, 25.556378 ], [ -100.945152, 25.556696 ], [ -100.943664, 25.552646 ], [ -100.943411, 25.552269 ], [ -100.941888, 25.553817 ] ] ] } },
{ "type": "Feature", "properties": { "CVEGEO": "0502700010717", "NOM_MUN": "Ramos Arizpe", "COLONIA": "HACIENDA", "POBTOT": 1905.0, "TVIVHAB": 598.0, "PCT_ELECTRICIDAD": 99.665551839464882, "PCT_AGUA": 99.665551839464882, "PCT_DRENAJE": 99.665551839464882, "PCT_INTERNET": 92.140468227424748, "SERVICIOS_INDEX": 97.784280936454849, "MOTIVO_SIN_DATO": null }, "geometry": { "type": "Polygon", "coordinates": [ [ [ -100.935985, 25.532835 ], [ -100.936712, 25.531658 ], [ -100.938565, 25.532515 ], [ -100.93967, 25.53284 ], [ -100.943727, 25.534488 ], [ -100.943056, 25.535132 ], [ -100.942227, 25.538326 ], [ -100.940788, 25.537216 ], [ -100.939943, 25.537081 ], [ -100.938929, 25.536519 ], [ -100.938572, 25.53658 ], [ -100.938317, 25.536864 ], [ -100.938245, 25.537077 ], [ -100.938078, 25.536751 ], [ -100.937937, 25.535139 ], [ -100.937726, 25.534527 ], [ -100.9374, 25.534009 ], [ -100.935985, 25.532835 ] ] ] } },
{ "type": "Feature", "properties": { "CVEGEO": "0502700011467", "NOM_MUN": "Ramos Arizpe", "COLONIA": "BLANCA ESTELA AMPLIACIÓN", "POBTOT": 2509.0, "TVIVHAB": 665.0, "PCT_ELECTRICIDAD": 100.0, "PCT_AGUA": 99.849624060150376, "PCT_DRENAJE": 100.0, "PCT_INTERNET": 71.428571428571431, "SERVICIOS_INDEX": 92.819548872180462, "MOTIVO_SIN_DATO": null }, "geometry": { "type": "Polygon", "coordinates": [ [ [ -100.934301, 25.519289 ], [ -100.935065, 25.52008 ], [ -100.935367, 25.519843 ], [ -100.935657, 25.520126 ], [ -100.935808, 25.520507 ], [ -100.935399, 25.520839 ], [ -100.936518, 25.52208 ], [ -100.935211, 25.523066 ], [ -100.93545, 25.523406 ], [ -100.93492, 25.523843 ], [ -100.935123, 25.524064 ], [ -100.934598, 25.524489 ], [ -100.932928, 25.522788 ], [ -100.932824, 25.522829 ], [ -100.931572, 25.521505 ], [ -100.934301, 25.519289 ] ] ] } },
{ "type": "Feature", "properties": { "CVEGEO": "0502700011382", "NOM_MUN": "Ramos Arizpe", "COLONIA": "EL ESCORIAL I", "POBTOT": 1892.0, "TVIVHAB": 506.0, "PCT_ELECTRICIDAD": 99.011857707509876, "PCT_AGUA": 99.011857707509876, "PCT_DRENAJE": 99.011857707509876, "PCT_INTERNET": 63.241106719367593, "SERVICIOS_INDEX": 90.069169960474312, "MOTIVO_SIN_DATO": null }, "geometry": { "type": "Polygon", "coordinates": [ [ [ -100.957394, 25.55414 ], [ -100.953594, 25.551272 ], [ -100.953646, 25.550926 ], [ -100.954036, 25.550529 ], [ -100.954261, 25.549955 ], [ -100.954508, 25.548862 ], [ -100.954842, 25.548394 ], [ -100.95538, 25.548669 ], [ -100.955655, 25.548533 ], [ -100.958241, 25.550102 ], [ -100.958655, 25.550042 ], [ -100.958862, 25.550189 ], [ -100.958809, 25.550945 ], [ -100.959298, 25.551031 ], [ -100.959231, 25.552001 ], [ -100.960775, 25.552265 ], [ -100.960738, 25.553052 ], [ -100.960482, 25.553302 ], [ -100.959734, 25.553247 ], [ -100.95914, 25.553298 ], [ -100.957608, 25.554159 ], [ -100.957394, 25.55414 ] ] ] } },
{ "type": "Feature", "properties": { "CVEGEO": "0502700010736", "NOM_MUN": "Ramos Arizpe", "COLONIA": "MANANTIALES DEL VALLE", "POBTOT": 1244.0, "TVIVHAB": 350.0, "PCT_ELECTRICIDAD": 100.0, "PCT_AGUA": 100.0, "PCT_DRENAJE": 100.0, "PCT_INTERNET": 74.0, "SERVICIOS_INDEX": 93.5, "MOTIVO_SIN_DATO": null }, "geometry": { "type": "Polygon", "coordinates": [ [ [ -100.936883, 25.516063 ], [ -100.937355, 25.5163 ], [ -100.937665, 25.516245 ], [ -100.937913, 25.516083 ], [ -100.938196, 25.516193 ], [ -100.938294, 25.515557 ], [ -100.939873, 25.51574 ], [ -100.939754, 25.51689 ], [ -100.941167, 25.517736 ], [ -100.94106, 25.517867 ], [ -100.941346, 25.51813 ], [ -100.944054, 25.518781 ], [ -100.942733, 25.520268 ], [ -100.94293, 25.520447 ], [ -100.942672, 25.520852 ], [ -100.938031, 25.517491 ], [ -100.937593, 25.517121 ], [ -100.93729, 25.516484 ], [ -100.936883, 25.516063 ] ] ] } },
{ "type": "Feature", "properties": { "CVEGEO": "0502700010755", "NOM_MUN": "Ramos Arizpe", "COLONIA": "CAÑADAS DEL MIRADOR", "POBTOT": 2918.0, "TVIVHAB": 778.0, "PCT_ELECTRICIDAD": 99.228791773778923, "PCT_AGUA": 98.586118251928028, "PCT_DRENAJE": 98.457583547557832, "PCT_INTERNET": 36.889460154241647, "SERVICIOS_INDEX": 83.290488431876611, "MOTIVO_SIN_DATO": null }, "geometry": { "type": "Polygon", "coordinates": [ [ [ -100.957378, 25.554263 ], [ -100.957394, 25.55414 ], [ -100.957608, 25.554159 ], [ -100.95914, 25.553298 ], [ -100.959734, 25.553247 ], [ -100.959935, 25.553258 ], [ -100.962901, 25.55439 ], [ -100.962702, 25.5548 ], [ -100.961957, 25.555759 ], [ -100.961578, 25.556055 ], [ -100.961261, 25.556477 ], [ -100.960683, 25.557407 ], [ -100.959736, 25.559985 ], [ -100.96016, 25.560124 ], [ -100.959211, 25.563084 ], [ -100.95866, 25.562924 ], [ -100.959037, 25.561992 ], [ -100.958635, 25.561145 ], [ -100.956557, 25.560525 ], [ -100.956796, 25.56013 ], [ -100.956618, 25.559325 ], [ -100.956134, 25.55825 ], [ -100.956187, 25.558187 ], [ -100.955779, 25.55736 ], [ -100.955766, 25.557213 ], [ -100.95601, 25.556666 ], [ -100.956988, 25.556293 ], [ -100.957201, 25.555777 ], [ -100.957549, 25.555764 ], [ -100.957635, 25.554682 ], [ -100.957378, 25.554263 ] ] ] } },
{ "type": "Feature", "properties": { "CVEGEO": "0502700011397", "NOM_MUN": "Ramos Arizpe", "COLONIA": "LA ESTACIÓN", "POBTOT": 4930.0, "TVIVHAB": 1392.0, "PCT_ELECTRICIDAD": 100.0, "PCT_AGUA": 99.784482758620683, "PCT_DRENAJE": 99.928160919540232, "PCT_INTERNET": 53.304597701149426, "SERVICIOS_INDEX": 88.254310344827587, "MOTIVO_SIN_DATO": null }, "geometry": { "type": "Polygon", "coordinates": [ [ [ -100.955274, 25.547582 ], [ -100.95419, 25.546072 ], [ -100.952668, 25.544352 ], [ -100.951924, 25.544981 ], [ -100.952349, 25.543138 ], [ -100.952469, 25.542224 ], [ -100.952633, 25.542253 ], [ -100.952845, 25.541222 ], [ -100.954679, 25.541634 ], [ -100.956273, 25.541069 ], [ -100.956615, 25.541274 ], [ -100.956877, 25.540916 ], [ -100.956957, 25.539767 ], [ -100.956548, 25.53954 ], [ -100.956306, 25.538112 ], [ -100.955224, 25.537487 ], [ -100.956333, 25.537131 ], [ -100.956594, 25.536756 ], [ -100.956635, 25.536486 ], [ -100.95893, 25.537764 ], [ -100.958859, 25.537093 ], [ -100.958961, 25.536975 ], [ -100.958884, 25.536917 ], [ -100.958883, 25.536598 ], [ -100.956771, 25.535416 ], [ -100.957169, 25.533682 ], [ -100.957807, 25.534099 ], [ -100.958246, 25.534188 ], [ -100.958014, 25.534021 ], [ -100.958038, 25.533765 ], [ -100.958419, 25.533558 ], [ -100.959301, 25.53281 ], [ -100.96007, 25.533234 ], [ -100.960345, 25.533602 ], [ -100.96079, 25.534492 ], [ -100.961109, 25.534702 ], [ -100.965272, 25.536299 ], [ -100.967497, 25.537015 ], [ -100.96667, 25.539708 ], [ -100.966497, 25.540034 ], [ -100.963964, 25.538279 ], [ -100.963456, 25.539239 ], [ -100.966126, 25.541355 ], [ -100.965952, 25.542152 ], [ -100.96425, 25.542213 ], [ -100.961703, 25.539402 ], [ -100.960634, 25.540629 ], [ -100.960775, 25.540941 ], [ -100.960778, 25.541617 ], [ -100.960592, 25.541985 ], [ -100.960248, 25.54221 ], [ -100.959624, 25.542375 ], [ -100.959451, 25.542642 ], [ -100.959613, 25.54301 ], [ -100.959952, 25.543273 ], [ -100.960684, 25.544293 ], [ -100.960893, 25.544648 ], [ -100.960817, 25.544908 ], [ -100.959987, 25.545183 ], [ -100.959326, 25.544899 ], [ -100.958882, 25.544883 ], [ -100.958714, 25.545093 ], [ -100.958884, 25.545315 ], [ -100.958703, 25.545965 ], [ -100.958433, 25.546077 ], [ -100.956543, 25.546269 ], [ -100.95614, 25.546402 ], [ -100.955599, 25.546836 ], [ -100.955431, 25.54706 ], [ -100.955274, 25.547582 ] ] ] } },
{ "type": "Feature", "properties": { "CVEGEO": "050270001158A", "NOM_MUN": "Ramos Arizpe", "COLONIA": "QUINTA MANANTIALES", "POBTOT": 1542.0, "TVIVHAB": 482.0, "PCT_ELECTRICIDAD": 99.792531120331944, "PCT_AGUA": 99.792531120331944, "PCT_DRENAJE": 99.792531120331944, "PCT_INTERNET": 93.360995850622402, "SERVICIOS_INDEX": 98.184647302904551, "MOTIVO_SIN_DATO": null }, "geometry": { "type": "Polygon", "coordinates": [ [ [ -100.941221, 25.513965 ], [ -100.939811, 25.513169 ], [ -100.940026, 25.511802 ], [ -100.938856, 25.511399 ], [ -100.939, 25.510612 ], [ -100.940212, 25.511026 ], [ -100.94079, 25.50947 ], [ -100.943431, 25.510432 ], [ -100.943484, 25.510633 ], [ -100.942723, 25.512806 ], [ -100.942828, 25.513138 ], [ -100.943322, 25.513694 ], [ -100.943564, 25.514095 ], [ -100.943663, 25.514788 ], [ -100.943674, 25.515911 ], [ -100.943244, 25.51527 ], [ -100.941221, 25.513965 ] ] ] } },
{ "type": "Feature", "properties": { "CVEGEO": "0502700011626", "NOM_MUN": "Ramos Arizpe", "COLONIA": "VALLE PONIENTE", "POBTOT": 403.0, "TVIVHAB": 112.0, "PCT_ELECTRICIDAD": 100.0, "PCT_AGUA": 100.0, "PCT_DRENAJE": 100.0, "PCT_INTERNET": 48.214285714285715, "SERVICIOS_INDEX": 87.053571428571431, "MOTIVO_SIN_DATO": null }, "geometry": { "type": "Polygon", "coordinates": [ [ [ -100.96575, 25.544463 ], [ -100.967081, 25.544787 ], [ -100.967428, 25.544594 ], [ -100.96744, 25.544507 ], [ -100.966996, 25.544389 ], [ -100.967113, 25.543982 ], [ -100.967728, 25.544143 ], [ -100.967953, 25.544599 ], [ -100.965951, 25.545767 ], [ -100.965289, 25.546366 ], [ -100.96515, 25.545745 ], [ -100.965103, 25.544729 ], [ -100.965565, 25.544664 ], [ -100.96575, 25.544463 ] ] ] } },
{ "type": "Feature", "properties": { "CVEGEO": "0502700011575", "NOM_MUN": "Ramos Arizpe", "COLONIA": "VALLE PONIENTE", "POBTOT": 4367.0, "TVIVHAB": 1215.0, "PCT_ELECTRICIDAD": 99.91769547325103, "PCT_AGUA": 99.835390946502059, "PCT_DRENAJE": 100.0, "PCT_INTERNET": 40.823045267489711, "SERVICIOS_INDEX": 85.144032921810705, "MOTIVO_SIN_DATO": null }, "geometry": { "type": "Polygon", "coordinates": [ [ [ -100.973911, 25.549394 ], [ -100.972557, 25.549196 ], [ -100.969111, 25.548318 ], [ -100.964829, 25.547351 ], [ -100.963465, 25.54743 ], [ -100.965289, 25.546366 ], [ -100.965951, 25.545767 ], [ -100.967128, 25.545089 ], [ -100.966912, 25.545575 ], [ -100.969238, 25.546122 ], [ -100.969361, 25.545628 ], [ -100.975621, 25.546955 ], [ -100.976505, 25.547318 ], [ -100.977445, 25.547953 ], [ -100.975619, 25.549549 ], [ -100.973911, 25.549394 ] ] ] } },
{ "type": "Feature", "properties": { "CVEGEO": "0502700011556", "NOM_MUN": "Ramos Arizpe", "COLONIA": "EL ESCORIAL II", "POBTOT": 1677.0, "TVIVHAB": 430.0, "PCT_ELECTRICIDAD": 99.534883720930239, "PCT_AGUA": 99.534883720930239, "PCT_DRENAJE": 99.767441860465112, "PCT_INTERNET": 55.813953488372093, "SERVICIOS_INDEX": 88.662790697674424, "MOTIVO_SIN_DATO": null }, "geometry": { "type": "Polygon", "coordinates": [ [ [ -100.960775, 25.552265 ], [ -100.959231, 25.552001 ], [ -100.959298, 25.551031 ], [ -100.958809, 25.550945 ], [ -100.958862, 25.550189 ], [ -100.958655, 25.550042 ], [ -100.959335, 25.549165 ], [ -100.959624, 25.548971 ], [ -100.959537, 25.548429 ], [ -100.959761, 25.547968 ], [ -100.962408, 25.548677 ], [ -100.962179, 25.548826 ], [ -100.961094, 25.551305 ], [ -100.960851, 25.551275 ], [ -100.960775, 25.552265 ] ] ] } },
{ "type": "Feature", "properties": { "CVEGEO": "050270001140A", "NOM_MUN": "Ramos Arizpe", "COLONIA": "SANTOS SAUCEDO", "POBTOT": 1742.0, "TVIVHAB": 470.0, "PCT_ELECTRICIDAD": 99.361702127659584, "PCT_AGUA": 99.361702127659584, "PCT_DRENAJE": 99.148936170212764, "PCT_INTERNET": 44.255319148936167, "SERVICIOS_INDEX": 85.531914893617028, "MOTIVO_SIN_DATO": null }, "geometry": { "type": "Polygon", "coordinates": [ [ [ -100.935438, 25.528153 ], [ -100.934935, 25.526321 ], [ -100.934949, 25.52578 ], [ -100.935145, 25.525098 ], [ -100.934598, 25.524489 ], [ -100.935594, 25.523793 ], [ -100.935803, 25.523982 ], [ -100.935395, 25.524368 ], [ -100.935772, 25.524782 ], [ -100.93601, 25.524365 ], [ -100.936964, 25.524821 ], [ -100.936679, 25.525285 ], [ -100.939192, 25.527402 ], [ -100.937764, 25.529753 ], [ -100.935438, 25.528153 ] ] ] } },
{ "type": "Feature", "properties": { "CVEGEO": "0502700011791", "NOM_MUN": "Ramos Arizpe", "COLONIA": "AMISTAD AEROPUERTO ETAPA I", "POBTOT": 0.0, "TVIVHAB": 0.0, "PCT_ELECTRICIDAD": null, "PCT_AGUA": null, "PCT_DRENAJE": null, "PCT_INTERNET": null, "SERVICIOS_INDEX": null, "MOTIVO_SIN_DATO": "Sin viviendas habitadas registradas en el Censo 2020" }, "geometry": { "type": "Polygon", "coordinates": [ [ [ -100.917972, 25.53165 ], [ -100.918124, 25.530252 ], [ -100.918104, 25.528622 ], [ -100.917849, 25.527413 ], [ -100.91719, 25.525267 ], [ -100.920984, 25.524604 ], [ -100.922268, 25.530118 ], [ -100.923729, 25.535785 ], [ -100.924858, 25.541033 ], [ -100.924581, 25.542941 ], [ -100.922687, 25.550513 ], [ -100.922242, 25.552572 ], [ -100.919459, 25.553141 ], [ -100.919116, 25.55204 ], [ -100.918593, 25.551268 ], [ -100.918256, 25.551054 ], [ -100.917713, 25.550148 ], [ -100.917825, 25.549043 ], [ -100.917609, 25.547711 ], [ -100.917622, 25.547249 ], [ -100.917996, 25.546214 ], [ -100.918148, 25.545307 ], [ -100.918131, 25.544682 ], [ -100.91843, 25.543493 ], [ -100.918407, 25.542952 ], [ -100.91821, 25.542057 ], [ -100.918182, 25.541373 ], [ -100.918544, 25.53956 ], [ -100.918837, 25.538938 ], [ -100.918971, 25.538322 ], [ -100.918983, 25.537674 ], [ -100.918554, 25.53697 ], [ -100.917907, 25.533908 ], [ -100.917734, 25.532624 ], [ -100.917972, 25.53165 ] ] ] } },
{ "type": "Feature", "properties": { "CVEGEO": "0502700011734", "NOM_MUN": "Ramos Arizpe", "COLONIA": "PARAJES DE LOS PINOS", "POBTOT": 2296.0, "TVIVHAB": 662.0, "PCT_ELECTRICIDAD": 100.0, "PCT_AGUA": 99.848942598187307, "PCT_DRENAJE": 100.0, "PCT_INTERNET": 52.265861027190333, "SERVICIOS_INDEX": 88.028700906344412, "MOTIVO_SIN_DATO": null }, "geometry": { "type": "Polygon", "coordinates": [ [ [ -100.969736, 25.531934 ], [ -100.969697, 25.530665 ], [ -100.975231, 25.530519 ], [ -100.978019, 25.530346 ], [ -100.977942, 25.5348 ], [ -100.974715, 25.534912 ], [ -100.976053, 25.532478 ], [ -100.975953, 25.532434 ], [ -100.976563, 25.531338 ], [ -100.973234, 25.531568 ], [ -100.969736, 25.531934 ] ] ] } },
{ "type": "Feature", "properties": { "CVEGEO": "050270001076A", "NOM_MUN": "Ramos Arizpe", "COLONIA": "PARAJES DE LOS PINOS", "POBTOT": 1905.0, "TVIVHAB": 563.0, "PCT_ELECTRICIDAD": 99.46714031971581, "PCT_AGUA": 98.40142095914743, "PCT_DRENAJE": 99.46714031971581, "PCT_INTERNET": 50.266429840142088, "SERVICIOS_INDEX": 86.900532859680283, "MOTIVO_SIN_DATO": null }, "geometry": { "type": "Polygon", "coordinates": [ [ [ -100.967497, 25.537015 ], [ -100.965272, 25.536299 ], [ -100.961109, 25.534702 ], [ -100.96079, 25.534492 ], [ -100.960345, 25.533602 ], [ -100.96007, 25.533234 ], [ -100.959301, 25.53281 ], [ -100.958419, 25.533558 ], [ -100.958038, 25.533765 ], [ -100.958014, 25.534021 ], [ -100.958246, 25.534188 ], [ -100.957807, 25.534099 ], [ -100.95605, 25.533096 ], [ -100.956802, 25.531414 ], [ -100.956301, 25.531111 ], [ -100.958086, 25.526953 ], [ -100.959431, 25.524121 ], [ -100.959912, 25.524282 ], [ -100.959656, 25.525153 ], [ -100.959649, 25.525829 ], [ -100.959783, 25.52559 ], [ -100.959919, 25.525536 ], [ -100.960515, 25.525525 ], [ -100.960807, 25.525583 ], [ -100.960997, 25.52573 ], [ -100.96114, 25.526872 ], [ -100.961874, 25.528538 ], [ -100.965186, 25.530352 ], [ -100.966402, 25.530681 ], [ -100.968377, 25.53095 ], [ -100.969715, 25.530954 ], [ -100.969736, 25.531934 ], [ -100.973234, 25.531568 ], [ -100.976563, 25.531338 ], [ -100.975953, 25.532434 ], [ -100.976053, 25.532478 ], [ -100.974715, 25.534912 ], [ -100.974292, 25.534953 ], [ -100.973292, 25.535294 ], [ -100.96851, 25.537083 ], [ -100.967497, 25.537015 ] ] ] } },
{ "type": "Feature", "properties": { "CVEGEO": "0502700011772", "NOM_MUN": "Ramos Arizpe", "COLONIA": "PARAJES DE LOS PINOS", "POBTOT": 3225.0, "TVIVHAB": 929.0, "PCT_ELECTRICIDAD": 100.0, "PCT_AGUA": 99.892357373519914, "PCT_DRENAJE": 100.0, "PCT_INTERNET": 28.632938643702904, "SERVICIOS_INDEX": 82.131324004305711, "MOTIVO_SIN_DATO": null }, "geometry": { "type": "Polygon", "coordinates": [ [ [ -100.977942, 25.5348 ], [ -100.978003, 25.529986 ], [ -100.980175, 25.529963 ], [ -100.983913, 25.53023 ], [ -100.982085, 25.53379 ], [ -100.981665, 25.534767 ], [ -100.977942, 25.5348 ] ] ] } },
{ "type": "Feature", "properties": { "CVEGEO": "0502700011698", "NOM_MUN": "Ramos Arizpe", "COLONIA": "VILLASOL", "POBTOT": 6131.0, "TVIVHAB": 1756.0, "PCT_ELECTRICIDAD": 99.94305239179954, "PCT_AGUA": 99.829157175398635, "PCT_DRENAJE": 100.0, "PCT_INTERNET": 34.851936218678816, "SERVICIOS_INDEX": 83.656036446469244, "MOTIVO_SIN_DATO": null }, "geometry": { "type": "Polygon", "coordinates": [ [ [ -100.961864, 25.553995 ], [ -100.959935, 25.553258 ], [ -100.960482, 25.553302 ], [ -100.960738, 25.553052 ], [ -100.960851, 25.551275 ], [ -100.961094, 25.551305 ], [ -100.962179, 25.548826 ], [ -100.962408, 25.548677 ], [ -100.961556, 25.548399 ], [ -100.963465, 25.54743 ], [ -100.964829, 25.547351 ], [ -100.969111, 25.548318 ], [ -100.972557, 25.549196 ], [ -100.972681, 25.549169 ], [ -100.97263, 25.549284 ], [ -100.973058, 25.549382 ], [ -100.97286, 25.550679 ], [ -100.972728, 25.55109 ], [ -100.972489, 25.551092 ], [ -100.97212, 25.551504 ], [ -100.971758, 25.552133 ], [ -100.97039, 25.552731 ], [ -100.9699, 25.553066 ], [ -100.968865, 25.553285 ], [ -100.967787, 25.553293 ], [ -100.966486, 25.553562 ], [ -100.965432, 25.553598 ], [ -100.963064, 25.554066 ], [ -100.963419, 25.553397 ], [ -100.961864, 25.553995 ] ] ] } },
{ "type": "Feature", "properties": { "CVEGEO": "0502700011630", "NOM_MUN": "Ramos Arizpe", "COLONIA": "PORTALES", "POBTOT": 1570.0, "TVIVHAB": 477.0, "PCT_ELECTRICIDAD": 100.0, "PCT_AGUA": 100.0, "PCT_DRENAJE": 100.0, "PCT_INTERNET": 96.645702306079656, "SERVICIOS_INDEX": 99.161425576519918, "MOTIVO_SIN_DATO": null }, "geometry": { "type": "Polygon", "coordinates": [ [ [ -100.944331, 25.518485 ], [ -100.943765, 25.516757 ], [ -100.943564, 25.514095 ], [ -100.943322, 25.513694 ], [ -100.942828, 25.513138 ], [ -100.942723, 25.512806 ], [ -100.943484, 25.510633 ], [ -100.943996, 25.510812 ], [ -100.944269, 25.511147 ], [ -100.94465, 25.511401 ], [ -100.948219, 25.512089 ], [ -100.946645, 25.515788 ], [ -100.946036, 25.518001 ], [ -100.945832, 25.518413 ], [ -100.94564, 25.518677 ], [ -100.945526, 25.518458 ], [ -100.945322, 25.518377 ], [ -100.944687, 25.51839 ], [ -100.944331, 25.518485 ] ] ] } },
{ "type": "Feature", "properties": { "CVEGEO": "0502700010789", "NOM_MUN": "Ramos Arizpe", "COLONIA": "BONTERRA", "POBTOT": 1261.0, "TVIVHAB": 394.0, "PCT_ELECTRICIDAD": 100.0, "PCT_AGUA": 100.0, "PCT_DRENAJE": 100.0, "PCT_INTERNET": 82.233502538071065, "SERVICIOS_INDEX": 95.558375634517773, "MOTIVO_SIN_DATO": null }, "geometry": { "type": "Polygon", "coordinates": [ [ [ -100.947069, 25.52671 ], [ -100.944579, 25.526357 ], [ -100.943543, 25.526103 ], [ -100.94346, 25.526147 ], [ -100.941456, 25.524562 ], [ -100.940941, 25.523952 ], [ -100.941804, 25.522061 ], [ -100.94293, 25.520447 ], [ -100.942733, 25.520268 ], [ -100.944331, 25.518485 ], [ -100.944687, 25.51839 ], [ -100.945322, 25.518377 ], [ -100.945526, 25.518458 ], [ -100.94564, 25.518677 ], [ -100.945744, 25.520197 ], [ -100.946345, 25.521519 ], [ -100.947747, 25.522586 ], [ -100.948087, 25.522746 ], [ -100.948995, 25.522915 ], [ -100.949926, 25.522892 ], [ -100.951692, 25.522623 ], [ -100.952307, 25.522425 ], [ -100.953715, 25.522751 ], [ -100.952826, 25.52545 ], [ -100.950447, 25.527748 ], [ -100.950328, 25.527788 ], [ -100.949265, 25.528925 ], [ -100.948374, 25.527744 ], [ -100.947069, 25.52671 ] ] ] } },
{ "type": "Feature", "properties": { "CVEGEO": "0502700010793", "NOM_MUN": "Ramos Arizpe", "COLONIA": "LOS BOSQUES", "POBTOT": 0.0, "TVIVHAB": 0.0, "PCT_ELECTRICIDAD": null, "PCT_AGUA": null, "PCT_DRENAJE": null, "PCT_INTERNET": null, "SERVICIOS_INDEX": null, "MOTIVO_SIN_DATO": "Sin viviendas habitadas registradas en el Censo 2020" }, "geometry": { "type": "Polygon", "coordinates": [ [ [ -100.957763, 25.515429 ], [ -100.960459, 25.510661 ], [ -100.960972, 25.510064 ], [ -100.961901, 25.508523 ], [ -100.962313, 25.507659 ], [ -100.963827, 25.502349 ], [ -100.96841, 25.504803 ], [ -100.967172, 25.507193 ], [ -100.967172, 25.507534 ], [ -100.967309, 25.507856 ], [ -100.968078, 25.508634 ], [ -100.968159, 25.508822 ], [ -100.968137, 25.509063 ], [ -100.968015, 25.509255 ], [ -100.966825, 25.510301 ], [ -100.964411, 25.514675 ], [ -100.962705, 25.517946 ], [ -100.958001, 25.515658 ], [ -100.957763, 25.515429 ] ] ] } },
{ "type": "Feature", "properties": { "CVEGEO": "0502700011645", "NOM_MUN": "Ramos Arizpe", "COLONIA": "NUEVA ESPERANZA", "POBTOT": 3296.0, "TVIVHAB": 847.0, "PCT_ELECTRICIDAD": 99.409681227863047, "PCT_AGUA": 99.645808736717825, "PCT_DRENAJE": 100.0, "PCT_INTERNET": 54.899645808736722, "SERVICIOS_INDEX": 88.488783943329395, "MOTIVO_SIN_DATO": null }, "geometry": { "type": "Polygon", "coordinates": [ [ [ -100.926403, 25.512355 ], [ -100.926077, 25.509161 ], [ -100.926257, 25.508802 ], [ -100.926918, 25.506398 ], [ -100.927337, 25.50562 ], [ -100.927637, 25.505774 ], [ -100.927775, 25.505507 ], [ -100.930017, 25.506648 ], [ -100.930172, 25.50732 ], [ -100.930565, 25.508414 ], [ -100.93166, 25.509658 ], [ -100.931532, 25.509807 ], [ -100.929869, 25.509523 ], [ -100.931027, 25.511923 ], [ -100.929939, 25.511971 ], [ -100.926403, 25.512355 ] ] ] } },
{ "type": "Feature", "properties": { "CVEGEO": "0502700010666", "NOM_MUN": "Ramos Arizpe", "COLONIA": "FIDEL VELÁZQUEZ", "POBTOT": 2538.0, "TVIVHAB": 691.0, "PCT_ELECTRICIDAD": 99.855282199710558, "PCT_AGUA": 99.855282199710558, "PCT_DRENAJE": 99.855282199710558, "PCT_INTERNET": 70.911722141823446, "SERVICIOS_INDEX": 92.61939218523878, "MOTIVO_SIN_DATO": null }, "geometry": { "type": "Polygon", "coordinates": [ [ [ -100.93275, 25.550559 ], [ -100.93321, 25.550043 ], [ -100.937047, 25.547018 ], [ -100.938294, 25.545679 ], [ -100.939884, 25.546843 ], [ -100.940062, 25.546866 ], [ -100.939698, 25.548253 ], [ -100.939971, 25.548694 ], [ -100.939955, 25.549028 ], [ -100.941568, 25.553604 ], [ -100.941888, 25.553817 ], [ -100.941419, 25.554502 ], [ -100.940414, 25.555248 ], [ -100.940224, 25.555257 ], [ -100.939662, 25.555072 ], [ -100.939507, 25.554361 ], [ -100.939134, 25.554092 ], [ -100.938291, 25.553753 ], [ -100.938732, 25.552035 ], [ -100.93781, 25.55186 ], [ -100.93778, 25.551632 ], [ -100.938094, 25.550319 ], [ -100.938399, 25.550244 ], [ -100.938759, 25.549875 ], [ -100.938803, 25.549279 ], [ -100.938536, 25.548783 ], [ -100.933853, 25.550045 ], [ -100.93275, 25.550559 ] ] ] } },
{ "type": "Feature", "properties": { "CVEGEO": "0502700010702", "NOM_MUN": "Ramos Arizpe", "COLONIA": "LA HACIENDA III", "POBTOT": 3786.0, "TVIVHAB": 1147.0, "PCT_ELECTRICIDAD": 99.912816041848302, "PCT_AGUA": 99.912816041848302, "PCT_DRENAJE": 99.912816041848302, "PCT_INTERNET": 87.707061900610285, "SERVICIOS_INDEX": 96.861377506538787, "MOTIVO_SIN_DATO": null }, "geometry": { "type": "Polygon", "coordinates": [ [ [ -100.937754, 25.546259 ], [ -100.936769, 25.543363 ], [ -100.936712, 25.542815 ], [ -100.93625, 25.541496 ], [ -100.933715, 25.536751 ], [ -100.934303, 25.535745 ], [ -100.934846, 25.535056 ], [ -100.935725, 25.533226 ], [ -100.935985, 25.532835 ], [ -100.9374, 25.534009 ], [ -100.937726, 25.534527 ], [ -100.937937, 25.535139 ], [ -100.938078, 25.536751 ], [ -100.938245, 25.537077 ], [ -100.938317, 25.536864 ], [ -100.938572, 25.53658 ], [ -100.938929, 25.536519 ], [ -100.939943, 25.537081 ], [ -100.940788, 25.537216 ], [ -100.942227, 25.538326 ], [ -100.942386, 25.537749 ], [ -100.943088, 25.538302 ], [ -100.943376, 25.538713 ], [ -100.944491, 25.538944 ], [ -100.943864, 25.539542 ], [ -100.94215, 25.541525 ], [ -100.937754, 25.546259 ] ] ] } },
{ "type": "Feature", "properties": { "CVEGEO": "0502700010806", "NOM_MUN": "Ramos Arizpe", "COLONIA": "SIN NOMBRE REGISTRADO", "POBTOT": 0.0, "TVIVHAB": 0.0, "PCT_ELECTRICIDAD": null, "PCT_AGUA": null, "PCT_DRENAJE": null, "PCT_INTERNET": null, "SERVICIOS_INDEX": null, "MOTIVO_SIN_DATO": "Sin viviendas habitadas registradas en el Censo 2020" }, "geometry": { "type": "Polygon", "coordinates": [ [ [ -100.968645, 25.514432 ], [ -100.968496, 25.51317 ], [ -100.968808, 25.512559 ], [ -100.968443, 25.512185 ], [ -100.968297, 25.511661 ], [ -100.968438, 25.511451 ], [ -100.968843, 25.51012 ], [ -100.969033, 25.509981 ], [ -100.968815, 25.509538 ], [ -100.967955, 25.509308 ], [ -100.968137, 25.509063 ], [ -100.968159, 25.508822 ], [ -100.967915, 25.508428 ], [ -100.967518, 25.508061 ], [ -100.969307, 25.504527 ], [ -100.970728, 25.502043 ], [ -100.971395, 25.501293 ], [ -100.97214, 25.500729 ], [ -100.973484, 25.500085 ], [ -100.974687, 25.499805 ], [ -100.977856, 25.499319 ], [ -100.978892, 25.499052 ], [ -100.980165, 25.498482 ], [ -100.980891, 25.497972 ], [ -100.98166, 25.497186 ], [ -100.98215, 25.496434 ], [ -100.983391, 25.493581 ], [ -100.984785, 25.490039 ], [ -100.986266, 25.486721 ], [ -100.987292, 25.487083 ], [ -100.982388, 25.498665 ], [ -100.982608, 25.499311 ], [ -100.982966, 25.499595 ], [ -100.984205, 25.500146 ], [ -100.984422, 25.500354 ], [ -100.985425, 25.503259 ], [ -100.985423, 25.503502 ], [ -100.985365, 25.503643 ], [ -100.985209, 25.503692 ], [ -100.984175, 25.504536 ], [ -100.983382, 25.505024 ], [ -100.982821, 25.505187 ], [ -100.982635, 25.505395 ], [ -100.982472, 25.506049 ], [ -100.982568, 25.506581 ], [ -100.98256, 25.507121 ], [ -100.982231, 25.5083 ], [ -100.98207, 25.509236 ], [ -100.981662, 25.509627 ], [ -100.980376, 25.509994 ], [ -100.979723, 25.510347 ], [ -100.979274, 25.510728 ], [ -100.978848, 25.510966 ], [ -100.978443, 25.511484 ], [ -100.977606, 25.513267 ], [ -100.976758, 25.514698 ], [ -100.976237, 25.515256 ], [ -100.97592, 25.5153 ], [ -100.975646, 25.515704 ], [ -100.97559, 25.515933 ], [ -100.975311, 25.516194 ], [ -100.974054, 25.516191 ], [ -100.972039, 25.5168 ], [ -100.969668, 25.51575 ], [ -100.969556, 25.515405 ], [ -100.969184, 25.515218 ], [ -100.968935, 25.514516 ], [ -100.968793, 25.5144 ], [ -100.968645, 25.514432 ] ] ] } },
{ "type": "Feature", "properties": { "CVEGEO": "0502700010609", "NOM_MUN": "Ramos Arizpe", "COLONIA": "INTERNACIONAL PLAN DE GUADALUPE", "POBTOT": 0.0, "TVIVHAB": 0.0, "PCT_ELECTRICIDAD": null, "PCT_AGUA": null, "PCT_DRENAJE": null, "PCT_INTERNET": null, "SERVICIOS_INDEX": null, "MOTIVO_SIN_DATO": "Sin viviendas habitadas registradas en el Censo 2020" }, "geometry": { "type": "Polygon", "coordinates": [ [ [ -100.924028, 25.54505 ], [ -100.924581, 25.542941 ], [ -100.927017, 25.542936 ], [ -100.927005, 25.528158 ], [ -100.927072, 25.523833 ], [ -100.929318, 25.523843 ], [ -100.92925, 25.528047 ], [ -100.934445, 25.538213 ], [ -100.935068, 25.539202 ], [ -100.93625, 25.541496 ], [ -100.936712, 25.542815 ], [ -100.936769, 25.543363 ], [ -100.937754, 25.546259 ], [ -100.937047, 25.547018 ], [ -100.93321, 25.550043 ], [ -100.93275, 25.550559 ], [ -100.929811, 25.552829 ], [ -100.928784, 25.552807 ], [ -100.927075, 25.552387 ], [ -100.927005, 25.545222 ], [ -100.924028, 25.54505 ] ] ] } },
{ "type": "Feature", "properties": { "CVEGEO": "0502700011518", "NOM_MUN": "Ramos Arizpe", "COLONIA": "SALTILLO-RAMOS ARIZPE", "POBTOT": 0.0, "TVIVHAB": 0.0, "PCT_ELECTRICIDAD": null, "PCT_AGUA": null, "PCT_DRENAJE": null, "PCT_INTERNET": null, "SERVICIOS_INDEX": null, "MOTIVO_SIN_DATO": "Sin viviendas habitadas registradas en el Censo 2020" }, "geometry": { "type": "Polygon", "coordinates": [ [ [ -100.931779, 25.57389 ], [ -100.926902, 25.572671 ], [ -100.926847, 25.572873 ], [ -100.919676, 25.569523 ], [ -100.920079, 25.569244 ], [ -100.919594, 25.566453 ], [ -100.919159, 25.566427 ], [ -100.918787, 25.564727 ], [ -100.918554, 25.564542 ], [ -100.91848, 25.563288 ], [ -100.91954, 25.56299 ], [ -100.920188, 25.562596 ], [ -100.920617, 25.562201 ], [ -100.921039, 25.561633 ], [ -100.922994, 25.558398 ], [ -100.92224, 25.558393 ], [ -100.921948, 25.558127 ], [ -100.921591, 25.556994 ], [ -100.921503, 25.556403 ], [ -100.923109, 25.555778 ], [ -100.924208, 25.557172 ], [ -100.925004, 25.55653 ], [ -100.92318, 25.554547 ], [ -100.924398, 25.553558 ], [ -100.926318, 25.555521 ], [ -100.927736, 25.554323 ], [ -100.929811, 25.552829 ], [ -100.930522, 25.553427 ], [ -100.931725, 25.554636 ], [ -100.932351, 25.555122 ], [ -100.933305, 25.555519 ], [ -100.934965, 25.55662 ], [ -100.935227, 25.557258 ], [ -100.937111, 25.558656 ], [ -100.938559, 25.561162 ], [ -100.942764, 25.564923 ], [ -100.942579, 25.564888 ], [ -100.942173, 25.565504 ], [ -100.941114, 25.566175 ], [ -100.939091, 25.566376 ], [ -100.937601, 25.566993 ], [ -100.937252, 25.566737 ], [ -100.935202, 25.568746 ], [ -100.934751, 25.569896 ], [ -100.934539, 25.570075 ], [ -100.933499, 25.574704 ], [ -100.931779, 25.57389 ] ] ] } },
{ "type": "Feature", "properties": { "CVEGEO": "0502700010011", "NOM_MUN": "Ramos Arizpe", "COLONIA": "REAL DEL VALLE", "POBTOT": 635.0, "TVIVHAB": 192.0, "PCT_ELECTRICIDAD": 100.0, "PCT_AGUA": 100.0, "PCT_DRENAJE": 100.0, "PCT_INTERNET": 49.479166666666671, "SERVICIOS_INDEX": 87.369791666666671, "MOTIVO_SIN_DATO": null }, "geometry": { "type": "Polygon", "coordinates": [ [ [ -100.976243, 25.543126 ], [ -100.977462, 25.54077 ], [ -100.977071, 25.540721 ], [ -100.976172, 25.540421 ], [ -100.976168, 25.541364 ], [ -100.973316, 25.541321 ], [ -100.9733, 25.541007 ], [ -100.972474, 25.54105 ], [ -100.972516, 25.53939 ], [ -100.972812, 25.539032 ], [ -100.977682, 25.538969 ], [ -100.977967, 25.539022 ], [ -100.978058, 25.539235 ], [ -100.977983, 25.541167 ], [ -100.977002, 25.543268 ], [ -100.976243, 25.543126 ] ] ] } },
{ "type": "Feature", "properties": { "CVEGEO": "0502700011787", "NOM_MUN": "Ramos Arizpe", "COLONIA": "FINSA", "POBTOT": 0.0, "TVIVHAB": 0.0, "PCT_ELECTRICIDAD": null, "PCT_AGUA": null, "PCT_DRENAJE": null, "PCT_INTERNET": null, "SERVICIOS_INDEX": null, "MOTIVO_SIN_DATO": "Sin viviendas habitadas registradas en el Censo 2020" }, "geometry": { "type": "Polygon", "coordinates": [ [ [ -100.972481, 25.516649 ], [ -100.974054, 25.516191 ], [ -100.975311, 25.516194 ], [ -100.97559, 25.515933 ], [ -100.975646, 25.515704 ], [ -100.97592, 25.5153 ], [ -100.976237, 25.515256 ], [ -100.976483, 25.515035 ], [ -100.977543, 25.513384 ], [ -100.978443, 25.511484 ], [ -100.978848, 25.510966 ], [ -100.979274, 25.510728 ], [ -100.979723, 25.510347 ], [ -100.980376, 25.509994 ], [ -100.981662, 25.509627 ], [ -100.98207, 25.509236 ], [ -100.982231, 25.5083 ], [ -100.98256, 25.507121 ], [ -100.982568, 25.506581 ], [ -100.982472, 25.506049 ], [ -100.982566, 25.505515 ], [ -100.982711, 25.505278 ], [ -100.983382, 25.505024 ], [ -100.984175, 25.504536 ], [ -100.985209, 25.503692 ], [ -100.985365, 25.503643 ], [ -100.985423, 25.503502 ], [ -100.98557, 25.503688 ], [ -100.987191, 25.50833 ], [ -100.987139, 25.508504 ], [ -100.987362, 25.509257 ], [ -100.987911, 25.51076 ], [ -100.990456, 25.513526 ], [ -100.990005, 25.513994 ], [ -100.989328, 25.514584 ], [ -100.988269, 25.514998 ], [ -100.987606, 25.515117 ], [ -100.987244, 25.51344 ], [ -100.983831, 25.513965 ], [ -100.983599, 25.513942 ], [ -100.982876, 25.513614 ], [ -100.982527, 25.513588 ], [ -100.981806, 25.513738 ], [ -100.983934, 25.515527 ], [ -100.984661, 25.515839 ], [ -100.983651, 25.517049 ], [ -100.982212, 25.518375 ], [ -100.980874, 25.519093 ], [ -100.980368, 25.519041 ], [ -100.979938, 25.519217 ], [ -100.978941, 25.519229 ], [ -100.978495, 25.51958 ], [ -100.978067, 25.519366 ], [ -100.977898, 25.519394 ], [ -100.977521, 25.519546 ], [ -100.977075, 25.519936 ], [ -100.976345, 25.519987 ], [ -100.975687, 25.520159 ], [ -100.975467, 25.520287 ], [ -100.97508, 25.520736 ], [ -100.974501, 25.520676 ], [ -100.974323, 25.520773 ], [ -100.97403, 25.521378 ], [ -100.972792, 25.519229 ], [ -100.973967, 25.518606 ], [ -100.97352, 25.517921 ], [ -100.972481, 25.516649 ] ] ] } },
{ "type": "Feature", "properties": { "CVEGEO": "0502700011683", "NOM_MUN": "Ramos Arizpe", "COLONIA": "REAL DEL VALLE", "POBTOT": 2725.0, "TVIVHAB": 762.0, "PCT_ELECTRICIDAD": 99.868766404199476, "PCT_AGUA": 99.343832020997382, "PCT_DRENAJE": 99.868766404199476, "PCT_INTERNET": 50.918635170603679, "SERVICIOS_INDEX": 87.5, "MOTIVO_SIN_DATO": null }, "geometry": { "type": "Polygon", "coordinates": [ [ [ -100.967128, 25.545089 ], [ -100.967953, 25.544599 ], [ -100.967728, 25.544143 ], [ -100.967113, 25.543982 ], [ -100.966996, 25.544389 ], [ -100.96744, 25.544507 ], [ -100.967428, 25.544594 ], [ -100.967081, 25.544787 ], [ -100.96575, 25.544463 ], [ -100.966141, 25.543982 ], [ -100.965794, 25.543297 ], [ -100.965953, 25.54287 ], [ -100.966234, 25.542548 ], [ -100.966775, 25.542274 ], [ -100.967973, 25.541476 ], [ -100.968548, 25.541573 ], [ -100.968525, 25.541658 ], [ -100.970202, 25.542151 ], [ -100.977035, 25.543276 ], [ -100.976105, 25.545533 ], [ -100.975621, 25.546955 ], [ -100.969361, 25.545628 ], [ -100.969238, 25.546122 ], [ -100.967874, 25.545826 ], [ -100.966912, 25.545575 ], [ -100.967128, 25.545089 ] ] ] } },
{ "type": "Feature", "properties": { "CVEGEO": "0502700010685", "NOM_MUN": "Ramos Arizpe", "COLONIA": "EULALIO GUTIÉRREZ", "POBTOT": 1417.0, "TVIVHAB": 442.0, "PCT_ELECTRICIDAD": 98.19004524886877, "PCT_AGUA": 98.41628959276018, "PCT_DRENAJE": 98.41628959276018, "PCT_INTERNET": 67.420814479638011, "SERVICIOS_INDEX": 90.610859728506782, "MOTIVO_SIN_DATO": null }, "geometry": { "type": "Polygon", "coordinates": [ [ [ -100.9421, 25.547125 ], [ -100.939884, 25.546843 ], [ -100.938294, 25.545679 ], [ -100.94215, 25.541525 ], [ -100.943864, 25.539542 ], [ -100.944491, 25.538944 ], [ -100.944781, 25.538921 ], [ -100.946198, 25.53938 ], [ -100.946066, 25.540582 ], [ -100.948396, 25.541106 ], [ -100.947974, 25.54351 ], [ -100.948024, 25.543616 ], [ -100.947507, 25.545603 ], [ -100.946437, 25.545374 ], [ -100.945816, 25.545944 ], [ -100.944447, 25.546735 ], [ -100.944001, 25.545775 ], [ -100.942843, 25.545676 ], [ -100.9431, 25.546646 ], [ -100.9421, 25.547125 ] ] ] } },
{ "type": "Feature", "properties": { "CVEGEO": "0502700010577", "NOM_MUN": "Ramos Arizpe", "COLONIA": "TORREMOLINOS", "POBTOT": 1133.0, "TVIVHAB": 316.0, "PCT_ELECTRICIDAD": 100.0, "PCT_AGUA": 99.683544303797461, "PCT_DRENAJE": 99.683544303797461, "PCT_INTERNET": 75.632911392405063, "SERVICIOS_INDEX": 93.75, "MOTIVO_SIN_DATO": null }, "geometry": { "type": "Polygon", "coordinates": [ [ [ -100.931725, 25.554636 ], [ -100.930522, 25.553427 ], [ -100.929811, 25.552829 ], [ -100.93275, 25.550559 ], [ -100.933853, 25.550045 ], [ -100.938536, 25.548783 ], [ -100.938803, 25.549279 ], [ -100.938759, 25.549875 ], [ -100.938399, 25.550244 ], [ -100.938094, 25.550319 ], [ -100.93778, 25.551632 ], [ -100.93781, 25.55186 ], [ -100.938732, 25.552035 ], [ -100.938291, 25.553753 ], [ -100.939134, 25.554092 ], [ -100.939507, 25.554361 ], [ -100.939662, 25.555072 ], [ -100.940224, 25.555257 ], [ -100.940414, 25.555248 ], [ -100.940569, 25.555448 ], [ -100.940683, 25.556066 ], [ -100.94054, 25.556454 ], [ -100.93936, 25.557584 ], [ -100.939006, 25.557617 ], [ -100.93671, 25.555688 ], [ -100.936349, 25.554813 ], [ -100.934942, 25.553328 ], [ -100.934552, 25.552178 ], [ -100.934077, 25.552463 ], [ -100.933613, 25.553124 ], [ -100.933042, 25.553337 ], [ -100.931725, 25.554636 ] ] ] } },
{ "type": "Feature", "properties": { "CVEGEO": "0502700011378", "NOM_MUN": "Ramos Arizpe", "COLONIA": "NUEVO RAMOS ARIZPE", "POBTOT": 2265.0, "TVIVHAB": 591.0, "PCT_ELECTRICIDAD": 99.323181049069376, "PCT_AGUA": 99.323181049069376, "PCT_DRENAJE": 99.323181049069376, "PCT_INTERNET": 75.972927241962779, "SERVICIOS_INDEX": 93.48561759729273, "MOTIVO_SIN_DATO": null }, "geometry": { "type": "Polygon", "coordinates": [ [ [ -100.942764, 25.564923 ], [ -100.938559, 25.561162 ], [ -100.937111, 25.558656 ], [ -100.935227, 25.557258 ], [ -100.934965, 25.55662 ], [ -100.933305, 25.555519 ], [ -100.932351, 25.555122 ], [ -100.931725, 25.554636 ], [ -100.933042, 25.553337 ], [ -100.933613, 25.553124 ], [ -100.934077, 25.552463 ], [ -100.934552, 25.552178 ], [ -100.934942, 25.553328 ], [ -100.936349, 25.554813 ], [ -100.93671, 25.555688 ], [ -100.939006, 25.557617 ], [ -100.93936, 25.557584 ], [ -100.94054, 25.556454 ], [ -100.940683, 25.556066 ], [ -100.940569, 25.555448 ], [ -100.940414, 25.555248 ], [ -100.941419, 25.554502 ], [ -100.941931, 25.553741 ], [ -100.943411, 25.552269 ], [ -100.943664, 25.552646 ], [ -100.945152, 25.556696 ], [ -100.945788, 25.556378 ], [ -100.945559, 25.556139 ], [ -100.945569, 25.555889 ], [ -100.945794, 25.555628 ], [ -100.94598, 25.555557 ], [ -100.947236, 25.551194 ], [ -100.949719, 25.553127 ], [ -100.949983, 25.553187 ], [ -100.949278, 25.554684 ], [ -100.945299, 25.562251 ], [ -100.944581, 25.56379 ], [ -100.944081, 25.566376 ], [ -100.942764, 25.564923 ] ] ] } },
{ "type": "Feature", "properties": { "CVEGEO": "0502700011749", "NOM_MUN": "Ramos Arizpe", "COLONIA": "ARBOREA", "POBTOT": 560.0, "TVIVHAB": 179.0, "PCT_ELECTRICIDAD": 100.0, "PCT_AGUA": 100.0, "PCT_DRENAJE": 100.0, "PCT_INTERNET": 94.413407821229043, "SERVICIOS_INDEX": 98.603351955307261, "MOTIVO_SIN_DATO": null }, "geometry": { "type": "Polygon", "coordinates": [ [ [ -100.93772, 25.513323 ], [ -100.934748, 25.512089 ], [ -100.934607, 25.510769 ], [ -100.934792, 25.509204 ], [ -100.934622, 25.509078 ], [ -100.935051, 25.506472 ], [ -100.935299, 25.505891 ], [ -100.934189, 25.505079 ], [ -100.933779, 25.505671 ], [ -100.932929, 25.50505 ], [ -100.933862, 25.502939 ], [ -100.934072, 25.502965 ], [ -100.934527, 25.503195 ], [ -100.935998, 25.504046 ], [ -100.936384, 25.503997 ], [ -100.936504, 25.504099 ], [ -100.938547, 25.508963 ], [ -100.938773, 25.50989 ], [ -100.936815, 25.509698 ], [ -100.937137, 25.510075 ], [ -100.937549, 25.511741 ], [ -100.93772, 25.513323 ] ] ] } },
{ "type": "Feature", "properties": { "CVEGEO": "050270001165A", "NOM_MUN": "Ramos Arizpe", "COLONIA": "ALYSSA", "POBTOT": 436.0, "TVIVHAB": 127.0, "PCT_ELECTRICIDAD": 100.0, "PCT_AGUA": 100.0, "PCT_DRENAJE": 100.0, "PCT_INTERNET": 99.212598425196859, "SERVICIOS_INDEX": 99.803149606299215, "MOTIVO_SIN_DATO": null }, "geometry": { "type": "Polygon", "coordinates": [ [ [ -100.939772, 25.510874 ], [ -100.940435, 25.509096 ], [ -100.939862, 25.508685 ], [ -100.939425, 25.508755 ], [ -100.9391, 25.508363 ], [ -100.938883, 25.507905 ], [ -100.938683, 25.507846 ], [ -100.938787, 25.507441 ], [ -100.939664, 25.50622 ], [ -100.939669, 25.504277 ], [ -100.941826, 25.504358 ], [ -100.942304, 25.506548 ], [ -100.942593, 25.507273 ], [ -100.942672, 25.508276 ], [ -100.94347, 25.510002 ], [ -100.943431, 25.510432 ], [ -100.94079, 25.50947 ], [ -100.940212, 25.511026 ], [ -100.939772, 25.510874 ] ] ] } },
{ "type": "Feature", "properties": { "CVEGEO": "0502700011804", "NOM_MUN": "Ramos Arizpe", "COLONIA": "SANTA MARÍA", "POBTOT": 0.0, "TVIVHAB": 0.0, "PCT_ELECTRICIDAD": null, "PCT_AGUA": null, "PCT_DRENAJE": null, "PCT_INTERNET": null, "SERVICIOS_INDEX": null, "MOTIVO_SIN_DATO": "Sin viviendas habitadas registradas en el Censo 2020" }, "geometry": { "type": "Polygon", "coordinates": [ [ [ -100.90194, 25.578987 ], [ -100.906868, 25.582859 ], [ -100.913743, 25.588421 ], [ -100.918816, 25.583881 ], [ -100.918979, 25.583548 ], [ -100.922945, 25.580205 ], [ -100.928754, 25.589369 ], [ -100.928816, 25.590067 ], [ -100.928605, 25.591122 ], [ -100.928981, 25.590694 ], [ -100.92914, 25.590634 ], [ -100.929325, 25.590682 ], [ -100.929747, 25.591325 ], [ -100.930315, 25.592475 ], [ -100.930341, 25.592574 ], [ -100.930011, 25.592807 ], [ -100.930152, 25.592962 ], [ -100.93063, 25.594361 ], [ -100.930636, 25.595005 ], [ -100.930398, 25.595623 ], [ -100.929953, 25.596289 ], [ -100.928215, 25.598396 ], [ -100.928429, 25.598463 ], [ -100.9291, 25.598363 ], [ -100.930038, 25.598388 ], [ -100.931615, 25.598259 ], [ -100.932133, 25.597941 ], [ -100.932596, 25.59885 ], [ -100.932659, 25.599047 ], [ -100.932596, 25.599253 ], [ -100.932378, 25.599439 ], [ -100.928469, 25.601591 ], [ -100.926755, 25.601515 ], [ -100.925747, 25.601364 ], [ -100.922549, 25.6052 ], [ -100.920797, 25.606542 ], [ -100.919379, 25.606419 ], [ -100.918532, 25.606047 ], [ -100.917676, 25.605448 ], [ -100.917352, 25.604801 ], [ -100.917174, 25.603758 ], [ -100.921906, 25.597802 ], [ -100.923965, 25.595672 ], [ -100.923031, 25.594844 ], [ -100.92264, 25.59531 ], [ -100.922307, 25.595957 ], [ -100.919293, 25.594224 ], [ -100.92048, 25.592527 ], [ -100.918814, 25.591688 ], [ -100.916508, 25.595843 ], [ -100.914899, 25.595031 ], [ -100.914012, 25.596447 ], [ -100.912493, 25.595549 ], [ -100.907703, 25.6014 ], [ -100.906822, 25.601314 ], [ -100.906787, 25.601043 ], [ -100.906322, 25.60052 ], [ -100.906148, 25.60019 ], [ -100.904773, 25.599071 ], [ -100.904441, 25.598908 ], [ -100.904264, 25.598552 ], [ -100.901844, 25.600948 ], [ -100.900181, 25.599622 ], [ -100.896594, 25.602779 ], [ -100.894317, 25.599085 ], [ -100.897176, 25.597107 ], [ -100.898781, 25.595693 ], [ -100.900095, 25.594893 ], [ -100.892736, 25.588798 ], [ -100.893571, 25.58772 ], [ -100.893851, 25.587931 ], [ -100.893983, 25.587579 ], [ -100.894277, 25.587376 ], [ -100.894289, 25.587267 ], [ -100.896399, 25.586051 ], [ -100.896511, 25.586075 ], [ -100.896876, 25.585858 ], [ -100.896091, 25.585095 ], [ -100.899219, 25.581755 ], [ -100.899373, 25.581212 ], [ -100.899305, 25.580932 ], [ -100.898975, 25.580508 ], [ -100.898843, 25.58044 ], [ -100.900521, 25.580018 ], [ -100.901328, 25.579469 ], [ -100.901426, 25.579542 ], [ -100.90194, 25.578987 ] ] ] } },
{ "type": "Feature", "properties": { "CVEGEO": "0502700011611", "NOM_MUN": "Ramos Arizpe", "COLONIA": "PASO DE LA PIEDAD", "POBTOT": 47.0, "TVIVHAB": 17.0, "PCT_ELECTRICIDAD": 82.35294117647058, "PCT_AGUA": 94.117647058823522, "PCT_DRENAJE": 70.588235294117652, "PCT_INTERNET": null, "SERVICIOS_INDEX": 82.35294117647058, "MOTIVO_SIN_DATO": null }, "geometry": { "type": "Polygon", "coordinates": [ [ [ -100.92185, 25.574819 ], [ -100.919957, 25.572787 ], [ -100.919687, 25.570377 ], [ -100.919561, 25.570391 ], [ -100.919511, 25.570182 ], [ -100.91967, 25.570097 ], [ -100.919676, 25.569523 ], [ -100.930812, 25.574752 ], [ -100.930741, 25.57562 ], [ -100.930012, 25.577566 ], [ -100.929128, 25.578982 ], [ -100.922872, 25.575513 ], [ -100.92185, 25.574819 ] ] ] } },
{ "type": "Feature", "properties": { "CVEGEO": "0502700011715", "NOM_MUN": "Ramos Arizpe", "COLONIA": "URBIVILLA DEL REAL", "POBTOT": 1916.0, "TVIVHAB": 604.0, "PCT_ELECTRICIDAD": 99.337748344370851, "PCT_AGUA": 91.225165562913915, "PCT_DRENAJE": 98.178807947019862, "PCT_INTERNET": 16.390728476821192, "SERVICIOS_INDEX": 76.283112582781456, "MOTIVO_SIN_DATO": null }, "geometry": { "type": "Polygon", "coordinates": [ [ [ -100.97362, 25.553102 ], [ -100.974411, 25.553411 ], [ -100.974329, 25.553095 ], [ -100.975069, 25.553051 ], [ -100.975766, 25.553113 ], [ -100.976539, 25.5528 ], [ -100.977257, 25.552616 ], [ -100.977744, 25.552722 ], [ -100.978315, 25.553159 ], [ -100.978741, 25.552342 ], [ -100.979285, 25.552075 ], [ -100.980034, 25.552556 ], [ -100.979313, 25.553842 ], [ -100.980001, 25.55406 ], [ -100.979907, 25.554249 ], [ -100.978397, 25.55378 ], [ -100.977274, 25.554121 ], [ -100.976645, 25.555454 ], [ -100.978601, 25.556328 ], [ -100.979151, 25.556738 ], [ -100.977827, 25.558111 ], [ -100.977139, 25.558992 ], [ -100.969112, 25.555513 ], [ -100.969616, 25.555374 ], [ -100.97183, 25.553307 ], [ -100.972751, 25.553457 ], [ -100.97362, 25.553102 ] ] ] } },
{ "type": "Feature", "properties": { "CVEGEO": "050270001069A", "NOM_MUN": "Ramos Arizpe", "COLONIA": "ZONA CENTRO", "POBTOT": 3137.0, "TVIVHAB": 904.0, "PCT_ELECTRICIDAD": 99.66814159292035, "PCT_AGUA": 99.66814159292035, "PCT_DRENAJE": 99.336283185840713, "PCT_INTERNET": 62.168141592920357, "SERVICIOS_INDEX": 90.210176991150433, "MOTIVO_SIN_DATO": null }, "geometry": { "type": "Polygon", "coordinates": [ [ [ -100.952469, 25.542224 ], [ -100.952498, 25.542002 ], [ -100.946066, 25.540582 ], [ -100.946198, 25.53938 ], [ -100.944781, 25.538921 ], [ -100.944491, 25.538944 ], [ -100.943376, 25.538713 ], [ -100.943088, 25.538302 ], [ -100.942386, 25.537749 ], [ -100.942929, 25.535683 ], [ -100.945863, 25.53719 ], [ -100.946638, 25.537245 ], [ -100.948934, 25.537897 ], [ -100.94909, 25.536929 ], [ -100.952165, 25.537675 ], [ -100.95223, 25.537784 ], [ -100.953231, 25.538038 ], [ -100.953627, 25.537957 ], [ -100.954178, 25.538033 ], [ -100.954849, 25.5355 ], [ -100.955458, 25.535678 ], [ -100.955485, 25.535131 ], [ -100.956094, 25.535243 ], [ -100.956763, 25.535627 ], [ -100.956771, 25.535416 ], [ -100.958883, 25.536598 ], [ -100.958884, 25.536917 ], [ -100.958961, 25.536975 ], [ -100.958859, 25.537093 ], [ -100.95893, 25.537764 ], [ -100.956635, 25.536486 ], [ -100.956594, 25.536756 ], [ -100.956333, 25.537131 ], [ -100.955224, 25.537487 ], [ -100.956306, 25.538112 ], [ -100.956548, 25.53954 ], [ -100.956957, 25.539767 ], [ -100.956877, 25.540916 ], [ -100.956615, 25.541274 ], [ -100.956273, 25.541069 ], [ -100.954679, 25.541634 ], [ -100.952845, 25.541222 ], [ -100.952633, 25.542253 ], [ -100.952469, 25.542224 ] ] ] } },
{ "type": "Feature", "properties": { "CVEGEO": "0502700010721", "NOM_MUN": "Ramos Arizpe", "COLONIA": "ZONA CENTRO", "POBTOT": 1846.0, "TVIVHAB": 572.0, "PCT_ELECTRICIDAD": 99.825174825174827, "PCT_AGUA": 99.825174825174827, "PCT_DRENAJE": 99.650349650349639, "PCT_INTERNET": 81.993006993006986, "SERVICIOS_INDEX": 95.323426573426573, "MOTIVO_SIN_DATO": null }, "geometry": { "type": "Polygon", "coordinates": [ [ [ -100.942929, 25.535683 ], [ -100.943056, 25.535132 ], [ -100.944817, 25.533386 ], [ -100.947069, 25.536034 ], [ -100.95077, 25.531941 ], [ -100.953715, 25.522751 ], [ -100.957763, 25.515429 ], [ -100.958001, 25.515658 ], [ -100.962705, 25.517946 ], [ -100.959749, 25.523409 ], [ -100.958086, 25.526953 ], [ -100.956301, 25.531111 ], [ -100.956802, 25.531414 ], [ -100.95605, 25.533096 ], [ -100.957169, 25.533682 ], [ -100.956763, 25.535627 ], [ -100.956094, 25.535243 ], [ -100.955485, 25.535131 ], [ -100.955458, 25.535678 ], [ -100.954849, 25.5355 ], [ -100.954178, 25.538033 ], [ -100.953627, 25.537957 ], [ -100.953231, 25.538038 ], [ -100.95223, 25.537784 ], [ -100.952165, 25.537675 ], [ -100.94909, 25.536929 ], [ -100.948934, 25.537897 ], [ -100.946638, 25.537245 ], [ -100.945863, 25.53719 ], [ -100.942929, 25.535683 ] ] ] } },
{ "type": "Feature", "properties": { "CVEGEO": "0502700011819", "NOM_MUN": "Ramos Arizpe", "COLONIA": "CLUB DE GOLF SANTA MARÍA", "POBTOT": 982.0, "TVIVHAB": 263.0, "PCT_ELECTRICIDAD": 100.0, "PCT_AGUA": 100.0, "PCT_DRENAJE": 100.0, "PCT_INTERNET": 63.49809885931559, "SERVICIOS_INDEX": 90.874524714828894, "MOTIVO_SIN_DATO": null }, "geometry": { "type": "Polygon", "coordinates": [ [ [ -100.913743, 25.588421 ], [ -100.90194, 25.578987 ], [ -100.906712, 25.573995 ], [ -100.907677, 25.573088 ], [ -100.909907, 25.574872 ], [ -100.910328, 25.575297 ], [ -100.910493, 25.575572 ], [ -100.910962, 25.577039 ], [ -100.911272, 25.57757 ], [ -100.919957, 25.572787 ], [ -100.92185, 25.574819 ], [ -100.921969, 25.575573 ], [ -100.922293, 25.576325 ], [ -100.922526, 25.576558 ], [ -100.922867, 25.577266 ], [ -100.923137, 25.577523 ], [ -100.923444, 25.5781 ], [ -100.923961, 25.578433 ], [ -100.924236, 25.579064 ], [ -100.918979, 25.583548 ], [ -100.918816, 25.583881 ], [ -100.913743, 25.588421 ] ] ] } },
{ "type": "Feature", "properties": { "CVEGEO": "0502700011537", "NOM_MUN": "Ramos Arizpe", "COLONIA": "ANALCO", "POBTOT": 4385.0, "TVIVHAB": 1164.0, "PCT_ELECTRICIDAD": 99.570446735395194, "PCT_AGUA": 99.398625429553263, "PCT_DRENAJE": 99.484536082474222, "PCT_INTERNET": 49.226804123711347, "SERVICIOS_INDEX": 86.920103092783506, "MOTIVO_SIN_DATO": null }, "geometry": { "type": "Polygon", "coordinates": [ [ [ -100.946779, 25.566384 ], [ -100.947048, 25.565468 ], [ -100.947689, 25.56491 ], [ -100.947714, 25.564504 ], [ -100.947544, 25.563845 ], [ -100.947601, 25.56368 ], [ -100.947407, 25.562919 ], [ -100.947595, 25.56214 ], [ -100.947573, 25.561869 ], [ -100.953555, 25.564312 ], [ -100.954005, 25.564425 ], [ -100.95382, 25.564527 ], [ -100.953786, 25.564737 ], [ -100.954495, 25.566311 ], [ -100.954192, 25.566406 ], [ -100.951958, 25.566493 ], [ -100.950472, 25.567031 ], [ -100.949603, 25.567259 ], [ -100.94936, 25.56719 ], [ -100.94904, 25.567447 ], [ -100.947437, 25.566851 ], [ -100.946779, 25.566384 ] ] ] } },
{ "type": "Feature", "properties": { "CVEGEO": "0502700011541", "NOM_MUN": "Ramos Arizpe", "COLONIA": "ANALCO", "POBTOT": 5161.0, "TVIVHAB": 1395.0, "PCT_ELECTRICIDAD": 99.569892473118287, "PCT_AGUA": 99.569892473118287, "PCT_DRENAJE": 99.713261648745515, "PCT_INTERNET": 56.272401433691755, "SERVICIOS_INDEX": 88.781362007168454, "MOTIVO_SIN_DATO": null }, "geometry": { "type": "Polygon", "coordinates": [ [ [ -100.944081, 25.566376 ], [ -100.944581, 25.56379 ], [ -100.945299, 25.562251 ], [ -100.949278, 25.554684 ], [ -100.949983, 25.553187 ], [ -100.951048, 25.549418 ], [ -100.95152, 25.549528 ], [ -100.952132, 25.55013 ], [ -100.953203, 25.550339 ], [ -100.953392, 25.550482 ], [ -100.953594, 25.551272 ], [ -100.956634, 25.553568 ], [ -100.955989, 25.55488 ], [ -100.953769, 25.558922 ], [ -100.953553, 25.559236 ], [ -100.952924, 25.559802 ], [ -100.95536, 25.561413 ], [ -100.954614, 25.561869 ], [ -100.954879, 25.562142 ], [ -100.954177, 25.562616 ], [ -100.954061, 25.562773 ], [ -100.953841, 25.563523 ], [ -100.954005, 25.564425 ], [ -100.953555, 25.564312 ], [ -100.947573, 25.561869 ], [ -100.947595, 25.56214 ], [ -100.947407, 25.562919 ], [ -100.947601, 25.56368 ], [ -100.947544, 25.563845 ], [ -100.947714, 25.564504 ], [ -100.94771, 25.564776 ], [ -100.947604, 25.565023 ], [ -100.947238, 25.565257 ], [ -100.946988, 25.565592 ], [ -100.946758, 25.566519 ], [ -100.946946, 25.567177 ], [ -100.946605, 25.567529 ], [ -100.94577, 25.567802 ], [ -100.945156, 25.568149 ], [ -100.945189, 25.568861 ], [ -100.944912, 25.569155 ], [ -100.944277, 25.569417 ], [ -100.944017, 25.569696 ], [ -100.943899, 25.569706 ], [ -100.943616, 25.569659 ], [ -100.944081, 25.566376 ] ] ] } },
{ "type": "Feature", "properties": { "CVEGEO": "0502700011503", "NOM_MUN": "Ramos Arizpe", "COLONIA": "MANANTIALES DEL VALLE", "POBTOT": 2617.0, "TVIVHAB": 675.0, "PCT_ELECTRICIDAD": 100.0, "PCT_AGUA": 100.0, "PCT_DRENAJE": 100.0, "PCT_INTERNET": 80.888888888888886, "SERVICIOS_INDEX": 95.222222222222229, "MOTIVO_SIN_DATO": null }, "geometry": { "type": "Polygon", "coordinates": [ [ [ -100.936883, 25.516063 ], [ -100.934572, 25.514435 ], [ -100.934205, 25.514258 ], [ -100.933525, 25.513615 ], [ -100.93564, 25.512773 ], [ -100.934541, 25.512198 ], [ -100.934374, 25.510382 ], [ -100.934661, 25.510429 ], [ -100.934607, 25.510769 ], [ -100.934748, 25.512089 ], [ -100.93772, 25.513323 ], [ -100.937549, 25.511741 ], [ -100.937137, 25.510075 ], [ -100.936815, 25.509698 ], [ -100.938773, 25.50989 ], [ -100.939, 25.510612 ], [ -100.938856, 25.511399 ], [ -100.940026, 25.511802 ], [ -100.939811, 25.513169 ], [ -100.941221, 25.513965 ], [ -100.940895, 25.514593 ], [ -100.9403, 25.514589 ], [ -100.940323, 25.514977 ], [ -100.939853, 25.514981 ], [ -100.939764, 25.513931 ], [ -100.939508, 25.513389 ], [ -100.938655, 25.513284 ], [ -100.938196, 25.516193 ], [ -100.937913, 25.516083 ], [ -100.937665, 25.516245 ], [ -100.937355, 25.5163 ], [ -100.936883, 25.516063 ] ] ] } },
{ "type": "Feature", "properties": { "CVEGEO": "0502700010064", "NOM_MUN": "Ramos Arizpe", "COLONIA": "SIN NOMBRE REGISTRADO", "POBTOT": null, "TVIVHAB": null, "PCT_ELECTRICIDAD": null, "PCT_AGUA": null, "PCT_DRENAJE": null, "PCT_INTERNET": null, "SERVICIOS_INDEX": null, "MOTIVO_SIN_DATO": "Sin registro en el Censo 2020" }, "geometry": { "type": "Polygon", "coordinates": [ [ [ -100.934072, 25.502965 ], [ -100.933703, 25.502895 ], [ -100.931997, 25.501419 ], [ -100.932005, 25.501252 ], [ -100.932215, 25.500763 ], [ -100.932212, 25.500525 ], [ -100.932357, 25.500077 ], [ -100.933105, 25.498477 ], [ -100.933199, 25.498116 ], [ -100.933293, 25.497993 ], [ -100.935145, 25.496844 ], [ -100.935838, 25.500079 ], [ -100.934782, 25.501041 ], [ -100.93469, 25.50146 ], [ -100.934438, 25.501896 ], [ -100.934374, 25.502251 ], [ -100.934438, 25.502883 ], [ -100.934586, 25.503096 ], [ -100.934527, 25.503195 ], [ -100.934072, 25.502965 ] ] ] } },
{ "type": "Feature", "properties": { "CVEGEO": "0502700011594", "NOM_MUN": "Ramos Arizpe", "COLONIA": "EL CACTUS", "POBTOT": 6644.0, "TVIVHAB": 1815.0, "PCT_ELECTRICIDAD": 99.834710743801651, "PCT_AGUA": 99.834710743801651, "PCT_DRENAJE": 99.944903581267226, "PCT_INTERNET": 28.980716253443529, "SERVICIOS_INDEX": 82.148760330578511, "MOTIVO_SIN_DATO": null }, "geometry": { "type": "Polygon", "coordinates": [ [ [ -100.946946, 25.567177 ], [ -100.946779, 25.566384 ], [ -100.947437, 25.566851 ], [ -100.94904, 25.567447 ], [ -100.94936, 25.56719 ], [ -100.949603, 25.567259 ], [ -100.950472, 25.567031 ], [ -100.951958, 25.566493 ], [ -100.954192, 25.566406 ], [ -100.954495, 25.566311 ], [ -100.953786, 25.564737 ], [ -100.95382, 25.564527 ], [ -100.954005, 25.564425 ], [ -100.955265, 25.56492 ], [ -100.955537, 25.564887 ], [ -100.959558, 25.563738 ], [ -100.959454, 25.563316 ], [ -100.960292, 25.560928 ], [ -100.959892, 25.560817 ], [ -100.96016, 25.560124 ], [ -100.959736, 25.559985 ], [ -100.960683, 25.557407 ], [ -100.961261, 25.556477 ], [ -100.961578, 25.556055 ], [ -100.961957, 25.555759 ], [ -100.962702, 25.5548 ], [ -100.962901, 25.55439 ], [ -100.961864, 25.553995 ], [ -100.963419, 25.553397 ], [ -100.963064, 25.554066 ], [ -100.965432, 25.553598 ], [ -100.966486, 25.553562 ], [ -100.967787, 25.553293 ], [ -100.968865, 25.553285 ], [ -100.9699, 25.553066 ], [ -100.97039, 25.552731 ], [ -100.971758, 25.552133 ], [ -100.97212, 25.551504 ], [ -100.972489, 25.551092 ], [ -100.972728, 25.55109 ], [ -100.97286, 25.550679 ], [ -100.973058, 25.549382 ], [ -100.97263, 25.549284 ], [ -100.972681, 25.549169 ], [ -100.973911, 25.549394 ], [ -100.975561, 25.549529 ], [ -100.980164, 25.551401 ], [ -100.979559, 25.551911 ], [ -100.978741, 25.552342 ], [ -100.978315, 25.553159 ], [ -100.977744, 25.552722 ], [ -100.977257, 25.552616 ], [ -100.976539, 25.5528 ], [ -100.975766, 25.553113 ], [ -100.975069, 25.553051 ], [ -100.974329, 25.553095 ], [ -100.974411, 25.553411 ], [ -100.97362, 25.553102 ], [ -100.972751, 25.553457 ], [ -100.97183, 25.553307 ], [ -100.969616, 25.555374 ], [ -100.969112, 25.555513 ], [ -100.977367, 25.559111 ], [ -100.977551, 25.559321 ], [ -100.977643, 25.559706 ], [ -100.977636, 25.561922 ], [ -100.977488, 25.562565 ], [ -100.976892, 25.562629 ], [ -100.97624, 25.562936 ], [ -100.974746, 25.563018 ], [ -100.974169, 25.563145 ], [ -100.973581, 25.56311 ], [ -100.973315, 25.563234 ], [ -100.972431, 25.563962 ], [ -100.970702, 25.564357 ], [ -100.969933, 25.564763 ], [ -100.969358, 25.565197 ], [ -100.969076, 25.565289 ], [ -100.968033, 25.565308 ], [ -100.967321, 25.565096 ], [ -100.966876, 25.565047 ], [ -100.965157, 25.564224 ], [ -100.964575, 25.564097 ], [ -100.96368, 25.564124 ], [ -100.962727, 25.563727 ], [ -100.961982, 25.563676 ], [ -100.960585, 25.564159 ], [ -100.959715, 25.564359 ], [ -100.959133, 25.564781 ], [ -100.958435, 25.565013 ], [ -100.958091, 25.565512 ], [ -100.956891, 25.565998 ], [ -100.956412, 25.566093 ], [ -100.956092, 25.566333 ], [ -100.955087, 25.566586 ], [ -100.954329, 25.566631 ], [ -100.954109, 25.566812 ], [ -100.953318, 25.567148 ], [ -100.952576, 25.56722 ], [ -100.952173, 25.567044 ], [ -100.951663, 25.567312 ], [ -100.950324, 25.567411 ], [ -100.949905, 25.567517 ], [ -100.949525, 25.567729 ], [ -100.949098, 25.567819 ], [ -100.948669, 25.567728 ], [ -100.94808, 25.567792 ], [ -100.947682, 25.567396 ], [ -100.947149, 25.567153 ], [ -100.946946, 25.567177 ] ] ] } },
{ "type": "Feature", "properties": { "CVEGEO": "0500400010021", "NOM_MUN": "Arteaga", "COLONIA": "LOS PORTALES", "POBTOT": 57.0, "TVIVHAB": 21.0, "PCT_ELECTRICIDAD": 100.0, "PCT_AGUA": 100.0, "PCT_DRENAJE": 100.0, "PCT_INTERNET": 76.19047619047619, "SERVICIOS_INDEX": 94.047619047619051, "MOTIVO_SIN_DATO": null }, "geometry": { "type": "Polygon", "coordinates": [ [ [ -100.877155, 25.450177 ], [ -100.877538, 25.448009 ], [ -100.878056, 25.448142 ], [ -100.883242, 25.450721 ], [ -100.883343, 25.451243 ], [ -100.88173, 25.461259 ], [ -100.878054, 25.460819 ], [ -100.877496, 25.46048 ], [ -100.878869, 25.451093 ], [ -100.877155, 25.450177 ] ] ] } },
{ "type": "Feature", "properties": { "CVEGEO": "050040001045A", "NOM_MUN": "Arteaga", "COLONIA": "EJIDAL", "POBTOT": 24.0, "TVIVHAB": 7.0, "PCT_ELECTRICIDAD": 100.0, "PCT_AGUA": 100.0, "PCT_DRENAJE": 100.0, "PCT_INTERNET": 100.0, "SERVICIOS_INDEX": 100.0, "MOTIVO_SIN_DATO": null }, "geometry": { "type": "Polygon", "coordinates": [ [ [ -100.866039, 25.45093 ], [ -100.86597, 25.449201 ], [ -100.86746, 25.449039 ], [ -100.867508, 25.45058 ], [ -100.867437, 25.4514 ], [ -100.866848, 25.451096 ], [ -100.866039, 25.45093 ] ] ] } },
{ "type": "Feature", "properties": { "CVEGEO": "050040001020A", "NOM_MUN": "Arteaga", "COLONIA": "ZONA CENTRO", "POBTOT": 544.0, "TVIVHAB": 163.0, "PCT_ELECTRICIDAD": 99.386503067484668, "PCT_AGUA": 99.386503067484668, "PCT_DRENAJE": 99.386503067484668, "PCT_INTERNET": 69.938650306748457, "SERVICIOS_INDEX": 92.024539877300612, "MOTIVO_SIN_DATO": null }, "geometry": { "type": "Polygon", "coordinates": [ [ [ -100.85175, 25.450969 ], [ -100.847882, 25.449708 ], [ -100.848084, 25.44933 ], [ -100.847892, 25.449209 ], [ -100.848185, 25.445033 ], [ -100.850388, 25.445403 ], [ -100.850753, 25.445591 ], [ -100.850769, 25.445735 ], [ -100.851205, 25.445902 ], [ -100.860686, 25.444329 ], [ -100.859704, 25.448722 ], [ -100.859642, 25.449521 ], [ -100.85926, 25.451504 ], [ -100.857214, 25.450994 ], [ -100.856874, 25.452399 ], [ -100.85175, 25.450969 ] ] ] } },
{ "type": "Feature", "properties": { "CVEGEO": "0500400010407", "NOM_MUN": "Arteaga", "COLONIA": "EJIDAL", "POBTOT": 288.0, "TVIVHAB": 76.0, "PCT_ELECTRICIDAD": 100.0, "PCT_AGUA": 98.68421052631578, "PCT_DRENAJE": 100.0, "PCT_INTERNET": 47.368421052631575, "SERVICIOS_INDEX": 86.513157894736835, "MOTIVO_SIN_DATO": null }, "geometry": { "type": "Polygon", "coordinates": [ [ [ -100.866667, 25.448161 ], [ -100.866652, 25.447875 ], [ -100.867376, 25.448054 ], [ -100.869191, 25.448638 ], [ -100.869262, 25.448743 ], [ -100.868879, 25.449419 ], [ -100.867494, 25.449677 ], [ -100.867403, 25.448268 ], [ -100.867324, 25.448164 ], [ -100.866667, 25.448161 ] ] ] } },
{ "type": "Feature", "properties": { "CVEGEO": "0500400010017", "NOM_MUN": "Arteaga", "COLONIA": "SAN ISIDRO DE LAS PALOMAS", "POBTOT": 235.0, "TVIVHAB": 61.0, "PCT_ELECTRICIDAD": 100.0, "PCT_AGUA": 100.0, "PCT_DRENAJE": 100.0, "PCT_INTERNET": 86.885245901639337, "SERVICIOS_INDEX": 96.721311475409834, "MOTIVO_SIN_DATO": null }, "geometry": { "type": "Polygon", "coordinates": [ [ [ -100.886485, 25.462903 ], [ -100.882719, 25.462399 ], [ -100.882864, 25.461479 ], [ -100.881929, 25.461388 ], [ -100.88173, 25.461259 ], [ -100.883262, 25.451592 ], [ -100.883942, 25.452112 ], [ -100.886785, 25.453865 ], [ -100.887461, 25.454086 ], [ -100.887915, 25.454356 ], [ -100.888405, 25.454398 ], [ -100.889618, 25.454718 ], [ -100.889575, 25.455183 ], [ -100.88877, 25.455396 ], [ -100.888148, 25.455386 ], [ -100.887354, 25.455531 ], [ -100.887209, 25.457355 ], [ -100.888459, 25.457556 ], [ -100.890103, 25.457687 ], [ -100.890111, 25.457411 ], [ -100.891882, 25.457537 ], [ -100.891812, 25.458651 ], [ -100.892461, 25.45868 ], [ -100.892724, 25.45883 ], [ -100.893255, 25.459464 ], [ -100.893394, 25.459803 ], [ -100.888695, 25.462763 ], [ -100.887172, 25.462138 ], [ -100.887075, 25.462719 ], [ -100.886539, 25.462593 ], [ -100.886485, 25.462903 ] ] ] } },
{ "type": "Feature", "properties": { "CVEGEO": "0500400010426", "NOM_MUN": "Arteaga", "COLONIA": "EL POTRERO", "POBTOT": 93.0, "TVIVHAB": 20.0, "PCT_ELECTRICIDAD": 95.0, "PCT_AGUA": 95.0, "PCT_DRENAJE": 95.0, "PCT_INTERNET": 60.0, "SERVICIOS_INDEX": 86.25, "MOTIVO_SIN_DATO": null }, "geometry": { "type": "Polygon", "coordinates": [ [ [ -100.865526, 25.447067 ], [ -100.864995, 25.4471 ], [ -100.864236, 25.446852 ], [ -100.863733, 25.446857 ], [ -100.862976, 25.446531 ], [ -100.862656, 25.446637 ], [ -100.861979, 25.446637 ], [ -100.861463, 25.446758 ], [ -100.860893, 25.447026 ], [ -100.860973, 25.447226 ], [ -100.860272, 25.447504 ], [ -100.860032, 25.447516 ], [ -100.859984, 25.447366 ], [ -100.860686, 25.444329 ], [ -100.85492, 25.445276 ], [ -100.855863, 25.441215 ], [ -100.85817, 25.440819 ], [ -100.858001, 25.43888 ], [ -100.860002, 25.438552 ], [ -100.860172, 25.439126 ], [ -100.862052, 25.438746 ], [ -100.865374, 25.443547 ], [ -100.864066, 25.443761 ], [ -100.864119, 25.443878 ], [ -100.865622, 25.444883 ], [ -100.866577, 25.44603 ], [ -100.867325, 25.446233 ], [ -100.868309, 25.446317 ], [ -100.868447, 25.446649 ], [ -100.868445, 25.447274 ], [ -100.868724, 25.447545 ], [ -100.868819, 25.448091 ], [ -100.869191, 25.448638 ], [ -100.866493, 25.447827 ], [ -100.86611, 25.447626 ], [ -100.865869, 25.447165 ], [ -100.865526, 25.447067 ] ] ] } },
{ "type": "Feature", "properties": { "CVEGEO": "0500400010411", "NOM_MUN": "Arteaga", "COLONIA": "ALTOS DE BELLA UNIÓN", "POBTOT": 5.0, "TVIVHAB": 2.0, "PCT_ELECTRICIDAD": null, "PCT_AGUA": null, "PCT_DRENAJE": null, "PCT_INTERNET": null, "SERVICIOS_INDEX": null, "MOTIVO_SIN_DATO": "Cifras enmascaradas por INEGI (confidencialidad: 1-2 viviendas)" }, "geometry": { "type": "Polygon", "coordinates": [ [ [ -100.809415, 25.432653 ], [ -100.809104, 25.431697 ], [ -100.808985, 25.430035 ], [ -100.81027, 25.429068 ], [ -100.810981, 25.431054 ], [ -100.81212, 25.431102 ], [ -100.813195, 25.430807 ], [ -100.813642, 25.432431 ], [ -100.812514, 25.431908 ], [ -100.809415, 25.432653 ] ] ] } },
{ "type": "Feature", "properties": { "CVEGEO": "0500400010479", "NOM_MUN": "Arteaga", "COLONIA": "AUTOPISTA", "POBTOT": 438.0, "TVIVHAB": 118.0, "PCT_ELECTRICIDAD": 99.152542372881356, "PCT_AGUA": 89.830508474576277, "PCT_DRENAJE": 100.0, "PCT_INTERNET": 20.33898305084746, "SERVICIOS_INDEX": 77.330508474576277, "MOTIVO_SIN_DATO": null }, "geometry": { "type": "Polygon", "coordinates": [ [ [ -100.825779, 25.452048 ], [ -100.828941, 25.450877 ], [ -100.828706, 25.449855 ], [ -100.827934, 25.449941 ], [ -100.826096, 25.447462 ], [ -100.826019, 25.446959 ], [ -100.826146, 25.446454 ], [ -100.826342, 25.446079 ], [ -100.826612, 25.445929 ], [ -100.826683, 25.446276 ], [ -100.826867, 25.446498 ], [ -100.827387, 25.446616 ], [ -100.827758, 25.446363 ], [ -100.828308, 25.446594 ], [ -100.828416, 25.446723 ], [ -100.829136, 25.446995 ], [ -100.829638, 25.44737 ], [ -100.829493, 25.448419 ], [ -100.829172, 25.448387 ], [ -100.829032, 25.449704 ], [ -100.82913, 25.449791 ], [ -100.830052, 25.449802 ], [ -100.830176, 25.450016 ], [ -100.830922, 25.450077 ], [ -100.83105, 25.450148 ], [ -100.831143, 25.450015 ], [ -100.834543, 25.450158 ], [ -100.834751, 25.449306 ], [ -100.835079, 25.449261 ], [ -100.834074, 25.448647 ], [ -100.834443, 25.448489 ], [ -100.83474, 25.446607 ], [ -100.835031, 25.445638 ], [ -100.836234, 25.446672 ], [ -100.836864, 25.446888 ], [ -100.838141, 25.447161 ], [ -100.839832, 25.448378 ], [ -100.839111, 25.448661 ], [ -100.836515, 25.450147 ], [ -100.837065, 25.450283 ], [ -100.837392, 25.450691 ], [ -100.837666, 25.450835 ], [ -100.837507, 25.451962 ], [ -100.836857, 25.452686 ], [ -100.835888, 25.452108 ], [ -100.835184, 25.452928 ], [ -100.835773, 25.453281 ], [ -100.834932, 25.454331 ], [ -100.836742, 25.455566 ], [ -100.838337, 25.456522 ], [ -100.837451, 25.457685 ], [ -100.837056, 25.458665 ], [ -100.836467, 25.459136 ], [ -100.834997, 25.45836 ], [ -100.832112, 25.456171 ], [ -100.828665, 25.453866 ], [ -100.825779, 25.452048 ] ] ] } },
{ "type": "Feature", "properties": { "CVEGEO": "0500400010182", "NOM_MUN": "Arteaga", "COLONIA": "SAN ISIDRO", "POBTOT": 1948.0, "TVIVHAB": 524.0, "PCT_ELECTRICIDAD": 99.427480916030532, "PCT_AGUA": 99.236641221374043, "PCT_DRENAJE": 99.236641221374043, "PCT_INTERNET": 48.473282442748086, "SERVICIOS_INDEX": 86.593511450381669, "MOTIVO_SIN_DATO": null }, "geometry": { "type": "Polygon", "coordinates": [ [ [ -100.839832, 25.448378 ], [ -100.838305, 25.447241 ], [ -100.836234, 25.446672 ], [ -100.835031, 25.445638 ], [ -100.834618, 25.445376 ], [ -100.831718, 25.443883 ], [ -100.829992, 25.443217 ], [ -100.829063, 25.442759 ], [ -100.828721, 25.442426 ], [ -100.828693, 25.441803 ], [ -100.828582, 25.44146 ], [ -100.821784, 25.43815 ], [ -100.822867, 25.438157 ], [ -100.823675, 25.438428 ], [ -100.828572, 25.440894 ], [ -100.828726, 25.440615 ], [ -100.829517, 25.441032 ], [ -100.829927, 25.440919 ], [ -100.830266, 25.440731 ], [ -100.830566, 25.44044 ], [ -100.830798, 25.440106 ], [ -100.830957, 25.439613 ], [ -100.832619, 25.440973 ], [ -100.832811, 25.441285 ], [ -100.832898, 25.441459 ], [ -100.832482, 25.442156 ], [ -100.833234, 25.442335 ], [ -100.835473, 25.44237 ], [ -100.835715, 25.44207 ], [ -100.836815, 25.441444 ], [ -100.837039, 25.441021 ], [ -100.836961, 25.440988 ], [ -100.83699, 25.440916 ], [ -100.83707, 25.44094 ], [ -100.837262, 25.440514 ], [ -100.837534, 25.44024 ], [ -100.8384, 25.440258 ], [ -100.839181, 25.440595 ], [ -100.839566, 25.438834 ], [ -100.839932, 25.439026 ], [ -100.840603, 25.439175 ], [ -100.841238, 25.44115 ], [ -100.843579, 25.441054 ], [ -100.843616, 25.440697 ], [ -100.844402, 25.440847 ], [ -100.844306, 25.441034 ], [ -100.845521, 25.442252 ], [ -100.845394, 25.442388 ], [ -100.848425, 25.442276 ], [ -100.848216, 25.44492 ], [ -100.847185, 25.444788 ], [ -100.84735, 25.444119 ], [ -100.846169, 25.44388 ], [ -100.845243, 25.443962 ], [ -100.844594, 25.443852 ], [ -100.841948, 25.443038 ], [ -100.84133, 25.445498 ], [ -100.836772, 25.444665 ], [ -100.837026, 25.44499 ], [ -100.83622, 25.445171 ], [ -100.836312, 25.445467 ], [ -100.841262, 25.447459 ], [ -100.84076, 25.448321 ], [ -100.840291, 25.448407 ], [ -100.839832, 25.448378 ] ] ] } },
{ "type": "Feature", "properties": { "CVEGEO": "0500400010214", "NOM_MUN": "Arteaga", "COLONIA": "ZONA CENTRO", "POBTOT": 757.0, "TVIVHAB": 236.0, "PCT_ELECTRICIDAD": 99.576271186440678, "PCT_AGUA": 99.576271186440678, "PCT_DRENAJE": 99.152542372881356, "PCT_INTERNET": 69.491525423728817, "SERVICIOS_INDEX": 91.949152542372886, "MOTIVO_SIN_DATO": null }, "geometry": { "type": "Polygon", "coordinates": [ [ [ -100.841684, 25.448313 ], [ -100.84076, 25.448321 ], [ -100.841262, 25.447459 ], [ -100.836312, 25.445467 ], [ -100.83622, 25.445171 ], [ -100.837026, 25.44499 ], [ -100.836772, 25.444665 ], [ -100.84133, 25.445498 ], [ -100.841948, 25.443038 ], [ -100.844594, 25.443852 ], [ -100.845243, 25.443962 ], [ -100.846169, 25.44388 ], [ -100.84735, 25.444119 ], [ -100.847185, 25.444788 ], [ -100.848216, 25.44492 ], [ -100.847892, 25.449209 ], [ -100.848084, 25.44933 ], [ -100.847882, 25.449708 ], [ -100.844965, 25.448856 ], [ -100.841684, 25.448313 ] ] ] } },
{ "type": "Feature", "properties": { "CVEGEO": "0500400010229", "NOM_MUN": "Arteaga", "COLONIA": "EJIDAL", "POBTOT": 1567.0, "TVIVHAB": 421.0, "PCT_ELECTRICIDAD": 99.762470308788593, "PCT_AGUA": 99.762470308788593, "PCT_DRENAJE": 99.049881235154388, "PCT_INTERNET": 61.520190023752974, "SERVICIOS_INDEX": 90.023752969121148, "MOTIVO_SIN_DATO": null }, "geometry": { "type": "Polygon", "coordinates": [ [ [ -100.863626, 25.451018 ], [ -100.862628, 25.450525 ], [ -100.862868, 25.450065 ], [ -100.862399, 25.450057 ], [ -100.862313, 25.449327 ], [ -100.859642, 25.449521 ], [ -100.859704, 25.448722 ], [ -100.859984, 25.447366 ], [ -100.860032, 25.447516 ], [ -100.860456, 25.447441 ], [ -100.860973, 25.447226 ], [ -100.860893, 25.447026 ], [ -100.860985, 25.446968 ], [ -100.861676, 25.446692 ], [ -100.862656, 25.446637 ], [ -100.863074, 25.446536 ], [ -100.863733, 25.446857 ], [ -100.864236, 25.446852 ], [ -100.864995, 25.4471 ], [ -100.865798, 25.447124 ], [ -100.865924, 25.447223 ], [ -100.865965, 25.447454 ], [ -100.86611, 25.447626 ], [ -100.866652, 25.447875 ], [ -100.866667, 25.448161 ], [ -100.867324, 25.448164 ], [ -100.867403, 25.448268 ], [ -100.86746, 25.449039 ], [ -100.86597, 25.449201 ], [ -100.866039, 25.45093 ], [ -100.864458, 25.450831 ], [ -100.863863, 25.450634 ], [ -100.863626, 25.451018 ] ] ] } },
{ "type": "Feature", "properties": { "CVEGEO": "050040001052A", "NOM_MUN": "Arteaga", "COLONIA": "EL PIRUL", "POBTOT": 93.0, "TVIVHAB": 23.0, "PCT_ELECTRICIDAD": 91.304347826086953, "PCT_AGUA": 91.304347826086953, "PCT_DRENAJE": 100.0, "PCT_INTERNET": 47.826086956521742, "SERVICIOS_INDEX": 82.608695652173907, "MOTIVO_SIN_DATO": null }, "geometry": { "type": "Polygon", "coordinates": [ [ [ -100.885695, 25.443825 ], [ -100.886571, 25.443607 ], [ -100.887972, 25.447522 ], [ -100.887532, 25.44774 ], [ -100.886035, 25.448852 ], [ -100.883322, 25.447803 ], [ -100.88187, 25.44733 ], [ -100.882003, 25.447173 ], [ -100.881179, 25.444382 ], [ -100.885695, 25.443825 ] ] ] } },
{ "type": "Feature", "properties": { "CVEGEO": "0500400010430", "NOM_MUN": "Arteaga", "COLONIA": "MESA DE LAS CABRAS", "POBTOT": 22.0, "TVIVHAB": 10.0, "PCT_ELECTRICIDAD": 100.0, "PCT_AGUA": 100.0, "PCT_DRENAJE": 100.0, "PCT_INTERNET": null, "SERVICIOS_INDEX": 100.0, "MOTIVO_SIN_DATO": null }, "geometry": { "type": "Polygon", "coordinates": [ [ [ -100.844402, 25.440847 ], [ -100.843581, 25.440698 ], [ -100.843364, 25.435967 ], [ -100.844092, 25.436011 ], [ -100.846869, 25.437648 ], [ -100.84738, 25.438113 ], [ -100.847727, 25.438224 ], [ -100.84804, 25.438622 ], [ -100.84816, 25.43937 ], [ -100.848406, 25.44001 ], [ -100.848425, 25.442276 ], [ -100.845394, 25.442388 ], [ -100.845521, 25.442252 ], [ -100.844306, 25.441034 ], [ -100.844402, 25.440847 ] ] ] } },
{ "type": "Feature", "properties": { "CVEGEO": "0500400010483", "NOM_MUN": "Arteaga", "COLONIA": "ALTOS DE BELLA UNIÓN", "POBTOT": 76.0, "TVIVHAB": 24.0, "PCT_ELECTRICIDAD": 100.0, "PCT_AGUA": 95.833333333333343, "PCT_DRENAJE": 100.0, "PCT_INTERNET": 45.833333333333329, "SERVICIOS_INDEX": 85.416666666666671, "MOTIVO_SIN_DATO": null }, "geometry": { "type": "Polygon", "coordinates": [ [ [ -100.808971, 25.435173 ], [ -100.807449, 25.434104 ], [ -100.807089, 25.433674 ], [ -100.806946, 25.433436 ], [ -100.806763, 25.432781 ], [ -100.806738, 25.432106 ], [ -100.807028, 25.430928 ], [ -100.807492, 25.430012 ], [ -100.807902, 25.429477 ], [ -100.807915, 25.429206 ], [ -100.807461, 25.42821 ], [ -100.807219, 25.427431 ], [ -100.807271, 25.425271 ], [ -100.807201, 25.424734 ], [ -100.806771, 25.424184 ], [ -100.806519, 25.423695 ], [ -100.80647, 25.42302 ], [ -100.806398, 25.422886 ], [ -100.807846, 25.422308 ], [ -100.809274, 25.421257 ], [ -100.809703, 25.421118 ], [ -100.809972, 25.420884 ], [ -100.810605, 25.420598 ], [ -100.810729, 25.420419 ], [ -100.811063, 25.420281 ], [ -100.811676, 25.420509 ], [ -100.812707, 25.420316 ], [ -100.812928, 25.42038 ], [ -100.81308, 25.420732 ], [ -100.813517, 25.421299 ], [ -100.813586, 25.421711 ], [ -100.813142, 25.421699 ], [ -100.812856, 25.421934 ], [ -100.81283, 25.422063 ], [ -100.813925, 25.425952 ], [ -100.814455, 25.426973 ], [ -100.8146, 25.426923 ], [ -100.814651, 25.4298 ], [ -100.813883, 25.429524 ], [ -100.813595, 25.427263 ], [ -100.813088, 25.427346 ], [ -100.813411, 25.429341 ], [ -100.811989, 25.428765 ], [ -100.811645, 25.428525 ], [ -100.811343, 25.428148 ], [ -100.811252, 25.428331 ], [ -100.808985, 25.430035 ], [ -100.809132, 25.43187 ], [ -100.810101, 25.434527 ], [ -100.811065, 25.434038 ], [ -100.811579, 25.435434 ], [ -100.810693, 25.43543 ], [ -100.810704, 25.43628 ], [ -100.810973, 25.436421 ], [ -100.811265, 25.436464 ], [ -100.811092, 25.436822 ], [ -100.809018, 25.435996 ], [ -100.808971, 25.435173 ] ] ] } },
{ "type": "Feature", "properties": { "CVEGEO": "0500400010498", "NOM_MUN": "Arteaga", "COLONIA": "ESTRELLA DE DAVID", "POBTOT": 645.0, "TVIVHAB": 211.0, "PCT_ELECTRICIDAD": 99.526066350710892, "PCT_AGUA": 99.526066350710892, "PCT_DRENAJE": 99.052132701421797, "PCT_INTERNET": 42.654028436018962, "SERVICIOS_INDEX": 85.189573459715632, "MOTIVO_SIN_DATO": null }, "geometry": { "type": "Polygon", "coordinates": [ [ [ -100.875943, 25.447838 ], [ -100.874084, 25.448037 ], [ -100.874185, 25.446667 ], [ -100.874465, 25.446495 ], [ -100.874644, 25.446476 ], [ -100.875687, 25.446641 ], [ -100.876069, 25.446617 ], [ -100.877626, 25.446178 ], [ -100.87806, 25.446433 ], [ -100.878371, 25.446382 ], [ -100.878635, 25.446502 ], [ -100.880009, 25.447473 ], [ -100.88083, 25.447795 ], [ -100.881286, 25.447433 ], [ -100.88187, 25.44733 ], [ -100.883322, 25.447803 ], [ -100.886035, 25.448852 ], [ -100.885291, 25.449648 ], [ -100.884298, 25.450522 ], [ -100.88397, 25.450649 ], [ -100.883242, 25.450721 ], [ -100.878056, 25.448142 ], [ -100.876602, 25.447862 ], [ -100.875943, 25.447838 ] ] ] } },
{ "type": "Feature", "properties": { "CVEGEO": "0500400010464", "NOM_MUN": "Arteaga", "COLONIA": "LUIS DONALDO COLOSIO 2DO SECTOR", "POBTOT": 482.0, "TVIVHAB": 127.0, "PCT_ELECTRICIDAD": 100.0, "PCT_AGUA": 100.0, "PCT_DRENAJE": 100.0, "PCT_INTERNET": 66.141732283464577, "SERVICIOS_INDEX": 91.535433070866148, "MOTIVO_SIN_DATO": null }, "geometry": { "type": "Polygon", "coordinates": [ [ [ -100.868724, 25.447545 ], [ -100.870333, 25.447314 ], [ -100.872361, 25.446472 ], [ -100.872656, 25.446446 ], [ -100.873026, 25.446533 ], [ -100.874206, 25.446459 ], [ -100.874084, 25.448037 ], [ -100.869262, 25.448743 ], [ -100.868819, 25.448091 ], [ -100.868724, 25.447545 ] ] ] } },
{ "type": "Feature", "properties": { "CVEGEO": "0500400010445", "NOM_MUN": "Arteaga", "COLONIA": "HACIENDA DEL REFUGIO II SECTOR", "POBTOT": 105.0, "TVIVHAB": 30.0, "PCT_ELECTRICIDAD": 100.0, "PCT_AGUA": 100.0, "PCT_DRENAJE": 100.0, "PCT_INTERNET": 86.666666666666671, "SERVICIOS_INDEX": 96.666666666666671, "MOTIVO_SIN_DATO": null }, "geometry": { "type": "Polygon", "coordinates": [ [ [ -100.862608, 25.455442 ], [ -100.863393, 25.453148 ], [ -100.863582, 25.453367 ], [ -100.864289, 25.453765 ], [ -100.864822, 25.453874 ], [ -100.865176, 25.4538 ], [ -100.866436, 25.454099 ], [ -100.866205, 25.454788 ], [ -100.866974, 25.454925 ], [ -100.866744, 25.456305 ], [ -100.86939, 25.457044 ], [ -100.86863, 25.4606 ], [ -100.867985, 25.460603 ], [ -100.86761, 25.462265 ], [ -100.867058, 25.461957 ], [ -100.866622, 25.461441 ], [ -100.866913, 25.460449 ], [ -100.862579, 25.459016 ], [ -100.863516, 25.455933 ], [ -100.862608, 25.455442 ] ] ] } },
{ "type": "Feature", "properties": { "CVEGEO": "0500400010125", "NOM_MUN": "Arteaga", "COLONIA": "ARTEAGA", "POBTOT": 56.0, "TVIVHAB": 19.0, "PCT_ELECTRICIDAD": 100.0, "PCT_AGUA": 89.473684210526315, "PCT_DRENAJE": 100.0, "PCT_INTERNET": 42.105263157894733, "SERVICIOS_INDEX": 82.89473684210526, "MOTIVO_SIN_DATO": null }, "geometry": { "type": "Polygon", "coordinates": [ [ [ -100.888515, 25.447276 ], [ -100.887972, 25.447522 ], [ -100.886571, 25.443607 ], [ -100.887304, 25.443557 ], [ -100.887512, 25.444223 ], [ -100.88793, 25.444105 ], [ -100.887901, 25.443905 ], [ -100.888223, 25.443851 ], [ -100.8882, 25.443696 ], [ -100.888013, 25.443724 ], [ -100.88801, 25.443507 ], [ -100.889905, 25.443342 ], [ -100.887946, 25.439519 ], [ -100.886573, 25.436109 ], [ -100.890092, 25.436245 ], [ -100.892646, 25.435876 ], [ -100.898525, 25.435373 ], [ -100.899563, 25.43476 ], [ -100.902467, 25.443788 ], [ -100.900179, 25.444192 ], [ -100.894029, 25.445082 ], [ -100.893343, 25.445259 ], [ -100.889795, 25.446662 ], [ -100.890425, 25.448595 ], [ -100.889129, 25.449188 ], [ -100.888515, 25.447276 ] ] ] } },
{ "type": "Feature", "properties": { "CVEGEO": "0500400010197", "NOM_MUN": "Arteaga", "COLONIA": "ZONA CENTRO", "POBTOT": 1901.0, "TVIVHAB": 563.0, "PCT_ELECTRICIDAD": 100.0, "PCT_AGUA": 100.0, "PCT_DRENAJE": 100.0, "PCT_INTERNET": 69.094138543516863, "SERVICIOS_INDEX": 92.273534635879216, "MOTIVO_SIN_DATO": null }, "geometry": { "type": "Polygon", "coordinates": [ [ [ -100.856585, 25.462148 ], [ -100.855566, 25.461871 ], [ -100.854979, 25.461809 ], [ -100.854554, 25.461938 ], [ -100.853717, 25.460876 ], [ -100.853437, 25.460676 ], [ -100.851645, 25.460096 ], [ -100.850324, 25.45999 ], [ -100.850011, 25.459853 ], [ -100.848271, 25.458649 ], [ -100.845787, 25.456372 ], [ -100.845196, 25.455278 ], [ -100.845073, 25.454745 ], [ -100.844825, 25.454221 ], [ -100.839931, 25.449763 ], [ -100.839415, 25.448522 ], [ -100.839832, 25.448378 ], [ -100.841684, 25.448313 ], [ -100.844965, 25.448856 ], [ -100.847429, 25.449547 ], [ -100.85175, 25.450969 ], [ -100.856874, 25.452399 ], [ -100.857214, 25.450994 ], [ -100.85926, 25.451504 ], [ -100.859642, 25.449521 ], [ -100.862313, 25.449327 ], [ -100.862399, 25.450057 ], [ -100.862868, 25.450065 ], [ -100.862628, 25.450525 ], [ -100.863626, 25.451018 ], [ -100.863863, 25.450634 ], [ -100.864458, 25.450831 ], [ -100.865332, 25.450902 ], [ -100.865274, 25.451739 ], [ -100.864884, 25.452486 ], [ -100.864249, 25.452021 ], [ -100.863653, 25.452837 ], [ -100.86334, 25.453096 ], [ -100.863393, 25.453148 ], [ -100.862608, 25.455442 ], [ -100.863516, 25.455933 ], [ -100.862579, 25.459016 ], [ -100.863664, 25.459351 ], [ -100.8634, 25.460016 ], [ -100.862382, 25.45968 ], [ -100.862497, 25.460654 ], [ -100.863164, 25.461655 ], [ -100.862765, 25.46292 ], [ -100.862172, 25.462024 ], [ -100.861443, 25.461823 ], [ -100.861342, 25.462497 ], [ -100.859976, 25.462103 ], [ -100.859819, 25.463065 ], [ -100.858136, 25.462396 ], [ -100.856585, 25.462148 ] ] ] } },
{ "type": "Feature", "properties": { "CVEGEO": "0500400010515", "NOM_MUN": "Arteaga", "COLONIA": "LA LOMA", "POBTOT": 92.0, "TVIVHAB": 25.0, "PCT_ELECTRICIDAD": 100.0, "PCT_AGUA": 96.0, "PCT_DRENAJE": 100.0, "PCT_INTERNET": 76.0, "SERVICIOS_INDEX": 93.0, "MOTIVO_SIN_DATO": null }, "geometry": { "type": "Polygon", "coordinates": [ [ [ -100.870371, 25.457295 ], [ -100.866744, 25.456305 ], [ -100.866974, 25.454925 ], [ -100.866205, 25.454788 ], [ -100.866436, 25.454099 ], [ -100.865176, 25.4538 ], [ -100.864822, 25.453874 ], [ -100.864289, 25.453765 ], [ -100.863582, 25.453367 ], [ -100.86334, 25.453096 ], [ -100.863653, 25.452837 ], [ -100.864249, 25.452021 ], [ -100.864884, 25.452486 ], [ -100.865274, 25.451739 ], [ -100.865332, 25.450902 ], [ -100.866039, 25.45093 ], [ -100.866848, 25.451096 ], [ -100.8682, 25.451735 ], [ -100.869607, 25.452031 ], [ -100.871058, 25.452043 ], [ -100.871445, 25.452189 ], [ -100.872896, 25.453757 ], [ -100.871833, 25.453536 ], [ -100.870152, 25.454675 ], [ -100.869724, 25.455359 ], [ -100.869635, 25.455726 ], [ -100.869771, 25.455702 ], [ -100.871144, 25.45724 ], [ -100.870371, 25.457295 ] ] ] } },
{ "type": "Feature", "properties": { "CVEGEO": "0500400010106", "NOM_MUN": "Arteaga", "COLONIA": "LOS LLANOS", "POBTOT": 777.0, "TVIVHAB": 202.0, "PCT_ELECTRICIDAD": 99.504950495049499, "PCT_AGUA": 98.019801980198025, "PCT_DRENAJE": 97.029702970297024, "PCT_INTERNET": 30.198019801980198, "SERVICIOS_INDEX": 81.188118811881182, "MOTIVO_SIN_DATO": null }, "geometry": { "type": "Polygon", "coordinates": [ [ [ -100.894035, 25.447381 ], [ -100.892017, 25.448049 ], [ -100.891159, 25.446126 ], [ -100.893343, 25.445259 ], [ -100.895746, 25.444789 ], [ -100.897447, 25.450375 ], [ -100.895227, 25.450779 ], [ -100.894677, 25.449389 ], [ -100.894035, 25.447381 ] ] ] } },
{ "type": "Feature", "properties": { "CVEGEO": "0500400010074", "NOM_MUN": "Arteaga", "COLONIA": "VALLE DEL ORIENTE", "POBTOT": 1999.0, "TVIVHAB": 690.0, "PCT_ELECTRICIDAD": 100.0, "PCT_AGUA": 100.0, "PCT_DRENAJE": 100.0, "PCT_INTERNET": 78.985507246376812, "SERVICIOS_INDEX": 94.746376811594203, "MOTIVO_SIN_DATO": null }, "geometry": { "type": "Polygon", "coordinates": [ [ [ -100.897752, 25.444523 ], [ -100.900179, 25.444192 ], [ -100.902655, 25.452036 ], [ -100.902387, 25.452109 ], [ -100.902971, 25.453742 ], [ -100.901348, 25.454796 ], [ -100.901064, 25.454725 ], [ -100.900821, 25.454192 ], [ -100.897752, 25.444523 ] ] ] } },
{ "type": "Feature", "properties": { "CVEGEO": "0500400010040", "NOM_MUN": "Arteaga", "COLONIA": "LAS HUERTAS RESIDENCIAL", "POBTOT": 30.0, "TVIVHAB": 11.0, "PCT_ELECTRICIDAD": 100.0, "PCT_AGUA": 100.0, "PCT_DRENAJE": 100.0, "PCT_INTERNET": 54.54545454545454, "SERVICIOS_INDEX": 88.63636363636364, "MOTIVO_SIN_DATO": null }, "geometry": { "type": "Polygon", "coordinates": [ [ [ -100.848185, 25.445033 ], [ -100.848449, 25.44195 ], [ -100.848406, 25.44001 ], [ -100.849076, 25.440157 ], [ -100.84884, 25.441787 ], [ -100.850443, 25.441857 ], [ -100.850393, 25.445405 ], [ -100.848185, 25.445033 ] ] ] } },
{ "type": "Feature", "properties": { "CVEGEO": "0500400010055", "NOM_MUN": "Arteaga", "COLONIA": "VALLE DEL ORIENTE", "POBTOT": 1912.0, "TVIVHAB": 617.0, "PCT_ELECTRICIDAD": 99.837925445705025, "PCT_AGUA": 99.837925445705025, "PCT_DRENAJE": 99.513776337115061, "PCT_INTERNET": 89.951377633711502, "SERVICIOS_INDEX": 97.285251215559157, "MOTIVO_SIN_DATO": null }, "geometry": { "type": "Polygon", "coordinates": [ [ [ -100.901798, 25.454504 ], [ -100.902971, 25.453742 ], [ -100.902387, 25.452109 ], [ -100.902655, 25.452036 ], [ -100.900179, 25.444192 ], [ -100.902467, 25.443788 ], [ -100.90446, 25.449979 ], [ -100.905235, 25.452143 ], [ -100.90583, 25.454491 ], [ -100.902893, 25.454293 ], [ -100.902177, 25.454529 ], [ -100.901798, 25.454504 ] ] ] } },
{ "type": "Feature", "properties": { "CVEGEO": "0500400010500", "NOM_MUN": "Arteaga", "COLONIA": "VALLE REAL", "POBTOT": 93.0, "TVIVHAB": 29.0, "PCT_ELECTRICIDAD": 100.0, "PCT_AGUA": 100.0, "PCT_DRENAJE": 100.0, "PCT_INTERNET": 65.517241379310349, "SERVICIOS_INDEX": 91.379310344827587, "MOTIVO_SIN_DATO": null }, "geometry": { "type": "Polygon", "coordinates": [ [ [ -100.869326, 25.465464 ], [ -100.86901, 25.465823 ], [ -100.868419, 25.46558 ], [ -100.868116, 25.465934 ], [ -100.866852, 25.46523 ], [ -100.866222, 25.464777 ], [ -100.864648, 25.464685 ], [ -100.865028, 25.463191 ], [ -100.865511, 25.46336 ], [ -100.866, 25.461561 ], [ -100.865329, 25.461164 ], [ -100.865703, 25.460632 ], [ -100.86593, 25.460111 ], [ -100.866913, 25.460449 ], [ -100.866622, 25.461441 ], [ -100.867058, 25.461957 ], [ -100.86761, 25.462265 ], [ -100.867985, 25.460603 ], [ -100.86863, 25.4606 ], [ -100.86939, 25.457044 ], [ -100.870371, 25.457295 ], [ -100.871144, 25.45724 ], [ -100.873152, 25.457804 ], [ -100.8755, 25.45752 ], [ -100.877514, 25.460195 ], [ -100.877496, 25.46048 ], [ -100.878054, 25.460819 ], [ -100.88173, 25.461259 ], [ -100.881929, 25.461388 ], [ -100.881868, 25.46166 ], [ -100.877468, 25.461085 ], [ -100.876673, 25.460625 ], [ -100.876413, 25.460887 ], [ -100.87414, 25.460747 ], [ -100.874695, 25.462547 ], [ -100.871643, 25.462464 ], [ -100.872596, 25.464051 ], [ -100.872311, 25.464749 ], [ -100.871616, 25.465539 ], [ -100.871049, 25.465196 ], [ -100.870272, 25.466097 ], [ -100.869326, 25.465464 ] ] ] } },
{ "type": "Feature", "properties": { "CVEGEO": "0500400010375", "NOM_MUN": "Arteaga", "COLONIA": "ALTOS DE BELLA UNIÓN", "POBTOT": 1295.0, "TVIVHAB": 357.0, "PCT_ELECTRICIDAD": 100.0, "PCT_AGUA": 98.599439775910369, "PCT_DRENAJE": 98.319327731092429, "PCT_INTERNET": 42.577030812324928, "SERVICIOS_INDEX": 84.87394957983193, "MOTIVO_SIN_DATO": null }, "geometry": { "type": "Polygon", "coordinates": [ [ [ -100.824229, 25.438696 ], [ -100.822867, 25.438157 ], [ -100.821948, 25.438126 ], [ -100.821273, 25.438291 ], [ -100.818492, 25.439339 ], [ -100.817193, 25.439373 ], [ -100.811092, 25.436822 ], [ -100.811265, 25.436464 ], [ -100.810973, 25.436421 ], [ -100.810704, 25.43628 ], [ -100.810693, 25.43543 ], [ -100.811579, 25.435434 ], [ -100.811065, 25.434038 ], [ -100.810101, 25.434527 ], [ -100.809415, 25.432653 ], [ -100.812514, 25.431908 ], [ -100.813642, 25.432431 ], [ -100.813195, 25.430807 ], [ -100.81212, 25.431102 ], [ -100.810981, 25.431054 ], [ -100.81027, 25.429068 ], [ -100.811252, 25.428331 ], [ -100.811343, 25.428148 ], [ -100.811645, 25.428525 ], [ -100.811989, 25.428765 ], [ -100.813411, 25.429341 ], [ -100.813088, 25.427346 ], [ -100.813595, 25.427263 ], [ -100.813883, 25.429524 ], [ -100.814651, 25.4298 ], [ -100.8146, 25.426923 ], [ -100.814455, 25.426973 ], [ -100.813989, 25.426102 ], [ -100.813708, 25.425284 ], [ -100.81283, 25.422063 ], [ -100.812856, 25.421934 ], [ -100.813142, 25.421699 ], [ -100.813586, 25.421711 ], [ -100.814419, 25.424133 ], [ -100.814943, 25.424077 ], [ -100.815424, 25.425665 ], [ -100.817915, 25.425831 ], [ -100.818341, 25.426445 ], [ -100.819156, 25.426337 ], [ -100.819002, 25.426945 ], [ -100.815976, 25.427829 ], [ -100.816563, 25.429455 ], [ -100.817243, 25.430253 ], [ -100.817921, 25.430913 ], [ -100.818374, 25.430951 ], [ -100.820217, 25.432388 ], [ -100.820177, 25.432111 ], [ -100.820393, 25.431543 ], [ -100.820396, 25.431275 ], [ -100.820589, 25.430918 ], [ -100.82064, 25.430457 ], [ -100.821208, 25.429572 ], [ -100.821188, 25.429242 ], [ -100.821313, 25.42867 ], [ -100.820379, 25.428403 ], [ -100.820489, 25.427938 ], [ -100.820853, 25.427461 ], [ -100.821582, 25.427485 ], [ -100.822535, 25.42732 ], [ -100.822672, 25.427335 ], [ -100.822798, 25.427494 ], [ -100.82277, 25.427677 ], [ -100.822241, 25.428316 ], [ -100.822328, 25.428633 ], [ -100.822111, 25.429203 ], [ -100.82206, 25.429665 ], [ -100.82215, 25.429898 ], [ -100.822143, 25.430164 ], [ -100.82184, 25.431169 ], [ -100.821384, 25.43157 ], [ -100.821294, 25.432317 ], [ -100.821101, 25.432618 ], [ -100.820926, 25.43349 ], [ -100.820785, 25.433511 ], [ -100.820571, 25.433768 ], [ -100.821361, 25.433977 ], [ -100.822251, 25.433751 ], [ -100.822498, 25.434124 ], [ -100.822822, 25.433939 ], [ -100.823206, 25.434502 ], [ -100.821932, 25.435162 ], [ -100.821803, 25.43537 ], [ -100.82138, 25.435623 ], [ -100.821423, 25.436077 ], [ -100.821622, 25.43644 ], [ -100.82195, 25.436714 ], [ -100.82192, 25.436843 ], [ -100.822148, 25.437013 ], [ -100.823496, 25.437548 ], [ -100.825239, 25.437963 ], [ -100.825729, 25.438254 ], [ -100.826034, 25.438598 ], [ -100.826728, 25.438566 ], [ -100.827523, 25.439149 ], [ -100.828333, 25.43947 ], [ -100.828538, 25.439826 ], [ -100.828719, 25.440479 ], [ -100.828624, 25.440866 ], [ -100.828379, 25.440805 ], [ -100.824229, 25.438696 ] ] ] } },
{ "type": "Feature", "properties": { "CVEGEO": "050040107013A", "NOM_MUN": "Arteaga", "COLONIA": "SIN NOMBRE REGISTRADO", "POBTOT": 1677.0, "TVIVHAB": 467.0, "PCT_ELECTRICIDAD": 100.0, "PCT_AGUA": 98.715203426124205, "PCT_DRENAJE": 97.858672376873656, "PCT_INTERNET": 6.8522483940042829, "SERVICIOS_INDEX": 75.856531049250535, "MOTIVO_SIN_DATO": null }, "geometry": { "type": "Polygon", "coordinates": [ [ [ -100.581489, 25.279368 ], [ -100.577283, 25.275701 ], [ -100.577165, 25.275769 ], [ -100.576489, 25.275371 ], [ -100.576274, 25.27574 ], [ -100.576071, 25.275672 ], [ -100.575944, 25.275782 ], [ -100.574689, 25.274924 ], [ -100.574536, 25.27509 ], [ -100.572015, 25.274896 ], [ -100.572691, 25.273828 ], [ -100.570974, 25.273547 ], [ -100.571972, 25.270966 ], [ -100.571758, 25.270656 ], [ -100.571758, 25.270452 ], [ -100.572047, 25.268356 ], [ -100.574139, 25.268939 ], [ -100.579444, 25.271165 ], [ -100.586327, 25.273547 ], [ -100.581489, 25.279368 ] ] ] } },
{ "type": "Feature", "properties": { "CVEGEO": "0500401070534", "NOM_MUN": "Arteaga", "COLONIA": "SIN NOMBRE REGISTRADO", "POBTOT": 899.0, "TVIVHAB": 250.0, "PCT_ELECTRICIDAD": 100.0, "PCT_AGUA": 90.8, "PCT_DRENAJE": 92.8, "PCT_INTERNET": 4.0, "SERVICIOS_INDEX": 71.9, "MOTIVO_SIN_DATO": null }, "geometry": { "type": "Polygon", "coordinates": [ [ [ -100.574139, 25.268939 ], [ -100.571162, 25.268072 ], [ -100.571978, 25.26619 ], [ -100.573072, 25.266529 ], [ -100.572289, 25.268227 ], [ -100.572707, 25.268421 ], [ -100.574188, 25.265278 ], [ -100.579971, 25.267306 ], [ -100.5807, 25.266035 ], [ -100.580164, 25.265811 ], [ -100.580743, 25.264443 ], [ -100.581998, 25.264938 ], [ -100.581387, 25.266306 ], [ -100.580861, 25.266073 ], [ -100.580185, 25.267383 ], [ -100.581473, 25.267936 ], [ -100.583361, 25.268208 ], [ -100.583951, 25.266685 ], [ -100.583876, 25.264938 ], [ -100.583972, 25.263968 ], [ -100.584412, 25.263095 ], [ -100.585185, 25.263308 ], [ -100.584852, 25.264967 ], [ -100.584359, 25.268247 ], [ -100.585871, 25.268509 ], [ -100.585871, 25.268674 ], [ -100.586655, 25.268877 ], [ -100.586762, 25.269052 ], [ -100.588307, 25.269683 ], [ -100.587738, 25.270488 ], [ -100.58865, 25.270857 ], [ -100.586327, 25.273547 ], [ -100.579444, 25.271165 ], [ -100.574139, 25.268939 ] ] ] } }
]
}
